timestamp,ip,source_id,port,msg_id,msg_name,intent,severity,payload_hex,session_id,honeypot_state,packet_rate
2026-04-26T15:19:06.592579,223.31.x.x,4454cbcd1c41c537,62892,0,HEARTBEAT,RECON,1,000000000006080000,45505b42,NORMAL,0.2
2026-04-26T15:20:49.953484,223.31.x.x,4454cbcd1c41c537,62910,0,HEARTBEAT,RECON,1,000000000006080000,befcb313,NORMAL,0.2
2026-04-26T15:20:50.692839,127.0.x.x,ef2f9f91273ffdad,43010,0,HEARTBEAT,RECON,1,000000000006080000,537619e4,NORMAL,0.2
2026-04-26T15:20:51.817367,127.0.x.x,ef2f9f91273ffdad,43018,0,HEARTBEAT,RECON,1,000000000006080000,9cd64ece,NORMAL,0.2
2026-04-26T15:22:01.507946,95.215.x.x,cbff9a74e9f6a231,44820,0,NON_MAVLINK_PROBE,SCANNER,0,,44744ac7,NORMAL,0.0
2026-04-26T15:22:11.969835,95.215.x.x,cbff9a74e9f6a231,44832,0,NON_MAVLINK_PROBE,SCANNER,0,,7554365f,NORMAL,0.0
2026-04-26T15:26:58.404027,20.64.x.x,1ff5d3303919792e,33814,0,NON_MAVLINK_PROBE,SCANNER,0,,6dd0e7ee,NORMAL,0.0
2026-04-26T16:12:52.618711,138.197.x.x,52890fecf2965de8,24673,0,NON_MAVLINK_PROBE,SCANNER,0,,25a5f4fc,NORMAL,0.0
2026-04-26T16:13:03.890525,138.197.x.x,52890fecf2965de8,30667,0,NON_MAVLINK_PROBE,SCANNER,0,,d91b9315,NORMAL,0.0
2026-04-26T16:13:09.073759,138.197.x.x,52890fecf2965de8,11009,0,NON_MAVLINK_PROBE,SCANNER,0,,a8da1162,NORMAL,0.0
2026-04-26T16:13:14.314856,138.197.x.x,52890fecf2965de8,15035,0,NON_MAVLINK_PROBE,SCANNER,0,,4aceefca,NORMAL,0.0
2026-04-26T16:13:19.478706,138.197.x.x,52890fecf2965de8,17051,0,NON_MAVLINK_PROBE,SCANNER,0,,3932f7dc,NORMAL,0.0
2026-04-26T16:13:24.637553,138.197.x.x,52890fecf2965de8,10305,0,NON_MAVLINK_PROBE,SCANNER,0,,54ea76ad,NORMAL,0.0
2026-04-26T16:13:29.782356,138.197.x.x,52890fecf2965de8,16861,0,NON_MAVLINK_PROBE,SCANNER,0,,dff0a91a,NORMAL,0.0
2026-04-26T16:13:34.968893,138.197.x.x,52890fecf2965de8,28935,0,NON_MAVLINK_PROBE,SCANNER,0,,3bfe4f5a,NORMAL,0.0
2026-04-26T16:13:40.111197,138.197.x.x,52890fecf2965de8,15861,0,NON_MAVLINK_PROBE,SCANNER,0,,c1ea7966,NORMAL,0.0
2026-04-26T16:13:45.275784,138.197.x.x,52890fecf2965de8,10451,0,NON_MAVLINK_PROBE,SCANNER,0,,91c62540,NORMAL,0.0
2026-04-26T16:13:52.959575,138.197.x.x,52890fecf2965de8,30417,0,NON_MAVLINK_PROBE,SCANNER,0,,ccadb859,NORMAL,0.0
2026-04-26T16:13:58.115313,138.197.x.x,52890fecf2965de8,6733,0,NON_MAVLINK_PROBE,SCANNER,0,,27aaf383,NORMAL,0.0
2026-04-26T16:14:03.285439,138.197.x.x,52890fecf2965de8,27447,0,NON_MAVLINK_PROBE,SCANNER,0,,939de82a,NORMAL,0.0
2026-04-26T16:14:08.449674,138.197.x.x,52890fecf2965de8,20837,0,NON_MAVLINK_PROBE,SCANNER,0,,baae8ec2,NORMAL,0.0
2026-04-26T16:14:13.614115,138.197.x.x,52890fecf2965de8,18399,0,NON_MAVLINK_PROBE,SCANNER,0,,f1b74328,NORMAL,0.0
2026-04-26T16:14:18.774678,138.197.x.x,52890fecf2965de8,3515,0,NON_MAVLINK_PROBE,SCANNER,0,,b0d2169e,NORMAL,0.0
2026-04-26T16:14:26.439859,138.197.x.x,52890fecf2965de8,29805,0,NON_MAVLINK_PROBE,SCANNER,0,,2d304d43,NORMAL,0.0
2026-04-26T16:14:26.880413,164.90.x.x,3fb6a176ecad6254,33618,0,NON_MAVLINK_PROBE,SCANNER,0,,8bf5b316,NORMAL,0.0
2026-04-26T16:14:27.299605,164.90.x.x,3fb6a176ecad6254,33622,0,NON_MAVLINK_PROBE,SCANNER,0,,475837ef,NORMAL,0.0
2026-04-26T16:14:29.555561,207.154.x.x,e867193a94ef8194,55108,0,NON_MAVLINK_PROBE,SCANNER,0,,33de1432,NORMAL,0.0
2026-04-26T16:14:32.559476,207.154.x.x,e867193a94ef8194,55110,0,NON_MAVLINK_PROBE,SCANNER,0,,1d4a9bf1,NORMAL,0.0
2026-04-26T16:14:35.572901,207.154.x.x,e867193a94ef8194,32648,0,NON_MAVLINK_PROBE,SCANNER,0,,e81851f9,NORMAL,0.0
2026-04-26T16:14:36.560183,142.93.x.x,1952de20839c7d0e,26582,0,NON_MAVLINK_PROBE,SCANNER,0,,f05e468a,NORMAL,0.0
2026-04-26T16:14:36.569142,157.230.x.x,e04ae7cc80b15d89,45712,0,NON_MAVLINK_PROBE,SCANNER,0,,6a8a00f1,NORMAL,0.0
2026-04-26T16:14:38.560036,207.154.x.x,e867193a94ef8194,32654,0,NON_MAVLINK_PROBE,SCANNER,0,,b6246d94,NORMAL,0.0
2026-04-26T16:14:41.561265,207.154.x.x,e867193a94ef8194,32660,0,NON_MAVLINK_PROBE,SCANNER,0,,bea7aed9,NORMAL,0.0
2026-04-26T16:14:44.562894,207.154.x.x,e867193a94ef8194,29214,0,NON_MAVLINK_PROBE,SCANNER,0,,140474f5,NORMAL,0.0
2026-04-26T16:14:46.557642,142.93.x.x,1952de20839c7d0e,45826,0,NON_MAVLINK_PROBE,SCANNER,0,,12ddcfce,NORMAL,0.0
2026-04-26T16:14:46.570462,157.230.x.x,e04ae7cc80b15d89,15386,0,NON_MAVLINK_PROBE,SCANNER,0,,05d369f9,NORMAL,0.0
2026-04-26T16:14:46.590329,64.226.x.x,fbfbeeb326f9a82a,39976,0,NON_MAVLINK_PROBE,SCANNER,0,,a7d93fd0,NORMAL,0.0
2026-04-26T16:14:46.982083,64.226.x.x,fbfbeeb326f9a82a,60872,0,NON_MAVLINK_PROBE,SCANNER,0,,1037d0cb,NORMAL,0.0
2026-04-26T16:14:56.556343,157.230.x.x,e04ae7cc80b15d89,14110,0,NON_MAVLINK_PROBE,SCANNER,0,,d17e626b,NORMAL,0.0
2026-04-26T16:14:56.572279,142.93.x.x,1952de20839c7d0e,57210,0,NON_MAVLINK_PROBE,SCANNER,0,,76dafd61,NORMAL,0.0
2026-04-26T16:15:55.652175,134.209.x.x,c3d161324f067e95,19202,0,NON_MAVLINK_PROBE,SCANNER,0,,cd8846d9,NORMAL,0.0
2026-04-26T16:16:05.649383,134.209.x.x,c3d161324f067e95,35690,0,NON_MAVLINK_PROBE,SCANNER,0,,46d07a08,NORMAL,0.0
2026-04-26T16:16:15.664021,134.209.x.x,c3d161324f067e95,62356,0,NON_MAVLINK_PROBE,SCANNER,0,,5a91db80,NORMAL,0.0
2026-04-26T16:35:13.041264,161.35.x.x,2253c98046a1251b,44166,0,NON_MAVLINK_PROBE,SCANNER,0,,c3963659,NORMAL,0.0
2026-04-26T17:16:12.521438,115.60.x.x,0d20ec2a5253684e,12150,0,NON_MAVLINK_PROBE,SCANNER,0,,3d9cd3a9,NORMAL,0.0
2026-04-26T17:34:46.196004,64.227.x.x,39c9a77d6ad2e6ee,52458,0,NON_MAVLINK_PROBE,SCANNER,0,,7b4217a2,NORMAL,0.0
2026-04-26T17:57:20.956655,27.0.x.x,d985b15949dc9986,34468,0,NON_MAVLINK_PROBE,SCANNER,0,,2cbe090b,NORMAL,0.0
2026-04-26T18:36:48.803005,198.235.x.x,eac71d850f943ec3,65444,0,NON_MAVLINK_PROBE,SCANNER,0,,d3d44986,NORMAL,0.0
2026-04-26T18:43:51.287746,176.65.x.x,231b2332032de53e,52448,0,NON_MAVLINK_PROBE,SCANNER,0,,1e04ca76,NORMAL,0.0
2026-04-26T18:52:15.929760,159.223.x.x,e5b05e4f80d14adf,59308,0,NON_MAVLINK_PROBE,SCANNER,0,,cc6b707c,NORMAL,0.0
2026-04-26T18:58:49.431180,205.210.x.x,0c2b0c0d1fc052dc,51626,0,NON_MAVLINK_PROBE,SCANNER,0,,001e076e,NORMAL,0.0
2026-04-26T19:21:52.729240,66.132.x.x,c93bc43019540072,41406,0,NON_MAVLINK_PROBE,SCANNER,0,,038da3d8,NORMAL,0.0
2026-04-26T19:21:56.368552,66.132.x.x,c93bc43019540072,42886,4,UNKNOWN_4,UNKNOWN,3,dcff46e9615006003905,adb72be4,NORMAL,0.2
2026-04-26T19:22:09.793660,66.132.x.x,c93bc43019540072,42896,0,NON_MAVLINK_PROBE,SCANNER,0,,eeab41f7,NORMAL,0.0
2026-04-26T19:39:05.607093,45.156.x.x,b88f7001360c8185,56264,0,NON_MAVLINK_PROBE,SCANNER,0,,2868fc31,NORMAL,0.0
2026-04-26T19:41:54.100693,165.154.x.x,1f678b2b789711bd,60808,0,NON_MAVLINK_PROBE,SCANNER,0,,38a49abb,NORMAL,0.0
2026-04-26T19:42:01.881365,165.232.x.x,597526696739b73f,45299,0,NON_MAVLINK_PROBE,SCANNER,0,,6289c9f2,NORMAL,0.0
2026-04-26T19:42:12.601690,165.154.x.x,1f678b2b789711bd,60814,0,NON_MAVLINK_PROBE,SCANNER,0,,0034ca04,NORMAL,0.0
2026-04-26T19:42:13.421458,165.232.x.x,597526696739b73f,26571,0,NON_MAVLINK_PROBE,SCANNER,0,,26ec75ff,NORMAL,0.0
2026-04-26T19:42:18.559841,165.232.x.x,597526696739b73f,13915,0,NON_MAVLINK_PROBE,SCANNER,0,,39e952e6,NORMAL,0.0
2026-04-26T19:42:23.706293,165.232.x.x,597526696739b73f,15853,0,NON_MAVLINK_PROBE,SCANNER,0,,857b5739,NORMAL,0.0
2026-04-26T19:42:28.857511,165.232.x.x,597526696739b73f,23317,0,NON_MAVLINK_PROBE,SCANNER,0,,a8cdfc7d,NORMAL,0.0
2026-04-26T19:42:31.103320,165.154.x.x,1f678b2b789711bd,51116,0,NON_MAVLINK_PROBE,SCANNER,0,,5fa1cd2a,NORMAL,0.0
2026-04-26T19:42:33.988882,165.232.x.x,597526696739b73f,22281,0,NON_MAVLINK_PROBE,SCANNER,0,,3969c581,NORMAL,0.0
2026-04-26T19:42:39.135921,165.232.x.x,597526696739b73f,27101,0,NON_MAVLINK_PROBE,SCANNER,0,,b996d950,NORMAL,0.0
2026-04-26T19:42:44.285371,165.232.x.x,597526696739b73f,10965,0,NON_MAVLINK_PROBE,SCANNER,0,,511345bd,NORMAL,0.0
2026-04-26T19:42:49.408954,165.232.x.x,597526696739b73f,24639,0,NON_MAVLINK_PROBE,SCANNER,0,,134b5e76,NORMAL,0.0
2026-04-26T19:42:49.588511,165.154.x.x,1f678b2b789711bd,53722,0,NON_MAVLINK_PROBE,SCANNER,0,,216e832e,NORMAL,0.0
2026-04-26T19:42:54.565137,165.232.x.x,597526696739b73f,30935,0,NON_MAVLINK_PROBE,SCANNER,0,,22b0023c,NORMAL,0.0
2026-04-26T19:43:02.211093,165.232.x.x,597526696739b73f,17015,0,NON_MAVLINK_PROBE,SCANNER,0,,3e3ca7f9,NORMAL,0.0
2026-04-26T19:43:07.360694,165.232.x.x,597526696739b73f,13073,0,NON_MAVLINK_PROBE,SCANNER,0,,d0a4a8fc,NORMAL,0.0
2026-04-26T19:43:08.093272,165.154.x.x,1f678b2b789711bd,50688,0,NON_MAVLINK_PROBE,SCANNER,0,,4dcc31b2,NORMAL,0.0
2026-04-26T19:43:12.503077,165.232.x.x,597526696739b73f,22273,0,NON_MAVLINK_PROBE,SCANNER,0,,2cc9704d,NORMAL,0.0
2026-04-26T19:43:17.624142,165.232.x.x,597526696739b73f,12329,0,NON_MAVLINK_PROBE,SCANNER,0,,2101093e,NORMAL,0.0
2026-04-26T19:43:22.770734,165.232.x.x,597526696739b73f,31857,0,NON_MAVLINK_PROBE,SCANNER,0,,8da404b3,NORMAL,0.0
2026-04-26T19:43:26.674704,165.154.x.x,1f678b2b789711bd,46328,0,NON_MAVLINK_PROBE,SCANNER,0,,4113497e,NORMAL,0.0
2026-04-26T19:43:27.893416,165.232.x.x,597526696739b73f,15701,0,NON_MAVLINK_PROBE,SCANNER,0,,ca341b91,NORMAL,0.0
2026-04-26T19:43:35.542856,165.232.x.x,597526696739b73f,23501,0,NON_MAVLINK_PROBE,SCANNER,0,,5aec0048,NORMAL,0.0
2026-04-26T19:43:35.982494,134.209.x.x,d965a5ebe732ab8b,10872,0,NON_MAVLINK_PROBE,SCANNER,0,,5e466641,NORMAL,0.0
2026-04-26T19:43:36.245492,134.209.x.x,d965a5ebe732ab8b,10878,0,NON_MAVLINK_PROBE,SCANNER,0,,567531d6,NORMAL,0.0
2026-04-26T19:43:38.704297,157.230.x.x,e04ae7cc80b15d89,57036,0,NON_MAVLINK_PROBE,SCANNER,0,,7610bc2c,NORMAL,0.0
2026-04-26T19:43:41.705067,157.230.x.x,e04ae7cc80b15d89,57042,0,NON_MAVLINK_PROBE,SCANNER,0,,57cbda62,NORMAL,0.0
2026-04-26T19:43:44.710042,157.230.x.x,e04ae7cc80b15d89,57048,0,NON_MAVLINK_PROBE,SCANNER,0,,88f31602,NORMAL,0.0
2026-04-26T19:43:45.166138,165.154.x.x,1f678b2b789711bd,40118,0,NON_MAVLINK_PROBE,SCANNER,0,,a1ebcd2d,NORMAL,0.0
2026-04-26T19:43:45.695992,161.35.x.x,50535079262a01ac,60874,0,NON_MAVLINK_PROBE,SCANNER,0,,24c957a1,NORMAL,0.0
2026-04-26T19:43:45.705342,164.92.x.x,801c28c8759eba30,50462,0,NON_MAVLINK_PROBE,SCANNER,0,,d869b4a4,NORMAL,0.0
2026-04-26T19:43:45.704799,134.209.x.x,c3d161324f067e95,11530,0,NON_MAVLINK_PROBE,SCANNER,0,,788d4713,NORMAL,0.0
2026-04-26T19:43:47.699904,157.230.x.x,e04ae7cc80b15d89,49718,0,NON_MAVLINK_PROBE,SCANNER,0,,a44fc98c,NORMAL,0.0
2026-04-26T19:43:50.702776,157.230.x.x,e04ae7cc80b15d89,49734,0,NON_MAVLINK_PROBE,SCANNER,0,,fda90bd8,NORMAL,0.0
2026-04-26T19:43:53.699569,157.230.x.x,e04ae7cc80b15d89,49742,0,NON_MAVLINK_PROBE,SCANNER,0,,e1815e40,NORMAL,0.0
2026-04-26T19:43:55.692346,207.154.x.x,e867193a94ef8194,40374,0,NON_MAVLINK_PROBE,SCANNER,0,,a7cd8b63,NORMAL,0.0
2026-04-26T19:43:55.707152,134.209.x.x,c3d161324f067e95,27916,0,NON_MAVLINK_PROBE,SCANNER,0,,1ac99c0a,NORMAL,0.0
2026-04-26T19:43:55.704929,161.35.x.x,50535079262a01ac,58744,0,NON_MAVLINK_PROBE,SCANNER,0,,5d38dd49,NORMAL,0.0
2026-04-26T19:43:55.707739,164.92.x.x,801c28c8759eba30,7312,0,NON_MAVLINK_PROBE,SCANNER,0,,146fdba3,NORMAL,0.0
2026-04-26T19:43:56.014330,207.154.x.x,e867193a94ef8194,26690,0,NON_MAVLINK_PROBE,SCANNER,0,,e3023ae5,NORMAL,0.0
2026-04-26T19:44:03.668171,165.154.x.x,1f678b2b789711bd,43916,0,NON_MAVLINK_PROBE,SCANNER,0,,51bb3bdc,NORMAL,0.0
2026-04-26T19:44:05.694733,161.35.x.x,50535079262a01ac,53100,0,NON_MAVLINK_PROBE,SCANNER,0,,d081ebfc,NORMAL,0.0
2026-04-26T19:44:05.703494,164.92.x.x,801c28c8759eba30,32086,0,NON_MAVLINK_PROBE,SCANNER,0,,d22f8f76,NORMAL,0.0
2026-04-26T19:44:05.706778,134.209.x.x,c3d161324f067e95,31716,0,NON_MAVLINK_PROBE,SCANNER,0,,23413a61,NORMAL,0.0
2026-04-26T19:44:22.202601,165.154.x.x,1f678b2b789711bd,37488,0,NON_MAVLINK_PROBE,SCANNER,0,,3c96091b,NORMAL,0.0
2026-04-26T19:44:40.698755,165.154.x.x,1f678b2b789711bd,57780,0,NON_MAVLINK_PROBE,SCANNER,0,,71d8dce0,NORMAL,0.0
2026-04-26T20:03:31.022794,64.225.x.x,602f59be49dd9c11,13622,0,NON_MAVLINK_PROBE,SCANNER,0,,827454a6,NORMAL,0.0
2026-04-26T20:03:59.391016,209.38.x.x,0d01956b043c6f98,61349,0,NON_MAVLINK_PROBE,SCANNER,0,,f8da0cbb,NORMAL,0.0
2026-04-26T20:04:10.689604,209.38.x.x,0d01956b043c6f98,32915,0,NON_MAVLINK_PROBE,SCANNER,0,,9bd64f8b,NORMAL,0.0
2026-04-26T20:04:15.838007,209.38.x.x,0d01956b043c6f98,19097,0,NON_MAVLINK_PROBE,SCANNER,0,,f63c0dde,NORMAL,0.0
2026-04-26T20:04:20.985052,209.38.x.x,0d01956b043c6f98,2387,0,NON_MAVLINK_PROBE,SCANNER,0,,23df55c7,NORMAL,0.0
2026-04-26T20:04:26.125249,209.38.x.x,0d01956b043c6f98,2233,0,NON_MAVLINK_PROBE,SCANNER,0,,6f81e3b1,NORMAL,0.0
2026-04-26T20:04:31.262322,209.38.x.x,0d01956b043c6f98,11067,0,NON_MAVLINK_PROBE,SCANNER,0,,075ed0b6,NORMAL,0.0
2026-04-26T20:04:36.419783,209.38.x.x,0d01956b043c6f98,7091,0,NON_MAVLINK_PROBE,SCANNER,0,,29204526,NORMAL,0.0
2026-04-26T20:04:41.555394,209.38.x.x,0d01956b043c6f98,7239,0,NON_MAVLINK_PROBE,SCANNER,0,,0ae63c28,NORMAL,0.0
2026-04-26T20:04:46.705039,209.38.x.x,0d01956b043c6f98,19281,0,NON_MAVLINK_PROBE,SCANNER,0,,c4876875,NORMAL,0.0
2026-04-26T20:04:51.837194,209.38.x.x,0d01956b043c6f98,4687,0,NON_MAVLINK_PROBE,SCANNER,0,,5e59b368,NORMAL,0.0
2026-04-26T20:04:59.466122,209.38.x.x,0d01956b043c6f98,21003,0,NON_MAVLINK_PROBE,SCANNER,0,,85537cb0,NORMAL,0.0
2026-04-26T20:05:04.617082,209.38.x.x,0d01956b043c6f98,31667,0,NON_MAVLINK_PROBE,SCANNER,0,,3229f2de,NORMAL,0.0
2026-04-26T20:05:09.754741,209.38.x.x,0d01956b043c6f98,21953,0,NON_MAVLINK_PROBE,SCANNER,0,,93d89c9d,NORMAL,0.0
2026-04-26T20:05:14.903182,209.38.x.x,0d01956b043c6f98,1575,0,NON_MAVLINK_PROBE,SCANNER,0,,16a75be9,NORMAL,0.0
2026-04-26T20:05:20.045339,209.38.x.x,0d01956b043c6f98,15137,0,NON_MAVLINK_PROBE,SCANNER,0,,a363e9a1,NORMAL,0.0
2026-04-26T20:05:25.195933,209.38.x.x,0d01956b043c6f98,28875,0,NON_MAVLINK_PROBE,SCANNER,0,,041ff3d8,NORMAL,0.0
2026-04-26T20:05:32.840110,209.38.x.x,0d01956b043c6f98,6919,0,NON_MAVLINK_PROBE,SCANNER,0,,04d81258,NORMAL,0.0
2026-04-26T20:05:33.210251,161.35.x.x,50535079262a01ac,63362,0,NON_MAVLINK_PROBE,SCANNER,0,,24c2512d,NORMAL,0.0
2026-04-26T20:05:33.495284,161.35.x.x,50535079262a01ac,13848,0,NON_MAVLINK_PROBE,SCANNER,0,,fed8743e,NORMAL,0.0
2026-04-26T20:05:35.904889,206.81.x.x,d2c683926bcaa1ba,2938,0,NON_MAVLINK_PROBE,SCANNER,0,,a16d60c5,NORMAL,0.0
2026-04-26T20:05:38.906395,206.81.x.x,d2c683926bcaa1ba,2950,0,NON_MAVLINK_PROBE,SCANNER,0,,7c07ff91,NORMAL,0.0
2026-04-26T20:05:41.975373,206.81.x.x,d2c683926bcaa1ba,2964,0,NON_MAVLINK_PROBE,SCANNER,0,,d5504e77,NORMAL,0.0
2026-04-26T20:05:42.905173,207.154.x.x,e867193a94ef8194,4526,0,NON_MAVLINK_PROBE,SCANNER,0,,a44fb421,NORMAL,0.0
2026-04-26T20:05:44.064480,206.81.x.x,d2c683926bcaa1ba,2940,0,NON_MAVLINK_PROBE,SCANNER,0,,d5c374a3,NORMAL,0.0
2026-04-26T20:05:44.913693,206.81.x.x,d2c683926bcaa1ba,64176,0,NON_MAVLINK_PROBE,SCANNER,0,,f563d496,NORMAL,0.0
2026-04-26T20:05:47.920742,206.81.x.x,d2c683926bcaa1ba,64200,0,NON_MAVLINK_PROBE,SCANNER,0,,3cf1f92b,NORMAL,0.0
2026-04-26T20:05:50.916578,206.81.x.x,d2c683926bcaa1ba,64214,0,NON_MAVLINK_PROBE,SCANNER,0,,b1dd64a7,NORMAL,0.0
2026-04-26T20:05:52.904265,164.92.x.x,801c28c8759eba30,3478,0,NON_MAVLINK_PROBE,SCANNER,0,,bd588183,NORMAL,0.0
2026-04-26T20:05:52.919056,207.154.x.x,e867193a94ef8194,3514,0,NON_MAVLINK_PROBE,SCANNER,0,,22e176d3,NORMAL,0.0
2026-04-26T20:05:53.199493,164.92.x.x,801c28c8759eba30,25538,0,NON_MAVLINK_PROBE,SCANNER,0,,e6cfde90,NORMAL,0.0
2026-04-26T20:05:54.062511,206.81.x.x,d2c683926bcaa1ba,64188,0,NON_MAVLINK_PROBE,SCANNER,0,,a71e3132,NORMAL,0.0
2026-04-26T20:06:02.917151,207.154.x.x,e867193a94ef8194,15750,0,NON_MAVLINK_PROBE,SCANNER,0,,793878f8,NORMAL,0.0
2026-04-26T20:06:04.068337,206.81.x.x,d2c683926bcaa1ba,1234,0,NON_MAVLINK_PROBE,SCANNER,0,,f483639d,NORMAL,0.0
2026-04-26T20:11:27.881553,93.123.x.x,7241acd881f52dff,48762,0,NON_MAVLINK_PROBE,SCANNER,0,,d9a8a7fd,NORMAL,0.0
2026-04-26T20:30:01.943893,207.154.x.x,e867193a94ef8194,16496,0,NON_MAVLINK_PROBE,SCANNER,0,,fe634839,NORMAL,0.0
2026-04-26T20:30:11.941778,207.154.x.x,e867193a94ef8194,17418,0,NON_MAVLINK_PROBE,SCANNER,0,,2da32974,NORMAL,0.0
2026-04-26T20:30:21.935325,207.154.x.x,e867193a94ef8194,51320,0,NON_MAVLINK_PROBE,SCANNER,0,,773a369a,NORMAL,0.0
2026-04-26T20:35:58.247734,79.124.x.x,a3dc2bc09007bf5d,59242,0,NON_MAVLINK_PROBE,SCANNER,0,,09795ba9,NORMAL,0.0
2026-04-26T20:39:10.520126,172.245.x.x,d3e88505832a41f0,8850,0,NON_MAVLINK_PROBE,SCANNER,0,,beabf081,NORMAL,0.0
2026-04-26T20:39:32.878436,195.178.x.x,4393ae9e88d5b51e,42722,0,NON_MAVLINK_PROBE,SCANNER,0,,d5003167,NORMAL,0.0
2026-04-26T21:09:05.724284,20.163.x.x,8d4df664a2fa4105,34130,0,NON_MAVLINK_PROBE,SCANNER,0,,0f106bcd,NORMAL,0.0
2026-04-26T21:09:06.213623,20.163.x.x,8d4df664a2fa4105,35506,0,NON_MAVLINK_PROBE,SCANNER,0,,b3ea581f,NORMAL,0.0
2026-04-26T21:13:54.836251,79.124.x.x,a3dc2bc09007bf5d,47708,0,NON_MAVLINK_PROBE,SCANNER,0,,69d2fb68,NORMAL,0.0
2026-04-26T21:35:50.499312,66.132.x.x,88240a09f421f954,32974,0,NON_MAVLINK_PROBE,SCANNER,0,,ab5f53eb,NORMAL,0.0
2026-04-26T21:35:53.885989,66.132.x.x,88240a09f421f954,33000,4,UNKNOWN_4,UNKNOWN,3,63c75ac8635006003905,149c4520,NORMAL,0.2
2026-04-26T21:36:07.190896,66.132.x.x,88240a09f421f954,31042,0,NON_MAVLINK_PROBE,SCANNER,0,,b81138df,NORMAL,0.0
2026-04-26T22:11:11.668231,167.71.x.x,047f0ee71595b4b8,52590,0,NON_MAVLINK_PROBE,SCANNER,0,,02678bb3,NORMAL,0.0
2026-04-26T22:23:10.889446,176.65.x.x,49d3b4c2360c3c58,44658,0,NON_MAVLINK_PROBE,SCANNER,0,,59030847,NORMAL,0.0
2026-04-26T22:37:13.882163,164.92.x.x,801c28c8759eba30,54392,0,NON_MAVLINK_PROBE,SCANNER,0,,06ba7408,NORMAL,0.0
2026-04-26T22:37:49.754394,5.61.x.x,7202821ba1a8b28a,17184,0,NON_MAVLINK_PROBE,SCANNER,0,,f82ab272,NORMAL,0.0
2026-04-26T22:42:35.228676,176.65.x.x,f3ea178df3529122,42450,0,NON_MAVLINK_PROBE,SCANNER,0,,b4107e30,NORMAL,0.0
2026-04-26T23:01:33.111853,45.135.x.x,26437232e5952619,40178,0,NON_MAVLINK_PROBE,SCANNER,0,,9feaf00c,NORMAL,0.0
2026-04-26T23:01:34.095814,45.135.x.x,26437232e5952619,55130,0,NON_MAVLINK_PROBE,SCANNER,0,,be983444,NORMAL,0.0
2026-04-26T23:29:27.998308,81.29.x.x,f7b662d7880c6243,36714,0,NON_MAVLINK_PROBE,SCANNER,0,,45a6b715,NORMAL,0.0
2026-04-26T23:29:48.171285,81.29.x.x,f7b662d7880c6243,36726,0,NON_MAVLINK_PROBE,SCANNER,0,,bcc95dff,NORMAL,0.0
2026-04-27T00:00:53.062581,52.87.x.x,d5b5ba0f0fe302cf,36674,0,NON_MAVLINK_PROBE,SCANNER,0,,91913faa,NORMAL,0.0
2026-04-27T00:51:08.733708,45.91.x.x,82929336d554cace,60021,0,NON_MAVLINK_PROBE,SCANNER,0,,3c3bdb7f,NORMAL,0.0
2026-04-27T01:12:56.848385,66.132.x.x,cb5ba8917da6700b,41172,0,NON_MAVLINK_PROBE,SCANNER,0,,96cb65e2,NORMAL,0.0
2026-04-27T01:13:00.548224,66.132.x.x,cb5ba8917da6700b,41188,0,NON_MAVLINK_PROBE,SCANNER,0,,be3a20e1,NORMAL,0.0
2026-04-27T01:13:07.364837,66.132.x.x,cb5ba8917da6700b,44194,4,UNKNOWN_4,UNKNOWN,3,f4a136d1665006003905,0618b58d,NORMAL,0.2
2026-04-27T01:13:26.392536,66.132.x.x,cb5ba8917da6700b,44206,0,NON_MAVLINK_PROBE,SCANNER,0,,599bba5e,NORMAL,0.0
2026-04-27T02:50:11.728984,184.105.x.x,7b221120d4c2a783,34038,0,NON_MAVLINK_PROBE,SCANNER,0,,d8bf6d45,NORMAL,0.0
2026-04-27T03:11:39.191258,64.62.x.x,c84ed5c531e716fb,40882,0,NON_MAVLINK_PROBE,SCANNER,0,,9fac346b,NORMAL,0.0
2026-04-27T04:14:44.764593,199.45.x.x,6eed015d53306ce9,58548,0,NON_MAVLINK_PROBE,SCANNER,0,,d85a76ac,NORMAL,0.0
2026-04-27T04:14:50.113754,199.45.x.x,6eed015d53306ce9,58610,4,UNKNOWN_4,UNKNOWN,3,22c6125b695006003905,ddf8f26b,NORMAL,0.2
2026-04-27T04:15:03.128617,199.45.x.x,6eed015d53306ce9,32878,0,NON_MAVLINK_PROBE,SCANNER,0,,14b9876d,NORMAL,0.0
2026-04-27T04:23:18.140348,176.65.x.x,005fc190cb64f6b9,58642,0,NON_MAVLINK_PROBE,SCANNER,0,,1788f033,NORMAL,0.0
2026-04-27T04:49:33.016445,47.250.x.x,1be1313ee7c873fc,31986,0,NON_MAVLINK_PROBE,SCANNER,0,,5b2eec7b,NORMAL,0.0
2026-04-27T04:49:46.064474,47.250.x.x,1be1313ee7c873fc,34994,0,NON_MAVLINK_PROBE,SCANNER,0,,80166d00,NORMAL,0.0
2026-04-27T04:49:59.112179,47.250.x.x,1be1313ee7c873fc,49318,0,NON_MAVLINK_PROBE,SCANNER,0,,c78810da,NORMAL,0.0
2026-04-27T04:50:12.163542,47.250.x.x,1be1313ee7c873fc,14798,0,NON_MAVLINK_PROBE,SCANNER,0,,f1973537,NORMAL,0.0
2026-04-27T04:50:19.976675,72.11.x.x,953f6c517adbd558,42802,0,NON_MAVLINK_PROBE,SCANNER,0,,e158426a,NORMAL,0.0
2026-04-27T04:50:30.223842,72.11.x.x,953f6c517adbd558,51722,0,NON_MAVLINK_PROBE,SCANNER,0,,67d4e915,NORMAL,0.0
2026-04-27T05:12:28.887471,147.185.x.x,70d7f80daba11883,63486,0,NON_MAVLINK_PROBE,SCANNER,0,,9851e8ee,NORMAL,0.0
2026-04-27T05:12:28.887154,147.185.x.x,70d7f80daba11883,63490,0,NON_MAVLINK_PROBE,SCANNER,0,,9b2521db,NORMAL,0.0
2026-04-27T05:28:59.877380,71.6.x.x,c0c19464de56bd87,51456,0,NON_MAVLINK_PROBE,SCANNER,0,,628d7b1f,NORMAL,0.0
2026-04-27T05:39:25.807844,3.129.x.x,e3111d802ac43609,60904,0,NON_MAVLINK_PROBE,SCANNER,0,,a687fa8a,NORMAL,0.0
2026-04-27T05:39:43.397181,3.129.x.x,e3111d802ac43609,57384,0,NON_MAVLINK_PROBE,SCANNER,0,,f351ede5,NORMAL,0.0
2026-04-27T05:40:15.017033,3.129.x.x,e3111d802ac43609,34550,0,NON_MAVLINK_PROBE,SCANNER,0,,561534ff,NORMAL,0.0
2026-04-27T05:45:27.328185,3.129.x.x,e3111d802ac43609,39474,0,NON_MAVLINK_PROBE,SCANNER,0,,1499a043,NORMAL,0.0
2026-04-27T05:46:07.530747,3.129.x.x,e3111d802ac43609,58140,0,NON_MAVLINK_PROBE,SCANNER,0,,4ec8f2ee,NORMAL,0.0
2026-04-27T05:47:11.334927,3.129.x.x,e3111d802ac43609,39718,0,NON_MAVLINK_PROBE,SCANNER,0,,992b5d84,NORMAL,0.0
2026-04-27T06:30:07.506635,90.151.x.x,0d11f4acfa5df721,21361,0,NON_MAVLINK_PROBE,SCANNER,0,,901abc0c,NORMAL,0.0
2026-04-27T06:30:12.561218,90.151.x.x,0d11f4acfa5df721,12079,0,NON_MAVLINK_PROBE,SCANNER,0,,84f2f265,NORMAL,0.0
2026-04-27T06:30:22.223944,90.151.x.x,0d11f4acfa5df721,28067,0,NON_MAVLINK_PROBE,SCANNER,0,,49011a87,NORMAL,0.0
2026-04-27T06:30:22.825573,90.151.x.x,0d11f4acfa5df721,26041,0,NON_MAVLINK_PROBE,SCANNER,0,,0408ccf8,NORMAL,0.0
2026-04-27T07:11:52.364884,176.65.x.x,9880f1c3a55845dd,51260,0,NON_MAVLINK_PROBE,SCANNER,0,,8696c02f,NORMAL,0.0
2026-04-27T07:42:49.126878,176.65.x.x,938ad174c86fecba,60946,0,NON_MAVLINK_PROBE,SCANNER,0,,0729acdc,NORMAL,0.0
2026-04-27T07:59:09.155685,213.32.x.x,e923c1781fad0a66,50300,0,NON_MAVLINK_PROBE,SCANNER,0,,cf27a1e7,NORMAL,0.0
2026-04-27T08:49:01.711232,188.166.x.x,91fb128bf7a9ec99,55110,0,NON_MAVLINK_PROBE,SCANNER,0,,1612bd8a,NORMAL,0.0
2026-04-27T08:49:02.517253,188.166.x.x,91fb128bf7a9ec99,39078,0,NON_MAVLINK_PROBE,SCANNER,0,,7bf51b05,NORMAL,0.0
2026-04-27T08:50:02.033977,188.166.x.x,91fb128bf7a9ec99,39082,0,NON_MAVLINK_PROBE,SCANNER,0,,77bd2b96,NORMAL,0.0
2026-04-27T08:50:02.811045,188.166.x.x,91fb128bf7a9ec99,49482,0,NON_MAVLINK_PROBE,SCANNER,0,,42bf90db,NORMAL,0.0
2026-04-27T09:39:09.472863,64.62.x.x,d77f9517db603218,11632,0,NON_MAVLINK_PROBE,SCANNER,0,,6337aa1c,NORMAL,0.0
2026-04-27T09:59:54.716558,87.236.x.x,527db1fb38c7470e,59719,0,NON_MAVLINK_PROBE,SCANNER,0,,4f96a5dd,NORMAL,0.0
2026-04-27T10:06:02.899414,104.243.x.x,bf3d93dc8c963049,40938,0,NON_MAVLINK_PROBE,SCANNER,0,,a7256a78,NORMAL,0.0
2026-04-27T10:06:03.348818,104.243.x.x,bf3d93dc8c963049,40946,0,NON_MAVLINK_PROBE,SCANNER,0,,62691b52,NORMAL,0.0
2026-04-27T10:26:43.623609,176.65.x.x,3caaee43e61f0c4c,48042,0,NON_MAVLINK_PROBE,SCANNER,0,,ad0ea5ab,NORMAL,0.0
2026-04-27T10:33:03.109611,176.65.x.x,938ad174c86fecba,54610,0,NON_MAVLINK_PROBE,SCANNER,0,,16f6d4b7,NORMAL,0.0
2026-04-27T10:59:54.059855,176.65.x.x,1c233f18e373798e,60694,0,NON_MAVLINK_PROBE,SCANNER,0,,4adc60bd,NORMAL,0.0
2026-04-27T11:04:45.265490,20.168.x.x,dff9e8b6839e1075,55852,0,NON_MAVLINK_PROBE,SCANNER,0,,dc28c8dc,NORMAL,0.0
2026-04-27T11:14:47.415286,67.210.x.x,713780b86c021877,34867,0,NON_MAVLINK_PROBE,SCANNER,0,,9b873468,NORMAL,0.0
2026-04-27T12:14:30.680949,142.93.x.x,04e254613dd04d00,42286,0,NON_MAVLINK_PROBE,SCANNER,0,,7f6dd9c8,NORMAL,0.0
2026-04-27T12:14:31.607241,142.93.x.x,04e254613dd04d00,33922,0,NON_MAVLINK_PROBE,SCANNER,0,,11c668e6,NORMAL,0.0
2026-04-27T12:45:46.680664,5.61.x.x,7202821ba1a8b28a,29720,0,NON_MAVLINK_PROBE,SCANNER,0,,539a1d9f,NORMAL,0.0
2026-04-27T13:00:18.774430,159.89.x.x,7be76f3860d8b630,55682,0,NON_MAVLINK_PROBE,SCANNER,0,,79cce6b5,NORMAL,0.0
2026-04-27T13:08:30.074002,103.59.x.x,aa4b67141a8b26dd,49506,0,NON_MAVLINK_PROBE,SCANNER,0,,7b9c9dad,NORMAL,0.0
2026-04-27T13:13:40.040573,176.65.x.x,f3ea178df3529122,50688,0,NON_MAVLINK_PROBE,SCANNER,0,,1077dbe1,NORMAL,0.0
2026-04-27T14:10:56.013074,68.183.x.x,4e82b7f3e544a51b,56612,0,NON_MAVLINK_PROBE,SCANNER,0,,5a65810e,NORMAL,0.0
2026-04-27T14:18:32.352908,167.71.x.x,047f0ee71595b4b8,46634,0,NON_MAVLINK_PROBE,SCANNER,0,,c555ae50,NORMAL,0.0
2026-04-27T16:11:21.342303,176.65.x.x,3caaee43e61f0c4c,54010,0,NON_MAVLINK_PROBE,SCANNER,0,,ee03a603,NORMAL,0.0
2026-04-27T16:29:43.791956,167.99.x.x,8011906ce94ff112,39216,0,NON_MAVLINK_PROBE,SCANNER,0,,86ca33a4,NORMAL,0.0
2026-04-27T17:30:11.204524,47.250.x.x,3939bea3cbb00c23,15218,0,NON_MAVLINK_PROBE,SCANNER,0,,4731a993,NORMAL,0.0
2026-04-27T17:30:24.251728,47.250.x.x,3939bea3cbb00c23,22276,0,NON_MAVLINK_PROBE,SCANNER,0,,22d73619,NORMAL,0.0
2026-04-27T17:30:37.308794,47.250.x.x,3939bea3cbb00c23,15702,0,NON_MAVLINK_PROBE,SCANNER,0,,740e5cf0,NORMAL,0.0
2026-04-27T17:30:50.357889,47.250.x.x,3939bea3cbb00c23,19996,0,NON_MAVLINK_PROBE,SCANNER,0,,a23807f4,NORMAL,0.0
2026-04-27T18:12:30.744710,147.185.x.x,549ec194901a80ac,51082,0,NON_MAVLINK_PROBE,SCANNER,0,,c6876a9a,NORMAL,0.0
2026-04-27T18:53:31.001169,66.132.x.x,b6a699b6aedea967,45278,0,NON_MAVLINK_PROBE,SCANNER,0,,337b0291,NORMAL,0.0
2026-04-27T18:53:34.354034,66.132.x.x,b6a699b6aedea967,45288,4,UNKNOWN_4,UNKNOWN,3,9490ada1755006003905,6fefa5b8,NORMAL,0.2
2026-04-27T18:53:47.752651,66.132.x.x,b6a699b6aedea967,33574,0,NON_MAVLINK_PROBE,SCANNER,0,,54a5bb4f,NORMAL,0.0
2026-04-27T20:07:02.674936,152.32.x.x,e912fed399031b05,45934,0,NON_MAVLINK_PROBE,SCANNER,0,,4daa0d46,NORMAL,0.0
2026-04-27T20:07:21.756222,152.32.x.x,e912fed399031b05,45936,0,NON_MAVLINK_PROBE,SCANNER,0,,19839801,NORMAL,0.0
2026-04-27T20:07:40.814430,152.32.x.x,e912fed399031b05,32896,0,NON_MAVLINK_PROBE,SCANNER,0,,8e3247ff,NORMAL,0.0
2026-04-27T20:07:58.864233,152.32.x.x,e912fed399031b05,60820,0,NON_MAVLINK_PROBE,SCANNER,0,,c18c4ce5,NORMAL,0.0
2026-04-27T20:08:16.958856,152.32.x.x,e912fed399031b05,42428,0,NON_MAVLINK_PROBE,SCANNER,0,,cfc3d5dd,NORMAL,0.0
2026-04-27T20:08:36.111391,152.32.x.x,e912fed399031b05,47702,0,NON_MAVLINK_PROBE,SCANNER,0,,7909a884,NORMAL,0.0
2026-04-27T20:08:54.233012,152.32.x.x,e912fed399031b05,46920,0,NON_MAVLINK_PROBE,SCANNER,0,,a94fab61,NORMAL,0.0
2026-04-27T20:09:12.314927,152.32.x.x,e912fed399031b05,48538,0,NON_MAVLINK_PROBE,SCANNER,0,,335a1f02,NORMAL,0.0
2026-04-27T20:09:30.355233,152.32.x.x,e912fed399031b05,35742,0,NON_MAVLINK_PROBE,SCANNER,0,,c2619cec,NORMAL,0.0
2026-04-27T20:09:48.432365,152.32.x.x,e912fed399031b05,45936,0,NON_MAVLINK_PROBE,SCANNER,0,,cede072b,NORMAL,0.0
2026-04-27T20:20:09.452663,45.142.x.x,d64285cf35e0aea9,40625,0,NON_MAVLINK_PROBE,SCANNER,0,,6a214192,NORMAL,0.0
2026-04-27T20:34:49.008490,45.79.x.x,ec042bc965d2d8c4,55043,0,NON_MAVLINK_PROBE,SCANNER,0,,71e9f068,NORMAL,0.0
2026-04-27T21:02:55.492104,147.185.x.x,ed38a9e4afa71e88,61878,0,NON_MAVLINK_PROBE,SCANNER,0,,3fd2c3cb,NORMAL,0.0
2026-04-27T21:02:55.491662,147.185.x.x,ed38a9e4afa71e88,61866,0,NON_MAVLINK_PROBE,SCANNER,0,,24442229,NORMAL,0.0
2026-04-27T21:05:27.253098,79.124.x.x,a3dc2bc09007bf5d,59436,0,NON_MAVLINK_PROBE,SCANNER,0,,e99ea091,NORMAL,0.0
2026-04-27T21:06:32.273415,159.223.x.x,e5b05e4f80d14adf,59348,0,NON_MAVLINK_PROBE,SCANNER,0,,6e8a3572,NORMAL,0.0
2026-04-27T21:37:25.804474,79.124.x.x,a3dc2bc09007bf5d,57914,0,NON_MAVLINK_PROBE,SCANNER,0,,14fe26f1,NORMAL,0.0
2026-04-27T21:41:46.781163,87.121.x.x,13a53ff7924e1628,38412,0,NON_MAVLINK_PROBE,SCANNER,0,,a9ac0f4b,NORMAL,0.0
2026-04-27T21:49:43.767987,66.132.x.x,a77c40669104f2b7,38040,0,NON_MAVLINK_PROBE,SCANNER,0,,34407f2f,NORMAL,0.0
2026-04-27T21:49:47.738260,66.132.x.x,a77c40669104f2b7,60146,4,UNKNOWN_4,UNKNOWN,3,2d80e417785006003905,cebc3304,NORMAL,0.2
2026-04-27T21:50:05.790225,66.132.x.x,a77c40669104f2b7,58988,0,NON_MAVLINK_PROBE,SCANNER,0,,9c5e8903,NORMAL,0.0
2026-04-27T22:35:07.182252,172.104.x.x,0e185892e04c45d0,37399,0,NON_MAVLINK_PROBE,SCANNER,0,,137c57ab,NORMAL,0.0
2026-04-27T22:49:04.172008,5.61.x.x,7202821ba1a8b28a,14990,0,NON_MAVLINK_PROBE,SCANNER,0,,3200748e,NORMAL,0.0
2026-04-27T23:14:44.912567,87.236.x.x,a2d28adf5c5636a3,44667,0,NON_MAVLINK_PROBE,SCANNER,0,,8daa4bc4,NORMAL,0.0
2026-04-27T23:54:02.538373,13.218.x.x,8bf3204c3d21c52b,62520,0,NON_MAVLINK_PROBE,SCANNER,0,,3fff7aa9,NORMAL,0.0
2026-04-28T00:27:12.665330,87.121.x.x,13a53ff7924e1628,37166,0,NON_MAVLINK_PROBE,SCANNER,0,,0412b988,NORMAL,0.0
2026-04-28T00:31:57.508200,90.151.x.x,0d11f4acfa5df721,42957,0,NON_MAVLINK_PROBE,SCANNER,0,,4f656651,NORMAL,0.0
2026-04-28T00:32:02.624541,90.151.x.x,0d11f4acfa5df721,31163,0,NON_MAVLINK_PROBE,SCANNER,0,,6c0da584,NORMAL,0.0
2026-04-28T00:32:12.407839,90.151.x.x,0d11f4acfa5df721,12387,0,NON_MAVLINK_PROBE,SCANNER,0,,e8b0e0c4,NORMAL,0.0
2026-04-28T00:32:12.898992,90.151.x.x,0d11f4acfa5df721,50537,0,NON_MAVLINK_PROBE,SCANNER,0,,0cf058c3,NORMAL,0.0
2026-04-28T01:15:12.120135,172.208.x.x,d5c77aaf89c7c296,45088,0,NON_MAVLINK_PROBE,SCANNER,0,,17722e55,NORMAL,0.0
2026-04-28T01:15:12.532884,172.208.x.x,d5c77aaf89c7c296,37548,0,NON_MAVLINK_PROBE,SCANNER,0,,7c9978bd,NORMAL,0.0
2026-04-28T01:55:13.543879,205.210.x.x,b95173f3cea6684f,57450,0,NON_MAVLINK_PROBE,SCANNER,0,,b7fc32a7,NORMAL,0.0
2026-04-28T03:23:09.346503,165.22.x.x,372f9958a21867bb,47834,0,NON_MAVLINK_PROBE,SCANNER,0,,87041b37,NORMAL,0.0
2026-04-28T03:23:12.350506,165.22.x.x,372f9958a21867bb,47838,0,NON_MAVLINK_PROBE,SCANNER,0,,4a1c3a07,NORMAL,0.0
2026-04-28T04:25:48.250768,90.151.x.x,0d11f4acfa5df721,24823,0,NON_MAVLINK_PROBE,SCANNER,0,,7312c215,NORMAL,0.0
2026-04-28T04:25:53.263878,90.151.x.x,0d11f4acfa5df721,56083,0,NON_MAVLINK_PROBE,SCANNER,0,,184226b1,NORMAL,0.0
2026-04-28T04:26:02.942653,90.151.x.x,0d11f4acfa5df721,60513,0,NON_MAVLINK_PROBE,SCANNER,0,,f9f75f5e,NORMAL,0.0
2026-04-28T04:26:03.434437,90.151.x.x,0d11f4acfa5df721,56031,0,NON_MAVLINK_PROBE,SCANNER,0,,0b0ed7b4,NORMAL,0.0
2026-04-28T04:27:46.285753,167.71.x.x,047f0ee71595b4b8,49930,0,NON_MAVLINK_PROBE,SCANNER,0,,7a613ae4,NORMAL,0.0
2026-04-28T04:43:15.962961,130.12.x.x,9358db51a690d798,53110,0,NON_MAVLINK_PROBE,SCANNER,0,,d8929917,NORMAL,0.0
2026-04-28T04:43:18.260415,130.12.x.x,9358db51a690d798,53132,0,NON_MAVLINK_PROBE,SCANNER,0,,2c94f08d,NORMAL,0.0
2026-04-28T04:43:26.175752,130.12.x.x,9358db51a690d798,50114,0,NON_MAVLINK_PROBE,SCANNER,0,,1a81cede,NORMAL,0.0
2026-04-28T04:43:31.222070,130.12.x.x,9358db51a690d798,50896,0,NON_MAVLINK_PROBE,SCANNER,0,,5eee100f,NORMAL,0.0
2026-04-28T04:43:33.654588,130.12.x.x,9358db51a690d798,50904,0,NON_MAVLINK_PROBE,SCANNER,0,,f4b051dc,NORMAL,0.0
2026-04-28T04:43:36.633670,130.12.x.x,9358db51a690d798,50122,0,NON_MAVLINK_PROBE,SCANNER,0,,61a0c6a0,NORMAL,0.0
2026-04-28T04:43:36.651080,130.12.x.x,9358db51a690d798,50124,0,NON_MAVLINK_PROBE,SCANNER,0,,9107efb7,NORMAL,0.0
2026-04-28T04:43:47.744112,130.12.x.x,9358db51a690d798,43872,0,NON_MAVLINK_PROBE,SCANNER,0,,3be1675f,NORMAL,0.0
2026-04-28T04:52:37.021767,65.49.x.x,629828670879a146,48432,0,NON_MAVLINK_PROBE,SCANNER,0,,5c0669b2,NORMAL,0.0
2026-04-28T05:39:30.685985,101.36.x.x,6a54db9c39e6dad9,57248,0,NON_MAVLINK_PROBE,SCANNER,0,,487c9a7c,NORMAL,0.0
2026-04-28T05:39:48.830296,101.36.x.x,6a54db9c39e6dad9,57260,0,NON_MAVLINK_PROBE,SCANNER,0,,369715d1,NORMAL,0.0
2026-04-28T05:40:07.052993,101.36.x.x,6a54db9c39e6dad9,39498,0,NON_MAVLINK_PROBE,SCANNER,0,,0529b006,NORMAL,0.0
2026-04-28T05:40:25.196702,101.36.x.x,6a54db9c39e6dad9,48718,0,NON_MAVLINK_PROBE,SCANNER,0,,b1790c56,NORMAL,0.0
2026-04-28T05:40:43.374526,101.36.x.x,6a54db9c39e6dad9,47472,0,NON_MAVLINK_PROBE,SCANNER,0,,dfd5cac2,NORMAL,0.0
2026-04-28T05:41:01.542697,101.36.x.x,6a54db9c39e6dad9,43536,0,NON_MAVLINK_PROBE,SCANNER,0,,8c3fe1f8,NORMAL,0.0
2026-04-28T05:41:19.705557,101.36.x.x,6a54db9c39e6dad9,48824,0,NON_MAVLINK_PROBE,SCANNER,0,,e303a725,NORMAL,0.0
2026-04-28T05:41:37.862268,101.36.x.x,6a54db9c39e6dad9,56066,0,NON_MAVLINK_PROBE,SCANNER,0,,47e9eab7,NORMAL,0.0
2026-04-28T05:41:56.023240,101.36.x.x,6a54db9c39e6dad9,47380,0,NON_MAVLINK_PROBE,SCANNER,0,,06d9a2a3,NORMAL,0.0
2026-04-28T05:42:14.176457,101.36.x.x,6a54db9c39e6dad9,55996,0,NON_MAVLINK_PROBE,SCANNER,0,,b494efd5,NORMAL,0.0
2026-04-28T07:05:01.283233,18.218.x.x,a1cedf5443bfca11,45030,0,NON_MAVLINK_PROBE,SCANNER,0,,ab4d2c99,NORMAL,0.0
2026-04-28T07:05:34.908565,18.218.x.x,a1cedf5443bfca11,60838,0,NON_MAVLINK_PROBE,SCANNER,0,,971af4cb,NORMAL,0.0
2026-04-28T07:07:22.460401,18.218.x.x,a1cedf5443bfca11,48862,0,NON_MAVLINK_PROBE,SCANNER,0,,8a998f64,NORMAL,0.0
2026-04-28T07:08:58.652555,18.218.x.x,a1cedf5443bfca11,45522,0,NON_MAVLINK_PROBE,SCANNER,0,,12dca9b0,NORMAL,0.0
2026-04-28T07:11:53.269268,18.218.x.x,a1cedf5443bfca11,50912,0,NON_MAVLINK_PROBE,SCANNER,0,,e9b50a79,NORMAL,0.0
2026-04-28T07:15:29.804096,104.243.x.x,212dc4155270a325,53710,0,NON_MAVLINK_PROBE,SCANNER,0,,96f1065d,NORMAL,0.0
2026-04-28T07:15:31.457582,104.243.x.x,212dc4155270a325,53722,0,NON_MAVLINK_PROBE,SCANNER,0,,a799abe3,NORMAL,0.0
2026-04-28T07:38:30.913623,65.49.x.x,2e94a4f9a8b10fd4,52232,0,NON_MAVLINK_PROBE,SCANNER,0,,9c18d427,NORMAL,0.0
2026-04-28T08:03:25.236532,65.49.x.x,a8ed99aa8b8a2a87,22918,0,NON_MAVLINK_PROBE,SCANNER,0,,3eae0b4a,NORMAL,0.0
2026-04-28T08:20:36.884197,90.151.x.x,0d11f4acfa5df721,55339,0,NON_MAVLINK_PROBE,SCANNER,0,,42c24f44,NORMAL,0.0
2026-04-28T08:20:42.008215,90.151.x.x,0d11f4acfa5df721,40959,0,NON_MAVLINK_PROBE,SCANNER,0,,d71ade02,NORMAL,0.0
2026-04-28T08:20:51.741724,90.151.x.x,0d11f4acfa5df721,42291,0,NON_MAVLINK_PROBE,SCANNER,0,,1bf1ec6e,NORMAL,0.0
2026-04-28T08:20:52.212619,90.151.x.x,0d11f4acfa5df721,12219,0,NON_MAVLINK_PROBE,SCANNER,0,,b698c79e,NORMAL,0.0
2026-04-28T08:56:32.101288,81.29.x.x,71eb0443981e4962,37848,0,NON_MAVLINK_PROBE,SCANNER,0,,3d032932,NORMAL,0.0
2026-04-28T08:56:52.292019,81.29.x.x,71eb0443981e4962,37860,0,NON_MAVLINK_PROBE,SCANNER,0,,73dbd971,NORMAL,0.0
2026-04-28T09:47:43.081700,167.94.x.x,8aedd6a6119c0cea,9172,0,NON_MAVLINK_PROBE,SCANNER,0,,b6d85537,NORMAL,0.0
2026-04-28T09:47:46.781778,167.94.x.x,8aedd6a6119c0cea,37960,4,UNKNOWN_4,UNKNOWN,3,826c9b1f825006003905,890c6251,NORMAL,0.2
2026-04-28T09:48:01.139052,167.94.x.x,8aedd6a6119c0cea,38126,0,NON_MAVLINK_PROBE,SCANNER,0,,60ee04bd,NORMAL,0.0
2026-04-28T12:01:13.383667,165.154.x.x,3bd36a1dda4c8b43,57324,0,NON_MAVLINK_PROBE,SCANNER,0,,f3a30133,NORMAL,0.0
2026-04-28T12:01:18.424141,165.154.x.x,3bd36a1dda4c8b43,57332,0,NON_MAVLINK_PROBE,SCANNER,0,,6cd0c1d1,NORMAL,0.0
2026-04-28T12:01:28.792400,165.154.x.x,3bd36a1dda4c8b43,42072,0,NON_MAVLINK_PROBE,SCANNER,0,,69123a25,NORMAL,0.0
2026-04-28T12:01:30.367359,165.154.x.x,3bd36a1dda4c8b43,42086,0,NON_MAVLINK_PROBE,SCANNER,0,,383ebd5a,NORMAL,0.0
2026-04-28T12:10:14.014851,45.194.x.x,a5c875792cddc114,48806,0,NON_MAVLINK_PROBE,SCANNER,0,,03588934,NORMAL,0.0
2026-04-28T12:10:17.585964,165.154.x.x,3bd36a1dda4c8b43,39232,0,NON_MAVLINK_PROBE,SCANNER,0,,5f7df926,NORMAL,0.0
2026-04-28T12:10:18.085679,165.154.x.x,3bd36a1dda4c8b43,39242,0,NON_MAVLINK_PROBE,SCANNER,0,,57cb9dfa,NORMAL,0.0
2026-04-28T12:10:18.820835,165.154.x.x,3bd36a1dda4c8b43,39262,0,NON_MAVLINK_PROBE,SCANNER,0,,a876269e,NORMAL,0.0
2026-04-28T12:10:19.086130,165.154.x.x,3bd36a1dda4c8b43,39254,0,NON_MAVLINK_PROBE,SCANNER,0,,2cda25dd,NORMAL,0.0
2026-04-28T12:16:02.165322,90.151.x.x,0d11f4acfa5df721,22859,0,NON_MAVLINK_PROBE,SCANNER,0,,37d76073,NORMAL,0.0
2026-04-28T12:16:07.295910,90.151.x.x,0d11f4acfa5df721,57115,0,NON_MAVLINK_PROBE,SCANNER,0,,0d958bb1,NORMAL,0.0
2026-04-28T12:16:16.972522,90.151.x.x,0d11f4acfa5df721,9457,0,NON_MAVLINK_PROBE,SCANNER,0,,f694021f,NORMAL,0.0
2026-04-28T12:16:17.457847,90.151.x.x,0d11f4acfa5df721,44493,0,NON_MAVLINK_PROBE,SCANNER,0,,a18dc2d5,NORMAL,0.0
2026-04-28T12:20:48.141425,104.8.x.x,b07e10e15902e262,39021,0,NON_MAVLINK_PROBE,SCANNER,0,,9a1b22a9,NORMAL,0.0
2026-04-28T12:35:11.542431,195.170.x.x,4e01c6d466aa19b2,53948,0,NON_MAVLINK_PROBE,SCANNER,0,,7f5d5065,NORMAL,0.0
2026-04-28T12:35:12.114413,195.170.x.x,4e01c6d466aa19b2,53952,0,NON_MAVLINK_PROBE,SCANNER,0,,2774e10d,NORMAL,0.0
2026-04-28T12:35:13.724946,195.170.x.x,4e01c6d466aa19b2,53956,0,NON_MAVLINK_PROBE,SCANNER,0,,70845140,NORMAL,0.0
2026-04-28T12:35:15.536421,195.170.x.x,4e01c6d466aa19b2,53958,0,NON_MAVLINK_PROBE,SCANNER,0,,00e19e3e,NORMAL,0.0
2026-04-28T12:55:17.427789,185.242.x.x,4b85ea11ceb4d33e,34756,0,NON_MAVLINK_PROBE,SCANNER,0,,b6b229c2,NORMAL,0.0
2026-04-28T13:27:38.854088,45.33.x.x,ea62776b39052246,57824,0,NON_MAVLINK_PROBE,SCANNER,0,,5bb55ea5,NORMAL,0.0
2026-04-28T13:27:48.850321,45.33.x.x,ea62776b39052246,47556,0,NON_MAVLINK_PROBE,SCANNER,0,,55993062,NORMAL,0.0
2026-04-28T13:43:12.008804,5.187.x.x,7c5d66f95da34862,31756,0,NON_MAVLINK_PROBE,SCANNER,0,,4223e3cc,NORMAL,0.0
2026-04-28T14:53:29.436912,87.121.x.x,13a53ff7924e1628,50072,0,NON_MAVLINK_PROBE,SCANNER,0,,c74bf97c,NORMAL,0.0
2026-04-28T16:05:42.038706,90.151.x.x,0d11f4acfa5df721,18523,0,NON_MAVLINK_PROBE,SCANNER,0,,fe3e7148,NORMAL,0.0
2026-04-28T16:05:47.146932,90.151.x.x,0d11f4acfa5df721,49283,0,NON_MAVLINK_PROBE,SCANNER,0,,951b4289,NORMAL,0.0
2026-04-28T16:05:56.898589,90.151.x.x,0d11f4acfa5df721,36453,0,NON_MAVLINK_PROBE,SCANNER,0,,4f38dc02,NORMAL,0.0
2026-04-28T16:05:57.382562,90.151.x.x,0d11f4acfa5df721,15365,0,NON_MAVLINK_PROBE,SCANNER,0,,893274b0,NORMAL,0.0
2026-04-28T16:17:24.446648,93.123.x.x,7241acd881f52dff,57950,0,NON_MAVLINK_PROBE,SCANNER,0,,34a116a1,NORMAL,0.0
2026-04-28T16:44:52.690921,92.63.x.x,d3d69a66dc865704,64892,0,NON_MAVLINK_PROBE,SCANNER,0,,4a627472,NORMAL,0.0
2026-04-28T16:44:53.013137,92.63.x.x,d3d69a66dc865704,64896,0,NON_MAVLINK_PROBE,SCANNER,0,,e2bd77ad,NORMAL,0.0
2026-04-28T17:32:05.034764,5.61.x.x,7202821ba1a8b28a,3462,0,NON_MAVLINK_PROBE,SCANNER,0,,d5c8eaf2,NORMAL,0.0
2026-04-28T17:36:31.400541,104.243.x.x,cb7b329512f01d0d,55742,0,NON_MAVLINK_PROBE,SCANNER,0,,5b92cb4d,NORMAL,0.0
2026-04-28T17:36:31.892583,104.243.x.x,cb7b329512f01d0d,55756,0,NON_MAVLINK_PROBE,SCANNER,0,,9cf41f96,NORMAL,0.0
2026-04-28T17:58:30.995096,176.65.x.x,8ecb668eed5ac938,32840,0,NON_MAVLINK_PROBE,SCANNER,0,,68d55fdc,NORMAL,0.0
2026-04-28T18:03:28.040320,109.172.x.x,4162ab52a912050b,42186,0,NON_MAVLINK_PROBE,SCANNER,0,,a8582630,NORMAL,0.0
2026-04-28T18:03:39.165769,109.172.x.x,4162ab52a912050b,57762,0,NON_MAVLINK_PROBE,SCANNER,0,,ae9e838d,NORMAL,0.0
2026-04-28T18:54:12.757957,176.65.x.x,005fc190cb64f6b9,36250,0,NON_MAVLINK_PROBE,SCANNER,0,,b8ed91f5,NORMAL,0.0
2026-04-28T18:56:33.243428,205.210.x.x,370ebd639a42b01d,59718,0,NON_MAVLINK_PROBE,SCANNER,0,,84b9dba6,NORMAL,0.0
2026-04-28T19:10:51.973912,165.154.x.x,adfe2998165ba35b,35146,0,NON_MAVLINK_PROBE,SCANNER,0,,12bb9733,NORMAL,0.0
2026-04-28T19:11:10.609380,165.154.x.x,adfe2998165ba35b,35156,0,NON_MAVLINK_PROBE,SCANNER,0,,b50b2e85,NORMAL,0.0
2026-04-28T19:11:29.157670,165.154.x.x,adfe2998165ba35b,42438,0,NON_MAVLINK_PROBE,SCANNER,0,,2f291d55,NORMAL,0.0
2026-04-28T19:11:47.653786,165.154.x.x,adfe2998165ba35b,43886,0,NON_MAVLINK_PROBE,SCANNER,0,,f5592866,NORMAL,0.0
2026-04-28T19:12:06.223227,165.154.x.x,adfe2998165ba35b,33624,0,NON_MAVLINK_PROBE,SCANNER,0,,bb9bcdb8,NORMAL,0.0
2026-04-28T19:12:24.809509,165.154.x.x,adfe2998165ba35b,49522,0,NON_MAVLINK_PROBE,SCANNER,0,,b0ef872e,NORMAL,0.0
2026-04-28T19:12:43.377834,165.154.x.x,adfe2998165ba35b,51170,0,NON_MAVLINK_PROBE,SCANNER,0,,bec9e1df,NORMAL,0.0
2026-04-28T19:13:01.989657,165.154.x.x,adfe2998165ba35b,44848,0,NON_MAVLINK_PROBE,SCANNER,0,,54c9862c,NORMAL,0.0
2026-04-28T19:13:20.521235,165.154.x.x,adfe2998165ba35b,54522,0,NON_MAVLINK_PROBE,SCANNER,0,,dbf969e4,NORMAL,0.0
2026-04-28T19:13:39.069777,165.154.x.x,adfe2998165ba35b,45112,0,NON_MAVLINK_PROBE,SCANNER,0,,5f878190,NORMAL,0.0
2026-04-28T19:37:55.900030,160.119.x.x,f06c48d3f514838e,53902,0,NON_MAVLINK_PROBE,SCANNER,0,,ecb91ccc,NORMAL,0.0
2026-04-28T19:37:56.384484,160.119.x.x,f06c48d3f514838e,53904,0,NON_MAVLINK_PROBE,SCANNER,0,,00cc54fb,NORMAL,0.0
2026-04-28T19:42:21.057667,160.119.x.x,f06c48d3f514838e,46156,0,NON_MAVLINK_PROBE,SCANNER,0,,127b90ac,NORMAL,0.0
2026-04-28T19:50:27.634521,90.151.x.x,0d11f4acfa5df721,60443,0,NON_MAVLINK_PROBE,SCANNER,0,,6e35efdc,NORMAL,0.0
2026-04-28T19:50:32.755448,90.151.x.x,0d11f4acfa5df721,49331,0,NON_MAVLINK_PROBE,SCANNER,0,,03891fa8,NORMAL,0.0
2026-04-28T19:50:42.469671,90.151.x.x,0d11f4acfa5df721,46443,0,NON_MAVLINK_PROBE,SCANNER,0,,d2bddfd7,NORMAL,0.0
2026-04-28T19:50:42.953685,90.151.x.x,0d11f4acfa5df721,59485,0,NON_MAVLINK_PROBE,SCANNER,0,,a79217cb,NORMAL,0.0
2026-04-28T20:11:56.557621,45.142.x.x,9f81f5d8dd90f96c,38184,0,NON_MAVLINK_PROBE,SCANNER,0,,4455b461,NORMAL,0.0
2026-04-28T20:11:58.715749,45.142.x.x,9f81f5d8dd90f96c,39000,0,NON_MAVLINK_PROBE,SCANNER,0,,d9e254b1,NORMAL,0.0
2026-04-28T20:12:01.951344,45.142.x.x,9f81f5d8dd90f96c,40084,0,NON_MAVLINK_PROBE,SCANNER,0,,6e88ab71,NORMAL,0.0
2026-04-28T20:12:02.141238,45.142.x.x,9f81f5d8dd90f96c,40618,0,NON_MAVLINK_PROBE,SCANNER,0,,630046a0,NORMAL,0.0
2026-04-28T20:12:02.284798,45.142.x.x,9f81f5d8dd90f96c,40668,0,NON_MAVLINK_PROBE,SCANNER,0,,1b5fd0d2,NORMAL,0.0
2026-04-28T20:12:02.472991,45.142.x.x,9f81f5d8dd90f96c,40714,0,NON_MAVLINK_PROBE,SCANNER,0,,316cc49e,NORMAL,0.0
2026-04-28T20:12:12.491271,45.142.x.x,9f81f5d8dd90f96c,40766,0,NON_MAVLINK_PROBE,SCANNER,0,,b917cace,NORMAL,0.0
2026-04-28T20:12:22.487046,45.142.x.x,9f81f5d8dd90f96c,43998,0,NON_MAVLINK_PROBE,SCANNER,0,,f1359fd3,NORMAL,0.0
2026-04-28T20:12:32.486833,45.142.x.x,9f81f5d8dd90f96c,47932,0,NON_MAVLINK_PROBE,SCANNER,0,,3a862477,NORMAL,0.0
2026-04-28T20:12:33.662706,45.142.x.x,9f81f5d8dd90f96c,51872,0,NON_MAVLINK_PROBE,SCANNER,0,,954eaaf7,NORMAL,0.0
2026-04-28T20:12:33.831162,45.142.x.x,9f81f5d8dd90f96c,52376,0,NON_MAVLINK_PROBE,SCANNER,0,,fd738ed2,NORMAL,0.0
2026-04-28T20:12:43.836059,45.142.x.x,9f81f5d8dd90f96c,52450,0,NON_MAVLINK_PROBE,SCANNER,0,,0910404e,NORMAL,0.0
2026-04-28T20:12:44.004906,45.142.x.x,9f81f5d8dd90f96c,56648,0,NON_MAVLINK_PROBE,SCANNER,0,,5a5ff002,NORMAL,0.0
2026-04-28T20:12:44.213444,45.142.x.x,9f81f5d8dd90f96c,56732,0,NON_MAVLINK_PROBE,SCANNER,0,,b681cc8d,NORMAL,0.0
2026-04-28T20:12:44.376390,45.142.x.x,9f81f5d8dd90f96c,56798,0,NON_MAVLINK_PROBE,SCANNER,0,,550b3b0f,NORMAL,0.0
2026-04-28T20:19:55.219409,159.223.x.x,e5b05e4f80d14adf,53834,0,NON_MAVLINK_PROBE,SCANNER,0,,6c280b63,NORMAL,0.0
2026-04-28T20:31:13.828804,176.65.x.x,3caaee43e61f0c4c,41790,0,NON_MAVLINK_PROBE,SCANNER,0,,71d0f853,NORMAL,0.0
2026-04-28T21:41:07.139689,79.124.x.x,a3dc2bc09007bf5d,35106,0,NON_MAVLINK_PROBE,SCANNER,0,,8c1c14f1,NORMAL,0.0
2026-04-28T21:41:52.043183,45.156.x.x,aa09dbedf5953ec8,49738,0,NON_MAVLINK_PROBE,SCANNER,0,,316a1534,NORMAL,0.0
2026-04-28T21:42:00.048159,45.156.x.x,6186ab2b3584966b,40712,0,NON_MAVLINK_PROBE,SCANNER,0,,9e7b8463,NORMAL,0.0
2026-04-28T22:00:15.778483,176.65.x.x,f3ea178df3529122,52136,0,NON_MAVLINK_PROBE,SCANNER,0,,f2700f84,NORMAL,0.0
2026-04-28T22:11:01.565179,176.65.x.x,9880f1c3a55845dd,44690,0,NON_MAVLINK_PROBE,SCANNER,0,,294567f5,NORMAL,0.0
2026-04-28T22:19:52.512582,79.124.x.x,a3dc2bc09007bf5d,33534,0,NON_MAVLINK_PROBE,SCANNER,0,,d48ce017,NORMAL,0.0
2026-04-28T22:28:46.278640,172.233.x.x,b82fd533575f5fad,51246,0,NON_MAVLINK_PROBE,SCANNER,0,,85324226,NORMAL,0.0
2026-04-28T22:28:46.317554,172.233.x.x,b82fd533575f5fad,51258,0,NON_MAVLINK_PROBE,SCANNER,0,,83ed8d91,NORMAL,0.0
2026-04-28T22:28:56.279405,172.233.x.x,b82fd533575f5fad,51260,0,NON_MAVLINK_PROBE,SCANNER,0,,b465270d,NORMAL,0.0
2026-04-28T22:28:56.695392,172.233.x.x,b82fd533575f5fad,51982,0,NON_MAVLINK_PROBE,SCANNER,0,,c13d7038,NORMAL,0.0
2026-04-28T22:28:58.124772,172.233.x.x,b82fd533575f5fad,51996,0,NON_MAVLINK_PROBE,SCANNER,0,,eb2dd7ef,NORMAL,0.0
2026-04-28T22:28:58.550249,172.233.x.x,b82fd533575f5fad,52000,0,NON_MAVLINK_PROBE,SCANNER,0,,57311913,NORMAL,0.0
2026-04-28T22:29:08.576679,172.233.x.x,b82fd533575f5fad,52006,0,NON_MAVLINK_PROBE,SCANNER,0,,71d21592,NORMAL,0.0
2026-04-28T22:36:13.189050,185.180.x.x,d3bc29f595039850,46838,0,NON_MAVLINK_PROBE,SCANNER,0,,460a83d6,NORMAL,0.0
2026-04-28T22:36:20.366734,185.180.x.x,c87676af9a8119a0,40474,0,NON_MAVLINK_PROBE,SCANNER,0,,0e577d0a,NORMAL,0.0
2026-04-28T22:36:22.249733,185.180.x.x,bbda71dd393f15fc,41886,0,NON_MAVLINK_PROBE,SCANNER,0,,a7890c78,NORMAL,0.0
2026-04-28T22:36:23.520341,185.180.x.x,d3bc29f595039850,56102,0,NON_MAVLINK_PROBE,SCANNER,0,,1cd9fa2f,NORMAL,0.0
2026-04-28T22:36:27.002580,185.180.x.x,c87676af9a8119a0,49518,0,NON_MAVLINK_PROBE,SCANNER,0,,33a1597f,NORMAL,0.0
2026-04-28T22:36:36.669659,185.180.x.x,b9d7932c656837b6,42360,0,NON_MAVLINK_PROBE,SCANNER,0,,562feb6c,NORMAL,0.0
2026-04-28T22:36:47.142675,185.180.x.x,d3bc29f595039850,48442,0,NON_MAVLINK_PROBE,SCANNER,0,,619b1cd6,NORMAL,0.0
2026-04-28T22:36:53.635703,185.180.x.x,c87676af9a8119a0,52672,0,NON_MAVLINK_PROBE,SCANNER,0,,fdf153be,NORMAL,0.0
2026-04-28T22:36:55.352408,185.180.x.x,d3bc29f595039850,55620,0,NON_MAVLINK_PROBE,SCANNER,0,,7d5d5289,NORMAL,0.0
2026-04-28T22:37:02.795227,185.180.x.x,b9d7932c656837b6,54134,0,NON_MAVLINK_PROBE,SCANNER,0,,98e76d7f,NORMAL,0.0
2026-04-28T22:37:04.508701,185.180.x.x,c87676af9a8119a0,33076,0,NON_MAVLINK_PROBE,SCANNER,0,,a1bec6b6,NORMAL,0.0
2026-04-28T22:41:23.863333,45.144.x.x,2f7b599a2977b036,60194,0,NON_MAVLINK_PROBE,SCANNER,0,,0341dc0a,NORMAL,0.0
2026-04-28T22:46:27.870738,172.93.x.x,e5e70e0cdeab9d32,34814,0,NON_MAVLINK_PROBE,SCANNER,0,,707dc189,NORMAL,0.0
2026-04-28T22:46:28.297920,172.93.x.x,e5e70e0cdeab9d32,34824,0,NON_MAVLINK_PROBE,SCANNER,0,,d7e58609,NORMAL,0.0
2026-04-28T23:05:52.596324,167.71.x.x,047f0ee71595b4b8,35362,0,NON_MAVLINK_PROBE,SCANNER,0,,9e1644ad,NORMAL,0.0
2026-04-28T23:21:06.857581,90.151.x.x,0d11f4acfa5df721,22629,0,NON_MAVLINK_PROBE,SCANNER,0,,537c886a,NORMAL,0.0
2026-04-28T23:21:06.872892,90.151.x.x,0d11f4acfa5df721,44103,0,NON_MAVLINK_PROBE,SCANNER,0,,7be3bb0d,NORMAL,0.0
2026-04-28T23:21:12.033924,90.151.x.x,0d11f4acfa5df721,64523,0,NON_MAVLINK_PROBE,SCANNER,0,,2ef34cb5,NORMAL,0.0
2026-04-28T23:21:16.598797,90.151.x.x,0d11f4acfa5df721,31381,0,NON_MAVLINK_PROBE,SCANNER,0,,144170a7,NORMAL,0.0
2026-04-28T23:33:31.651172,172.236.x.x,d5e224a5f7ff4217,4800,0,NON_MAVLINK_PROBE,SCANNER,0,,31566702,NORMAL,0.0
2026-04-28T23:33:32.114728,172.236.x.x,d5e224a5f7ff4217,49172,0,NON_MAVLINK_PROBE,SCANNER,0,,ce8db3eb,NORMAL,0.0
2026-04-28T23:55:20.862740,18.206.x.x,06424fa876581710,33916,0,NON_MAVLINK_PROBE,SCANNER,0,,86814148,NORMAL,0.0
2026-04-29T00:20:20.423600,184.105.x.x,c8497ad1b840a11e,44654,0,NON_MAVLINK_PROBE,SCANNER,0,,1794c8be,NORMAL,0.0
2026-04-29T00:48:37.586784,172.234.x.x,125e0f12ef47ad3d,29704,0,NON_MAVLINK_PROBE,SCANNER,0,,e8f68430,NORMAL,0.0
2026-04-29T00:48:38.080080,172.234.x.x,125e0f12ef47ad3d,30982,0,NON_MAVLINK_PROBE,SCANNER,0,,d8f4ef61,NORMAL,0.0
2026-04-29T01:09:03.489279,47.250.x.x,79a21a153745bf04,45198,0,NON_MAVLINK_PROBE,SCANNER,0,,80fa20bd,NORMAL,0.0
2026-04-29T01:09:16.536321,47.250.x.x,79a21a153745bf04,40678,0,NON_MAVLINK_PROBE,SCANNER,0,,80bc4f39,NORMAL,0.0
2026-04-29T01:09:29.577709,47.250.x.x,79a21a153745bf04,40736,0,NON_MAVLINK_PROBE,SCANNER,0,,e56c6f4c,NORMAL,0.0
2026-04-29T01:09:42.655853,47.250.x.x,79a21a153745bf04,12842,0,NON_MAVLINK_PROBE,SCANNER,0,,c6d8c1cf,NORMAL,0.0
2026-04-29T01:09:59.293995,80.75.x.x,7ae5bffd85d46ef0,37122,0,NON_MAVLINK_PROBE,SCANNER,0,,ed49ada4,NORMAL,0.0
2026-04-29T01:10:04.317586,80.75.x.x,7ae5bffd85d46ef0,37124,0,NON_MAVLINK_PROBE,SCANNER,0,,95090537,NORMAL,0.0
2026-04-29T03:00:55.991172,45.156.x.x,271286db49c1a748,57134,0,NON_MAVLINK_PROBE,SCANNER,0,,a396e7de,NORMAL,0.0
2026-04-29T03:01:04.020519,45.156.x.x,d64ba70998c2a0a2,50370,0,NON_MAVLINK_PROBE,SCANNER,0,,6a2d845f,NORMAL,0.0
2026-04-29T03:13:28.642485,103.82.x.x,8786cdbe9b16e8a5,57865,0,NON_MAVLINK_PROBE,SCANNER,0,,f0945480,NORMAL,0.0
2026-04-29T03:14:19.806291,90.151.x.x,0d11f4acfa5df721,5641,0,NON_MAVLINK_PROBE,SCANNER,0,,b94a1d22,NORMAL,0.0
2026-04-29T03:14:24.854383,90.151.x.x,0d11f4acfa5df721,33505,0,NON_MAVLINK_PROBE,SCANNER,0,,c383bba4,NORMAL,0.0
2026-04-29T03:14:34.613943,90.151.x.x,0d11f4acfa5df721,47021,0,NON_MAVLINK_PROBE,SCANNER,0,,9fd86f3e,NORMAL,0.0
2026-04-29T03:14:35.101283,90.151.x.x,0d11f4acfa5df721,50599,0,NON_MAVLINK_PROBE,SCANNER,0,,a1a566ab,NORMAL,0.0
2026-04-29T03:25:17.856354,81.29.x.x,f7b662d7880c6243,28508,0,NON_MAVLINK_PROBE,SCANNER,0,,f1645c61,NORMAL,0.0
2026-04-29T03:26:18.078692,81.29.x.x,f7b662d7880c6243,28510,0,NON_MAVLINK_PROBE,SCANNER,0,,28855255,NORMAL,0.0
2026-04-29T04:33:38.548865,52.151.x.x,af068aa792fe26f7,53034,0,NON_MAVLINK_PROBE,SCANNER,0,,444a171e,NORMAL,0.0
2026-04-29T04:45:23.139236,104.243.x.x,c3e683c024b61396,56578,0,NON_MAVLINK_PROBE,SCANNER,0,,2cffe4e7,NORMAL,0.0
2026-04-29T04:45:23.593560,104.243.x.x,c3e683c024b61396,56584,0,NON_MAVLINK_PROBE,SCANNER,0,,0bbca9e3,NORMAL,0.0
2026-04-29T05:17:20.806850,51.158.x.x,d065b46caa52231a,46724,0,NON_MAVLINK_PROBE,SCANNER,0,,01fe2af1,NORMAL,0.0
2026-04-29T05:17:21.177742,51.158.x.x,d065b46caa52231a,46734,0,NON_MAVLINK_PROBE,SCANNER,0,,919a9b9c,NORMAL,0.0
2026-04-29T05:30:01.860529,198.235.x.x,182f40c299f69b9f,62624,0,NON_MAVLINK_PROBE,SCANNER,0,,e54bbe6a,NORMAL,0.0
2026-04-29T05:30:01.879712,198.235.x.x,182f40c299f69b9f,62638,0,NON_MAVLINK_PROBE,SCANNER,0,,3dbdabb5,NORMAL,0.0
2026-04-29T05:39:45.219089,64.62.x.x,c8eeec8373b7fd12,16542,0,NON_MAVLINK_PROBE,SCANNER,0,,858b4251,NORMAL,0.0
2026-04-29T05:49:07.055664,66.228.x.x,ad4d26a4dedfb5a5,6690,0,NON_MAVLINK_PROBE,SCANNER,0,,2d2f1a49,NORMAL,0.0
2026-04-29T05:49:08.230739,66.228.x.x,ad4d26a4dedfb5a5,24360,0,NON_MAVLINK_PROBE,SCANNER,0,,87e94b05,NORMAL,0.0
2026-04-29T06:13:37.190790,85.11.x.x,5fb0d166ed1e1e4b,46950,0,NON_MAVLINK_PROBE,SCANNER,0,,c4612e38,NORMAL,0.0
2026-04-29T06:13:37.544561,85.11.x.x,5fb0d166ed1e1e4b,46956,0,NON_MAVLINK_PROBE,SCANNER,0,,595a59b4,NORMAL,0.0
2026-04-29T06:14:38.388259,35.216.x.x,0dda7af7fc2ea2cd,44584,0,NON_MAVLINK_PROBE,SCANNER,0,,a8707a03,NORMAL,0.0
2026-04-29T06:23:30.196809,35.216.x.x,62d74d495b154448,60044,0,NON_MAVLINK_PROBE,SCANNER,0,,8e700f30,NORMAL,0.0
2026-04-29T06:23:35.333266,35.216.x.x,62d74d495b154448,60058,0,NON_MAVLINK_PROBE,SCANNER,0,,2f1c9ec3,NORMAL,0.0
2026-04-29T06:24:47.250561,16.58.x.x,09ea7c1bce3720fb,38952,0,NON_MAVLINK_PROBE,SCANNER,0,,6372b3b9,NORMAL,0.0
2026-04-29T06:26:00.897402,16.58.x.x,09ea7c1bce3720fb,59604,0,NON_MAVLINK_PROBE,SCANNER,0,,6ff396fc,NORMAL,0.0
2026-04-29T06:28:44.311269,16.58.x.x,09ea7c1bce3720fb,47460,0,NON_MAVLINK_PROBE,SCANNER,0,,c74becf7,NORMAL,0.0
2026-04-29T06:31:19.277157,16.58.x.x,09ea7c1bce3720fb,40264,0,NON_MAVLINK_PROBE,SCANNER,0,,4857242f,NORMAL,0.0
2026-04-29T06:34:00.887462,16.58.x.x,09ea7c1bce3720fb,40630,0,NON_MAVLINK_PROBE,SCANNER,0,,3926d59c,NORMAL,0.0
2026-04-29T07:09:11.488238,90.151.x.x,0d11f4acfa5df721,14601,0,NON_MAVLINK_PROBE,SCANNER,0,,18c71bab,NORMAL,0.0
2026-04-29T07:09:16.599136,90.151.x.x,0d11f4acfa5df721,17643,0,NON_MAVLINK_PROBE,SCANNER,0,,77d727cf,NORMAL,0.0
2026-04-29T07:09:26.353601,90.151.x.x,0d11f4acfa5df721,31835,0,NON_MAVLINK_PROBE,SCANNER,0,,52d63b67,NORMAL,0.0
2026-04-29T07:09:26.840566,90.151.x.x,0d11f4acfa5df721,8177,0,NON_MAVLINK_PROBE,SCANNER,0,,907ef19c,NORMAL,0.0
2026-04-29T07:22:55.137763,80.94.x.x,5124050f5a3f8ea6,64196,0,NON_MAVLINK_PROBE,SCANNER,0,,544801ac,NORMAL,0.0
2026-04-29T07:41:28.898669,74.235.x.x,e14cbe2724558c73,34600,0,NON_MAVLINK_PROBE,SCANNER,0,,11464fb4,NORMAL,0.0
2026-04-29T07:41:29.342062,74.235.x.x,e14cbe2724558c73,60812,0,NON_MAVLINK_PROBE,SCANNER,0,,09faff92,NORMAL,0.0
2026-04-29T07:55:30.643909,18.144.x.x,b5cee6ac85e7a0a0,53116,0,NON_MAVLINK_PROBE,SCANNER,0,,90ad0e9d,NORMAL,0.0
2026-04-29T07:59:42.143667,47.88.x.x,686ad7ab9f923f50,37644,0,NON_MAVLINK_PROBE,SCANNER,0,,2d369a9b,NORMAL,0.0
2026-04-29T07:59:55.325892,47.88.x.x,686ad7ab9f923f50,53588,0,NON_MAVLINK_PROBE,SCANNER,0,,25fe1520,NORMAL,0.0
2026-04-29T08:00:08.604612,47.88.x.x,686ad7ab9f923f50,40544,0,NON_MAVLINK_PROBE,SCANNER,0,,be963843,NORMAL,0.0
2026-04-29T08:00:21.795389,47.88.x.x,686ad7ab9f923f50,28618,0,NON_MAVLINK_PROBE,SCANNER,0,,94ff20f3,NORMAL,0.0
2026-04-29T09:45:16.664765,39.96.x.x,77a81b86c3ee771e,48638,0,NON_MAVLINK_PROBE,SCANNER,0,,c7bc46be,NORMAL,0.0
2026-04-29T09:45:42.555478,39.96.x.x,77a81b86c3ee771e,47330,0,NON_MAVLINK_PROBE,SCANNER,0,,488de1d5,NORMAL,0.0
2026-04-29T10:04:21.193947,91.196.x.x,cb67e009bcb66f6f,54999,0,NON_MAVLINK_PROBE,SCANNER,0,,a9ec4d95,NORMAL,0.0
2026-04-29T10:04:24.352741,91.196.x.x,cb67e009bcb66f6f,50987,0,NON_MAVLINK_PROBE,SCANNER,0,,94352a3a,NORMAL,0.0
2026-04-29T10:16:50.279931,176.65.x.x,f3ea178df3529122,35616,0,NON_MAVLINK_PROBE,SCANNER,0,,6fa4013b,NORMAL,0.0
2026-04-29T10:34:23.791716,66.132.x.x,5ce8f1cff1359939,48520,0,NON_MAVLINK_PROBE,SCANNER,0,,2e9fb450,NORMAL,0.0
2026-04-29T10:34:28.087203,66.132.x.x,5ce8f1cff1359939,52424,4,UNKNOWN_4,UNKNOWN,3,d0956ce4965006003905,e6a4ce16,NORMAL,0.2
2026-04-29T10:34:41.947924,66.132.x.x,5ce8f1cff1359939,52448,0,NON_MAVLINK_PROBE,SCANNER,0,,66fb3b2c,NORMAL,0.0
2026-04-29T10:41:43.301586,40.124.x.x,6170f7919563306f,51588,0,NON_MAVLINK_PROBE,SCANNER,0,,d08ef046,NORMAL,0.0
2026-04-29T10:41:43.800990,40.124.x.x,6170f7919563306f,51604,0,NON_MAVLINK_PROBE,SCANNER,0,,e84ca9be,NORMAL,0.0
2026-04-29T11:02:04.027877,90.151.x.x,0d11f4acfa5df721,35267,0,NON_MAVLINK_PROBE,SCANNER,0,,90e665bb,NORMAL,0.0
2026-04-29T11:02:09.065332,90.151.x.x,0d11f4acfa5df721,40715,0,NON_MAVLINK_PROBE,SCANNER,0,,5837a077,NORMAL,0.0
2026-04-29T11:02:18.780397,90.151.x.x,0d11f4acfa5df721,51085,0,NON_MAVLINK_PROBE,SCANNER,0,,8079288d,NORMAL,0.0
2026-04-29T11:02:19.239718,90.151.x.x,0d11f4acfa5df721,17221,0,NON_MAVLINK_PROBE,SCANNER,0,,3b2898dd,NORMAL,0.0
2026-04-29T11:21:24.780891,66.132.x.x,4ebb30bb2715da0c,40334,0,NON_MAVLINK_PROBE,SCANNER,0,,8cd20623,NORMAL,0.0
2026-04-29T11:21:28.176519,66.132.x.x,4ebb30bb2715da0c,28928,4,UNKNOWN_4,UNKNOWN,3,c58a828c975006003905,d28c25ca,NORMAL,0.2
2026-04-29T11:21:41.519681,66.132.x.x,4ebb30bb2715da0c,28942,0,NON_MAVLINK_PROBE,SCANNER,0,,237fb78b,NORMAL,0.0
2026-04-29T11:42:18.625911,87.121.x.x,4c23187a04740841,38840,0,NON_MAVLINK_PROBE,SCANNER,0,,e9621283,NORMAL,0.0
2026-04-29T12:03:21.010528,45.156.x.x,0b988c7117e5aefa,39598,0,NON_MAVLINK_PROBE,SCANNER,0,,8292953f,NORMAL,0.0
2026-04-29T12:03:28.990529,45.156.x.x,33186101f6a341de,33368,0,NON_MAVLINK_PROBE,SCANNER,0,,71dcd1e6,NORMAL,0.0
2026-04-29T13:01:51.791457,176.65.x.x,8ecb668eed5ac938,44766,0,NON_MAVLINK_PROBE,SCANNER,0,,67b3d5c9,NORMAL,0.0
2026-04-29T13:37:38.085251,65.49.x.x,bbb8c8d4d4b2ea2a,9694,0,NON_MAVLINK_PROBE,SCANNER,0,,a8d8e6e7,NORMAL,0.0
2026-04-29T14:05:29.428604,20.82.x.x,e5522fb3582f7269,37536,0,NON_MAVLINK_PROBE,SCANNER,0,,9e570a30,NORMAL,0.0
2026-04-29T14:25:30.909183,120.28.x.x,2738f953a2235e95,47662,0,NON_MAVLINK_PROBE,SCANNER,0,,2e9d75ab,NORMAL,0.0
2026-04-29T14:57:36.987817,90.151.x.x,0d11f4acfa5df721,6269,0,NON_MAVLINK_PROBE,SCANNER,0,,997773c4,NORMAL,0.0
2026-04-29T14:57:42.048958,90.151.x.x,0d11f4acfa5df721,39815,0,NON_MAVLINK_PROBE,SCANNER,0,,8866cb9e,NORMAL,0.0
2026-04-29T14:57:51.739981,90.151.x.x,0d11f4acfa5df721,56921,0,NON_MAVLINK_PROBE,SCANNER,0,,abbfbd19,NORMAL,0.0
2026-04-29T14:57:52.243336,90.151.x.x,0d11f4acfa5df721,51915,0,NON_MAVLINK_PROBE,SCANNER,0,,20de97c6,NORMAL,0.0
2026-04-29T15:36:03.948094,176.65.x.x,8ecb668eed5ac938,33784,0,NON_MAVLINK_PROBE,SCANNER,0,,1950b6cd,NORMAL,0.0
2026-04-29T17:09:46.998807,147.182.x.x,02f3f09d862bd512,53154,0,NON_MAVLINK_PROBE,SCANNER,0,,73164192,NORMAL,0.0
2026-04-29T17:09:47.991285,147.182.x.x,02f3f09d862bd512,53164,0,NON_MAVLINK_PROBE,SCANNER,0,,c98ce1ea,NORMAL,0.0
2026-04-29T17:09:48.986629,147.182.x.x,02f3f09d862bd512,37626,0,NON_MAVLINK_PROBE,SCANNER,0,,7c15f1a3,NORMAL,0.0
2026-04-29T17:09:49.963920,147.182.x.x,02f3f09d862bd512,37630,0,NON_MAVLINK_PROBE,SCANNER,0,,7d69111b,NORMAL,0.0
2026-04-29T17:09:50.960151,147.182.x.x,02f3f09d862bd512,37640,0,NON_MAVLINK_PROBE,SCANNER,0,,a328dbb8,NORMAL,0.0
2026-04-29T17:09:51.975986,147.182.x.x,02f3f09d862bd512,37656,0,NON_MAVLINK_PROBE,SCANNER,0,,d5c1f247,NORMAL,0.0
2026-04-29T17:09:53.017167,147.182.x.x,02f3f09d862bd512,37664,0,NON_MAVLINK_PROBE,SCANNER,0,,13300e13,NORMAL,0.0
2026-04-29T17:09:54.001462,147.182.x.x,02f3f09d862bd512,37668,0,NON_MAVLINK_PROBE,SCANNER,0,,9a2289fc,NORMAL,0.0
2026-04-29T17:59:44.770501,159.223.x.x,e5b05e4f80d14adf,51826,0,NON_MAVLINK_PROBE,SCANNER,0,,fea9d8a2,NORMAL,0.0
2026-04-29T18:06:28.552741,167.71.x.x,047f0ee71595b4b8,43120,0,NON_MAVLINK_PROBE,SCANNER,0,,a75da1ac,NORMAL,0.0
2026-04-29T18:17:13.281318,5.61.x.x,7202821ba1a8b28a,57516,0,NON_MAVLINK_PROBE,SCANNER,0,,f81ce91e,NORMAL,0.0
2026-04-29T18:25:35.599296,87.121.x.x,4c23187a04740841,49846,0,NON_MAVLINK_PROBE,SCANNER,0,,59056931,NORMAL,0.0
2026-04-29T18:46:10.958521,90.151.x.x,0d11f4acfa5df721,57805,0,NON_MAVLINK_PROBE,SCANNER,0,,729bf7a9,NORMAL,0.0
2026-04-29T18:46:15.976655,90.151.x.x,0d11f4acfa5df721,30341,0,NON_MAVLINK_PROBE,SCANNER,0,,8a077b84,NORMAL,0.0
2026-04-29T18:46:25.737222,90.151.x.x,0d11f4acfa5df721,38149,0,NON_MAVLINK_PROBE,SCANNER,0,,91291d3a,NORMAL,0.0
2026-04-29T18:46:26.329266,90.151.x.x,0d11f4acfa5df721,43649,0,NON_MAVLINK_PROBE,SCANNER,0,,2947ed5a,NORMAL,0.0
2026-04-29T18:54:04.494883,104.243.x.x,c3e683c024b61396,46920,0,NON_MAVLINK_PROBE,SCANNER,0,,ead8249b,NORMAL,0.0
2026-04-29T18:54:04.972911,104.243.x.x,c3e683c024b61396,46924,0,NON_MAVLINK_PROBE,SCANNER,0,,442f12b1,NORMAL,0.0
2026-04-29T19:03:34.528843,147.185.x.x,c5e367c423ab9f1a,64142,0,NON_MAVLINK_PROBE,SCANNER,0,,1739d0f1,NORMAL,0.0
2026-04-29T19:03:34.536310,147.185.x.x,c5e367c423ab9f1a,64128,0,NON_MAVLINK_PROBE,SCANNER,0,,cca8d6e2,NORMAL,0.0
2026-04-29T19:04:12.929312,68.183.x.x,5d40ae1bdaadc770,49488,0,NON_MAVLINK_PROBE,SCANNER,0,,a0a2dd57,NORMAL,0.0
2026-04-29T19:04:56.248189,176.32.x.x,d4804bb77e81c2b4,60021,0,NON_MAVLINK_PROBE,SCANNER,0,,7edc0a3c,NORMAL,0.0
2026-04-29T19:11:15.932861,176.65.x.x,9880f1c3a55845dd,42350,0,NON_MAVLINK_PROBE,SCANNER,0,,f1fd783c,NORMAL,0.0
2026-04-29T19:11:51.549641,165.154.x.x,b334f6280f9a4000,47186,0,NON_MAVLINK_PROBE,SCANNER,0,,3a30dddb,NORMAL,0.0
2026-04-29T19:12:09.761582,165.154.x.x,b334f6280f9a4000,47202,0,NON_MAVLINK_PROBE,SCANNER,0,,921b619e,NORMAL,0.0
2026-04-29T19:12:27.976974,165.154.x.x,b334f6280f9a4000,52758,0,NON_MAVLINK_PROBE,SCANNER,0,,46a6881e,NORMAL,0.0
2026-04-29T19:12:46.219969,165.154.x.x,b334f6280f9a4000,55136,0,NON_MAVLINK_PROBE,SCANNER,0,,a398abc1,NORMAL,0.0
2026-04-29T19:13:04.405693,165.154.x.x,b334f6280f9a4000,36880,0,NON_MAVLINK_PROBE,SCANNER,0,,17d49280,NORMAL,0.0
2026-04-29T19:13:22.739351,165.154.x.x,b334f6280f9a4000,38438,0,NON_MAVLINK_PROBE,SCANNER,0,,4bac636d,NORMAL,0.0
2026-04-29T19:13:40.909498,165.154.x.x,b334f6280f9a4000,46590,0,NON_MAVLINK_PROBE,SCANNER,0,,4a135313,NORMAL,0.0
2026-04-29T19:13:59.137506,165.154.x.x,b334f6280f9a4000,35042,0,NON_MAVLINK_PROBE,SCANNER,0,,49d99b0e,NORMAL,0.0
2026-04-29T19:14:17.403326,165.154.x.x,b334f6280f9a4000,39358,0,NON_MAVLINK_PROBE,SCANNER,0,,2b9993d1,NORMAL,0.0
2026-04-29T19:14:35.565177,165.154.x.x,b334f6280f9a4000,44080,0,NON_MAVLINK_PROBE,SCANNER,0,,b0993bf9,NORMAL,0.0
2026-04-29T19:56:04.222379,95.80.x.x,82ba168f259a006d,56906,0,NON_MAVLINK_PROBE,SCANNER,0,,47799a40,NORMAL,0.0
2026-04-29T19:56:04.262099,95.80.x.x,82ba168f259a006d,57956,0,NON_MAVLINK_PROBE,SCANNER,0,,07dbbd05,NORMAL,0.0
2026-04-29T19:56:14.563613,95.80.x.x,82ba168f259a006d,59427,0,NON_MAVLINK_PROBE,SCANNER,0,,a09c9e4b,NORMAL,0.0
2026-04-29T19:56:14.897060,95.80.x.x,82ba168f259a006d,59774,0,NON_MAVLINK_PROBE,SCANNER,0,,2e9b9b7d,NORMAL,0.0
2026-04-29T20:22:15.138569,87.121.x.x,4c23187a04740841,53272,0,NON_MAVLINK_PROBE,SCANNER,0,,bfe3299e,NORMAL,0.0
2026-04-29T20:38:30.716809,20.15.x.x,9df67fcec5aa3413,60124,0,NON_MAVLINK_PROBE,SCANNER,0,,8550ee7e,NORMAL,0.0
2026-04-29T21:03:59.516889,176.65.x.x,b13267e16fec16a6,36446,0,NON_MAVLINK_PROBE,SCANNER,0,,bbb87c14,NORMAL,0.0
2026-04-29T21:08:40.929630,20.65.x.x,83a416f2c1fa187a,55270,0,NON_MAVLINK_PROBE,SCANNER,0,,ce88ba97,NORMAL,0.0
2026-04-29T21:14:24.400094,198.235.x.x,a4b9513a194ce0a2,59046,0,NON_MAVLINK_PROBE,SCANNER,0,,faa86465,NORMAL,0.0
2026-04-29T21:21:09.485240,198.235.x.x,c876f6fcb7a3642b,55424,0,NON_MAVLINK_PROBE,SCANNER,0,,55323252,NORMAL,0.0
2026-04-29T22:15:23.022631,79.124.x.x,a3dc2bc09007bf5d,41890,0,NON_MAVLINK_PROBE,SCANNER,0,,c3bd2b21,NORMAL,0.0
2026-04-29T22:31:30.763589,205.237.x.x,ecdd728c84c467d7,5146,0,NON_MAVLINK_PROBE,SCANNER,0,,a9627114,NORMAL,0.0
2026-04-29T22:47:12.690712,90.151.x.x,0d11f4acfa5df721,36389,0,NON_MAVLINK_PROBE,SCANNER,0,,27820411,NORMAL,0.0
2026-04-29T22:47:17.827536,90.151.x.x,0d11f4acfa5df721,48739,0,NON_MAVLINK_PROBE,SCANNER,0,,c2f28c83,NORMAL,0.0
2026-04-29T22:47:27.504214,90.151.x.x,0d11f4acfa5df721,29119,0,NON_MAVLINK_PROBE,SCANNER,0,,aa77fd4e,NORMAL,0.0
2026-04-29T22:47:27.995440,90.151.x.x,0d11f4acfa5df721,42529,0,NON_MAVLINK_PROBE,SCANNER,0,,a2ec02aa,NORMAL,0.0
2026-04-29T22:47:39.592703,79.124.x.x,a3dc2bc09007bf5d,36874,0,NON_MAVLINK_PROBE,SCANNER,0,,892572d7,NORMAL,0.0
2026-04-29T22:53:16.941005,195.178.x.x,4393ae9e88d5b51e,36632,0,NON_MAVLINK_PROBE,SCANNER,0,,8f7c3cb8,NORMAL,0.0
2026-04-29T23:00:37.588715,176.65.x.x,5a756abfcab67230,53484,0,NON_MAVLINK_PROBE,SCANNER,0,,6edfd264,NORMAL,0.0
2026-04-29T23:00:40.501605,45.91.x.x,82929336d554cace,60021,0,NON_MAVLINK_PROBE,SCANNER,0,,aa749ecd,NORMAL,0.0
2026-04-29T23:04:10.065171,104.243.x.x,212dc4155270a325,39168,0,NON_MAVLINK_PROBE,SCANNER,0,,2449fed4,NORMAL,0.0
2026-04-29T23:04:10.583500,104.243.x.x,212dc4155270a325,39184,0,NON_MAVLINK_PROBE,SCANNER,0,,86f5cc84,NORMAL,0.0
2026-04-29T23:07:45.284598,104.8.x.x,b07e10e15902e262,33374,0,NON_MAVLINK_PROBE,SCANNER,0,,ae665b45,NORMAL,0.0
2026-04-30T00:00:32.278904,13.220.x.x,c65e14493a1900c4,57812,0,NON_MAVLINK_PROBE,SCANNER,0,,437887b5,NORMAL,0.0
2026-04-30T00:27:17.991515,160.119.x.x,a2681a6b9783168e,60776,0,NON_MAVLINK_PROBE,SCANNER,0,,908ac51b,NORMAL,0.0
2026-04-30T00:27:18.373368,160.119.x.x,a2681a6b9783168e,60788,0,NON_MAVLINK_PROBE,SCANNER,0,,08820b93,NORMAL,0.0
2026-04-30T00:31:06.722244,160.119.x.x,a2681a6b9783168e,43952,0,NON_MAVLINK_PROBE,SCANNER,0,,a307a85f,NORMAL,0.0
2026-04-30T01:23:10.119123,176.65.x.x,e7884f4887563b62,54280,0,NON_MAVLINK_PROBE,SCANNER,0,,17ed3257,NORMAL,0.0
2026-04-30T01:23:20.279163,176.65.x.x,e7884f4887563b62,17778,0,NON_MAVLINK_PROBE,SCANNER,0,,c11b51ee,NORMAL,0.0
2026-04-30T02:40:06.961413,90.151.x.x,0d11f4acfa5df721,36125,0,NON_MAVLINK_PROBE,SCANNER,0,,826e591a,NORMAL,0.0
2026-04-30T02:40:07.205368,90.151.x.x,0d11f4acfa5df721,62677,0,NON_MAVLINK_PROBE,SCANNER,0,,eb637b76,NORMAL,0.0
2026-04-30T02:40:12.301382,90.151.x.x,0d11f4acfa5df721,28173,0,NON_MAVLINK_PROBE,SCANNER,0,,4b3ca401,NORMAL,0.0
2026-04-30T02:40:16.649957,90.151.x.x,0d11f4acfa5df721,28573,0,NON_MAVLINK_PROBE,SCANNER,0,,32df2003,NORMAL,0.0
2026-04-30T03:06:21.501359,138.197.x.x,6b16b2d65867d162,49278,0,NON_MAVLINK_PROBE,SCANNER,0,,5639648c,NORMAL,0.0
2026-04-30T03:06:24.707352,138.197.x.x,6b16b2d65867d162,49282,0,NON_MAVLINK_PROBE,SCANNER,0,,580ad98d,NORMAL,0.0
2026-04-30T03:10:25.670194,87.121.x.x,4c23187a04740841,42858,0,NON_MAVLINK_PROBE,SCANNER,0,,153bb730,NORMAL,0.0
2026-04-30T04:19:43.607111,170.130.x.x,2b63ed170a09c554,56100,0,NON_MAVLINK_PROBE,SCANNER,0,,a359e8e1,NORMAL,0.0
2026-04-30T04:20:26.720050,170.130.x.x,2b63ed170a09c554,63982,0,NON_MAVLINK_PROBE,SCANNER,0,,f0ad485e,NORMAL,0.0
2026-04-30T05:04:33.872627,172.93.x.x,e5e70e0cdeab9d32,58518,0,NON_MAVLINK_PROBE,SCANNER,0,,617c8c45,NORMAL,0.0
2026-04-30T05:04:34.417304,172.93.x.x,e5e70e0cdeab9d32,58532,0,NON_MAVLINK_PROBE,SCANNER,0,,7a9a8eb5,NORMAL,0.0
2026-04-30T06:54:34.856302,3.130.x.x,df7aa93c9c5b5b54,51858,0,NON_MAVLINK_PROBE,SCANNER,0,,cc08dc59,NORMAL,0.0
2026-04-30T06:55:07.414610,90.151.x.x,0d11f4acfa5df721,27961,0,NON_MAVLINK_PROBE,SCANNER,0,,48d4f0e5,NORMAL,0.0
2026-04-30T06:55:12.412339,90.151.x.x,0d11f4acfa5df721,57487,0,NON_MAVLINK_PROBE,SCANNER,0,,771a8dcc,NORMAL,0.0
2026-04-30T06:55:22.162421,90.151.x.x,0d11f4acfa5df721,26125,0,NON_MAVLINK_PROBE,SCANNER,0,,a31ebefe,NORMAL,0.0
2026-04-30T06:55:22.759120,90.151.x.x,0d11f4acfa5df721,65045,0,NON_MAVLINK_PROBE,SCANNER,0,,70ee36cd,NORMAL,0.0
2026-04-30T06:55:40.252132,3.130.x.x,df7aa93c9c5b5b54,55892,0,NON_MAVLINK_PROBE,SCANNER,0,,4438b7a9,NORMAL,0.0
2026-04-30T07:27:03.983709,18.218.x.x,a1cedf5443bfca11,43204,0,NON_MAVLINK_PROBE,SCANNER,0,,57bc9d90,NORMAL,0.0
2026-04-30T07:28:06.815963,18.218.x.x,a1cedf5443bfca11,53308,0,NON_MAVLINK_PROBE,SCANNER,0,,568ca20c,NORMAL,0.0
2026-04-30T07:29:12.849983,18.218.x.x,a1cedf5443bfca11,52788,0,NON_MAVLINK_PROBE,SCANNER,0,,df324b22,NORMAL,0.0
2026-04-30T07:31:09.103542,18.218.x.x,a1cedf5443bfca11,44326,0,NON_MAVLINK_PROBE,SCANNER,0,,a88a1130,NORMAL,0.0
2026-04-30T07:32:49.654800,18.218.x.x,a1cedf5443bfca11,38412,0,NON_MAVLINK_PROBE,SCANNER,0,,037567bf,NORMAL,0.0
2026-04-30T07:42:44.104219,80.66.x.x,e2beb78c1934d766,64458,0,NON_MAVLINK_PROBE,SCANNER,0,,a1f38d8c,NORMAL,0.0
2026-04-30T07:49:47.894501,216.218.x.x,d28fb6cce92bc7cb,62544,0,NON_MAVLINK_PROBE,SCANNER,0,,18be991b,NORMAL,0.0
2026-04-30T08:13:04.613696,64.62.x.x,659076dee189b81a,21434,0,NON_MAVLINK_PROBE,SCANNER,0,,f5b0f345,NORMAL,0.0
2026-04-30T09:05:41.165113,167.71.x.x,047f0ee71595b4b8,43296,0,NON_MAVLINK_PROBE,SCANNER,0,,b3b6636e,NORMAL,0.0
2026-04-30T10:37:31.935827,20.64.x.x,31c2ff8d6da7f220,48406,0,NON_MAVLINK_PROBE,SCANNER,0,,b7a57551,NORMAL,0.0
2026-04-30T10:37:32.489082,20.64.x.x,31c2ff8d6da7f220,40424,0,NON_MAVLINK_PROBE,SCANNER,0,,eef35144,NORMAL,0.0
2026-04-30T10:56:06.387645,87.121.x.x,4c23187a04740841,48504,0,NON_MAVLINK_PROBE,SCANNER,0,,ac51dc8f,NORMAL,0.0
2026-04-30T10:58:11.320704,176.65.x.x,1d4d0ccbdfc1a4b5,46210,0,NON_MAVLINK_PROBE,SCANNER,0,,f103ac62,NORMAL,0.0
2026-04-30T10:59:12.684870,90.151.x.x,0d11f4acfa5df721,14345,0,NON_MAVLINK_PROBE,SCANNER,0,,164d1f13,NORMAL,0.0
2026-04-30T10:59:17.734087,90.151.x.x,0d11f4acfa5df721,3997,0,NON_MAVLINK_PROBE,SCANNER,0,,a3fa2555,NORMAL,0.0
2026-04-30T10:59:27.412244,90.151.x.x,0d11f4acfa5df721,51667,0,NON_MAVLINK_PROBE,SCANNER,0,,7907b5f3,NORMAL,0.0
2026-04-30T10:59:27.896492,90.151.x.x,0d11f4acfa5df721,51641,0,NON_MAVLINK_PROBE,SCANNER,0,,32f22fbf,NORMAL,0.0
2026-04-30T11:08:20.840690,5.61.x.x,7202821ba1a8b28a,18790,0,NON_MAVLINK_PROBE,SCANNER,0,,71d1c8e6,NORMAL,0.0
2026-04-30T11:19:14.600500,74.235.x.x,a0ee3931d9be8a02,52824,0,NON_MAVLINK_PROBE,SCANNER,0,,9e1543c6,NORMAL,0.0
2026-04-30T11:38:19.771245,66.132.x.x,88e811a840b0714d,46500,0,NON_MAVLINK_PROBE,SCANNER,0,,6a714b33,NORMAL,0.0
2026-04-30T11:38:21.898269,66.132.x.x,88e811a840b0714d,46516,0,NON_MAVLINK_PROBE,SCANNER,0,,c2c1d94d,NORMAL,0.0
2026-04-30T11:38:24.024391,66.132.x.x,88e811a840b0714d,51660,0,NON_MAVLINK_PROBE,SCANNER,0,,085451ce,NORMAL,0.0
2026-04-30T11:38:29.142095,66.132.x.x,88e811a840b0714d,51674,0,NON_MAVLINK_PROBE,SCANNER,0,,011d342a,NORMAL,0.0
2026-04-30T11:38:30.146789,66.132.x.x,88e811a840b0714d,51688,0,NON_MAVLINK_PROBE,SCANNER,0,,510a3698,NORMAL,0.0
2026-04-30T11:39:34.574337,66.132.x.x,1cf99c792000d359,38598,0,NON_MAVLINK_PROBE,SCANNER,0,,9c8a7417,NORMAL,0.0
2026-04-30T11:39:45.486904,66.132.x.x,1cf99c792000d359,49282,4,UNKNOWN_4,UNKNOWN,3,51d1c0ebab5006003905,8910447e,NORMAL,0.2
2026-04-30T11:40:01.431916,66.132.x.x,1cf99c792000d359,47262,0,NON_MAVLINK_PROBE,SCANNER,0,,676a90fd,NORMAL,0.0
2026-04-30T11:40:28.871404,66.132.x.x,cd102518b4ee7880,23238,0,NON_MAVLINK_PROBE,SCANNER,0,,4ab08c3f,NORMAL,0.0
2026-04-30T11:40:32.921091,66.132.x.x,cd102518b4ee7880,23250,0,NON_MAVLINK_PROBE,SCANNER,0,,9d3b481d,NORMAL,0.0
2026-04-30T11:40:36.201712,66.132.x.x,cd102518b4ee7880,23254,0,NON_MAVLINK_PROBE,SCANNER,0,,5c43d197,NORMAL,0.0
2026-04-30T11:40:41.680467,66.132.x.x,cd102518b4ee7880,20462,0,NON_MAVLINK_PROBE,SCANNER,0,,8438ab3b,NORMAL,0.0
2026-04-30T11:40:42.717178,66.132.x.x,cd102518b4ee7880,20464,0,NON_MAVLINK_PROBE,SCANNER,0,,78d0fb8d,NORMAL,0.0
2026-04-30T11:40:46.361893,66.132.x.x,b42fadf91dd4ce9f,17184,0,NON_MAVLINK_PROBE,SCANNER,0,,e8008e59,NORMAL,0.0
2026-04-30T11:40:57.905360,66.132.x.x,b42fadf91dd4ce9f,11240,4,UNKNOWN_4,UNKNOWN,3,0b6b12f0ab5006003905,fc97057a,NORMAL,0.2
2026-04-30T11:41:00.068923,66.132.x.x,4ebb30bb2715da0c,59982,0,NON_MAVLINK_PROBE,SCANNER,0,,d6072c7d,NORMAL,0.0
2026-04-30T11:41:01.436224,66.132.x.x,4ebb30bb2715da0c,59992,0,NON_MAVLINK_PROBE,SCANNER,0,,0bc041cd,NORMAL,0.0
2026-04-30T11:41:03.102845,66.132.x.x,4ebb30bb2715da0c,60004,0,NON_MAVLINK_PROBE,SCANNER,0,,e322d042,NORMAL,0.0
2026-04-30T11:41:15.030221,66.132.x.x,b42fadf91dd4ce9f,41338,0,NON_MAVLINK_PROBE,SCANNER,0,,44232ede,NORMAL,0.0
2026-04-30T11:42:24.009327,66.132.x.x,358e9271d7bbde00,35170,0,NON_MAVLINK_PROBE,SCANNER,0,,ff1b271b,NORMAL,0.0
2026-04-30T11:42:33.039476,66.132.x.x,358e9271d7bbde00,16328,4,UNKNOWN_4,UNKNOWN,3,d220bdf5ab5006003905,d3e9aa1f,NORMAL,0.2
2026-04-30T11:42:42.861477,66.132.x.x,4ebb30bb2715da0c,63138,0,NON_MAVLINK_PROBE,SCANNER,0,,be5b5585,NORMAL,0.0
2026-04-30T11:42:43.498518,66.132.x.x,4ebb30bb2715da0c,63150,0,NON_MAVLINK_PROBE,SCANNER,0,,c04a29c5,NORMAL,0.0
2026-04-30T11:42:48.183263,66.132.x.x,358e9271d7bbde00,44066,0,NON_MAVLINK_PROBE,SCANNER,0,,175c23bf,NORMAL,0.0
2026-04-30T11:49:11.570610,87.121.x.x,4c23187a04740841,57618,0,NON_MAVLINK_PROBE,SCANNER,0,,a682b26a,NORMAL,0.0
2026-04-30T12:44:26.872773,159.223.x.x,e5b05e4f80d14adf,54204,0,NON_MAVLINK_PROBE,SCANNER,0,,132a46f2,NORMAL,0.0
2026-04-30T14:28:05.343442,128.199.x.x,927c5eb61881b32b,57490,0,NON_MAVLINK_PROBE,SCANNER,0,,9220e1be,NORMAL,0.0
2026-04-30T14:29:05.672470,128.199.x.x,927c5eb61881b32b,57492,0,NON_MAVLINK_PROBE,SCANNER,0,,4c78759d,NORMAL,0.0
2026-04-30T15:13:38.705308,90.151.x.x,0d11f4acfa5df721,14775,0,NON_MAVLINK_PROBE,SCANNER,0,,beddc986,NORMAL,0.0
2026-04-30T15:13:43.749039,90.151.x.x,0d11f4acfa5df721,34033,0,NON_MAVLINK_PROBE,SCANNER,0,,47f8eb07,NORMAL,0.0
2026-04-30T15:13:53.443463,90.151.x.x,0d11f4acfa5df721,27173,0,NON_MAVLINK_PROBE,SCANNER,0,,e54769f6,NORMAL,0.0
2026-04-30T15:13:53.919220,90.151.x.x,0d11f4acfa5df721,29285,0,NON_MAVLINK_PROBE,SCANNER,0,,93c35126,NORMAL,0.0
2026-04-30T15:19:44.606252,87.121.x.x,13a53ff7924e1628,50060,0,NON_MAVLINK_PROBE,SCANNER,0,,57a70930,NORMAL,0.0
2026-04-30T15:24:28.512288,64.62.x.x,c77ae9aaa717c47b,26180,0,NON_MAVLINK_PROBE,SCANNER,0,,175f2480,NORMAL,0.0
2026-04-30T15:34:56.243722,85.11.x.x,8272bd694ba91b29,57562,0,NON_MAVLINK_PROBE,SCANNER,0,,761e343d,NORMAL,0.0
2026-04-30T15:34:56.579988,85.11.x.x,8272bd694ba91b29,57564,0,NON_MAVLINK_PROBE,SCANNER,0,,7ecf0932,NORMAL,0.0
2026-04-30T16:36:23.594192,104.243.x.x,bf3d93dc8c963049,34494,0,NON_MAVLINK_PROBE,SCANNER,0,,f4d6cf45,NORMAL,0.0
2026-04-30T16:36:24.049402,104.243.x.x,bf3d93dc8c963049,34510,0,NON_MAVLINK_PROBE,SCANNER,0,,9fa337e9,NORMAL,0.0
2026-04-30T17:33:08.869091,176.65.x.x,005fc190cb64f6b9,44590,0,NON_MAVLINK_PROBE,SCANNER,0,,153542d6,NORMAL,0.0
2026-04-30T17:36:08.463218,193.32.x.x,a720cf634f6e648b,36676,0,NON_MAVLINK_PROBE,SCANNER,0,,c94cf88e,NORMAL,0.0
2026-04-30T17:36:20.996679,193.32.x.x,a720cf634f6e648b,36744,0,NON_MAVLINK_PROBE,SCANNER,0,,35c8dd9a,NORMAL,0.0
2026-04-30T17:36:33.470302,193.32.x.x,a720cf634f6e648b,37808,0,NON_MAVLINK_PROBE,SCANNER,0,,59432fe9,NORMAL,0.0
2026-04-30T17:36:45.713947,193.32.x.x,a720cf634f6e648b,38612,0,NON_MAVLINK_PROBE,SCANNER,0,,85c7ebf6,NORMAL,0.0
2026-04-30T17:36:58.051665,193.32.x.x,a720cf634f6e648b,39420,0,NON_MAVLINK_PROBE,SCANNER,0,,0c10d0be,NORMAL,0.0
2026-04-30T17:37:10.427320,193.32.x.x,a720cf634f6e648b,40306,0,NON_MAVLINK_PROBE,SCANNER,0,,08942240,NORMAL,0.0
2026-04-30T17:37:22.967451,193.32.x.x,a720cf634f6e648b,40994,0,NON_MAVLINK_PROBE,SCANNER,0,,d0c4e9ce,NORMAL,0.0
2026-04-30T18:19:02.885443,128.14.x.x,f53a04b695963c31,48696,0,NON_MAVLINK_PROBE,SCANNER,0,,c699970c,NORMAL,0.0
2026-04-30T18:19:21.137461,128.14.x.x,f53a04b695963c31,48712,0,NON_MAVLINK_PROBE,SCANNER,0,,2d3ff3bb,NORMAL,0.0
2026-04-30T18:19:39.404738,128.14.x.x,f53a04b695963c31,38212,0,NON_MAVLINK_PROBE,SCANNER,0,,3031943e,NORMAL,0.0
2026-04-30T18:19:57.613042,128.14.x.x,f53a04b695963c31,48374,0,NON_MAVLINK_PROBE,SCANNER,0,,dcc0065a,NORMAL,0.0
2026-04-30T18:20:15.860591,128.14.x.x,f53a04b695963c31,41886,0,NON_MAVLINK_PROBE,SCANNER,0,,a5530560,NORMAL,0.0
2026-04-30T18:20:26.393224,139.180.x.x,59cff8f7d7da944c,35230,0,NON_MAVLINK_PROBE,SCANNER,0,,d1e12f01,NORMAL,0.0
2026-04-30T18:20:34.225731,128.14.x.x,f53a04b695963c31,45068,0,NON_MAVLINK_PROBE,SCANNER,0,,da2492a8,NORMAL,0.0
2026-04-30T18:20:52.418784,128.14.x.x,f53a04b695963c31,33412,0,NON_MAVLINK_PROBE,SCANNER,0,,90b19350,NORMAL,0.0
2026-04-30T18:21:10.653692,128.14.x.x,f53a04b695963c31,48848,0,NON_MAVLINK_PROBE,SCANNER,0,,99054f98,NORMAL,0.0
2026-04-30T18:21:28.907462,128.14.x.x,f53a04b695963c31,35140,0,NON_MAVLINK_PROBE,SCANNER,0,,2146d624,NORMAL,0.0
2026-04-30T18:21:47.095863,128.14.x.x,f53a04b695963c31,49650,0,NON_MAVLINK_PROBE,SCANNER,0,,45b5cd14,NORMAL,0.0
2026-04-30T18:29:19.082212,110.39.x.x,9e1712c39db0e0b3,51412,0,NON_MAVLINK_PROBE,SCANNER,0,,0bf1c35d,NORMAL,0.0
2026-04-30T18:45:48.405198,95.80.x.x,82ba168f259a006d,49307,0,NON_MAVLINK_PROBE,SCANNER,0,,bad77aab,NORMAL,0.0
2026-04-30T18:45:48.416368,95.80.x.x,82ba168f259a006d,64794,0,NON_MAVLINK_PROBE,SCANNER,0,,7d011726,NORMAL,0.0
2026-04-30T18:45:58.711554,95.80.x.x,82ba168f259a006d,51008,0,NON_MAVLINK_PROBE,SCANNER,0,,803b0c10,NORMAL,0.0
2026-04-30T18:45:58.735791,95.80.x.x,82ba168f259a006d,49740,0,NON_MAVLINK_PROBE,SCANNER,0,,5a253830,NORMAL,0.0
2026-04-30T18:55:51.372786,47.237.x.x,a7e5c8ef7f12bb9f,58284,0,NON_MAVLINK_PROBE,SCANNER,0,,c5ea477c,NORMAL,0.0
2026-04-30T18:56:04.419853,47.237.x.x,a7e5c8ef7f12bb9f,21820,0,NON_MAVLINK_PROBE,SCANNER,0,,1aea37c4,NORMAL,0.0
2026-04-30T18:56:17.488958,47.237.x.x,a7e5c8ef7f12bb9f,44582,0,NON_MAVLINK_PROBE,SCANNER,0,,0b6df608,NORMAL,0.0
2026-04-30T18:56:30.515819,47.237.x.x,a7e5c8ef7f12bb9f,26886,0,NON_MAVLINK_PROBE,SCANNER,0,,12c2830f,NORMAL,0.0
2026-04-30T19:21:07.239202,90.151.x.x,0d11f4acfa5df721,46905,0,NON_MAVLINK_PROBE,SCANNER,0,,07f863bf,NORMAL,0.0
2026-04-30T19:21:12.335945,90.151.x.x,0d11f4acfa5df721,11337,0,NON_MAVLINK_PROBE,SCANNER,0,,91d54a4a,NORMAL,0.0
2026-04-30T19:21:22.005213,90.151.x.x,0d11f4acfa5df721,23831,0,NON_MAVLINK_PROBE,SCANNER,0,,5663479d,NORMAL,0.0
2026-04-30T19:21:22.531946,90.151.x.x,0d11f4acfa5df721,62629,0,NON_MAVLINK_PROBE,SCANNER,0,,2c281ae6,NORMAL,0.0
2026-04-30T19:22:44.710971,5.61.x.x,4daa61e0b2e4ba7f,44330,0,NON_MAVLINK_PROBE,SCANNER,0,,cb66464a,NORMAL,0.0
2026-04-30T19:37:59.343237,47.250.x.x,9267ab8d4f42fae7,41530,0,NON_MAVLINK_PROBE,SCANNER,0,,26298f13,NORMAL,0.0
2026-04-30T19:38:12.419642,47.250.x.x,9267ab8d4f42fae7,39984,0,NON_MAVLINK_PROBE,SCANNER,0,,a9c5e3ff,NORMAL,0.0
2026-04-30T19:38:25.458941,47.250.x.x,9267ab8d4f42fae7,35902,0,NON_MAVLINK_PROBE,SCANNER,0,,df122cb9,NORMAL,0.0
2026-04-30T19:38:38.533105,47.250.x.x,9267ab8d4f42fae7,19074,0,NON_MAVLINK_PROBE,SCANNER,0,,0df8b233,NORMAL,0.0
2026-04-30T20:19:26.625377,205.210.x.x,7529f7d4c9772ec4,59588,0,NON_MAVLINK_PROBE,SCANNER,0,,74eec933,NORMAL,0.0
2026-04-30T20:19:26.628075,205.210.x.x,7529f7d4c9772ec4,59574,0,NON_MAVLINK_PROBE,SCANNER,0,,801ae487,NORMAL,0.0
2026-04-30T20:30:28.917342,176.65.x.x,9880f1c3a55845dd,39476,0,NON_MAVLINK_PROBE,SCANNER,0,,f019696c,NORMAL,0.0
2026-04-30T20:33:48.269323,45.56.x.x,4a390567d04a7bd4,50893,0,NON_MAVLINK_PROBE,SCANNER,0,,1d9c1b97,NORMAL,0.0
2026-04-30T20:36:31.293977,64.89.x.x,444f37938c56acc4,45242,0,NON_MAVLINK_PROBE,SCANNER,0,,f585f4be,NORMAL,0.0
2026-04-30T21:34:34.603978,45.33.x.x,063b4070da572353,37543,0,NON_MAVLINK_PROBE,SCANNER,0,,59771036,NORMAL,0.0
2026-04-30T22:04:52.751279,176.65.x.x,9880f1c3a55845dd,60608,0,NON_MAVLINK_PROBE,SCANNER,0,,4ef589e0,NORMAL,0.0
2026-04-30T22:11:14.356516,51.83.x.x,169a091790ef8ebb,53630,0,NON_MAVLINK_PROBE,SCANNER,0,,cfce957b,NORMAL,0.0
2026-04-30T22:30:38.459515,176.65.x.x,3caaee43e61f0c4c,38500,0,NON_MAVLINK_PROBE,SCANNER,0,,3121c42d,NORMAL,0.0
2026-04-30T22:33:07.658546,45.79.x.x,d13d813592c10593,35570,0,NON_MAVLINK_PROBE,SCANNER,0,,b2f413a8,NORMAL,0.0
2026-04-30T23:06:35.920479,79.124.x.x,a3dc2bc09007bf5d,46520,0,NON_MAVLINK_PROBE,SCANNER,0,,bcfda2c3,NORMAL,0.0
2026-04-30T23:14:40.088219,66.228.x.x,ad4d26a4dedfb5a5,11882,0,NON_MAVLINK_PROBE,SCANNER,0,,92b56672,NORMAL,0.0
2026-04-30T23:14:40.657128,66.228.x.x,ad4d26a4dedfb5a5,8986,0,NON_MAVLINK_PROBE,SCANNER,0,,32dfc55d,NORMAL,0.0
2026-04-30T23:28:38.306897,176.65.x.x,3caaee43e61f0c4c,34546,0,NON_MAVLINK_PROBE,SCANNER,0,,95a7bcec,NORMAL,0.0
2026-04-30T23:34:38.702303,90.151.x.x,0d11f4acfa5df721,11367,0,NON_MAVLINK_PROBE,SCANNER,0,,dbc7b792,NORMAL,0.0
2026-04-30T23:34:38.703038,90.151.x.x,0d11f4acfa5df721,18341,0,NON_MAVLINK_PROBE,SCANNER,0,,60bf5dd5,NORMAL,0.0
2026-04-30T23:34:43.786443,90.151.x.x,0d11f4acfa5df721,44131,0,NON_MAVLINK_PROBE,SCANNER,0,,25452278,NORMAL,0.0
2026-04-30T23:34:48.406522,90.151.x.x,0d11f4acfa5df721,44993,0,NON_MAVLINK_PROBE,SCANNER,0,,34d6d7ab,NORMAL,0.0
2026-04-30T23:47:19.284519,79.124.x.x,a3dc2bc09007bf5d,50820,0,NON_MAVLINK_PROBE,SCANNER,0,,4c5e3d9f,NORMAL,0.0
2026-04-30T23:51:50.108571,48.216.x.x,973841994a152f08,45576,0,NON_MAVLINK_PROBE,SCANNER,0,,35f70d0b,NORMAL,0.0
2026-04-30T23:56:34.632925,52.203.x.x,c6018df6b1c11abe,29472,0,NON_MAVLINK_PROBE,SCANNER,0,,dccd3ac8,NORMAL,0.0
2026-05-01T00:16:13.745341,103.59.x.x,aa4b67141a8b26dd,35058,0,NON_MAVLINK_PROBE,SCANNER,0,,ea24d914,NORMAL,0.0
2026-05-01T01:09:10.796877,139.135.x.x,3a50fb5b88d1d491,18553,0,NON_MAVLINK_PROBE,SCANNER,0,,56b55816,NORMAL,0.0
2026-05-01T01:10:08.569261,124.198.x.x,4ee1d1c3a7d5aab9,31830,0,NON_MAVLINK_PROBE,SCANNER,0,,9735cd6a,NORMAL,0.0
2026-05-01T02:02:54.011027,147.185.x.x,d6cf38625f657d73,63692,0,NON_MAVLINK_PROBE,SCANNER,0,,2f6c8f81,NORMAL,0.0
2026-05-01T02:07:02.425744,198.235.x.x,cc0779e23d49501b,52372,0,NON_MAVLINK_PROBE,SCANNER,0,,469914e3,NORMAL,0.0
2026-05-01T02:25:40.772950,192.159.x.x,e4ae6c61552c0d1c,57816,0,NON_MAVLINK_PROBE,SCANNER,0,,d0feea1e,NORMAL,0.0
2026-05-01T02:48:45.598973,103.149.x.x,67d1609e80cb5bb5,59520,0,NON_MAVLINK_PROBE,SCANNER,0,,4ea450f1,NORMAL,0.0
2026-05-01T02:49:06.621956,176.65.x.x,005fc190cb64f6b9,53564,0,NON_MAVLINK_PROBE,SCANNER,0,,cd3de2ab,NORMAL,0.0
2026-05-01T02:58:34.923709,176.65.x.x,6c6d827a82cc6095,15252,0,NON_MAVLINK_PROBE,SCANNER,0,,2b35196f,NORMAL,0.0
2026-05-01T03:00:27.838623,219.153.x.x,b45b18cc1bef5427,49873,0,NON_MAVLINK_PROBE,SCANNER,0,,2373fcea,NORMAL,0.0
2026-05-01T03:42:32.008557,90.151.x.x,0d11f4acfa5df721,24041,0,NON_MAVLINK_PROBE,SCANNER,0,,6d879ce8,NORMAL,0.0
2026-05-01T03:42:37.011243,90.151.x.x,0d11f4acfa5df721,61357,0,NON_MAVLINK_PROBE,SCANNER,0,,2c303e98,NORMAL,0.0
2026-05-01T03:42:46.741569,90.151.x.x,0d11f4acfa5df721,57039,0,NON_MAVLINK_PROBE,SCANNER,0,,54f8fa4c,NORMAL,0.0
2026-05-01T03:42:47.223693,90.151.x.x,0d11f4acfa5df721,14583,0,NON_MAVLINK_PROBE,SCANNER,0,,74ea31b6,NORMAL,0.0
2026-05-01T03:44:30.148213,103.149.x.x,67d1609e80cb5bb5,61731,0,NON_MAVLINK_PROBE,SCANNER,0,,f4b9396d,NORMAL,0.0
2026-05-01T03:44:50.900447,124.198.x.x,4ee1d1c3a7d5aab9,22748,0,NON_MAVLINK_PROBE,SCANNER,0,,16700804,NORMAL,0.0
2026-05-01T04:41:01.707002,103.149.x.x,67d1609e80cb5bb5,63922,0,NON_MAVLINK_PROBE,SCANNER,0,,1839a7be,NORMAL,0.0
2026-05-01T04:47:19.694333,5.61.x.x,4daa61e0b2e4ba7f,47070,0,NON_MAVLINK_PROBE,SCANNER,0,,16b12625,NORMAL,0.0
2026-05-01T04:57:21.681092,198.176.x.x,c133fed7c7f0d295,58528,0,NON_MAVLINK_PROBE,SCANNER,0,,822cfe31,NORMAL,0.0
2026-05-01T04:57:21.697949,198.176.x.x,c133fed7c7f0d295,50372,0,NON_MAVLINK_PROBE,SCANNER,0,,1f1695c6,NORMAL,0.0
2026-05-01T05:00:10.226973,5.61.x.x,7202821ba1a8b28a,20434,0,NON_MAVLINK_PROBE,SCANNER,0,,7d793dbe,NORMAL,0.0
2026-05-01T05:37:17.008870,103.149.x.x,67d1609e80cb5bb5,49579,0,NON_MAVLINK_PROBE,SCANNER,0,,fdd301f7,NORMAL,0.0
2026-05-01T05:40:42.189184,160.119.x.x,133c5ffa79dfbe34,51786,0,NON_MAVLINK_PROBE,SCANNER,0,,18c6f5b1,NORMAL,0.0
2026-05-01T05:40:42.781598,160.119.x.x,133c5ffa79dfbe34,51800,0,NON_MAVLINK_PROBE,SCANNER,0,,a37e5e54,NORMAL,0.0
2026-05-01T05:45:00.473473,160.119.x.x,133c5ffa79dfbe34,56702,0,NON_MAVLINK_PROBE,SCANNER,0,,9ab200e4,NORMAL,0.0
2026-05-01T06:34:33.128913,103.149.x.x,67d1609e80cb5bb5,51599,0,NON_MAVLINK_PROBE,SCANNER,0,,cba4efc2,NORMAL,0.0
2026-05-01T06:42:05.507673,47.85.x.x,8fd5462ccca05f8e,52850,0,NON_MAVLINK_PROBE,SCANNER,0,,805b411d,NORMAL,0.0
2026-05-01T06:42:12.511839,47.85.x.x,8fd5462ccca05f8e,52864,0,NON_MAVLINK_PROBE,SCANNER,0,,42cc6d06,NORMAL,0.0
2026-05-01T06:57:53.644008,87.236.x.x,f389d5d16be5f707,52775,0,NON_MAVLINK_PROBE,SCANNER,0,,81f12105,NORMAL,0.0
2026-05-01T07:25:27.519772,3.132.x.x,89842ec7eaf93909,53510,0,NON_MAVLINK_PROBE,SCANNER,0,,e3717179,NORMAL,0.0
2026-05-01T07:25:28.467300,3.132.x.x,89842ec7eaf93909,53526,0,NON_MAVLINK_PROBE,SCANNER,0,,09b94d51,NORMAL,0.0
2026-05-01T07:26:33.910769,3.132.x.x,89842ec7eaf93909,55104,0,NON_MAVLINK_PROBE,SCANNER,0,,4b943cb3,NORMAL,0.0
2026-05-01T07:28:05.150733,3.132.x.x,89842ec7eaf93909,55596,0,NON_MAVLINK_PROBE,SCANNER,0,,f3be31e0,NORMAL,0.0
2026-05-01T07:28:41.188183,3.132.x.x,89842ec7eaf93909,59588,0,NON_MAVLINK_PROBE,SCANNER,0,,adba77e1,NORMAL,0.0
2026-05-01T07:32:26.717514,103.149.x.x,67d1609e80cb5bb5,53617,0,NON_MAVLINK_PROBE,SCANNER,0,,5fa3ae68,NORMAL,0.0
2026-05-01T07:38:01.336164,45.205.x.x,1a04c6553bb8c980,50560,0,NON_MAVLINK_PROBE,SCANNER,0,,6a7cc999,NORMAL,0.0
2026-05-01T08:00:07.164165,90.151.x.x,0d11f4acfa5df721,15623,0,NON_MAVLINK_PROBE,SCANNER,0,,ea798936,NORMAL,0.0
2026-05-01T08:00:12.227330,90.151.x.x,0d11f4acfa5df721,26961,0,NON_MAVLINK_PROBE,SCANNER,0,,bfc6c304,NORMAL,0.0
2026-05-01T08:00:21.853675,90.151.x.x,0d11f4acfa5df721,30361,0,NON_MAVLINK_PROBE,SCANNER,0,,70dbbe83,NORMAL,0.0
2026-05-01T08:00:22.342728,90.151.x.x,0d11f4acfa5df721,61147,0,NON_MAVLINK_PROBE,SCANNER,0,,80c55657,NORMAL,0.0
2026-05-01T08:23:01.107389,65.49.x.x,f5aa39682ed2eb15,35808,0,NON_MAVLINK_PROBE,SCANNER,0,,a6e3b5a7,NORMAL,0.0
2026-05-01T08:29:35.127701,103.149.x.x,67d1609e80cb5bb5,55609,0,NON_MAVLINK_PROBE,SCANNER,0,,ece546c4,NORMAL,0.0
2026-05-01T08:49:59.063106,159.223.x.x,e5b05e4f80d14adf,38194,0,NON_MAVLINK_PROBE,SCANNER,0,,5981e209,NORMAL,0.0
2026-05-01T08:51:42.917278,45.156.x.x,ef360a9a7707cb82,37268,0,NON_MAVLINK_PROBE,SCANNER,0,,fc3e8d87,NORMAL,0.0
2026-05-01T08:51:51.311500,45.156.x.x,ef360a9a7707cb82,37284,0,NON_MAVLINK_PROBE,SCANNER,0,,5f8167a8,NORMAL,0.0
2026-05-01T09:26:21.149612,103.149.x.x,67d1609e80cb5bb5,57558,0,NON_MAVLINK_PROBE,SCANNER,0,,18bd2df3,NORMAL,0.0
2026-05-01T09:44:18.692791,188.209.x.x,2b0205759bd782f5,39420,0,NON_MAVLINK_PROBE,SCANNER,0,,a2fc59fe,NORMAL,0.0
2026-05-01T09:53:22.437043,85.11.x.x,1873e48daec231de,44472,0,NON_MAVLINK_PROBE,SCANNER,0,,9fe4498e,NORMAL,0.0
2026-05-01T09:53:22.786138,85.11.x.x,1873e48daec231de,44474,0,NON_MAVLINK_PROBE,SCANNER,0,,0f3412cd,NORMAL,0.0
2026-05-01T10:21:02.592585,103.149.x.x,67d1609e80cb5bb5,59577,0,NON_MAVLINK_PROBE,SCANNER,0,,77c75f41,NORMAL,0.0
2026-05-01T10:26:38.349041,65.49.x.x,6365c20afed71ee1,2614,0,NON_MAVLINK_PROBE,SCANNER,0,,4712f5c4,NORMAL,0.0
2026-05-01T10:29:24.517456,192.159.x.x,e4ae6c61552c0d1c,9858,0,NON_MAVLINK_PROBE,SCANNER,0,,4f62543c,NORMAL,0.0
2026-05-01T10:49:41.817383,107.150.x.x,a564d19f44b177d6,50602,0,NON_MAVLINK_PROBE,SCANNER,0,,ba38a8d8,NORMAL,0.0
2026-05-01T10:49:46.824385,107.150.x.x,a564d19f44b177d6,50614,0,NON_MAVLINK_PROBE,SCANNER,0,,d69606dc,NORMAL,0.0
2026-05-01T10:49:57.085875,107.150.x.x,a564d19f44b177d6,48796,0,NON_MAVLINK_PROBE,SCANNER,0,,68057347,NORMAL,0.0
2026-05-01T10:49:58.656887,107.150.x.x,a564d19f44b177d6,48802,0,NON_MAVLINK_PROBE,SCANNER,0,,e5bdb85f,NORMAL,0.0
2026-05-01T10:52:55.337601,107.150.x.x,a564d19f44b177d6,48896,0,NON_MAVLINK_PROBE,SCANNER,0,,41fc6f8b,NORMAL,0.0
2026-05-01T10:52:55.843901,107.150.x.x,a564d19f44b177d6,48912,0,NON_MAVLINK_PROBE,SCANNER,0,,4d1c14a6,NORMAL,0.0
2026-05-01T10:52:56.592993,107.150.x.x,a564d19f44b177d6,48930,0,NON_MAVLINK_PROBE,SCANNER,0,,cb0ea61e,NORMAL,0.0
2026-05-01T10:52:56.875578,107.150.x.x,a564d19f44b177d6,48918,0,NON_MAVLINK_PROBE,SCANNER,0,,aa672b44,NORMAL,0.0
2026-05-01T10:55:35.965396,93.123.x.x,7241acd881f52dff,48618,0,NON_MAVLINK_PROBE,SCANNER,0,,cdd1393f,NORMAL,0.0
2026-05-01T10:58:54.872181,62.72.x.x,f5c128c418d4ffaa,47460,0,NON_MAVLINK_PROBE,SCANNER,0,,284a605e,NORMAL,0.0
2026-05-01T10:58:54.984095,62.72.x.x,f5c128c418d4ffaa,47464,0,NON_MAVLINK_PROBE,SCANNER,0,,872964d3,NORMAL,0.0
2026-05-01T11:15:18.061618,103.149.x.x,67d1609e80cb5bb5,61556,0,NON_MAVLINK_PROBE,SCANNER,0,,887d0ad4,NORMAL,0.0
2026-05-01T11:26:11.033159,176.65.x.x,1d4d0ccbdfc1a4b5,49094,0,NON_MAVLINK_PROBE,SCANNER,0,,4278f0b8,NORMAL,0.0
2026-05-01T11:28:15.209939,176.65.x.x,231b2332032de53e,13624,0,NON_MAVLINK_PROBE,SCANNER,0,,cd9af8a7,NORMAL,0.0
2026-05-01T11:44:45.033147,176.65.x.x,e7884f4887563b62,22654,0,NON_MAVLINK_PROBE,SCANNER,0,,ed26f7af,NORMAL,0.0
2026-05-01T11:44:55.199522,176.65.x.x,e7884f4887563b62,61160,0,NON_MAVLINK_PROBE,SCANNER,0,,f08463dd,NORMAL,0.0
2026-05-01T12:04:28.755387,185.91.x.x,2a2b0990dd4071ec,46880,0,NON_MAVLINK_PROBE,SCANNER,0,,27f74fad,NORMAL,0.0
2026-05-01T12:04:28.807615,185.91.x.x,2a2b0990dd4071ec,46894,0,NON_MAVLINK_PROBE,SCANNER,0,,2b258b35,NORMAL,0.0
2026-05-01T12:04:33.465738,185.91.x.x,2a2b0990dd4071ec,46882,0,NON_MAVLINK_PROBE,SCANNER,0,,ce1a4cc5,NORMAL,0.0
2026-05-01T12:04:33.490921,185.91.x.x,2a2b0990dd4071ec,46878,0,NON_MAVLINK_PROBE,SCANNER,0,,dc360013,NORMAL,0.0
2026-05-01T12:11:01.804789,186.4.x.x,5787f6ac6aa55193,3311,0,NON_MAVLINK_PROBE,SCANNER,0,,4a818304,NORMAL,0.0
2026-05-01T12:26:43.442407,90.151.x.x,0d11f4acfa5df721,44045,0,NON_MAVLINK_PROBE,SCANNER,0,,8dc4058d,NORMAL,0.0
2026-05-01T12:26:48.553162,90.151.x.x,0d11f4acfa5df721,28627,0,NON_MAVLINK_PROBE,SCANNER,0,,b9bf80a8,NORMAL,0.0
2026-05-01T12:26:58.167601,90.151.x.x,0d11f4acfa5df721,26153,0,NON_MAVLINK_PROBE,SCANNER,0,,2b5bb841,NORMAL,0.0
2026-05-01T12:26:58.631909,90.151.x.x,0d11f4acfa5df721,40059,0,NON_MAVLINK_PROBE,SCANNER,0,,73c3f216,NORMAL,0.0
2026-05-01T12:42:00.916479,176.65.x.x,1d4d0ccbdfc1a4b5,32960,0,NON_MAVLINK_PROBE,SCANNER,0,,40467394,NORMAL,0.0
2026-05-01T13:14:26.752965,62.72.x.x,f5c128c418d4ffaa,45986,0,NON_MAVLINK_PROBE,SCANNER,0,,e729a95a,NORMAL,0.0
2026-05-01T13:22:50.508441,184.105.x.x,e266fd0e7bc0b7a1,2934,0,NON_MAVLINK_PROBE,SCANNER,0,,6800deec,NORMAL,0.0
2026-05-01T13:26:32.104810,204.76.x.x,6c2d4e16a012734a,1071,0,NON_MAVLINK_PROBE,SCANNER,0,,df2da833,NORMAL,0.0
2026-05-01T13:26:32.110579,204.76.x.x,1b633c0115883f2b,25395,0,NON_MAVLINK_PROBE,SCANNER,0,,258b2565,NORMAL,0.0
2026-05-01T13:26:32.476025,204.76.x.x,aadcc7685a2b3a1a,28837,0,NON_MAVLINK_PROBE,SCANNER,0,,ff7f14e5,NORMAL,0.0
2026-05-01T13:26:32.487303,204.76.x.x,e2f1ebab30089bf3,10469,0,NON_MAVLINK_PROBE,SCANNER,0,,e6e15485,NORMAL,0.0
2026-05-01T13:26:32.794836,204.76.x.x,e2f1ebab30089bf3,13115,0,NON_MAVLINK_PROBE,SCANNER,0,,a3d23d8b,NORMAL,0.0
2026-05-01T13:26:32.814132,204.76.x.x,6c2d4e16a012734a,2285,0,NON_MAVLINK_PROBE,SCANNER,0,,7a0e44a1,NORMAL,0.0
2026-05-01T13:43:11.860930,40.124.x.x,3050631e391de7ae,56330,0,NON_MAVLINK_PROBE,SCANNER,0,,17b0355e,NORMAL,0.0
2026-05-01T13:43:12.352439,40.124.x.x,3050631e391de7ae,56818,0,NON_MAVLINK_PROBE,SCANNER,0,,99a435e2,NORMAL,0.0
2026-05-01T14:08:24.288788,103.149.x.x,67d1609e80cb5bb5,62364,0,NON_MAVLINK_PROBE,SCANNER,0,,2c0ea9a5,NORMAL,0.0
2026-05-01T14:58:43.518139,103.149.x.x,67d1609e80cb5bb5,61842,0,NON_MAVLINK_PROBE,SCANNER,0,,a0c84568,NORMAL,0.0
2026-05-01T15:49:54.441415,61.53.x.x,8b357b084826a2c3,40876,0,NON_MAVLINK_PROBE,SCANNER,0,,2f427ffb,NORMAL,0.0
2026-05-01T15:50:28.346871,103.149.x.x,67d1609e80cb5bb5,61314,0,NON_MAVLINK_PROBE,SCANNER,0,,4a7069d0,NORMAL,0.0
2026-05-01T16:13:13.405028,95.80.x.x,82ba168f259a006d,59148,0,NON_MAVLINK_PROBE,SCANNER,0,,777a96fb,NORMAL,0.0
2026-05-01T16:13:13.485135,95.80.x.x,82ba168f259a006d,59145,0,NON_MAVLINK_PROBE,SCANNER,0,,d975a975,NORMAL,0.0
2026-05-01T16:13:23.716949,95.80.x.x,82ba168f259a006d,59316,0,NON_MAVLINK_PROBE,SCANNER,0,,92ff2f37,NORMAL,0.0
2026-05-01T16:13:23.794836,95.80.x.x,82ba168f259a006d,59328,0,NON_MAVLINK_PROBE,SCANNER,0,,d03b5939,NORMAL,0.0
2026-05-01T16:23:31.984326,172.104.x.x,4f5361a7c3957060,45378,0,NON_MAVLINK_PROBE,SCANNER,0,,d571b7c5,NORMAL,0.0
2026-05-01T16:23:32.408962,172.104.x.x,4f5361a7c3957060,4136,0,NON_MAVLINK_PROBE,SCANNER,0,,82100fb3,NORMAL,0.0
2026-05-01T16:43:56.243925,103.149.x.x,67d1609e80cb5bb5,60947,0,NON_MAVLINK_PROBE,SCANNER,0,,95467e33,NORMAL,0.0
2026-05-01T16:45:55.016373,167.94.x.x,8aedd6a6119c0cea,13624,0,NON_MAVLINK_PROBE,SCANNER,0,,c9daa8f1,NORMAL,0.0
2026-05-01T16:45:58.622659,167.94.x.x,8aedd6a6119c0cea,31060,4,UNKNOWN_4,UNKNOWN,3,1beab850c45006003905,46df6446,NORMAL,0.2
2026-05-01T16:46:12.223488,167.94.x.x,8aedd6a6119c0cea,31144,0,NON_MAVLINK_PROBE,SCANNER,0,,3a61bd4e,NORMAL,0.0
2026-05-01T17:10:26.451303,192.159.x.x,e4ae6c61552c0d1c,11492,0,NON_MAVLINK_PROBE,SCANNER,0,,1ad2d3be,NORMAL,0.0
2026-05-01T17:18:40.476342,90.151.x.x,0d11f4acfa5df721,27867,0,NON_MAVLINK_PROBE,SCANNER,0,,3c313cb1,NORMAL,0.0
2026-05-01T17:18:45.562445,90.151.x.x,0d11f4acfa5df721,51035,0,NON_MAVLINK_PROBE,SCANNER,0,,51618479,NORMAL,0.0
2026-05-01T17:18:55.328460,90.151.x.x,0d11f4acfa5df721,42789,0,NON_MAVLINK_PROBE,SCANNER,0,,9c2f9f3f,NORMAL,0.0
2026-05-01T17:18:55.797980,90.151.x.x,0d11f4acfa5df721,32207,0,NON_MAVLINK_PROBE,SCANNER,0,,e4236e9a,NORMAL,0.0
2026-05-01T17:26:43.996680,89.190.x.x,eb510f0bd98ada2e,36818,0,NON_MAVLINK_PROBE,SCANNER,0,,20f45e09,NORMAL,0.0
2026-05-01T17:26:44.008494,89.190.x.x,eb510f0bd98ada2e,36834,0,NON_MAVLINK_PROBE,SCANNER,0,,3d41b2c9,NORMAL,0.0
2026-05-01T17:26:44.324089,89.190.x.x,eb510f0bd98ada2e,36846,0,NON_MAVLINK_PROBE,SCANNER,0,,71671b90,NORMAL,0.0
2026-05-01T17:26:44.328939,89.190.x.x,eb510f0bd98ada2e,36840,0,NON_MAVLINK_PROBE,SCANNER,0,,a2b710de,NORMAL,0.0
2026-05-01T17:26:44.483768,89.190.x.x,eb510f0bd98ada2e,36804,0,NON_MAVLINK_PROBE,SCANNER,0,,48ee4ddf,NORMAL,0.0
2026-05-01T17:26:44.665221,89.190.x.x,eb510f0bd98ada2e,36854,0,NON_MAVLINK_PROBE,SCANNER,0,,d280d577,NORMAL,0.0
2026-05-01T17:26:44.678641,89.190.x.x,eb510f0bd98ada2e,36858,0,NON_MAVLINK_PROBE,SCANNER,0,,90426fe8,NORMAL,0.0
2026-05-01T17:26:45.483193,89.190.x.x,eb510f0bd98ada2e,36866,0,NON_MAVLINK_PROBE,SCANNER,0,,59f04a57,NORMAL,0.0
2026-05-01T17:26:46.484053,89.190.x.x,eb510f0bd98ada2e,36868,0,NON_MAVLINK_PROBE,SCANNER,0,,de994d51,NORMAL,0.0
2026-05-01T17:40:25.921558,103.149.x.x,67d1609e80cb5bb5,60385,0,NON_MAVLINK_PROBE,SCANNER,0,,414f87e5,NORMAL,0.0
2026-05-01T18:02:15.212080,20.65.x.x,75429d46a3c27dc2,50396,0,NON_MAVLINK_PROBE,SCANNER,0,,bbe12d73,NORMAL,0.0
2026-05-01T18:25:15.311021,124.198.x.x,4ee1d1c3a7d5aab9,56722,0,NON_MAVLINK_PROBE,SCANNER,0,,e43f6bf5,NORMAL,0.0
2026-05-01T18:38:35.232411,103.149.x.x,67d1609e80cb5bb5,59828,0,NON_MAVLINK_PROBE,SCANNER,0,,479db344,NORMAL,0.0
2026-05-01T18:47:15.819271,107.150.x.x,60de2312ab12733e,37414,0,NON_MAVLINK_PROBE,SCANNER,0,,1b5e6b96,NORMAL,0.0
2026-05-01T18:47:20.826159,107.150.x.x,60de2312ab12733e,37424,0,NON_MAVLINK_PROBE,SCANNER,0,,89661e75,NORMAL,0.0
2026-05-01T18:47:31.056584,107.150.x.x,60de2312ab12733e,50494,0,NON_MAVLINK_PROBE,SCANNER,0,,292461dc,NORMAL,0.0
2026-05-01T18:47:32.557425,107.150.x.x,60de2312ab12733e,50496,0,NON_MAVLINK_PROBE,SCANNER,0,,8375cf2c,NORMAL,0.0
2026-05-01T18:55:31.817220,107.150.x.x,60de2312ab12733e,59678,0,NON_MAVLINK_PROBE,SCANNER,0,,c4c71be3,NORMAL,0.0
2026-05-01T18:55:32.367909,107.150.x.x,60de2312ab12733e,59682,0,NON_MAVLINK_PROBE,SCANNER,0,,fc53fb80,NORMAL,0.0
2026-05-01T18:55:33.096385,107.150.x.x,60de2312ab12733e,59712,0,NON_MAVLINK_PROBE,SCANNER,0,,1d30f4a5,NORMAL,0.0
2026-05-01T18:55:33.377045,107.150.x.x,60de2312ab12733e,59696,0,NON_MAVLINK_PROBE,SCANNER,0,,e6b97bbc,NORMAL,0.0
2026-05-01T19:33:40.935578,103.149.x.x,67d1609e80cb5bb5,59271,0,NON_MAVLINK_PROBE,SCANNER,0,,d6b10b78,NORMAL,0.0
2026-05-01T19:57:46.229954,188.209.x.x,4bb5724bb0038d0d,53846,0,NON_MAVLINK_PROBE,SCANNER,0,,0d0fbd9b,NORMAL,0.0
2026-05-01T20:27:50.287626,103.149.x.x,67d1609e80cb5bb5,58728,0,NON_MAVLINK_PROBE,SCANNER,0,,4937df3d,NORMAL,0.0
2026-05-01T21:15:08.490573,172.232.x.x,38127d1772c78cd4,59552,0,NON_MAVLINK_PROBE,SCANNER,0,,b5313bd3,NORMAL,0.0
2026-05-01T21:31:58.949759,90.151.x.x,0d11f4acfa5df721,13215,0,NON_MAVLINK_PROBE,SCANNER,0,,b0500bc8,NORMAL,0.0
2026-05-01T21:32:04.078920,90.151.x.x,0d11f4acfa5df721,62633,0,NON_MAVLINK_PROBE,SCANNER,0,,ab4efc3d,NORMAL,0.0
2026-05-01T21:32:13.765477,90.151.x.x,0d11f4acfa5df721,33517,0,NON_MAVLINK_PROBE,SCANNER,0,,50f90dda,NORMAL,0.0
2026-05-01T21:32:14.235886,90.151.x.x,0d11f4acfa5df721,43563,0,NON_MAVLINK_PROBE,SCANNER,0,,32218b10,NORMAL,0.0
2026-05-01T21:41:11.461357,205.210.x.x,6db5d22de49e3901,55066,0,NON_MAVLINK_PROBE,SCANNER,0,,ca8088e2,NORMAL,0.0
2026-05-01T22:18:16.347993,112.46.x.x,f537e07ecfecf825,28735,0,NON_MAVLINK_PROBE,SCANNER,0,,7b05ec69,NORMAL,0.0
2026-05-01T22:31:08.800289,220.167.x.x,191259ffb15a517d,17913,0,NON_MAVLINK_PROBE,SCANNER,0,,bf23e18c,NORMAL,0.0
2026-05-01T22:31:32.819662,1.24.x.x,4fba717c5f59f2ad,59475,0,NON_MAVLINK_PROBE,SCANNER,0,,7b0720c0,NORMAL,0.0
2026-05-01T22:31:33.604195,218.64.x.x,f09d0573e96b6609,56625,0,NON_MAVLINK_PROBE,SCANNER,0,,70a8ef2f,NORMAL,0.0
2026-05-01T22:36:18.543653,5.61.x.x,7202821ba1a8b28a,25114,0,NON_MAVLINK_PROBE,SCANNER,0,,49b34903,NORMAL,0.0
2026-05-01T22:47:01.330390,195.178.x.x,4393ae9e88d5b51e,37284,0,NON_MAVLINK_PROBE,SCANNER,0,,9f592818,NORMAL,0.0
2026-05-01T22:53:38.744133,74.249.x.x,55f79e1ecdc7aa45,56234,0,NON_MAVLINK_PROBE,SCANNER,0,,d3c88a9b,NORMAL,0.0
2026-05-01T23:35:49.073584,198.235.x.x,c47ec63387115f14,57786,0,NON_MAVLINK_PROBE,SCANNER,0,,052acd2b,NORMAL,0.0
2026-05-01T23:40:01.605203,79.124.x.x,a3dc2bc09007bf5d,46632,0,NON_MAVLINK_PROBE,SCANNER,0,,e8dfa552,NORMAL,0.0
2026-05-01T23:44:23.029503,81.29.x.x,f7b662d7880c6243,13696,0,NON_MAVLINK_PROBE,SCANNER,0,,aa59757f,NORMAL,0.0
2026-05-01T23:44:25.531980,81.29.x.x,f7b662d7880c6243,13704,0,NON_MAVLINK_PROBE,SCANNER,0,,44fd4650,NORMAL,0.0
2026-05-02T00:02:10.639334,54.197.x.x,182710139f642cfd,36230,0,NON_MAVLINK_PROBE,SCANNER,0,,e8b4a124,NORMAL,0.0
2026-05-02T00:21:14.539383,79.124.x.x,a3dc2bc09007bf5d,47694,0,NON_MAVLINK_PROBE,SCANNER,0,,333f814d,NORMAL,0.0
2026-05-02T00:44:45.102923,64.62.x.x,86ad0443fb07a7ef,34354,0,NON_MAVLINK_PROBE,SCANNER,0,,b9a9341c,NORMAL,0.0
2026-05-02T01:13:24.543470,8.216.x.x,fe8714827a5669c3,50130,0,NON_MAVLINK_PROBE,SCANNER,0,,071a80ff,NORMAL,0.0
2026-05-02T01:13:37.648558,8.216.x.x,fe8714827a5669c3,33588,0,NON_MAVLINK_PROBE,SCANNER,0,,99c34422,NORMAL,0.0
2026-05-02T01:13:50.769525,8.216.x.x,fe8714827a5669c3,25318,0,NON_MAVLINK_PROBE,SCANNER,0,,ac3befb7,NORMAL,0.0
2026-05-02T01:14:03.882480,8.216.x.x,fe8714827a5669c3,30670,0,NON_MAVLINK_PROBE,SCANNER,0,,d2c9a75f,NORMAL,0.0
2026-05-02T01:24:19.316499,185.132.x.x,cf4e172c1f948ae8,40848,0,NON_MAVLINK_PROBE,SCANNER,0,,16581652,NORMAL,0.0
2026-05-02T01:29:44.066551,147.185.x.x,cfd58680abfbb7e9,64812,0,NON_MAVLINK_PROBE,SCANNER,0,,4604955c,NORMAL,0.0
2026-05-02T01:29:44.068262,147.185.x.x,cfd58680abfbb7e9,64818,0,NON_MAVLINK_PROBE,SCANNER,0,,908a7763,NORMAL,0.0
2026-05-02T01:42:10.498825,107.150.x.x,70854b65c1cd283b,34870,0,NON_MAVLINK_PROBE,SCANNER,0,,027b65de,NORMAL,0.0
2026-05-02T01:42:15.484293,107.150.x.x,70854b65c1cd283b,37892,0,NON_MAVLINK_PROBE,SCANNER,0,,ea069b96,NORMAL,0.0
2026-05-02T01:42:25.731159,107.150.x.x,70854b65c1cd283b,37898,0,NON_MAVLINK_PROBE,SCANNER,0,,c7e1f799,NORMAL,0.0
2026-05-02T01:42:27.228073,107.150.x.x,70854b65c1cd283b,37912,0,NON_MAVLINK_PROBE,SCANNER,0,,883a3090,NORMAL,0.0
2026-05-02T01:45:14.968057,107.150.x.x,70854b65c1cd283b,42744,0,NON_MAVLINK_PROBE,SCANNER,0,,1d8dacb6,NORMAL,0.0
2026-05-02T01:45:15.472151,107.150.x.x,70854b65c1cd283b,42760,0,NON_MAVLINK_PROBE,SCANNER,0,,6059848b,NORMAL,0.0
2026-05-02T01:45:16.224575,107.150.x.x,70854b65c1cd283b,42774,0,NON_MAVLINK_PROBE,SCANNER,0,,220de95d,NORMAL,0.0
2026-05-02T01:45:16.509591,107.150.x.x,70854b65c1cd283b,42770,0,NON_MAVLINK_PROBE,SCANNER,0,,544614e5,NORMAL,0.0
2026-05-02T01:51:12.248334,176.65.x.x,005fc190cb64f6b9,47848,0,NON_MAVLINK_PROBE,SCANNER,0,,41d863e9,NORMAL,0.0
2026-05-02T02:02:30.296359,90.151.x.x,0d11f4acfa5df721,2841,0,NON_MAVLINK_PROBE,SCANNER,0,,93873ead,NORMAL,0.0
2026-05-02T02:02:35.522842,90.151.x.x,0d11f4acfa5df721,25155,0,NON_MAVLINK_PROBE,SCANNER,0,,a408bc23,NORMAL,0.0
2026-05-02T02:02:45.065565,90.151.x.x,0d11f4acfa5df721,56571,0,NON_MAVLINK_PROBE,SCANNER,0,,a004cdc6,NORMAL,0.0
2026-05-02T02:02:45.531320,90.151.x.x,0d11f4acfa5df721,46171,0,NON_MAVLINK_PROBE,SCANNER,0,,5d308c1d,NORMAL,0.0
2026-05-02T02:16:58.118701,62.72.x.x,f5c128c418d4ffaa,52564,0,NON_MAVLINK_PROBE,SCANNER,0,,9f3e96e7,NORMAL,0.0
2026-05-02T02:48:02.034683,64.62.x.x,92b3c9d4cb299137,3094,0,NON_MAVLINK_PROBE,SCANNER,0,,6d63f0d1,NORMAL,0.0
2026-05-02T03:07:53.245040,103.149.x.x,67d1609e80cb5bb5,63583,0,NON_MAVLINK_PROBE,SCANNER,0,,4ec4d632,NORMAL,0.0
2026-05-02T03:14:16.250355,124.198.x.x,4ee1d1c3a7d5aab9,22124,0,NON_MAVLINK_PROBE,SCANNER,0,,dc801a64,NORMAL,0.0
2026-05-02T03:52:22.065494,103.149.x.x,67d1609e80cb5bb5,58392,0,NON_MAVLINK_PROBE,SCANNER,0,,b7daff6d,NORMAL,0.0
2026-05-02T04:31:58.018283,157.10.x.x,9c65d3f844bf54bc,43384,0,NON_MAVLINK_PROBE,SCANNER,0,,a32b3de0,NORMAL,0.0
2026-05-02T04:36:59.453625,103.149.x.x,67d1609e80cb5bb5,53242,0,NON_MAVLINK_PROBE,SCANNER,0,,b9161c65,NORMAL,0.0
2026-05-02T04:49:36.559829,47.87.x.x,5fca27a889d883cb,58712,0,NON_MAVLINK_PROBE,SCANNER,0,,b59afff9,NORMAL,0.0
2026-05-02T04:49:43.552628,47.87.x.x,5fca27a889d883cb,58728,0,NON_MAVLINK_PROBE,SCANNER,0,,711287e3,NORMAL,0.0
2026-05-02T04:50:43.807745,47.87.x.x,5fca27a889d883cb,58740,0,NON_MAVLINK_PROBE,SCANNER,0,,374b4f88,NORMAL,0.0
2026-05-02T05:22:09.533566,103.149.x.x,67d1609e80cb5bb5,64552,0,NON_MAVLINK_PROBE,SCANNER,0,,ffde5b25,NORMAL,0.0
2026-05-02T06:07:12.532433,103.149.x.x,67d1609e80cb5bb5,59394,0,NON_MAVLINK_PROBE,SCANNER,0,,ca195035,NORMAL,0.0
2026-05-02T06:35:07.347378,90.151.x.x,0d11f4acfa5df721,21437,0,NON_MAVLINK_PROBE,SCANNER,0,,45bd5b6d,NORMAL,0.0
2026-05-02T06:35:12.418145,90.151.x.x,0d11f4acfa5df721,65469,0,NON_MAVLINK_PROBE,SCANNER,0,,120f7029,NORMAL,0.0
2026-05-02T06:35:17.521129,90.151.x.x,0d11f4acfa5df721,12687,0,NON_MAVLINK_PROBE,SCANNER,0,,9e9c77c9,NORMAL,0.0
2026-05-02T06:35:22.079864,90.151.x.x,0d11f4acfa5df721,61207,0,NON_MAVLINK_PROBE,SCANNER,0,,f24460c5,NORMAL,0.0
2026-05-02T06:52:36.928111,103.149.x.x,67d1609e80cb5bb5,54190,0,NON_MAVLINK_PROBE,SCANNER,0,,11aed467,NORMAL,0.0
2026-05-02T07:17:49.712733,18.218.x.x,a1cedf5443bfca11,35890,0,NON_MAVLINK_PROBE,SCANNER,0,,e91d5e76,NORMAL,0.0
2026-05-02T07:19:13.228602,18.218.x.x,a1cedf5443bfca11,36150,0,NON_MAVLINK_PROBE,SCANNER,0,,e0d480a2,NORMAL,0.0
2026-05-02T07:19:31.250488,18.218.x.x,a1cedf5443bfca11,35240,0,NON_MAVLINK_PROBE,SCANNER,0,,e9445bdc,NORMAL,0.0
2026-05-02T07:21:05.494169,18.218.x.x,a1cedf5443bfca11,55204,0,NON_MAVLINK_PROBE,SCANNER,0,,c30b5ff2,NORMAL,0.0
2026-05-02T07:24:36.377427,18.218.x.x,a1cedf5443bfca11,37086,0,NON_MAVLINK_PROBE,SCANNER,0,,edf87bf6,NORMAL,0.0
2026-05-02T07:38:12.735049,103.149.x.x,67d1609e80cb5bb5,51644,0,NON_MAVLINK_PROBE,SCANNER,0,,2ae8044d,NORMAL,0.0
2026-05-02T08:23:48.735742,103.149.x.x,67d1609e80cb5bb5,65075,0,NON_MAVLINK_PROBE,SCANNER,0,,92e57f41,NORMAL,0.0
2026-05-02T09:09:51.985497,103.149.x.x,67d1609e80cb5bb5,60202,0,NON_MAVLINK_PROBE,SCANNER,0,,dfc9c4c8,NORMAL,0.0
2026-05-02T09:19:30.700847,107.150.x.x,5cb6c586edb51616,43808,0,NON_MAVLINK_PROBE,SCANNER,0,,7921f822,NORMAL,0.0
2026-05-02T09:19:35.716594,107.150.x.x,5cb6c586edb51616,43818,0,NON_MAVLINK_PROBE,SCANNER,0,,dde33a2b,NORMAL,0.0
2026-05-02T09:19:46.057358,107.150.x.x,5cb6c586edb51616,40602,0,NON_MAVLINK_PROBE,SCANNER,0,,a11da2eb,NORMAL,0.0
2026-05-02T09:19:47.633785,107.150.x.x,5cb6c586edb51616,40606,0,NON_MAVLINK_PROBE,SCANNER,0,,0622030e,NORMAL,0.0
2026-05-02T09:22:39.849767,107.150.x.x,5cb6c586edb51616,43450,0,NON_MAVLINK_PROBE,SCANNER,0,,2b19cc01,NORMAL,0.0
2026-05-02T09:22:40.486746,107.150.x.x,5cb6c586edb51616,43464,0,NON_MAVLINK_PROBE,SCANNER,0,,1d03d0f3,NORMAL,0.0
2026-05-02T09:22:41.304727,107.150.x.x,5cb6c586edb51616,43484,0,NON_MAVLINK_PROBE,SCANNER,0,,6413a65c,NORMAL,0.0
2026-05-02T09:22:41.627950,107.150.x.x,5cb6c586edb51616,43472,0,NON_MAVLINK_PROBE,SCANNER,0,,45745f74,NORMAL,0.0
2026-05-02T09:49:29.679712,47.251.x.x,95cd1ce7dfec328a,56640,0,NON_MAVLINK_PROBE,SCANNER,0,,eb77cf17,NORMAL,0.0
2026-05-02T09:49:42.922708,47.251.x.x,95cd1ce7dfec328a,10820,0,NON_MAVLINK_PROBE,SCANNER,0,,a2974af1,NORMAL,0.0
2026-05-02T09:49:56.177678,47.251.x.x,95cd1ce7dfec328a,53532,0,NON_MAVLINK_PROBE,SCANNER,0,,9f493ffa,NORMAL,0.0
2026-05-02T09:50:09.425238,47.251.x.x,95cd1ce7dfec328a,41894,0,NON_MAVLINK_PROBE,SCANNER,0,,7586f75b,NORMAL,0.0
2026-05-02T09:55:48.816049,103.149.x.x,67d1609e80cb5bb5,55256,0,NON_MAVLINK_PROBE,SCANNER,0,,4c9b79a3,NORMAL,0.0
2026-05-02T10:20:12.749249,176.65.x.x,1d4d0ccbdfc1a4b5,49362,0,NON_MAVLINK_PROBE,SCANNER,0,,ab6243b0,NORMAL,0.0
2026-05-02T10:31:24.989419,45.156.x.x,71bff420efb265aa,52346,0,NON_MAVLINK_PROBE,SCANNER,0,,5a041753,NORMAL,0.0
2026-05-02T10:31:39.133406,45.156.x.x,9055c150dc91cf0a,50648,0,NON_MAVLINK_PROBE,SCANNER,0,,045f8d39,NORMAL,0.0
2026-05-02T10:32:25.839961,45.156.x.x,e535eab1660687f3,53862,0,NON_MAVLINK_PROBE,SCANNER,0,,f763481e,NORMAL,0.0
2026-05-02T10:33:09.805294,45.156.x.x,71bff420efb265aa,59232,0,NON_MAVLINK_PROBE,SCANNER,0,,7e1582c6,NORMAL,0.0
2026-05-02T10:33:36.588488,45.156.x.x,fe6ae68e73331445,37072,0,NON_MAVLINK_PROBE,SCANNER,0,,c4a8bc56,NORMAL,0.0
2026-05-02T10:33:59.867150,45.156.x.x,71bff420efb265aa,54276,0,NON_MAVLINK_PROBE,SCANNER,0,,fa52fff0,NORMAL,0.0
2026-05-02T10:34:24.073563,45.156.x.x,9055c150dc91cf0a,38226,0,NON_MAVLINK_PROBE,SCANNER,0,,5ab6cdec,NORMAL,0.0
2026-05-02T10:34:49.116557,45.156.x.x,e535eab1660687f3,43042,0,NON_MAVLINK_PROBE,SCANNER,0,,399c68d3,NORMAL,0.0
2026-05-02T10:34:57.120189,45.156.x.x,71bff420efb265aa,56394,0,NON_MAVLINK_PROBE,SCANNER,0,,de1d174e,NORMAL,0.0
2026-05-02T10:35:05.136960,45.156.x.x,fe6ae68e73331445,43362,0,NON_MAVLINK_PROBE,SCANNER,0,,6d8b8dfa,NORMAL,0.0
2026-05-02T10:35:22.902549,45.156.x.x,9055c150dc91cf0a,42796,0,NON_MAVLINK_PROBE,SCANNER,0,,72bd9d36,NORMAL,0.0
2026-05-02T10:35:39.784616,45.156.x.x,71bff420efb265aa,55510,0,NON_MAVLINK_PROBE,SCANNER,0,,b0708a7a,NORMAL,0.0
2026-05-02T10:35:48.876883,45.156.x.x,71bff420efb265aa,55304,0,NON_MAVLINK_PROBE,SCANNER,0,,77b6eae6,NORMAL,0.0
2026-05-02T10:36:07.710244,45.156.x.x,71bff420efb265aa,59924,0,NON_MAVLINK_PROBE,SCANNER,0,,0a7326e9,NORMAL,0.0
2026-05-02T10:36:24.716349,45.156.x.x,71bff420efb265aa,44670,0,NON_MAVLINK_PROBE,SCANNER,0,,94398aed,NORMAL,0.0
2026-05-02T10:36:40.973558,45.156.x.x,71bff420efb265aa,54862,0,NON_MAVLINK_PROBE,SCANNER,0,,d93cfb5c,NORMAL,0.0
2026-05-02T10:36:58.463703,45.156.x.x,e535eab1660687f3,53824,0,NON_MAVLINK_PROBE,SCANNER,0,,77f3e046,NORMAL,0.0
2026-05-02T10:37:06.465082,45.156.x.x,9055c150dc91cf0a,40910,0,NON_MAVLINK_PROBE,SCANNER,0,,b93e55d5,NORMAL,0.0
2026-05-02T10:37:32.809426,45.156.x.x,e535eab1660687f3,58278,0,NON_MAVLINK_PROBE,SCANNER,0,,446a2946,NORMAL,0.0
2026-05-02T10:38:06.199134,45.156.x.x,e535eab1660687f3,46894,0,NON_MAVLINK_PROBE,SCANNER,0,,fd1a5e1c,NORMAL,0.0
2026-05-02T10:38:14.331641,45.156.x.x,e535eab1660687f3,46714,0,NON_MAVLINK_PROBE,SCANNER,0,,2e7fa605,NORMAL,0.0
2026-05-02T10:38:39.774629,45.156.x.x,71bff420efb265aa,48904,0,NON_MAVLINK_PROBE,SCANNER,0,,0a408658,NORMAL,0.0
2026-05-02T10:38:47.926563,45.156.x.x,71bff420efb265aa,56366,0,NON_MAVLINK_PROBE,SCANNER,0,,a9105f0f,NORMAL,0.0
2026-05-02T10:38:56.145517,45.156.x.x,9055c150dc91cf0a,42580,0,NON_MAVLINK_PROBE,SCANNER,0,,4c09c717,NORMAL,0.0
2026-05-02T10:39:04.192616,45.156.x.x,71bff420efb265aa,42570,0,NON_MAVLINK_PROBE,SCANNER,0,,2016a815,NORMAL,0.0
2026-05-02T10:39:17.165533,45.156.x.x,fe6ae68e73331445,46266,0,NON_MAVLINK_PROBE,SCANNER,0,,8a9f011c,NORMAL,0.0
2026-05-02T10:39:21.496571,45.156.x.x,fe6ae68e73331445,55286,0,NON_MAVLINK_PROBE,SCANNER,0,,812b17be,NORMAL,0.0
2026-05-02T10:45:48.374000,90.151.x.x,0d11f4acfa5df721,12405,0,NON_MAVLINK_PROBE,SCANNER,0,,965e501c,NORMAL,0.0
2026-05-02T10:45:53.404838,90.151.x.x,0d11f4acfa5df721,48135,0,NON_MAVLINK_PROBE,SCANNER,0,,3777e73a,NORMAL,0.0
2026-05-02T10:46:03.113061,90.151.x.x,0d11f4acfa5df721,9643,0,NON_MAVLINK_PROBE,SCANNER,0,,2c7f69dd,NORMAL,0.0
2026-05-02T10:46:03.587859,90.151.x.x,0d11f4acfa5df721,47189,0,NON_MAVLINK_PROBE,SCANNER,0,,609a52a3,NORMAL,0.0
2026-05-02T11:36:10.420933,165.154.x.x,5818d9b1795f6669,57366,0,NON_MAVLINK_PROBE,SCANNER,0,,9142ec53,NORMAL,0.0
2026-05-02T11:36:13.152822,165.154.x.x,5818d9b1795f6669,58146,0,NON_MAVLINK_PROBE,SCANNER,0,,79a474ee,NORMAL,0.0
2026-05-02T11:36:16.013717,165.154.x.x,5818d9b1795f6669,58792,0,NON_MAVLINK_PROBE,SCANNER,0,,3031a15b,NORMAL,0.0
2026-05-02T11:36:18.873900,165.154.x.x,5818d9b1795f6669,59680,0,NON_MAVLINK_PROBE,SCANNER,0,,b4dcfe3e,NORMAL,0.0
2026-05-02T11:36:21.667896,165.154.x.x,5818d9b1795f6669,60432,0,NON_MAVLINK_PROBE,SCANNER,0,,c797d53f,NORMAL,0.0
2026-05-02T11:36:24.511260,165.154.x.x,5818d9b1795f6669,33470,0,NON_MAVLINK_PROBE,SCANNER,0,,cfb79549,NORMAL,0.0
2026-05-02T11:36:27.291595,165.154.x.x,5818d9b1795f6669,34258,0,NON_MAVLINK_PROBE,SCANNER,0,,72bbd770,NORMAL,0.0
2026-05-02T11:36:30.082307,165.154.x.x,5818d9b1795f6669,35030,0,NON_MAVLINK_PROBE,SCANNER,0,,42fd9343,NORMAL,0.0
2026-05-02T11:36:32.886058,165.154.x.x,5818d9b1795f6669,36808,0,NON_MAVLINK_PROBE,SCANNER,0,,67ab9482,NORMAL,0.0
2026-05-02T11:36:35.746263,165.154.x.x,5818d9b1795f6669,38056,0,NON_MAVLINK_PROBE,SCANNER,0,,c7e51924,NORMAL,0.0
2026-05-02T11:36:38.608679,165.154.x.x,5818d9b1795f6669,38720,0,NON_MAVLINK_PROBE,SCANNER,0,,95eb8aad,NORMAL,0.0
2026-05-02T11:36:42.272195,165.154.x.x,5818d9b1795f6669,39618,0,NON_MAVLINK_PROBE,SCANNER,0,,50ac4236,NORMAL,0.0
2026-05-02T11:36:45.889101,165.154.x.x,5818d9b1795f6669,41838,0,NON_MAVLINK_PROBE,SCANNER,0,,064b66e5,NORMAL,0.0
2026-05-02T11:36:48.712446,165.154.x.x,5818d9b1795f6669,42910,0,NON_MAVLINK_PROBE,SCANNER,0,,53ccd1a6,NORMAL,0.0
2026-05-02T11:36:51.555807,165.154.x.x,5818d9b1795f6669,43744,0,NON_MAVLINK_PROBE,SCANNER,0,,b6142520,NORMAL,0.0
2026-05-02T11:36:54.359685,165.154.x.x,5818d9b1795f6669,44474,0,NON_MAVLINK_PROBE,SCANNER,0,,14ec360f,NORMAL,0.0
2026-05-02T11:36:57.111137,165.154.x.x,5818d9b1795f6669,45146,0,NON_MAVLINK_PROBE,SCANNER,0,,58ec9b39,NORMAL,0.0
2026-05-02T11:36:59.903600,165.154.x.x,5818d9b1795f6669,45724,0,NON_MAVLINK_PROBE,SCANNER,0,,0ff8a3d8,NORMAL,0.0
2026-05-02T11:37:02.676169,165.154.x.x,5818d9b1795f6669,46428,0,NON_MAVLINK_PROBE,SCANNER,0,,bc9f393a,NORMAL,0.0
2026-05-02T11:37:05.447183,165.154.x.x,5818d9b1795f6669,47192,0,NON_MAVLINK_PROBE,SCANNER,0,,7b868316,NORMAL,0.0
2026-05-02T11:37:08.248870,165.154.x.x,5818d9b1795f6669,47820,0,NON_MAVLINK_PROBE,SCANNER,0,,4c926084,NORMAL,0.0
2026-05-02T11:37:11.045323,165.154.x.x,5818d9b1795f6669,48550,0,NON_MAVLINK_PROBE,SCANNER,0,,5c3434a7,NORMAL,0.0
2026-05-02T11:37:13.874504,165.154.x.x,5818d9b1795f6669,49244,0,NON_MAVLINK_PROBE,SCANNER,0,,59c42a4b,NORMAL,0.0
2026-05-02T11:37:16.672309,165.154.x.x,5818d9b1795f6669,49898,0,NON_MAVLINK_PROBE,SCANNER,0,,34c8e7c3,NORMAL,0.0
2026-05-02T11:37:19.496050,165.154.x.x,5818d9b1795f6669,50574,0,NON_MAVLINK_PROBE,SCANNER,0,,569f52cb,NORMAL,0.0
2026-05-02T11:37:22.328299,165.154.x.x,5818d9b1795f6669,51270,0,NON_MAVLINK_PROBE,SCANNER,0,,44390a9a,NORMAL,0.0
2026-05-02T11:37:25.162791,165.154.x.x,5818d9b1795f6669,51962,0,NON_MAVLINK_PROBE,SCANNER,0,,66077698,NORMAL,0.0
2026-05-02T11:37:27.923672,165.154.x.x,5818d9b1795f6669,52642,0,NON_MAVLINK_PROBE,SCANNER,0,,510fe539,NORMAL,0.0
2026-05-02T11:37:30.751818,165.154.x.x,5818d9b1795f6669,53244,0,NON_MAVLINK_PROBE,SCANNER,0,,6515d185,NORMAL,0.0
2026-05-02T11:37:33.532920,165.154.x.x,5818d9b1795f6669,53938,0,NON_MAVLINK_PROBE,SCANNER,0,,95c443f6,NORMAL,0.0
2026-05-02T11:37:36.345040,165.154.x.x,5818d9b1795f6669,54576,0,NON_MAVLINK_PROBE,SCANNER,0,,5dd48821,NORMAL,0.0
2026-05-02T11:37:39.161134,165.154.x.x,5818d9b1795f6669,55244,0,NON_MAVLINK_PROBE,SCANNER,0,,db166f46,NORMAL,0.0
2026-05-02T11:37:42.000071,165.154.x.x,5818d9b1795f6669,55834,0,NON_MAVLINK_PROBE,SCANNER,0,,7a5571b1,NORMAL,0.0
2026-05-02T11:37:44.804752,165.154.x.x,5818d9b1795f6669,56472,0,NON_MAVLINK_PROBE,SCANNER,0,,cbd62a30,NORMAL,0.0
2026-05-02T11:37:47.623309,165.154.x.x,5818d9b1795f6669,57104,0,NON_MAVLINK_PROBE,SCANNER,0,,98f2a272,NORMAL,0.0
2026-05-02T11:37:50.431034,165.154.x.x,5818d9b1795f6669,57772,0,NON_MAVLINK_PROBE,SCANNER,0,,edf0e8a6,NORMAL,0.0
2026-05-02T11:37:53.268907,165.154.x.x,5818d9b1795f6669,58410,0,NON_MAVLINK_PROBE,SCANNER,0,,e3ec99d5,NORMAL,0.0
2026-05-02T11:37:56.043619,165.154.x.x,5818d9b1795f6669,59194,0,NON_MAVLINK_PROBE,SCANNER,0,,77490086,NORMAL,0.0
2026-05-02T11:37:58.875146,165.154.x.x,5818d9b1795f6669,59904,0,NON_MAVLINK_PROBE,SCANNER,0,,c8c56e30,NORMAL,0.0
2026-05-02T11:38:01.663573,165.154.x.x,5818d9b1795f6669,60608,0,NON_MAVLINK_PROBE,SCANNER,0,,d34d4598,NORMAL,0.0
2026-05-02T11:38:04.433703,165.154.x.x,5818d9b1795f6669,32976,0,NON_MAVLINK_PROBE,SCANNER,0,,0cd955a5,NORMAL,0.0
2026-05-02T11:38:07.226847,165.154.x.x,5818d9b1795f6669,33726,0,NON_MAVLINK_PROBE,SCANNER,0,,dceb9160,NORMAL,0.0
2026-05-02T11:38:10.042181,165.154.x.x,5818d9b1795f6669,34408,0,NON_MAVLINK_PROBE,SCANNER,0,,00775e91,NORMAL,0.0
2026-05-02T11:38:12.806856,165.154.x.x,5818d9b1795f6669,35180,0,NON_MAVLINK_PROBE,SCANNER,0,,dbdcb08c,NORMAL,0.0
2026-05-02T11:38:15.621222,165.154.x.x,5818d9b1795f6669,35854,0,NON_MAVLINK_PROBE,SCANNER,0,,5940d8e9,NORMAL,0.0
2026-05-02T11:38:18.465127,165.154.x.x,5818d9b1795f6669,36752,0,NON_MAVLINK_PROBE,SCANNER,0,,0eeb16e3,NORMAL,0.0
2026-05-02T11:38:21.216304,165.154.x.x,5818d9b1795f6669,37484,0,NON_MAVLINK_PROBE,SCANNER,0,,ea503211,NORMAL,0.0
2026-05-02T11:38:23.998704,165.154.x.x,5818d9b1795f6669,38278,0,NON_MAVLINK_PROBE,SCANNER,0,,96270172,NORMAL,0.0
2026-05-02T11:38:26.786875,165.154.x.x,5818d9b1795f6669,39074,0,NON_MAVLINK_PROBE,SCANNER,0,,48f4bdf2,NORMAL,0.0
2026-05-02T11:38:29.603358,165.154.x.x,5818d9b1795f6669,39720,0,NON_MAVLINK_PROBE,SCANNER,0,,60420dfb,NORMAL,0.0
2026-05-02T11:38:32.410653,165.154.x.x,5818d9b1795f6669,40400,0,NON_MAVLINK_PROBE,SCANNER,0,,8824d584,NORMAL,0.0
2026-05-02T11:38:35.227307,165.154.x.x,5818d9b1795f6669,41108,0,NON_MAVLINK_PROBE,SCANNER,0,,9bf2debf,NORMAL,0.0
2026-05-02T11:38:38.016051,165.154.x.x,5818d9b1795f6669,41850,0,NON_MAVLINK_PROBE,SCANNER,0,,b57a48d8,NORMAL,0.0
2026-05-02T11:38:40.797775,165.154.x.x,5818d9b1795f6669,42496,0,NON_MAVLINK_PROBE,SCANNER,0,,aa4fff95,NORMAL,0.0
2026-05-02T11:38:43.627301,165.154.x.x,5818d9b1795f6669,43342,0,NON_MAVLINK_PROBE,SCANNER,0,,b81d1e85,NORMAL,0.0
2026-05-02T11:38:46.377192,165.154.x.x,5818d9b1795f6669,44000,0,NON_MAVLINK_PROBE,SCANNER,0,,35c99f0c,NORMAL,0.0
2026-05-02T11:38:49.202714,165.154.x.x,5818d9b1795f6669,44750,0,NON_MAVLINK_PROBE,SCANNER,0,,2f7b67f8,NORMAL,0.0
2026-05-02T11:38:52.019114,165.154.x.x,5818d9b1795f6669,45500,0,NON_MAVLINK_PROBE,SCANNER,0,,ea7445a7,NORMAL,0.0
2026-05-02T11:38:54.822160,165.154.x.x,5818d9b1795f6669,46222,0,NON_MAVLINK_PROBE,SCANNER,0,,5018e235,NORMAL,0.0
2026-05-02T11:38:57.609027,165.154.x.x,5818d9b1795f6669,46840,0,NON_MAVLINK_PROBE,SCANNER,0,,8e599296,NORMAL,0.0
2026-05-02T11:39:00.445377,165.154.x.x,5818d9b1795f6669,47502,0,NON_MAVLINK_PROBE,SCANNER,0,,a2a0594e,NORMAL,0.0
2026-05-02T11:39:03.213602,165.154.x.x,5818d9b1795f6669,48204,0,NON_MAVLINK_PROBE,SCANNER,0,,6d4bdb32,NORMAL,0.0
2026-05-02T11:39:06.013864,165.154.x.x,5818d9b1795f6669,48942,0,NON_MAVLINK_PROBE,SCANNER,0,,5c9fde13,NORMAL,0.0
2026-05-02T11:39:08.793553,165.154.x.x,5818d9b1795f6669,49528,0,NON_MAVLINK_PROBE,SCANNER,0,,f2e485b2,NORMAL,0.0
2026-05-02T11:39:11.617053,165.154.x.x,5818d9b1795f6669,50178,0,NON_MAVLINK_PROBE,SCANNER,0,,fc4acc9b,NORMAL,0.0
2026-05-02T11:39:14.418870,165.154.x.x,5818d9b1795f6669,50772,0,NON_MAVLINK_PROBE,SCANNER,0,,bdd4381a,NORMAL,0.0
2026-05-02T11:39:17.181967,165.154.x.x,5818d9b1795f6669,51316,0,NON_MAVLINK_PROBE,SCANNER,0,,a93a095b,NORMAL,0.0
2026-05-02T11:39:19.982959,165.154.x.x,5818d9b1795f6669,51882,0,NON_MAVLINK_PROBE,SCANNER,0,,f320764d,NORMAL,0.0
2026-05-02T11:39:22.748297,165.154.x.x,5818d9b1795f6669,52518,0,NON_MAVLINK_PROBE,SCANNER,0,,e017228c,NORMAL,0.0
2026-05-02T11:39:25.559933,165.154.x.x,5818d9b1795f6669,53040,0,NON_MAVLINK_PROBE,SCANNER,0,,e79557eb,NORMAL,0.0
2026-05-02T11:39:28.384808,165.154.x.x,5818d9b1795f6669,53646,0,NON_MAVLINK_PROBE,SCANNER,0,,1ecb3c1f,NORMAL,0.0
2026-05-02T11:39:31.128641,165.154.x.x,5818d9b1795f6669,54178,0,NON_MAVLINK_PROBE,SCANNER,0,,016b8e61,NORMAL,0.0
2026-05-02T11:39:33.907165,165.154.x.x,5818d9b1795f6669,54780,0,NON_MAVLINK_PROBE,SCANNER,0,,6c6e25e6,NORMAL,0.0
2026-05-02T12:19:46.189664,64.62.x.x,d2c8504717291ad1,51994,0,NON_MAVLINK_PROBE,SCANNER,0,,0ab6b311,NORMAL,0.0
2026-05-02T12:24:25.673447,176.65.x.x,325a07763207f3b3,45616,0,NON_MAVLINK_PROBE,SCANNER,0,,d3093269,NORMAL,0.0
2026-05-02T12:36:34.885351,199.45.x.x,b18ebc8e26c85fd3,34708,0,NON_MAVLINK_PROBE,SCANNER,0,,d9bfd3fb,NORMAL,0.0
2026-05-02T12:36:40.821464,199.45.x.x,b18ebc8e26c85fd3,34812,4,UNKNOWN_4,UNKNOWN,3,5c2002f3d45006003905,23b33011,NORMAL,0.2
2026-05-02T12:36:55.301483,199.45.x.x,b18ebc8e26c85fd3,43200,0,NON_MAVLINK_PROBE,SCANNER,0,,c638d548,NORMAL,0.0
2026-05-02T13:57:36.528164,170.64.x.x,6622d91807a90ea7,45722,0,NON_MAVLINK_PROBE,SCANNER,0,,a66160f5,NORMAL,0.0
2026-05-02T13:57:42.475083,170.64.x.x,6622d91807a90ea7,38346,0,NON_MAVLINK_PROBE,SCANNER,0,,74726312,NORMAL,0.0
2026-05-02T14:04:28.419069,157.245.x.x,877eed9b781a7af2,41732,0,NON_MAVLINK_PROBE,SCANNER,0,,1407e9b8,NORMAL,0.0
2026-05-02T14:17:48.376707,87.121.x.x,7d34a820b4b262f2,35316,0,NON_MAVLINK_PROBE,SCANNER,0,,4f4de71c,NORMAL,0.0
2026-05-02T14:23:27.387278,118.193.x.x,62336e8664895bf8,56478,0,NON_MAVLINK_PROBE,SCANNER,0,,ce00e3f3,NORMAL,0.0
2026-05-02T14:23:29.556069,118.193.x.x,62336e8664895bf8,57274,0,NON_MAVLINK_PROBE,SCANNER,0,,44f2b61c,NORMAL,0.0
2026-05-02T14:23:32.745008,118.193.x.x,62336e8664895bf8,58172,0,NON_MAVLINK_PROBE,SCANNER,0,,389d0a48,NORMAL,0.0
2026-05-02T14:23:32.934946,118.193.x.x,62336e8664895bf8,58660,0,NON_MAVLINK_PROBE,SCANNER,0,,31aad942,NORMAL,0.0
2026-05-02T14:23:33.085714,118.193.x.x,62336e8664895bf8,58696,0,NON_MAVLINK_PROBE,SCANNER,0,,b0a9a2d3,NORMAL,0.0
2026-05-02T14:23:33.240944,118.193.x.x,62336e8664895bf8,58780,0,NON_MAVLINK_PROBE,SCANNER,0,,ad93c5c7,NORMAL,0.0
2026-05-02T14:23:41.240922,118.193.x.x,62336e8664895bf8,58814,0,NON_MAVLINK_PROBE,SCANNER,0,,0711a9d6,NORMAL,0.0
2026-05-02T14:23:49.233110,118.193.x.x,62336e8664895bf8,60696,0,NON_MAVLINK_PROBE,SCANNER,0,,1a8da0d7,NORMAL,0.0
2026-05-02T14:23:57.228520,118.193.x.x,62336e8664895bf8,61956,0,NON_MAVLINK_PROBE,SCANNER,0,,112a5d2e,NORMAL,0.0
2026-05-02T14:23:57.391318,118.193.x.x,62336e8664895bf8,63530,0,NON_MAVLINK_PROBE,SCANNER,0,,569449cc,NORMAL,0.0
2026-05-02T14:23:57.572461,118.193.x.x,62336e8664895bf8,63546,0,NON_MAVLINK_PROBE,SCANNER,0,,a7ca1ce1,NORMAL,0.0
2026-05-02T14:24:05.571841,118.193.x.x,62336e8664895bf8,63580,0,NON_MAVLINK_PROBE,SCANNER,0,,5c656800,NORMAL,0.0
2026-05-02T14:24:05.715767,118.193.x.x,62336e8664895bf8,1042,0,NON_MAVLINK_PROBE,SCANNER,0,,f2052241,NORMAL,0.0
2026-05-02T14:24:05.865050,118.193.x.x,62336e8664895bf8,1082,0,NON_MAVLINK_PROBE,SCANNER,0,,c994f55d,NORMAL,0.0
2026-05-02T14:24:06.040179,118.193.x.x,62336e8664895bf8,1116,0,NON_MAVLINK_PROBE,SCANNER,0,,b52dda06,NORMAL,0.0
2026-05-02T14:35:54.232056,92.63.x.x,ad0372d920be4845,57146,0,NON_MAVLINK_PROBE,SCANNER,0,,f7adb769,NORMAL,0.0
2026-05-02T14:35:54.521294,92.63.x.x,ad0372d920be4845,57154,0,NON_MAVLINK_PROBE,SCANNER,0,,bed274a2,NORMAL,0.0
2026-05-02T14:48:07.179762,141.98.x.x,0033b357820b9621,54564,0,NON_MAVLINK_PROBE,SCANNER,0,,f52b5fa8,NORMAL,0.0
2026-05-02T14:57:23.250794,90.151.x.x,0d11f4acfa5df721,46193,0,NON_MAVLINK_PROBE,SCANNER,0,,d25a6cce,NORMAL,0.0
2026-05-02T14:57:28.277141,90.151.x.x,0d11f4acfa5df721,58861,0,NON_MAVLINK_PROBE,SCANNER,0,,f18c211e,NORMAL,0.0
2026-05-02T14:57:38.050352,90.151.x.x,0d11f4acfa5df721,34909,0,NON_MAVLINK_PROBE,SCANNER,0,,022be22a,NORMAL,0.0
2026-05-02T14:57:38.563899,90.151.x.x,0d11f4acfa5df721,30563,0,NON_MAVLINK_PROBE,SCANNER,0,,cd272a90,NORMAL,0.0
2026-05-02T15:33:29.963509,87.121.x.x,7d34a820b4b262f2,56244,0,NON_MAVLINK_PROBE,SCANNER,0,,682bf3bd,NORMAL,0.0
2026-05-02T15:39:45.247475,5.61.x.x,7202821ba1a8b28a,23542,0,NON_MAVLINK_PROBE,SCANNER,0,,88c95cc6,NORMAL,0.0
2026-05-02T16:05:05.245739,13.86.x.x,8b50cec961639ea5,35136,0,NON_MAVLINK_PROBE,SCANNER,0,,0c2b7ee1,NORMAL,0.0
2026-05-02T16:05:05.752010,13.86.x.x,8b50cec961639ea5,45402,0,NON_MAVLINK_PROBE,SCANNER,0,,d1254398,NORMAL,0.0
2026-05-02T16:12:23.550743,185.107.x.x,ed9cde2492167b57,48972,0,NON_MAVLINK_PROBE,SCANNER,0,,f06386cf,NORMAL,0.0
2026-05-02T16:12:24.096314,185.107.x.x,ed9cde2492167b57,48976,0,NON_MAVLINK_PROBE,SCANNER,0,,1c53b9d0,NORMAL,0.0
2026-05-02T16:37:53.908719,87.121.x.x,7d34a820b4b262f2,48960,0,NON_MAVLINK_PROBE,SCANNER,0,,69af6249,NORMAL,0.0
2026-05-02T16:51:18.703358,176.65.x.x,9880f1c3a55845dd,48564,0,NON_MAVLINK_PROBE,SCANNER,0,,40f1119a,NORMAL,0.0
2026-05-02T17:28:51.260774,209.38.x.x,9045a9cd0c4df53a,45930,0,NON_MAVLINK_PROBE,SCANNER,0,,4c7254e9,NORMAL,0.0
2026-05-02T17:47:27.482983,194.246.x.x,1f92766dc35a9ab9,33722,0,NON_MAVLINK_PROBE,SCANNER,0,,6a085e8a,NORMAL,0.0
2026-05-02T18:21:24.546540,71.6.x.x,70e244d1342092fe,54004,0,NON_MAVLINK_PROBE,SCANNER,0,,c83879db,NORMAL,0.0
2026-05-02T18:26:43.296293,195.184.x.x,f4ff866eaa7b2dbe,33269,0,NON_MAVLINK_PROBE,SCANNER,0,,d89a5f1f,NORMAL,0.0
2026-05-02T18:26:46.545532,195.184.x.x,99bed6fac0048d14,36017,0,NON_MAVLINK_PROBE,SCANNER,0,,3a6e4c02,NORMAL,0.0
2026-05-02T18:34:18.606007,107.150.x.x,2a87e689c287ecfa,42948,0,NON_MAVLINK_PROBE,SCANNER,0,,80f0bce2,NORMAL,0.0
2026-05-02T18:34:23.620224,107.150.x.x,2a87e689c287ecfa,54944,0,NON_MAVLINK_PROBE,SCANNER,0,,d1e0dd8f,NORMAL,0.0
2026-05-02T18:34:33.921088,107.150.x.x,2a87e689c287ecfa,54952,0,NON_MAVLINK_PROBE,SCANNER,0,,a1b7b55e,NORMAL,0.0
2026-05-02T18:34:35.568001,107.150.x.x,2a87e689c287ecfa,54964,0,NON_MAVLINK_PROBE,SCANNER,0,,3b81eb9d,NORMAL,0.0
2026-05-02T18:36:40.427430,107.150.x.x,2a87e689c287ecfa,35406,0,NON_MAVLINK_PROBE,SCANNER,0,,28b19136,NORMAL,0.0
2026-05-02T18:36:40.948520,107.150.x.x,2a87e689c287ecfa,35420,0,NON_MAVLINK_PROBE,SCANNER,0,,f18d862e,NORMAL,0.0
2026-05-02T18:36:41.693450,107.150.x.x,2a87e689c287ecfa,35430,0,NON_MAVLINK_PROBE,SCANNER,0,,b9765264,NORMAL,0.0
2026-05-02T18:36:41.982009,107.150.x.x,2a87e689c287ecfa,35428,0,NON_MAVLINK_PROBE,SCANNER,0,,e4f8af1e,NORMAL,0.0
2026-05-02T18:37:47.116327,71.6.x.x,70e244d1342092fe,39172,0,NON_MAVLINK_PROBE,SCANNER,0,,efc390f6,NORMAL,0.0
2026-05-02T18:39:09.065486,172.236.x.x,c51314d9cbdb022d,15310,0,NON_MAVLINK_PROBE,SCANNER,0,,e2b27bd3,NORMAL,0.0
2026-05-02T18:39:09.542508,172.236.x.x,c51314d9cbdb022d,32188,0,NON_MAVLINK_PROBE,SCANNER,0,,6e687dd2,NORMAL,0.0
2026-05-02T18:44:25.632874,209.38.x.x,9045a9cd0c4df53a,60672,0,NON_MAVLINK_PROBE,SCANNER,0,,54b54495,NORMAL,0.0
2026-05-02T18:44:31.810996,176.65.x.x,1d4d0ccbdfc1a4b5,59342,0,NON_MAVLINK_PROBE,SCANNER,0,,2921bafb,NORMAL,0.0
2026-05-02T19:11:31.043535,45.79.x.x,68baea4f18d96c74,58484,0,NON_MAVLINK_PROBE,SCANNER,0,,a783fa32,NORMAL,0.0
2026-05-02T19:11:41.056583,45.79.x.x,68baea4f18d96c74,52902,0,NON_MAVLINK_PROBE,SCANNER,0,,187eb6eb,NORMAL,0.0
2026-05-02T19:13:41.176914,90.151.x.x,0d11f4acfa5df721,23547,0,NON_MAVLINK_PROBE,SCANNER,0,,77993608,NORMAL,0.0
2026-05-02T19:13:46.305105,90.151.x.x,0d11f4acfa5df721,14613,0,NON_MAVLINK_PROBE,SCANNER,0,,56d08db4,NORMAL,0.0
2026-05-02T19:13:56.047644,90.151.x.x,0d11f4acfa5df721,28237,0,NON_MAVLINK_PROBE,SCANNER,0,,fba575c8,NORMAL,0.0
2026-05-02T19:13:56.563292,90.151.x.x,0d11f4acfa5df721,19605,0,NON_MAVLINK_PROBE,SCANNER,0,,e409dc6e,NORMAL,0.0
2026-05-02T19:16:25.247450,176.65.x.x,1c233f18e373798e,60158,0,NON_MAVLINK_PROBE,SCANNER,0,,81409353,NORMAL,0.0
2026-05-02T19:50:14.885620,176.65.x.x,3caaee43e61f0c4c,42250,0,NON_MAVLINK_PROBE,SCANNER,0,,bd2174d1,NORMAL,0.0
2026-05-02T20:21:33.819799,23.88.x.x,bff3be4a3bb6be45,36824,0,NON_MAVLINK_PROBE,SCANNER,0,,32a64c4b,NORMAL,0.0
2026-05-02T20:31:16.101029,176.65.x.x,9880f1c3a55845dd,52488,0,NON_MAVLINK_PROBE,SCANNER,0,,c066b17a,NORMAL,0.0
2026-05-02T20:40:25.557191,20.102.x.x,e2b085b4fc168d32,42990,0,NON_MAVLINK_PROBE,SCANNER,0,,ee439cc1,NORMAL,0.0
2026-05-02T20:40:26.029116,20.102.x.x,e2b085b4fc168d32,60688,0,NON_MAVLINK_PROBE,SCANNER,0,,b8b87374,NORMAL,0.0
2026-05-02T20:55:38.548788,176.65.x.x,1d4d0ccbdfc1a4b5,45722,0,NON_MAVLINK_PROBE,SCANNER,0,,8bd0f8fb,NORMAL,0.0
2026-05-02T20:58:45.686883,128.1.x.x,d1c9229d03e8e046,56288,0,NON_MAVLINK_PROBE,SCANNER,0,,7929ab6f,NORMAL,0.0
2026-05-02T20:59:16.649280,85.11.x.x,31f50eb25eb1462c,38274,0,NON_MAVLINK_PROBE,SCANNER,0,,5dd51f5c,NORMAL,0.0
2026-05-02T20:59:17.018797,85.11.x.x,31f50eb25eb1462c,38290,0,NON_MAVLINK_PROBE,SCANNER,0,,8fc96103,NORMAL,0.0
2026-05-02T21:35:16.301884,190.117.x.x,5d3531145134b78e,44038,0,NON_MAVLINK_PROBE,SCANNER,0,,e2a036e9,NORMAL,0.0
2026-05-02T23:05:13.741502,138.124.x.x,177a9f3c0c84b7c9,63667,0,NON_MAVLINK_PROBE,SCANNER,0,,81057d00,NORMAL,0.0
2026-05-02T23:12:19.180716,185.91.x.x,2a2b0990dd4071ec,57194,0,NON_MAVLINK_PROBE,SCANNER,0,,ad7890f1,NORMAL,0.0
2026-05-02T23:12:19.197283,185.91.x.x,2a2b0990dd4071ec,57184,0,NON_MAVLINK_PROBE,SCANNER,0,,db92dc70,NORMAL,0.0
2026-05-02T23:12:19.202762,185.91.x.x,2a2b0990dd4071ec,57164,0,NON_MAVLINK_PROBE,SCANNER,0,,de3de854,NORMAL,0.0
2026-05-02T23:12:23.871893,185.91.x.x,2a2b0990dd4071ec,57202,0,NON_MAVLINK_PROBE,SCANNER,0,,7364c1b4,NORMAL,0.0
2026-05-02T23:12:23.903229,185.91.x.x,2a2b0990dd4071ec,57174,0,NON_MAVLINK_PROBE,SCANNER,0,,36e0b72a,NORMAL,0.0
2026-05-02T23:12:23.897489,185.91.x.x,2a2b0990dd4071ec,57160,0,NON_MAVLINK_PROBE,SCANNER,0,,9a33dd19,NORMAL,0.0
2026-05-02T23:17:39.041971,90.151.x.x,0d11f4acfa5df721,24007,0,NON_MAVLINK_PROBE,SCANNER,0,,b80b0d04,NORMAL,0.0
2026-05-02T23:17:44.079185,90.151.x.x,0d11f4acfa5df721,42215,0,NON_MAVLINK_PROBE,SCANNER,0,,cd49b2e9,NORMAL,0.0
2026-05-02T23:17:53.820176,90.151.x.x,0d11f4acfa5df721,37231,0,NON_MAVLINK_PROBE,SCANNER,0,,3e78aff6,NORMAL,0.0
2026-05-02T23:17:54.297451,90.151.x.x,0d11f4acfa5df721,57299,0,NON_MAVLINK_PROBE,SCANNER,0,,4cc37823,NORMAL,0.0
2026-05-02T23:21:18.703230,176.65.x.x,64860789f872b2c4,48300,0,NON_MAVLINK_PROBE,SCANNER,0,,f5c59be2,NORMAL,0.0
2026-05-02T23:54:06.801003,54.163.x.x,0159366a7f57eadf,64680,0,NON_MAVLINK_PROBE,SCANNER,0,,30a867c3,NORMAL,0.0
2026-05-03T00:16:02.592222,79.124.x.x,a3dc2bc09007bf5d,57516,0,NON_MAVLINK_PROBE,SCANNER,0,,7a3a0f4b,NORMAL,0.0
2026-05-03T00:18:54.019175,87.121.x.x,42d0f93047c29a1a,39262,0,NON_MAVLINK_PROBE,SCANNER,0,,fe93188b,NORMAL,0.0
2026-05-03T00:37:12.212635,147.50.x.x,e842562986482f07,48653,0,NON_MAVLINK_PROBE,SCANNER,0,,1d5f3ab9,NORMAL,0.0
2026-05-03T00:51:30.569158,23.88.x.x,bff3be4a3bb6be45,46540,0,NON_MAVLINK_PROBE,SCANNER,0,,4d10d035,NORMAL,0.0
2026-05-03T00:52:02.351069,143.198.x.x,347c38f0e1226d4d,48340,0,NON_MAVLINK_PROBE,SCANNER,0,,3ee88fd6,NORMAL,0.0
2026-05-03T00:52:03.290783,143.198.x.x,347c38f0e1226d4d,48346,0,NON_MAVLINK_PROBE,SCANNER,0,,71e5813d,NORMAL,0.0
2026-05-03T00:52:04.223404,143.198.x.x,347c38f0e1226d4d,48350,0,NON_MAVLINK_PROBE,SCANNER,0,,95d32bb7,NORMAL,0.0
2026-05-03T00:52:05.149526,143.198.x.x,347c38f0e1226d4d,48360,0,NON_MAVLINK_PROBE,SCANNER,0,,e87161ce,NORMAL,0.0
2026-05-03T00:52:06.074856,143.198.x.x,347c38f0e1226d4d,48368,0,NON_MAVLINK_PROBE,SCANNER,0,,e8f1a661,NORMAL,0.0
2026-05-03T00:52:06.988497,143.198.x.x,347c38f0e1226d4d,48374,0,NON_MAVLINK_PROBE,SCANNER,0,,a3449e97,NORMAL,0.0
2026-05-03T00:52:07.907229,143.198.x.x,347c38f0e1226d4d,48382,0,NON_MAVLINK_PROBE,SCANNER,0,,e000f7a4,NORMAL,0.0
2026-05-03T00:52:08.813774,143.198.x.x,347c38f0e1226d4d,48392,0,NON_MAVLINK_PROBE,SCANNER,0,,eddfabea,NORMAL,0.0
2026-05-03T00:52:09.718085,143.198.x.x,347c38f0e1226d4d,48406,0,NON_MAVLINK_PROBE,SCANNER,0,,9a9875fa,NORMAL,0.0
2026-05-03T00:59:52.751728,79.124.x.x,a3dc2bc09007bf5d,42758,0,NON_MAVLINK_PROBE,SCANNER,0,,2bee79d9,NORMAL,0.0
2026-05-03T01:29:43.301766,20.65.x.x,8eba4cca106db9c2,56096,0,NON_MAVLINK_PROBE,SCANNER,0,,17a13685,NORMAL,0.0
2026-05-03T02:18:56.520366,124.198.x.x,891bf3e0c9c22b1d,43124,0,NON_MAVLINK_PROBE,SCANNER,0,,837f7927,NORMAL,0.0
2026-05-03T02:56:45.449584,85.11.x.x,5fb0d166ed1e1e4b,56194,0,NON_MAVLINK_PROBE,SCANNER,0,,424bc5ed,NORMAL,0.0
2026-05-03T02:56:45.803529,85.11.x.x,5fb0d166ed1e1e4b,56206,0,NON_MAVLINK_PROBE,SCANNER,0,,0a74b8e2,NORMAL,0.0
2026-05-03T03:19:42.413650,176.65.x.x,ab84fe1772ab8402,25646,0,NON_MAVLINK_PROBE,SCANNER,0,,17db6a6d,NORMAL,0.0
2026-05-03T03:21:26.785025,205.210.x.x,e9f25cacfc532b26,65098,0,NON_MAVLINK_PROBE,SCANNER,0,,34197c6e,NORMAL,0.0
2026-05-03T03:21:26.787067,205.210.x.x,e9f25cacfc532b26,65096,0,NON_MAVLINK_PROBE,SCANNER,0,,100d5b94,NORMAL,0.0
2026-05-03T03:29:32.396380,90.151.x.x,0d11f4acfa5df721,18697,0,NON_MAVLINK_PROBE,SCANNER,0,,128c90fb,NORMAL,0.0
2026-05-03T03:29:37.427901,90.151.x.x,0d11f4acfa5df721,14713,0,NON_MAVLINK_PROBE,SCANNER,0,,8b21a508,NORMAL,0.0
2026-05-03T03:29:47.088360,90.151.x.x,0d11f4acfa5df721,41599,0,NON_MAVLINK_PROBE,SCANNER,0,,a29c9c9f,NORMAL,0.0
2026-05-03T03:29:47.555957,90.151.x.x,0d11f4acfa5df721,44237,0,NON_MAVLINK_PROBE,SCANNER,0,,cb1acf09,NORMAL,0.0
2026-05-03T03:50:51.231063,147.185.x.x,6eee0201b0b1e19c,58604,0,NON_MAVLINK_PROBE,SCANNER,0,,65c4b7a6,NORMAL,0.0
2026-05-03T03:51:16.939130,176.65.x.x,005fc190cb64f6b9,38572,0,NON_MAVLINK_PROBE,SCANNER,0,,9aeb3505,NORMAL,0.0
2026-05-03T04:02:46.820904,198.235.x.x,a344790936ce66b1,55643,0,NON_MAVLINK_PROBE,SCANNER,0,,e09f36e2,NORMAL,0.0
2026-05-03T04:21:02.477293,176.65.x.x,add16486e08506b2,47876,0,NON_MAVLINK_PROBE,SCANNER,0,,078545bb,NORMAL,0.0
2026-05-03T04:21:02.489350,176.65.x.x,add16486e08506b2,47872,0,NON_MAVLINK_PROBE,SCANNER,0,,d5328c42,NORMAL,0.0
2026-05-03T04:43:44.882001,185.132.x.x,cf4e172c1f948ae8,37860,0,NON_MAVLINK_PROBE,SCANNER,0,,c5fe3c85,NORMAL,0.0
2026-05-03T04:47:23.248619,71.6.x.x,1a5d2135066f2b5f,38928,0,NON_MAVLINK_PROBE,SCANNER,0,,7365b444,NORMAL,0.0
2026-05-03T04:50:53.235895,85.11.x.x,c61ab3d4f11bfb9f,54094,0,NON_MAVLINK_PROBE,SCANNER,0,,6321a4e3,NORMAL,0.0
2026-05-03T05:33:20.979530,64.62.x.x,bf2fd9a6a621b282,31748,0,NON_MAVLINK_PROBE,SCANNER,0,,dfadb507,NORMAL,0.0
2026-05-03T05:59:14.801257,48.214.x.x,b4f83356ff1f5d19,59826,0,NON_MAVLINK_PROBE,SCANNER,0,,9a23e0f6,NORMAL,0.0
2026-05-03T05:59:15.266207,48.214.x.x,b4f83356ff1f5d19,59838,0,NON_MAVLINK_PROBE,SCANNER,0,,47a32539,NORMAL,0.0
2026-05-03T07:25:16.069855,107.150.x.x,cfcd854c96b1879f,33788,0,NON_MAVLINK_PROBE,SCANNER,0,,05ef87cd,NORMAL,0.0
2026-05-03T07:25:21.058037,107.150.x.x,cfcd854c96b1879f,35140,0,NON_MAVLINK_PROBE,SCANNER,0,,0ca18dad,NORMAL,0.0
2026-05-03T07:25:31.297115,107.150.x.x,cfcd854c96b1879f,35152,0,NON_MAVLINK_PROBE,SCANNER,0,,85f66769,NORMAL,0.0
2026-05-03T07:25:32.804204,107.150.x.x,cfcd854c96b1879f,35156,0,NON_MAVLINK_PROBE,SCANNER,0,,8ad3cd6a,NORMAL,0.0
2026-05-03T07:27:04.576515,45.194.x.x,a5c875792cddc114,1868,0,NON_MAVLINK_PROBE,SCANNER,0,,1303b1ba,NORMAL,0.0
2026-05-03T07:28:13.281601,107.150.x.x,cfcd854c96b1879f,37440,0,NON_MAVLINK_PROBE,SCANNER,0,,e290420a,NORMAL,0.0
2026-05-03T07:28:13.778532,107.150.x.x,cfcd854c96b1879f,37450,0,NON_MAVLINK_PROBE,SCANNER,0,,f9eb0786,NORMAL,0.0
2026-05-03T07:28:14.519240,107.150.x.x,cfcd854c96b1879f,46424,0,NON_MAVLINK_PROBE,SCANNER,0,,82567de3,NORMAL,0.0
2026-05-03T07:28:14.836245,107.150.x.x,cfcd854c96b1879f,37454,0,NON_MAVLINK_PROBE,SCANNER,0,,4c1fbd22,NORMAL,0.0
2026-05-03T07:30:13.882086,3.131.x.x,33a4e31c62c5a2fe,39182,0,NON_MAVLINK_PROBE,SCANNER,0,,7b2d5d0a,NORMAL,0.0
2026-05-03T07:32:27.924968,3.131.x.x,33a4e31c62c5a2fe,44458,0,NON_MAVLINK_PROBE,SCANNER,0,,6e51b88e,NORMAL,0.0
2026-05-03T07:32:28.859430,3.131.x.x,33a4e31c62c5a2fe,39632,0,NON_MAVLINK_PROBE,SCANNER,0,,41965053,NORMAL,0.0
2026-05-03T07:34:26.319610,3.131.x.x,33a4e31c62c5a2fe,57088,0,NON_MAVLINK_PROBE,SCANNER,0,,48f8e59e,NORMAL,0.0
2026-05-03T07:36:22.287191,3.131.x.x,33a4e31c62c5a2fe,55880,0,NON_MAVLINK_PROBE,SCANNER,0,,eda0d126,NORMAL,0.0
2026-05-03T07:48:10.674469,90.151.x.x,0d11f4acfa5df721,43549,0,NON_MAVLINK_PROBE,SCANNER,0,,c9231dd3,NORMAL,0.0
2026-05-03T07:48:15.697525,90.151.x.x,0d11f4acfa5df721,20333,0,NON_MAVLINK_PROBE,SCANNER,0,,bfb3b2aa,NORMAL,0.0
2026-05-03T07:48:25.434064,90.151.x.x,0d11f4acfa5df721,6115,0,NON_MAVLINK_PROBE,SCANNER,0,,600c7c4d,NORMAL,0.0
2026-05-03T07:48:25.922626,90.151.x.x,0d11f4acfa5df721,20535,0,NON_MAVLINK_PROBE,SCANNER,0,,ecd27e9d,NORMAL,0.0
2026-05-03T07:51:22.864689,185.93.x.x,2441c4f72c6ca7f9,6241,0,NON_MAVLINK_PROBE,SCANNER,0,,85091004,NORMAL,0.0
2026-05-03T07:51:22.877236,185.93.x.x,880e88105b98d4dc,1465,0,NON_MAVLINK_PROBE,SCANNER,0,,7ad67353,NORMAL,0.0
2026-05-03T07:51:23.183550,185.93.x.x,880e88105b98d4dc,15569,0,NON_MAVLINK_PROBE,SCANNER,0,,e93b10f4,NORMAL,0.0
2026-05-03T07:51:23.187243,185.93.x.x,b1b86c6d45ecc88f,25545,0,NON_MAVLINK_PROBE,SCANNER,0,,4e5a2e33,NORMAL,0.0
2026-05-03T08:48:57.596059,139.162.x.x,eb34ef5cd64a2668,50962,0,NON_MAVLINK_PROBE,SCANNER,0,,fb369da9,NORMAL,0.0
2026-05-03T08:48:57.601203,139.162.x.x,eb34ef5cd64a2668,50968,0,NON_MAVLINK_PROBE,SCANNER,0,,77473f71,NORMAL,0.0
2026-05-03T08:49:07.584307,139.162.x.x,eb34ef5cd64a2668,50976,0,NON_MAVLINK_PROBE,SCANNER,0,,e68727e3,NORMAL,0.0
2026-05-03T08:49:07.804771,139.162.x.x,eb34ef5cd64a2668,36012,0,NON_MAVLINK_PROBE,SCANNER,0,,ad8dc4dc,NORMAL,0.0
2026-05-03T08:49:17.797136,139.162.x.x,eb34ef5cd64a2668,36016,0,NON_MAVLINK_PROBE,SCANNER,0,,58d1448e,NORMAL,0.0
2026-05-03T08:49:18.014700,139.162.x.x,eb34ef5cd64a2668,33838,0,NON_MAVLINK_PROBE,SCANNER,0,,47bfe625,NORMAL,0.0
2026-05-03T08:49:28.015537,139.162.x.x,eb34ef5cd64a2668,33846,0,NON_MAVLINK_PROBE,SCANNER,0,,ac852c1f,NORMAL,0.0
2026-05-03T08:58:06.746838,165.22.x.x,cc43b63e8b60e734,44932,0,NON_MAVLINK_PROBE,SCANNER,0,,b308015b,NORMAL,0.0
2026-05-03T08:58:09.947819,165.22.x.x,cc43b63e8b60e734,44934,0,NON_MAVLINK_PROBE,SCANNER,0,,4127b4d9,NORMAL,0.0
2026-05-03T09:41:06.588757,178.128.x.x,d8b9be573d9619d1,21018,0,NON_MAVLINK_PROBE,SCANNER,0,,db160d3e,NORMAL,0.0
2026-05-03T10:09:58.351425,5.61.x.x,7202821ba1a8b28a,44002,0,NON_MAVLINK_PROBE,SCANNER,0,,af7e4881,NORMAL,0.0
2026-05-03T10:15:02.336412,157.245.x.x,877eed9b781a7af2,39350,0,NON_MAVLINK_PROBE,SCANNER,0,,e5a93c0b,NORMAL,0.0
2026-05-03T10:19:52.907216,65.49.x.x,d1c3612419a0f9ab,37548,0,NON_MAVLINK_PROBE,SCANNER,0,,8b8a3edb,NORMAL,0.0
2026-05-03T11:22:50.993745,8.211.x.x,c4995af3d42e9c02,27470,0,NON_MAVLINK_PROBE,SCANNER,0,,20f7edcd,NORMAL,0.0
2026-05-03T11:23:04.149006,8.211.x.x,c4995af3d42e9c02,45540,0,NON_MAVLINK_PROBE,SCANNER,0,,205a2d5e,NORMAL,0.0
2026-05-03T11:23:18.336468,8.211.x.x,c4995af3d42e9c02,15918,0,NON_MAVLINK_PROBE,SCANNER,0,,e9929cf9,NORMAL,0.0
2026-05-03T11:23:31.521645,8.211.x.x,c4995af3d42e9c02,42666,0,NON_MAVLINK_PROBE,SCANNER,0,,9cca9a66,NORMAL,0.0
2026-05-03T11:37:31.492147,23.88.x.x,bff3be4a3bb6be45,34202,0,NON_MAVLINK_PROBE,SCANNER,0,,25efd38e,NORMAL,0.0
2026-05-03T12:12:16.937348,65.49.x.x,6f2f74d8fa0822a5,65080,0,NON_MAVLINK_PROBE,SCANNER,0,,c8758105,NORMAL,0.0
2026-05-03T12:13:27.992971,90.151.x.x,0d11f4acfa5df721,20197,0,NON_MAVLINK_PROBE,SCANNER,0,,846a5e65,NORMAL,0.0
2026-05-03T12:13:33.027177,90.151.x.x,0d11f4acfa5df721,56849,0,NON_MAVLINK_PROBE,SCANNER,0,,b8867f03,NORMAL,0.0
2026-05-03T12:13:42.763164,90.151.x.x,0d11f4acfa5df721,35335,0,NON_MAVLINK_PROBE,SCANNER,0,,b0e34345,NORMAL,0.0
2026-05-03T12:13:43.259690,90.151.x.x,0d11f4acfa5df721,60155,0,NON_MAVLINK_PROBE,SCANNER,0,,661c8072,NORMAL,0.0
2026-05-03T12:34:54.219283,170.64.x.x,a170f298972c4059,40924,0,NON_MAVLINK_PROBE,SCANNER,0,,3c141a4a,NORMAL,0.0
2026-05-03T13:07:07.079007,124.198.x.x,891bf3e0c9c22b1d,46034,0,NON_MAVLINK_PROBE,SCANNER,0,,8f3571ad,NORMAL,0.0
2026-05-03T13:34:41.669910,66.132.x.x,531eb9559a9a928e,45742,0,NON_MAVLINK_PROBE,SCANNER,0,,8f87dc65,NORMAL,0.0
2026-05-03T13:34:47.571182,66.132.x.x,531eb9559a9a928e,6706,4,UNKNOWN_4,UNKNOWN,3,e1a1ade0e95006003905,21f87e50,NORMAL,0.2
2026-05-03T13:35:02.480166,66.132.x.x,531eb9559a9a928e,51480,0,NON_MAVLINK_PROBE,SCANNER,0,,edf444a8,NORMAL,0.0
2026-05-03T13:46:32.616037,176.65.x.x,1d4d0ccbdfc1a4b5,43694,0,NON_MAVLINK_PROBE,SCANNER,0,,33c6dd57,NORMAL,0.0
2026-05-03T13:52:40.753074,124.198.x.x,891bf3e0c9c22b1d,36178,0,NON_MAVLINK_PROBE,SCANNER,0,,bc968517,NORMAL,0.0
2026-05-03T14:26:17.858865,135.119.x.x,3414c317472a5cc7,40930,0,NON_MAVLINK_PROBE,SCANNER,0,,ec818c94,NORMAL,0.0
2026-05-03T14:27:48.501782,124.198.x.x,891bf3e0c9c22b1d,39690,0,NON_MAVLINK_PROBE,SCANNER,0,,c258c729,NORMAL,0.0
2026-05-03T14:35:06.338511,94.26.x.x,9be329a5a4ec2129,20366,0,NON_MAVLINK_PROBE,SCANNER,0,,e8194b5d,NORMAL,0.0
2026-05-03T14:35:16.531255,152.59.x.x,17c3aa7753107ec8,60558,0,NON_MAVLINK_PROBE,SCANNER,0,,96623d9c,NORMAL,0.0
2026-05-03T14:35:16.754207,94.26.x.x,9be329a5a4ec2129,20368,0,NON_MAVLINK_PROBE,SCANNER,0,,8644e510,NORMAL,0.0
2026-05-03T14:36:42.979808,152.59.x.x,17c3aa7753107ec8,23263,0,NON_MAVLINK_PROBE,SCANNER,0,,416dcc92,NORMAL,0.0
2026-05-03T14:46:57.850359,160.119.x.x,1de7a7939278da33,44568,0,NON_MAVLINK_PROBE,SCANNER,0,,2b8f6f90,NORMAL,0.0
2026-05-03T15:19:44.557337,176.65.x.x,1d4d0ccbdfc1a4b5,42648,0,NON_MAVLINK_PROBE,SCANNER,0,,61430da5,NORMAL,0.0
2026-05-03T15:22:06.474075,124.198.x.x,891bf3e0c9c22b1d,41590,0,NON_MAVLINK_PROBE,SCANNER,0,,dab287be,NORMAL,0.0
2026-05-03T15:28:37.225436,45.153.x.x,0b28fdd13c52a535,34166,0,NON_MAVLINK_PROBE,SCANNER,0,,1005fd3f,NORMAL,0.0
2026-05-03T15:41:50.151878,64.227.x.x,5487248d95f87a33,47802,0,NON_MAVLINK_PROBE,SCANNER,0,,8d861b82,NORMAL,0.0
2026-05-03T16:11:51.181141,124.198.x.x,891bf3e0c9c22b1d,50848,0,NON_MAVLINK_PROBE,SCANNER,0,,f71c6bd2,NORMAL,0.0
2026-05-03T16:24:35.444632,90.151.x.x,0d11f4acfa5df721,61065,0,NON_MAVLINK_PROBE,SCANNER,0,,09ac50ee,NORMAL,0.0
2026-05-03T16:24:40.565783,90.151.x.x,0d11f4acfa5df721,47497,0,NON_MAVLINK_PROBE,SCANNER,0,,240b63b1,NORMAL,0.0
2026-05-03T16:24:50.292233,90.151.x.x,0d11f4acfa5df721,55009,0,NON_MAVLINK_PROBE,SCANNER,0,,d6903b89,NORMAL,0.0
2026-05-03T16:24:50.796092,90.151.x.x,0d11f4acfa5df721,17123,0,NON_MAVLINK_PROBE,SCANNER,0,,e37b1559,NORMAL,0.0
2026-05-03T16:26:46.366929,107.150.x.x,5fd909c151ac1fc6,33170,0,NON_MAVLINK_PROBE,SCANNER,0,,7c448048,NORMAL,0.0
2026-05-03T16:26:51.376608,107.150.x.x,5fd909c151ac1fc6,37702,0,NON_MAVLINK_PROBE,SCANNER,0,,7dec2b5a,NORMAL,0.0
2026-05-03T16:27:01.599523,107.150.x.x,5fd909c151ac1fc6,37708,0,NON_MAVLINK_PROBE,SCANNER,0,,949609ea,NORMAL,0.0
2026-05-03T16:27:03.108624,107.150.x.x,5fd909c151ac1fc6,37718,0,NON_MAVLINK_PROBE,SCANNER,0,,e686d04f,NORMAL,0.0
2026-05-03T16:47:49.670673,176.65.x.x,3caaee43e61f0c4c,41434,0,NON_MAVLINK_PROBE,SCANNER,0,,48fd1575,NORMAL,0.0
2026-05-03T16:50:48.036459,176.65.x.x,1c233f18e373798e,30804,0,NON_MAVLINK_PROBE,SCANNER,0,,d4c2e01d,NORMAL,0.0
2026-05-03T16:56:55.230031,157.10.x.x,9c65d3f844bf54bc,58060,0,NON_MAVLINK_PROBE,SCANNER,0,,67880369,NORMAL,0.0
2026-05-03T17:19:22.244357,209.38.x.x,9045a9cd0c4df53a,38242,0,NON_MAVLINK_PROBE,SCANNER,0,,993600ca,NORMAL,0.0
2026-05-03T17:25:40.957952,176.65.x.x,3caaee43e61f0c4c,33260,0,NON_MAVLINK_PROBE,SCANNER,0,,57971dbb,NORMAL,0.0
2026-05-03T17:52:38.668537,157.245.x.x,877eed9b781a7af2,46558,0,NON_MAVLINK_PROBE,SCANNER,0,,34a4cbbe,NORMAL,0.0
2026-05-03T18:05:16.640799,103.59.x.x,aa4b67141a8b26dd,44620,0,NON_MAVLINK_PROBE,SCANNER,0,,e5f459a3,NORMAL,0.0
2026-05-03T18:15:58.842218,165.154.x.x,adfe2998165ba35b,56138,0,NON_MAVLINK_PROBE,SCANNER,0,,365f3512,NORMAL,0.0
2026-05-03T18:16:17.369775,165.154.x.x,adfe2998165ba35b,56154,0,NON_MAVLINK_PROBE,SCANNER,0,,e638e513,NORMAL,0.0
2026-05-03T18:16:35.919590,165.154.x.x,adfe2998165ba35b,45320,0,NON_MAVLINK_PROBE,SCANNER,0,,03e94eaa,NORMAL,0.0
2026-05-03T18:16:54.523139,165.154.x.x,adfe2998165ba35b,36668,0,NON_MAVLINK_PROBE,SCANNER,0,,9f7b5137,NORMAL,0.0
2026-05-03T18:17:13.029745,165.154.x.x,adfe2998165ba35b,35222,0,NON_MAVLINK_PROBE,SCANNER,0,,e3f8c669,NORMAL,0.0
2026-05-03T18:17:31.670688,165.154.x.x,adfe2998165ba35b,53374,0,NON_MAVLINK_PROBE,SCANNER,0,,c58b47fd,NORMAL,0.0
2026-05-03T18:17:50.214282,165.154.x.x,adfe2998165ba35b,53890,0,NON_MAVLINK_PROBE,SCANNER,0,,ca6975b6,NORMAL,0.0
2026-05-03T18:18:08.760268,165.154.x.x,adfe2998165ba35b,56802,0,NON_MAVLINK_PROBE,SCANNER,0,,f69c310e,NORMAL,0.0
2026-05-03T18:18:27.361087,165.154.x.x,adfe2998165ba35b,34072,0,NON_MAVLINK_PROBE,SCANNER,0,,60b7e937,NORMAL,0.0
2026-05-03T18:18:45.849961,165.154.x.x,adfe2998165ba35b,54180,0,NON_MAVLINK_PROBE,SCANNER,0,,e6491a28,NORMAL,0.0
2026-05-03T18:26:00.208251,176.65.x.x,1d4d0ccbdfc1a4b5,57010,0,NON_MAVLINK_PROBE,SCANNER,0,,37e3e3cc,NORMAL,0.0
2026-05-03T18:51:04.377380,93.123.x.x,7241acd881f52dff,42378,0,NON_MAVLINK_PROBE,SCANNER,0,,784d659b,NORMAL,0.0
2026-05-03T20:26:33.980522,87.236.x.x,a60a22641c5083c9,39317,0,NON_MAVLINK_PROBE,SCANNER,0,,b471a1af,NORMAL,0.0
2026-05-03T20:31:08.133898,90.151.x.x,0d11f4acfa5df721,28937,0,NON_MAVLINK_PROBE,SCANNER,0,,7badf3cb,NORMAL,0.0
2026-05-03T20:31:13.244543,90.151.x.x,0d11f4acfa5df721,8251,0,NON_MAVLINK_PROBE,SCANNER,0,,9ac974fa,NORMAL,0.0
2026-05-03T20:31:22.875722,90.151.x.x,0d11f4acfa5df721,60343,0,NON_MAVLINK_PROBE,SCANNER,0,,2dd17b91,NORMAL,0.0
2026-05-03T20:31:23.357038,90.151.x.x,0d11f4acfa5df721,2165,0,NON_MAVLINK_PROBE,SCANNER,0,,ba606566,NORMAL,0.0
2026-05-03T22:07:46.010188,5.61.x.x,7202821ba1a8b28a,40136,0,NON_MAVLINK_PROBE,SCANNER,0,,3e8d96c3,NORMAL,0.0
2026-05-03T22:08:30.330081,198.235.x.x,7c3de8dbf5cc1da1,62610,0,NON_MAVLINK_PROBE,SCANNER,0,,04e84b19,NORMAL,0.0
2026-05-03T22:18:17.813649,176.65.x.x,745000375f279940,58442,0,NON_MAVLINK_PROBE,SCANNER,0,,5e1b74e9,NORMAL,0.0
2026-05-03T22:34:24.771432,176.65.x.x,9880f1c3a55845dd,23460,0,NON_MAVLINK_PROBE,SCANNER,0,,b31f5f9e,NORMAL,0.0
2026-05-03T22:42:14.748048,45.194.x.x,a5c875792cddc114,6650,0,NON_MAVLINK_PROBE,SCANNER,0,,d7b2e674,NORMAL,0.0
2026-05-03T23:32:47.135668,165.154.x.x,9788fb0d2e8a458a,58720,0,NON_MAVLINK_PROBE,SCANNER,0,,ffe9b4de,NORMAL,0.0
2026-05-03T23:32:52.174478,165.154.x.x,9788fb0d2e8a458a,58724,0,NON_MAVLINK_PROBE,SCANNER,0,,7f1327e2,NORMAL,0.0
2026-05-03T23:33:02.438102,165.154.x.x,9788fb0d2e8a458a,39174,0,NON_MAVLINK_PROBE,SCANNER,0,,74288690,NORMAL,0.0
2026-05-03T23:33:03.962883,165.154.x.x,9788fb0d2e8a458a,39184,0,NON_MAVLINK_PROBE,SCANNER,0,,f7b85474,NORMAL,0.0
2026-05-03T23:35:23.767599,165.154.x.x,9788fb0d2e8a458a,39670,0,NON_MAVLINK_PROBE,SCANNER,0,,3dba9a57,NORMAL,0.0
2026-05-03T23:35:24.228337,165.154.x.x,9788fb0d2e8a458a,39682,0,NON_MAVLINK_PROBE,SCANNER,0,,0d8d01b7,NORMAL,0.0
2026-05-03T23:35:24.948292,165.154.x.x,9788fb0d2e8a458a,39690,0,NON_MAVLINK_PROBE,SCANNER,0,,b41707d8,NORMAL,0.0
2026-05-03T23:35:25.210439,165.154.x.x,9788fb0d2e8a458a,39684,0,NON_MAVLINK_PROBE,SCANNER,0,,6706290b,NORMAL,0.0
2026-05-03T23:37:23.920643,86.54.x.x,a1edf9bbcace1c24,44928,0,NON_MAVLINK_PROBE,SCANNER,0,,54ead397,NORMAL,0.0
2026-05-03T23:46:52.284751,45.205.x.x,1a04c6553bb8c980,35308,0,NON_MAVLINK_PROBE,SCANNER,0,,dc0fe2b9,NORMAL,0.0
2026-05-03T23:55:53.716481,18.204.x.x,ed48deedfa7c0b1a,52342,0,NON_MAVLINK_PROBE,SCANNER,0,,eb3e3d20,NORMAL,0.0
2026-05-04T00:07:30.961318,40.119.x.x,b4a812990ba4fde7,45306,0,NON_MAVLINK_PROBE,SCANNER,0,,97e2977b,NORMAL,0.0
2026-05-04T00:07:31.423860,40.119.x.x,b4a812990ba4fde7,49252,0,NON_MAVLINK_PROBE,SCANNER,0,,7f279656,NORMAL,0.0
2026-05-04T00:49:33.592007,79.124.x.x,a3dc2bc09007bf5d,43010,0,NON_MAVLINK_PROBE,SCANNER,0,,8d75840d,NORMAL,0.0
2026-05-04T01:10:27.492082,90.151.x.x,0d11f4acfa5df721,63561,0,NON_MAVLINK_PROBE,SCANNER,0,,659cb30d,NORMAL,0.0
2026-05-04T01:10:32.508642,90.151.x.x,0d11f4acfa5df721,55757,0,NON_MAVLINK_PROBE,SCANNER,0,,e627f167,NORMAL,0.0
2026-05-04T01:10:42.279464,90.151.x.x,0d11f4acfa5df721,33823,0,NON_MAVLINK_PROBE,SCANNER,0,,fd71eb02,NORMAL,0.0
2026-05-04T01:10:42.769193,90.151.x.x,0d11f4acfa5df721,48013,0,NON_MAVLINK_PROBE,SCANNER,0,,3a7c6e1f,NORMAL,0.0
2026-05-04T01:27:55.261945,185.100.x.x,61b862dc6e351f74,57986,0,NON_MAVLINK_PROBE,SCANNER,0,,f8f00975,NORMAL,0.0
2026-05-04T01:29:41.498533,79.124.x.x,a3dc2bc09007bf5d,49346,0,NON_MAVLINK_PROBE,SCANNER,0,,6f3b1357,NORMAL,0.0
2026-05-04T02:01:20.780374,176.65.x.x,9880f1c3a55845dd,20850,0,NON_MAVLINK_PROBE,SCANNER,0,,803666a5,NORMAL,0.0
2026-05-04T02:03:31.169275,2.26.x.x,c3ca72a28bb1ba84,46294,0,NON_MAVLINK_PROBE,SCANNER,0,,35bcb659,NORMAL,0.0
2026-05-04T02:18:51.622611,176.65.x.x,9880f1c3a55845dd,15094,0,NON_MAVLINK_PROBE,SCANNER,0,,c26270b8,NORMAL,0.0
2026-05-04T02:40:28.304625,185.132.x.x,cf4e172c1f948ae8,53152,0,NON_MAVLINK_PROBE,SCANNER,0,,b15dc869,NORMAL,0.0
2026-05-04T02:57:46.248484,64.62.x.x,19aa2e78299d2fbc,62378,0,NON_MAVLINK_PROBE,SCANNER,0,,f34e2b2d,NORMAL,0.0
2026-05-04T03:39:19.091078,5.61.x.x,4daa61e0b2e4ba7f,49896,0,NON_MAVLINK_PROBE,SCANNER,0,,b0ee6b2f,NORMAL,0.0
2026-05-04T04:26:27.745862,104.243.x.x,c3e683c024b61396,48168,0,NON_MAVLINK_PROBE,SCANNER,0,,9827afe5,NORMAL,0.0
2026-05-04T04:26:29.075750,104.243.x.x,c3e683c024b61396,48180,0,NON_MAVLINK_PROBE,SCANNER,0,,487cfd15,NORMAL,0.0
2026-05-04T05:42:09.290611,90.151.x.x,0d11f4acfa5df721,22479,0,NON_MAVLINK_PROBE,SCANNER,0,,7f09cfc1,NORMAL,0.0
2026-05-04T05:42:14.430359,90.151.x.x,0d11f4acfa5df721,4813,0,NON_MAVLINK_PROBE,SCANNER,0,,143b8ab1,NORMAL,0.0
2026-05-04T05:42:23.941181,90.151.x.x,0d11f4acfa5df721,54331,0,NON_MAVLINK_PROBE,SCANNER,0,,bf83b8fb,NORMAL,0.0
2026-05-04T05:42:25.334835,90.151.x.x,0d11f4acfa5df721,62839,0,NON_MAVLINK_PROBE,SCANNER,0,,77bfc831,NORMAL,0.0
2026-05-04T05:42:27.943176,184.105.x.x,197eb9dc18675ee7,6170,0,NON_MAVLINK_PROBE,SCANNER,0,,89e2ee38,NORMAL,0.0
2026-05-04T05:53:02.632989,18.116.x.x,5824e96b9673eccb,54580,0,NON_MAVLINK_PROBE,SCANNER,0,,fc35f1c3,NORMAL,0.0
2026-05-04T05:54:20.403078,18.116.x.x,5824e96b9673eccb,41178,0,NON_MAVLINK_PROBE,SCANNER,0,,a8e37354,NORMAL,0.0
2026-05-04T05:54:21.064901,18.116.x.x,5824e96b9673eccb,38340,0,NON_MAVLINK_PROBE,SCANNER,0,,3c8ef2a5,NORMAL,0.0
2026-05-04T05:55:46.847978,176.65.x.x,9880f1c3a55845dd,1522,0,NON_MAVLINK_PROBE,SCANNER,0,,9e658e76,NORMAL,0.0
2026-05-04T05:56:09.075668,18.116.x.x,5824e96b9673eccb,60510,0,NON_MAVLINK_PROBE,SCANNER,0,,59f9802d,NORMAL,0.0
2026-05-04T05:56:33.905910,205.210.x.x,e42fac5684ac05f8,55875,0,NON_MAVLINK_PROBE,SCANNER,0,,af331d90,NORMAL,0.0
2026-05-04T05:58:26.994052,18.116.x.x,5824e96b9673eccb,39040,0,NON_MAVLINK_PROBE,SCANNER,0,,f37f49b8,NORMAL,0.0
2026-05-04T06:35:35.606536,172.232.x.x,28930672c07fe243,34248,0,NON_MAVLINK_PROBE,SCANNER,0,,2984e234,NORMAL,0.0
2026-05-04T06:35:57.664657,172.232.x.x,28930672c07fe243,41474,0,NON_MAVLINK_PROBE,SCANNER,0,,32b0a2e5,NORMAL,0.0
2026-05-04T06:36:02.730902,172.232.x.x,28930672c07fe243,46352,0,NON_MAVLINK_PROBE,SCANNER,0,,7091a3cb,NORMAL,0.0
2026-05-04T06:36:07.775137,172.232.x.x,28930672c07fe243,48378,0,NON_MAVLINK_PROBE,SCANNER,0,,696c64bd,NORMAL,0.0
2026-05-04T06:36:12.824154,172.232.x.x,28930672c07fe243,48518,0,NON_MAVLINK_PROBE,SCANNER,0,,430aa072,NORMAL,0.0
2026-05-04T06:36:17.879991,172.232.x.x,28930672c07fe243,42304,0,NON_MAVLINK_PROBE,SCANNER,0,,e40b8155,NORMAL,0.0
2026-05-04T06:36:22.939149,172.232.x.x,28930672c07fe243,42380,0,NON_MAVLINK_PROBE,SCANNER,0,,0d1f4be2,NORMAL,0.0
2026-05-04T06:36:28.009597,172.232.x.x,28930672c07fe243,60160,0,NON_MAVLINK_PROBE,SCANNER,0,,09bcc8c6,NORMAL,0.0
2026-05-04T06:36:33.052848,172.232.x.x,28930672c07fe243,60232,0,NON_MAVLINK_PROBE,SCANNER,0,,f30336b3,NORMAL,0.0
2026-05-04T06:36:38.099290,172.232.x.x,28930672c07fe243,49798,0,NON_MAVLINK_PROBE,SCANNER,0,,4126146e,NORMAL,0.0
2026-05-04T06:36:43.149029,172.232.x.x,28930672c07fe243,49884,0,NON_MAVLINK_PROBE,SCANNER,0,,b505e0cc,NORMAL,0.0
2026-05-04T06:36:50.692554,172.232.x.x,28930672c07fe243,38748,0,NON_MAVLINK_PROBE,SCANNER,0,,ca5edc93,NORMAL,0.0
2026-05-04T06:36:55.763149,172.232.x.x,28930672c07fe243,38730,0,NON_MAVLINK_PROBE,SCANNER,0,,5bc83ef2,NORMAL,0.0
2026-05-04T06:37:00.810557,172.232.x.x,28930672c07fe243,38766,0,NON_MAVLINK_PROBE,SCANNER,0,,0763afc8,NORMAL,0.0
2026-05-04T06:37:05.856867,172.232.x.x,28930672c07fe243,50166,0,NON_MAVLINK_PROBE,SCANNER,0,,c50aaf33,NORMAL,0.0
2026-05-04T06:37:10.911336,172.232.x.x,28930672c07fe243,50242,0,NON_MAVLINK_PROBE,SCANNER,0,,c2387c25,NORMAL,0.0
2026-05-04T06:37:15.961278,172.232.x.x,28930672c07fe243,50788,0,NON_MAVLINK_PROBE,SCANNER,0,,17b17843,NORMAL,0.0
2026-05-04T06:37:21.014023,172.232.x.x,28930672c07fe243,50844,0,NON_MAVLINK_PROBE,SCANNER,0,,c68068fa,NORMAL,0.0
2026-05-04T06:37:26.069698,172.232.x.x,28930672c07fe243,60760,0,NON_MAVLINK_PROBE,SCANNER,0,,1eab892c,NORMAL,0.0
2026-05-04T06:37:31.122228,172.232.x.x,28930672c07fe243,60838,0,NON_MAVLINK_PROBE,SCANNER,0,,587de43b,NORMAL,0.0
2026-05-04T06:37:36.172073,172.232.x.x,28930672c07fe243,42120,0,NON_MAVLINK_PROBE,SCANNER,0,,74c92d1f,NORMAL,0.0
2026-05-04T06:37:43.720632,172.232.x.x,28930672c07fe243,42148,0,NON_MAVLINK_PROBE,SCANNER,0,,9742150a,NORMAL,0.0
2026-05-04T06:37:48.773894,172.232.x.x,28930672c07fe243,34778,0,NON_MAVLINK_PROBE,SCANNER,0,,71dcba9b,NORMAL,0.0
2026-05-04T06:37:53.820220,172.232.x.x,28930672c07fe243,60754,0,NON_MAVLINK_PROBE,SCANNER,0,,5c25e43f,NORMAL,0.0
2026-05-04T06:37:58.875030,172.232.x.x,28930672c07fe243,60826,0,NON_MAVLINK_PROBE,SCANNER,0,,aadc5ebc,NORMAL,0.0
2026-05-04T06:38:03.941368,172.232.x.x,28930672c07fe243,43640,0,NON_MAVLINK_PROBE,SCANNER,0,,a15bd963,NORMAL,0.0
2026-05-04T06:38:08.986406,172.232.x.x,28930672c07fe243,43706,0,NON_MAVLINK_PROBE,SCANNER,0,,a750adf4,NORMAL,0.0
2026-05-04T06:38:14.027913,172.232.x.x,28930672c07fe243,37852,0,NON_MAVLINK_PROBE,SCANNER,0,,e553606d,NORMAL,0.0
2026-05-04T06:38:19.090667,172.232.x.x,28930672c07fe243,37954,0,NON_MAVLINK_PROBE,SCANNER,0,,4c8faac5,NORMAL,0.0
2026-05-04T06:38:24.130512,172.232.x.x,28930672c07fe243,55236,0,NON_MAVLINK_PROBE,SCANNER,0,,f2d249f3,NORMAL,0.0
2026-05-04T06:38:29.193785,172.232.x.x,28930672c07fe243,55366,0,NON_MAVLINK_PROBE,SCANNER,0,,cfbc61f6,NORMAL,0.0
2026-05-04T06:38:34.235662,172.232.x.x,28930672c07fe243,36420,0,NON_MAVLINK_PROBE,SCANNER,0,,1edb761f,NORMAL,0.0
2026-05-04T06:38:39.291325,172.232.x.x,28930672c07fe243,36454,0,NON_MAVLINK_PROBE,SCANNER,0,,5c77194f,NORMAL,0.0
2026-05-04T06:38:44.376032,172.232.x.x,28930672c07fe243,54144,0,NON_MAVLINK_PROBE,SCANNER,0,,b370fc50,NORMAL,0.0
2026-05-04T06:38:49.416270,172.232.x.x,28930672c07fe243,54204,0,NON_MAVLINK_PROBE,SCANNER,0,,a7a49c78,NORMAL,0.0
2026-05-04T06:38:54.457340,172.232.x.x,28930672c07fe243,36678,0,NON_MAVLINK_PROBE,SCANNER,0,,ef5f0f1f,NORMAL,0.0
2026-05-04T06:38:59.512374,172.232.x.x,28930672c07fe243,36722,0,NON_MAVLINK_PROBE,SCANNER,0,,3d314bd9,NORMAL,0.0
2026-05-04T06:39:04.567592,172.232.x.x,28930672c07fe243,34704,0,NON_MAVLINK_PROBE,SCANNER,0,,e9452a77,NORMAL,0.0
2026-05-04T06:39:05.379095,172.232.x.x,28930672c07fe243,34772,0,NON_MAVLINK_PROBE,SCANNER,0,,d78cafa5,NORMAL,0.0
2026-05-04T06:39:05.387555,172.232.x.x,28930672c07fe243,34780,0,NON_MAVLINK_PROBE,SCANNER,0,,8d6067b5,NORMAL,0.0
2026-05-04T06:39:05.552501,172.232.x.x,28930672c07fe243,34914,0,NON_MAVLINK_PROBE,SCANNER,0,,ba77ab30,NORMAL,0.0
2026-05-04T06:39:05.607306,172.232.x.x,28930672c07fe243,34930,0,NON_MAVLINK_PROBE,SCANNER,0,,d44e39e2,NORMAL,0.0
2026-05-04T06:39:05.698459,172.232.x.x,28930672c07fe243,35004,0,NON_MAVLINK_PROBE,SCANNER,0,,019c3a86,NORMAL,0.0
2026-05-04T06:39:15.193141,172.232.x.x,28930672c07fe243,34788,0,NON_MAVLINK_PROBE,SCANNER,0,,7aac8a1a,NORMAL,0.0
2026-05-04T06:39:20.659367,172.232.x.x,28930672c07fe243,34826,0,NON_MAVLINK_PROBE,SCANNER,0,,9fd95a14,NORMAL,0.0
2026-05-04T06:39:36.779642,172.232.x.x,28930672c07fe243,35016,0,NON_MAVLINK_PROBE,SCANNER,0,,00b9dffd,NORMAL,0.0
2026-05-04T06:39:36.764701,172.232.x.x,28930672c07fe243,34792,0,NON_MAVLINK_PROBE,SCANNER,0,,03a711e8,NORMAL,0.0
2026-05-04T06:39:36.799069,172.232.x.x,28930672c07fe243,34810,0,NON_MAVLINK_PROBE,SCANNER,0,,dbf34a8e,NORMAL,0.0
2026-05-04T06:39:36.801291,172.232.x.x,28930672c07fe243,57224,0,NON_MAVLINK_PROBE,SCANNER,0,,9bb85222,NORMAL,0.0
2026-05-04T06:39:36.804892,172.232.x.x,28930672c07fe243,34808,0,NON_MAVLINK_PROBE,SCANNER,0,,4a098b49,NORMAL,0.0
2026-05-04T06:39:36.797494,172.232.x.x,28930672c07fe243,35080,0,NON_MAVLINK_PROBE,SCANNER,0,,98b1c116,NORMAL,0.0
2026-05-04T06:39:36.813238,172.232.x.x,28930672c07fe243,34842,0,NON_MAVLINK_PROBE,SCANNER,0,,36ebca49,NORMAL,0.0
2026-05-04T06:39:36.821032,172.232.x.x,28930672c07fe243,55912,0,NON_MAVLINK_PROBE,SCANNER,0,,ac5d2d02,NORMAL,0.0
2026-05-04T06:39:36.826429,172.232.x.x,28930672c07fe243,34766,0,NON_MAVLINK_PROBE,SCANNER,0,,41e690a1,NORMAL,0.0
2026-05-04T06:39:36.825414,172.232.x.x,28930672c07fe243,34798,0,NON_MAVLINK_PROBE,SCANNER,0,,1e56b8d0,NORMAL,0.0
2026-05-04T06:54:32.265256,152.32.x.x,471b75e202bfa3df,41778,0,NON_MAVLINK_PROBE,SCANNER,0,,9d1ce235,NORMAL,0.0
2026-05-04T06:54:37.297400,152.32.x.x,471b75e202bfa3df,41794,0,NON_MAVLINK_PROBE,SCANNER,0,,b1e613ff,NORMAL,0.0
2026-05-04T06:54:47.611775,152.32.x.x,471b75e202bfa3df,39110,0,NON_MAVLINK_PROBE,SCANNER,0,,14d58d33,NORMAL,0.0
2026-05-04T06:54:49.127339,152.32.x.x,471b75e202bfa3df,39122,0,NON_MAVLINK_PROBE,SCANNER,0,,1333f4d7,NORMAL,0.0
2026-05-04T06:58:08.779354,152.32.x.x,471b75e202bfa3df,42474,0,NON_MAVLINK_PROBE,SCANNER,0,,c693fd0f,NORMAL,0.0
2026-05-04T06:58:09.289231,152.32.x.x,471b75e202bfa3df,42482,0,NON_MAVLINK_PROBE,SCANNER,0,,754e238a,NORMAL,0.0
2026-05-04T06:58:10.019787,152.32.x.x,471b75e202bfa3df,42494,0,NON_MAVLINK_PROBE,SCANNER,0,,cef02e46,NORMAL,0.0
2026-05-04T06:58:10.286709,152.32.x.x,471b75e202bfa3df,42484,0,NON_MAVLINK_PROBE,SCANNER,0,,bafc2b38,NORMAL,0.0
2026-05-04T07:17:38.422356,66.132.x.x,0ace7ef1952b1e8d,37572,0,NON_MAVLINK_PROBE,SCANNER,0,,63ac3a5d,NORMAL,0.0
2026-05-04T07:17:42.444259,66.132.x.x,0ace7ef1952b1e8d,49206,4,UNKNOWN_4,UNKNOWN,3,aba7f4b9f85006003905,f421a4eb,NORMAL,0.2
2026-05-04T07:17:55.898665,66.132.x.x,0ace7ef1952b1e8d,49216,0,NON_MAVLINK_PROBE,SCANNER,0,,ba7dcca4,NORMAL,0.0
2026-05-04T08:03:53.896510,176.65.x.x,9880f1c3a55845dd,14438,0,NON_MAVLINK_PROBE,SCANNER,0,,42e01ef3,NORMAL,0.0
2026-05-04T08:45:21.875884,8.216.x.x,4881af58ff6fa1fa,13012,0,NON_MAVLINK_PROBE,SCANNER,0,,fc3e4c6b,NORMAL,0.0
2026-05-04T08:45:34.990222,8.216.x.x,4881af58ff6fa1fa,23838,0,NON_MAVLINK_PROBE,SCANNER,0,,edbc1542,NORMAL,0.0
2026-05-04T08:45:48.101361,8.216.x.x,4881af58ff6fa1fa,33786,0,NON_MAVLINK_PROBE,SCANNER,0,,c120212f,NORMAL,0.0
2026-05-04T08:46:01.263018,8.216.x.x,4881af58ff6fa1fa,54636,0,NON_MAVLINK_PROBE,SCANNER,0,,5193c150,NORMAL,0.0
2026-05-04T10:02:51.208004,13.63.x.x,a0a0cfcd89158352,34296,0,NON_MAVLINK_PROBE,SCANNER,0,,f4ce1973,NORMAL,0.0
2026-05-04T11:50:42.688694,20.127.x.x,9e5e2ca9d1a74fae,43062,0,NON_MAVLINK_PROBE,SCANNER,0,,dc07bffc,NORMAL,0.0
2026-05-04T12:01:54.356610,185.132.x.x,cf4e172c1f948ae8,34196,0,NON_MAVLINK_PROBE,SCANNER,0,,a9c22f9a,NORMAL,0.0
2026-05-04T12:13:43.528722,159.223.x.x,a25b00ba549baf04,35442,0,NON_MAVLINK_PROBE,SCANNER,0,,8e03cc3e,NORMAL,0.0
2026-05-04T12:24:52.856904,176.65.x.x,b13267e16fec16a6,40284,0,NON_MAVLINK_PROBE,SCANNER,0,,b203f00b,NORMAL,0.0
2026-05-04T12:34:35.670965,5.187.x.x,7c5d66f95da34862,44276,0,NON_MAVLINK_PROBE,SCANNER,0,,69ca8ad7,NORMAL,0.0
2026-05-04T13:03:59.868901,209.38.x.x,d416d44da42fe234,37070,0,NON_MAVLINK_PROBE,SCANNER,0,,53fdd9de,NORMAL,0.0
2026-05-04T14:19:00.757901,165.154.x.x,0cc955fb66c3af23,47780,0,NON_MAVLINK_PROBE,SCANNER,0,,05bf191d,NORMAL,0.0
2026-05-04T14:19:05.775503,165.154.x.x,0cc955fb66c3af23,47790,0,NON_MAVLINK_PROBE,SCANNER,0,,afdc686e,NORMAL,0.0
2026-05-04T14:19:16.020426,165.154.x.x,0cc955fb66c3af23,34574,0,NON_MAVLINK_PROBE,SCANNER,0,,86f2d588,NORMAL,0.0
2026-05-04T14:19:17.507228,165.154.x.x,0cc955fb66c3af23,34578,0,NON_MAVLINK_PROBE,SCANNER,0,,30d964f8,NORMAL,0.0
2026-05-04T14:22:33.343421,165.154.x.x,0cc955fb66c3af23,45188,0,NON_MAVLINK_PROBE,SCANNER,0,,d8ca0881,NORMAL,0.0
2026-05-04T14:22:33.818331,165.154.x.x,0cc955fb66c3af23,45190,0,NON_MAVLINK_PROBE,SCANNER,0,,fa7a9190,NORMAL,0.0
2026-05-04T14:22:34.556398,165.154.x.x,0cc955fb66c3af23,45520,0,NON_MAVLINK_PROBE,SCANNER,0,,a7e5bbd4,NORMAL,0.0
2026-05-04T14:22:34.837531,165.154.x.x,0cc955fb66c3af23,45512,0,NON_MAVLINK_PROBE,SCANNER,0,,55a91d8f,NORMAL,0.0
2026-05-04T14:33:22.248718,108.165.x.x,6d43a4d1f3339ae1,57904,0,NON_MAVLINK_PROBE,SCANNER,0,,b483f0f8,NORMAL,0.0
2026-05-04T15:28:38.179645,176.65.x.x,55a7b7f15fe7b86a,33874,0,NON_MAVLINK_PROBE,SCANNER,0,,222767c7,NORMAL,0.0
2026-05-04T15:56:50.571723,64.62.x.x,dd8d91fb36488d00,44242,0,NON_MAVLINK_PROBE,SCANNER,0,,d63fb4c0,NORMAL,0.0
2026-05-04T15:59:34.072715,176.65.x.x,55a7b7f15fe7b86a,59888,0,NON_MAVLINK_PROBE,SCANNER,0,,174d1d7f,NORMAL,0.0
2026-05-04T16:54:06.150482,176.65.x.x,9880f1c3a55845dd,45762,0,NON_MAVLINK_PROBE,SCANNER,0,,aa525345,NORMAL,0.0
2026-05-04T17:57:11.650727,47.85.x.x,8fd5462ccca05f8e,38256,0,NON_MAVLINK_PROBE,SCANNER,0,,6d9cefc8,NORMAL,0.0
2026-05-04T18:12:10.105372,101.36.x.x,42f2331523970157,46292,0,NON_MAVLINK_PROBE,SCANNER,0,,b542aaa7,NORMAL,0.0
2026-05-04T18:12:28.320821,101.36.x.x,42f2331523970157,46306,0,NON_MAVLINK_PROBE,SCANNER,0,,17f424aa,NORMAL,0.0
2026-05-04T18:12:46.444953,101.36.x.x,42f2331523970157,53430,0,NON_MAVLINK_PROBE,SCANNER,0,,874d74b0,NORMAL,0.0
2026-05-04T18:13:04.615020,101.36.x.x,42f2331523970157,41834,0,NON_MAVLINK_PROBE,SCANNER,0,,e675842d,NORMAL,0.0
2026-05-04T18:13:22.813002,101.36.x.x,42f2331523970157,42236,0,NON_MAVLINK_PROBE,SCANNER,0,,e289957c,NORMAL,0.0
2026-05-04T18:13:40.995966,101.36.x.x,42f2331523970157,55316,0,NON_MAVLINK_PROBE,SCANNER,0,,3ab9af74,NORMAL,0.0
2026-05-04T18:13:59.161366,101.36.x.x,42f2331523970157,36374,0,NON_MAVLINK_PROBE,SCANNER,0,,b819d696,NORMAL,0.0
2026-05-04T18:14:17.330923,101.36.x.x,42f2331523970157,42326,0,NON_MAVLINK_PROBE,SCANNER,0,,bc16dbf5,NORMAL,0.0
2026-05-04T18:14:35.527059,101.36.x.x,42f2331523970157,45954,0,NON_MAVLINK_PROBE,SCANNER,0,,0d78202f,NORMAL,0.0
2026-05-04T18:14:53.709974,101.36.x.x,42f2331523970157,60556,0,NON_MAVLINK_PROBE,SCANNER,0,,e105e4d3,NORMAL,0.0
2026-05-04T19:42:35.461056,45.79.x.x,d0a1e9eafbed515a,60672,0,NON_MAVLINK_PROBE,SCANNER,0,,a5c74f76,NORMAL,0.0
2026-05-04T20:19:59.806235,212.73.x.x,02d39f576725e746,49866,0,NON_MAVLINK_PROBE,SCANNER,0,,dc73eb02,NORMAL,0.0
2026-05-04T20:21:11.577568,204.76.x.x,89cc37b19d5cd37b,58270,0,NON_MAVLINK_PROBE,SCANNER,0,,2b5b793b,NORMAL,0.0
2026-05-04T20:30:15.428899,139.180.x.x,59cff8f7d7da944c,46282,0,NON_MAVLINK_PROBE,SCANNER,0,,e299ea55,NORMAL,0.0
2026-05-04T20:33:42.377851,50.116.x.x,9bad4b5117680e51,60448,0,NON_MAVLINK_PROBE,SCANNER,0,,09e151af,NORMAL,0.0
2026-05-04T21:20:38.699286,45.205.x.x,8cf65c323720a4c3,36626,0,NON_MAVLINK_PROBE,SCANNER,0,,04c2f698,NORMAL,0.0
2026-05-04T21:20:51.761413,45.205.x.x,8cf65c323720a4c3,36638,0,NON_MAVLINK_PROBE,SCANNER,0,,12774be1,NORMAL,0.0
2026-05-04T21:21:04.777480,45.205.x.x,8cf65c323720a4c3,45204,0,NON_MAVLINK_PROBE,SCANNER,0,,1f839ca7,NORMAL,0.0
2026-05-04T21:21:08.249716,202.70.x.x,82bf847e4be5c65e,33657,0,NON_MAVLINK_PROBE,SCANNER,0,,fa318987,NORMAL,0.0
2026-05-04T21:21:18.436198,45.205.x.x,8cf65c323720a4c3,45016,0,NON_MAVLINK_PROBE,SCANNER,0,,16a6aed7,NORMAL,0.0
2026-05-04T21:21:31.286831,45.205.x.x,8cf65c323720a4c3,58062,0,NON_MAVLINK_PROBE,SCANNER,0,,88245be9,NORMAL,0.0
2026-05-04T21:21:44.449284,45.205.x.x,8cf65c323720a4c3,53286,0,NON_MAVLINK_PROBE,SCANNER,0,,f600cdff,NORMAL,0.0
2026-05-04T21:21:57.192899,45.205.x.x,8cf65c323720a4c3,58528,0,NON_MAVLINK_PROBE,SCANNER,0,,ab87058b,NORMAL,0.0
2026-05-04T21:27:36.486038,205.210.x.x,caac824ad5bc81de,65196,0,NON_MAVLINK_PROBE,SCANNER,0,,d23a17f8,NORMAL,0.0
2026-05-04T21:31:08.845746,107.150.x.x,d5ce8259ffc9b8e3,57490,0,NON_MAVLINK_PROBE,SCANNER,0,,5c8784ed,NORMAL,0.0
2026-05-04T21:31:13.847131,107.150.x.x,d5ce8259ffc9b8e3,38914,0,NON_MAVLINK_PROBE,SCANNER,0,,b71e60a2,NORMAL,0.0
2026-05-04T21:31:24.048879,107.150.x.x,d5ce8259ffc9b8e3,38916,0,NON_MAVLINK_PROBE,SCANNER,0,,995615cf,NORMAL,0.0
2026-05-04T21:31:25.549587,107.150.x.x,d5ce8259ffc9b8e3,38926,0,NON_MAVLINK_PROBE,SCANNER,0,,c713fe8a,NORMAL,0.0
2026-05-04T21:34:04.099898,45.33.x.x,3552346abdeadd7c,44365,0,NON_MAVLINK_PROBE,SCANNER,0,,99c790e7,NORMAL,0.0
2026-05-04T22:34:07.520376,24.88.x.x,9cca7122f3815845,41356,0,NON_MAVLINK_PROBE,SCANNER,0,,b8ace7a8,NORMAL,0.0
2026-05-04T22:36:40.793109,45.79.x.x,c31f641dc3ebbb0f,39736,0,NON_MAVLINK_PROBE,SCANNER,0,,a7cb96da,NORMAL,0.0
2026-05-04T22:51:23.188577,147.185.x.x,7f2caacd978b3fa4,55325,0,NON_MAVLINK_PROBE,SCANNER,0,,170f601c,NORMAL,0.0
2026-05-04T23:01:00.864675,178.156.x.x,e9e0e03fdc68326d,38828,0,NON_MAVLINK_PROBE,SCANNER,0,,9c9d3cef,NORMAL,0.0
2026-05-04T23:01:00.885181,178.156.x.x,e9e0e03fdc68326d,38788,0,NON_MAVLINK_PROBE,SCANNER,0,,ad240f42,NORMAL,0.0
2026-05-04T23:01:00.891445,178.156.x.x,e9e0e03fdc68326d,38796,0,NON_MAVLINK_PROBE,SCANNER,0,,affa9b59,NORMAL,0.0
2026-05-04T23:01:00.893048,178.156.x.x,e9e0e03fdc68326d,38820,0,NON_MAVLINK_PROBE,SCANNER,0,,5419a30f,NORMAL,0.0
2026-05-04T23:01:00.887600,178.156.x.x,e9e0e03fdc68326d,38838,0,NON_MAVLINK_PROBE,SCANNER,0,,9c3e8f1b,NORMAL,0.0
2026-05-04T23:01:00.911444,178.156.x.x,e9e0e03fdc68326d,38786,0,NON_MAVLINK_PROBE,SCANNER,0,,2f59d758,NORMAL,0.0
2026-05-04T23:01:00.925004,178.156.x.x,e9e0e03fdc68326d,38808,0,NON_MAVLINK_PROBE,SCANNER,0,,10babc56,NORMAL,0.0
2026-05-04T23:01:00.928897,178.156.x.x,e9e0e03fdc68326d,38812,0,NON_MAVLINK_PROBE,SCANNER,0,,39726315,NORMAL,0.0
2026-05-04T23:37:15.526268,160.202.x.x,5950d668b190616e,62946,0,NON_MAVLINK_PROBE,SCANNER,0,,edabda47,NORMAL,0.0
2026-05-05T00:03:44.838946,54.144.x.x,0520cf9ccff0f26d,64418,0,NON_MAVLINK_PROBE,SCANNER,0,,01683f23,NORMAL,0.0
2026-05-05T00:08:34.753923,176.65.x.x,b13267e16fec16a6,42974,0,NON_MAVLINK_PROBE,SCANNER,0,,70f30958,NORMAL,0.0
2026-05-05T00:17:48.523649,45.198.x.x,7db0b45618a77305,54420,0,NON_MAVLINK_PROBE,SCANNER,0,,a22ad2d5,NORMAL,0.0
2026-05-05T00:20:54.683234,138.68.x.x,712e1eabb1a87042,51887,0,NON_MAVLINK_PROBE,SCANNER,0,,3bb68421,NORMAL,0.0
2026-05-05T00:21:05.890538,138.68.x.x,712e1eabb1a87042,20135,0,NON_MAVLINK_PROBE,SCANNER,0,,33ad61d4,NORMAL,0.0
2026-05-05T00:21:11.028153,138.68.x.x,712e1eabb1a87042,17733,0,NON_MAVLINK_PROBE,SCANNER,0,,ee8c7f98,NORMAL,0.0
2026-05-05T00:21:16.243917,138.68.x.x,712e1eabb1a87042,10693,0,NON_MAVLINK_PROBE,SCANNER,0,,660550af,NORMAL,0.0
2026-05-05T00:21:21.374116,138.68.x.x,712e1eabb1a87042,5221,0,NON_MAVLINK_PROBE,SCANNER,0,,bcff5d3f,NORMAL,0.0
2026-05-05T00:21:26.503262,138.68.x.x,712e1eabb1a87042,25547,0,NON_MAVLINK_PROBE,SCANNER,0,,1be5db86,NORMAL,0.0
2026-05-05T00:21:31.693524,138.68.x.x,712e1eabb1a87042,30643,0,NON_MAVLINK_PROBE,SCANNER,0,,cd9fa06b,NORMAL,0.0
2026-05-05T00:21:36.802476,138.68.x.x,712e1eabb1a87042,16155,0,NON_MAVLINK_PROBE,SCANNER,0,,ddea56a3,NORMAL,0.0
2026-05-05T00:21:41.955744,138.68.x.x,712e1eabb1a87042,31851,0,NON_MAVLINK_PROBE,SCANNER,0,,65893874,NORMAL,0.0
2026-05-05T00:21:47.085062,138.68.x.x,712e1eabb1a87042,19631,0,NON_MAVLINK_PROBE,SCANNER,0,,216ae823,NORMAL,0.0
2026-05-05T00:21:54.785096,138.68.x.x,712e1eabb1a87042,15141,0,NON_MAVLINK_PROBE,SCANNER,0,,3845e391,NORMAL,0.0
2026-05-05T00:21:59.975585,138.68.x.x,712e1eabb1a87042,19143,0,NON_MAVLINK_PROBE,SCANNER,0,,84bb2cc4,NORMAL,0.0
2026-05-05T00:22:05.099088,138.68.x.x,712e1eabb1a87042,22229,0,NON_MAVLINK_PROBE,SCANNER,0,,7bd16d1b,NORMAL,0.0
2026-05-05T00:22:10.271113,138.68.x.x,712e1eabb1a87042,8119,0,NON_MAVLINK_PROBE,SCANNER,0,,a1885ad8,NORMAL,0.0
2026-05-05T00:22:15.445768,138.68.x.x,712e1eabb1a87042,7099,0,NON_MAVLINK_PROBE,SCANNER,0,,0e1e4d66,NORMAL,0.0
2026-05-05T00:22:20.579955,138.68.x.x,712e1eabb1a87042,18085,0,NON_MAVLINK_PROBE,SCANNER,0,,3a715a71,NORMAL,0.0
2026-05-05T00:22:28.225760,138.68.x.x,712e1eabb1a87042,5509,0,NON_MAVLINK_PROBE,SCANNER,0,,c712b3ec,NORMAL,0.0
2026-05-05T00:22:33.759900,206.189.x.x,933a3c575cc0280f,53892,0,NON_MAVLINK_PROBE,SCANNER,0,,a507a780,NORMAL,0.0
2026-05-05T00:22:38.415100,64.226.x.x,ebfd3bb7a3d63aa0,30760,0,NON_MAVLINK_PROBE,SCANNER,0,,15655458,NORMAL,0.0
2026-05-05T00:22:38.420572,64.226.x.x,ebfd3bb7a3d63aa0,30762,0,NON_MAVLINK_PROBE,SCANNER,0,,8ee00b04,NORMAL,0.0
2026-05-05T00:22:48.370603,64.226.x.x,ebfd3bb7a3d63aa0,41978,0,NON_MAVLINK_PROBE,SCANNER,0,,ff5b2b3f,NORMAL,0.0
2026-05-05T00:22:48.371374,64.226.x.x,ebfd3bb7a3d63aa0,41994,0,NON_MAVLINK_PROBE,SCANNER,0,,0d86db94,NORMAL,0.0
2026-05-05T00:22:58.415508,64.226.x.x,ebfd3bb7a3d63aa0,6518,0,NON_MAVLINK_PROBE,SCANNER,0,,47c83b7e,NORMAL,0.0
2026-05-05T00:22:58.414600,64.226.x.x,ebfd3bb7a3d63aa0,6516,0,NON_MAVLINK_PROBE,SCANNER,0,,32740bbd,NORMAL,0.0
2026-05-05T00:23:00.240807,206.189.x.x,933a3c575cc0280f,42914,0,NON_MAVLINK_PROBE,SCANNER,0,,d57d7c1e,NORMAL,0.0
2026-05-05T00:40:58.094937,176.65.x.x,9880f1c3a55845dd,40504,0,NON_MAVLINK_PROBE,SCANNER,0,,aed1f3dd,NORMAL,0.0
2026-05-05T00:59:35.798837,216.128.x.x,1fa935cd0428dd7e,54872,0,NON_MAVLINK_PROBE,SCANNER,0,,c88b0c49,NORMAL,0.0
2026-05-05T01:15:41.670337,205.210.x.x,90eedf97177f1264,62632,0,NON_MAVLINK_PROBE,SCANNER,0,,c9b0ba86,NORMAL,0.0
2026-05-05T01:15:41.669166,205.210.x.x,90eedf97177f1264,62618,0,NON_MAVLINK_PROBE,SCANNER,0,,a228765a,NORMAL,0.0
2026-05-05T01:18:32.426919,216.128.x.x,1fa935cd0428dd7e,51418,0,NON_MAVLINK_PROBE,SCANNER,0,,73ccf2c8,NORMAL,0.0
2026-05-05T01:25:50.397705,176.65.x.x,9880f1c3a55845dd,47180,0,NON_MAVLINK_PROBE,SCANNER,0,,3ee3f527,NORMAL,0.0
2026-05-05T01:28:51.561712,185.242.x.x,33dc1795fb750a95,50432,0,NON_MAVLINK_PROBE,SCANNER,0,,b4da4179,NORMAL,0.0
2026-05-05T01:31:20.308759,79.124.x.x,a3dc2bc09007bf5d,42646,0,NON_MAVLINK_PROBE,SCANNER,0,,669f8b89,NORMAL,0.0
2026-05-05T01:35:58.476428,176.65.x.x,9880f1c3a55845dd,48408,0,NON_MAVLINK_PROBE,SCANNER,0,,78bdc331,NORMAL,0.0
2026-05-05T01:59:21.178750,176.65.x.x,9880f1c3a55845dd,44780,0,NON_MAVLINK_PROBE,SCANNER,0,,f454f8f4,NORMAL,0.0
2026-05-05T02:00:42.063878,79.124.x.x,a3dc2bc09007bf5d,52934,0,NON_MAVLINK_PROBE,SCANNER,0,,48df1bf8,NORMAL,0.0
2026-05-05T02:03:55.747337,176.65.x.x,9880f1c3a55845dd,52360,0,NON_MAVLINK_PROBE,SCANNER,0,,c55d6b5b,NORMAL,0.0
2026-05-05T02:26:04.939949,199.45.x.x,de9e05cd89cfa73d,47316,0,NON_MAVLINK_PROBE,SCANNER,0,,7cac5f5c,NORMAL,0.0
2026-05-05T02:26:08.224219,199.45.x.x,de9e05cd89cfa73d,47368,4,UNKNOWN_4,UNKNOWN,3,c50e10c5085106003905,9e0c5d21,NORMAL,0.2
2026-05-05T02:26:21.523334,199.45.x.x,de9e05cd89cfa73d,53470,0,NON_MAVLINK_PROBE,SCANNER,0,,f02dae70,NORMAL,0.0
2026-05-05T03:04:32.458125,185.242.x.x,33dc1795fb750a95,43268,0,NON_MAVLINK_PROBE,SCANNER,0,,4de55625,NORMAL,0.0
2026-05-05T03:04:47.507592,185.242.x.x,33dc1795fb750a95,45682,0,NON_MAVLINK_PROBE,SCANNER,0,,b246aee1,NORMAL,0.0
2026-05-05T03:38:47.224699,20.65.x.x,da72ffad20db672d,34794,0,NON_MAVLINK_PROBE,SCANNER,0,,f43972bc,NORMAL,0.0
2026-05-05T03:38:47.686383,20.65.x.x,da72ffad20db672d,45916,0,NON_MAVLINK_PROBE,SCANNER,0,,fa8635b3,NORMAL,0.0
2026-05-05T04:31:47.388918,176.65.x.x,9880f1c3a55845dd,58396,0,NON_MAVLINK_PROBE,SCANNER,0,,44c328b5,NORMAL,0.0
2026-05-05T04:34:30.464394,165.154.x.x,537bd4aa41c0265d,35418,0,NON_MAVLINK_PROBE,SCANNER,0,,74e5fc49,NORMAL,0.0
2026-05-05T04:34:35.448057,165.154.x.x,537bd4aa41c0265d,52180,0,NON_MAVLINK_PROBE,SCANNER,0,,4215ba44,NORMAL,0.0
2026-05-05T04:34:45.682136,165.154.x.x,537bd4aa41c0265d,52184,0,NON_MAVLINK_PROBE,SCANNER,0,,f3897c09,NORMAL,0.0
2026-05-05T04:34:47.189147,165.154.x.x,537bd4aa41c0265d,59514,0,NON_MAVLINK_PROBE,SCANNER,0,,441a5291,NORMAL,0.0
2026-05-05T04:38:46.614146,165.154.x.x,537bd4aa41c0265d,60488,0,NON_MAVLINK_PROBE,SCANNER,0,,76d84d5b,NORMAL,0.0
2026-05-05T04:38:47.087478,165.154.x.x,537bd4aa41c0265d,60494,0,NON_MAVLINK_PROBE,SCANNER,0,,aff5119d,NORMAL,0.0
2026-05-05T04:38:47.820749,165.154.x.x,537bd4aa41c0265d,36026,0,NON_MAVLINK_PROBE,SCANNER,0,,8d608f2d,NORMAL,0.0
2026-05-05T04:38:48.082574,165.154.x.x,537bd4aa41c0265d,36014,0,NON_MAVLINK_PROBE,SCANNER,0,,66a583d4,NORMAL,0.0
2026-05-05T05:15:37.220516,64.62.x.x,3061a509ecc2972d,47406,0,NON_MAVLINK_PROBE,SCANNER,0,,12f2e5f3,NORMAL,0.0
2026-05-05T05:48:31.064578,176.65.x.x,9880f1c3a55845dd,52710,0,NON_MAVLINK_PROBE,SCANNER,0,,ed3b25f0,NORMAL,0.0
2026-05-05T06:00:28.257783,172.236.x.x,054fc6079d6b6eb7,29066,0,NON_MAVLINK_PROBE,SCANNER,0,,30db3833,NORMAL,0.0
2026-05-05T06:00:28.682556,172.236.x.x,054fc6079d6b6eb7,19128,0,NON_MAVLINK_PROBE,SCANNER,0,,efa92b87,NORMAL,0.0
2026-05-05T06:18:39.782531,176.65.x.x,9880f1c3a55845dd,60078,0,NON_MAVLINK_PROBE,SCANNER,0,,45e9b77a,NORMAL,0.0
2026-05-05T07:02:47.313193,18.116.x.x,5824e96b9673eccb,48474,0,NON_MAVLINK_PROBE,SCANNER,0,,cc57896c,NORMAL,0.0
2026-05-05T07:03:14.895486,18.116.x.x,5824e96b9673eccb,39374,0,NON_MAVLINK_PROBE,SCANNER,0,,f0e25721,NORMAL,0.0
2026-05-05T07:05:39.630880,18.116.x.x,5824e96b9673eccb,50346,0,NON_MAVLINK_PROBE,SCANNER,0,,9b5acad8,NORMAL,0.0
2026-05-05T07:06:49.537040,176.65.x.x,ab84fe1772ab8402,19348,0,NON_MAVLINK_PROBE,SCANNER,0,,5882a6f4,NORMAL,0.0
2026-05-05T07:07:57.119173,18.116.x.x,5824e96b9673eccb,37794,0,NON_MAVLINK_PROBE,SCANNER,0,,3f564865,NORMAL,0.0
2026-05-05T07:35:34.822850,3.131.x.x,33a4e31c62c5a2fe,44272,0,NON_MAVLINK_PROBE,SCANNER,0,,d6648af0,NORMAL,0.0
2026-05-05T07:35:57.397000,3.131.x.x,33a4e31c62c5a2fe,60942,0,NON_MAVLINK_PROBE,SCANNER,0,,b379aa7f,NORMAL,0.0
2026-05-05T07:36:30.173178,3.131.x.x,33a4e31c62c5a2fe,56086,0,NON_MAVLINK_PROBE,SCANNER,0,,9471c33d,NORMAL,0.0
2026-05-05T07:36:31.488275,3.131.x.x,33a4e31c62c5a2fe,40790,0,NON_MAVLINK_PROBE,SCANNER,0,,88c27930,NORMAL,0.0
2026-05-05T07:38:42.409872,3.131.x.x,33a4e31c62c5a2fe,60816,0,NON_MAVLINK_PROBE,SCANNER,0,,e375b3b2,NORMAL,0.0
2026-05-05T08:01:15.264007,176.65.x.x,9880f1c3a55845dd,58080,0,NON_MAVLINK_PROBE,SCANNER,0,,17201241,NORMAL,0.0
2026-05-05T08:17:05.392175,64.62.x.x,84f435b2cd5fa9f9,12368,0,NON_MAVLINK_PROBE,SCANNER,0,,860497d6,NORMAL,0.0
2026-05-05T08:38:15.758750,176.65.x.x,9880f1c3a55845dd,59184,0,NON_MAVLINK_PROBE,SCANNER,0,,203ec424,NORMAL,0.0
2026-05-05T08:50:05.583537,185.91.x.x,2a2b0990dd4071ec,58422,0,NON_MAVLINK_PROBE,SCANNER,0,,d19c8784,NORMAL,0.0
2026-05-05T08:50:05.795289,185.91.x.x,2a2b0990dd4071ec,58472,0,NON_MAVLINK_PROBE,SCANNER,0,,7dea37d1,NORMAL,0.0
2026-05-05T08:50:05.807490,185.91.x.x,2a2b0990dd4071ec,58434,0,NON_MAVLINK_PROBE,SCANNER,0,,5716b9a4,NORMAL,0.0
2026-05-05T08:50:05.819280,185.91.x.x,2a2b0990dd4071ec,58408,0,NON_MAVLINK_PROBE,SCANNER,0,,4ccdfdd9,NORMAL,0.0
2026-05-05T08:50:05.821125,185.91.x.x,2a2b0990dd4071ec,58378,0,NON_MAVLINK_PROBE,SCANNER,0,,fa6a5223,NORMAL,0.0
2026-05-05T08:50:10.412301,185.91.x.x,2a2b0990dd4071ec,58382,0,NON_MAVLINK_PROBE,SCANNER,0,,a86f9318,NORMAL,0.0
2026-05-05T08:50:10.431586,185.91.x.x,2a2b0990dd4071ec,58392,0,NON_MAVLINK_PROBE,SCANNER,0,,0411e197,NORMAL,0.0
2026-05-05T08:50:10.447026,185.91.x.x,2a2b0990dd4071ec,58450,0,NON_MAVLINK_PROBE,SCANNER,0,,891b2524,NORMAL,0.0
2026-05-05T08:50:10.440185,185.91.x.x,2a2b0990dd4071ec,58380,0,NON_MAVLINK_PROBE,SCANNER,0,,9d80995b,NORMAL,0.0
2026-05-05T08:50:10.470878,185.91.x.x,2a2b0990dd4071ec,58462,0,NON_MAVLINK_PROBE,SCANNER,0,,c587a519,NORMAL,0.0
2026-05-05T09:15:35.415229,176.65.x.x,9880f1c3a55845dd,42362,0,NON_MAVLINK_PROBE,SCANNER,0,,e6976436,NORMAL,0.0
2026-05-05T09:46:56.939503,176.65.x.x,9880f1c3a55845dd,52828,0,NON_MAVLINK_PROBE,SCANNER,0,,d4beb7a7,NORMAL,0.0
2026-05-05T09:56:30.884789,184.105.x.x,cf7b9efd1186cfbb,61776,0,NON_MAVLINK_PROBE,SCANNER,0,,03539a67,NORMAL,0.0
2026-05-05T09:58:13.913664,176.65.x.x,9880f1c3a55845dd,45878,0,NON_MAVLINK_PROBE,SCANNER,0,,a9b432b4,NORMAL,0.0
2026-05-05T10:03:44.388113,176.65.x.x,9880f1c3a55845dd,45212,0,NON_MAVLINK_PROBE,SCANNER,0,,bfddd219,NORMAL,0.0
2026-05-05T10:13:46.813628,176.65.x.x,9880f1c3a55845dd,36864,0,NON_MAVLINK_PROBE,SCANNER,0,,82a84c14,NORMAL,0.0
2026-05-05T10:24:03.636593,212.73.x.x,d5cded30571bac52,44990,0,NON_MAVLINK_PROBE,SCANNER,0,,9eb3e907,NORMAL,0.0
2026-05-05T11:09:53.712347,176.65.x.x,9880f1c3a55845dd,49942,0,NON_MAVLINK_PROBE,SCANNER,0,,a7687bf4,NORMAL,0.0
2026-05-05T11:48:12.601863,85.11.x.x,f20331e78860c842,38202,0,NON_MAVLINK_PROBE,SCANNER,0,,f1b16c84,NORMAL,0.0
2026-05-05T12:07:45.605281,165.154.x.x,692d3157aab4676b,54620,0,NON_MAVLINK_PROBE,SCANNER,0,,4786d15c,NORMAL,0.0
2026-05-05T12:07:50.607243,165.154.x.x,692d3157aab4676b,42242,0,NON_MAVLINK_PROBE,SCANNER,0,,e4ffdd3e,NORMAL,0.0
2026-05-05T12:08:00.826815,165.154.x.x,692d3157aab4676b,42256,0,NON_MAVLINK_PROBE,SCANNER,0,,82467265,NORMAL,0.0
2026-05-05T12:08:02.327824,165.154.x.x,692d3157aab4676b,42270,0,NON_MAVLINK_PROBE,SCANNER,0,,1c5a3337,NORMAL,0.0
2026-05-05T12:12:04.142947,165.154.x.x,692d3157aab4676b,53132,0,NON_MAVLINK_PROBE,SCANNER,0,,204b12d1,NORMAL,0.0
2026-05-05T12:12:04.680339,165.154.x.x,692d3157aab4676b,53142,0,NON_MAVLINK_PROBE,SCANNER,0,,9d02b39e,NORMAL,0.0
2026-05-05T12:12:05.385079,165.154.x.x,692d3157aab4676b,53152,0,NON_MAVLINK_PROBE,SCANNER,0,,807435d1,NORMAL,0.0
2026-05-05T12:12:05.690925,165.154.x.x,692d3157aab4676b,53144,0,NON_MAVLINK_PROBE,SCANNER,0,,6c5992ad,NORMAL,0.0
2026-05-05T12:18:10.255909,176.65.x.x,9880f1c3a55845dd,37600,0,NON_MAVLINK_PROBE,SCANNER,0,,37c69ea7,NORMAL,0.0
2026-05-05T12:27:08.794950,47.77.x.x,ae3e7a64bc3827ef,49126,0,NON_MAVLINK_PROBE,SCANNER,0,,1a7f460c,NORMAL,0.0
2026-05-05T12:27:22.023364,47.77.x.x,ae3e7a64bc3827ef,56350,0,NON_MAVLINK_PROBE,SCANNER,0,,a1b6932b,NORMAL,0.0
2026-05-05T12:27:33.315999,216.128.x.x,1fa935cd0428dd7e,4870,0,NON_MAVLINK_PROBE,SCANNER,0,,d7f5d5b9,NORMAL,0.0
2026-05-05T12:27:35.283008,47.77.x.x,ae3e7a64bc3827ef,24472,0,NON_MAVLINK_PROBE,SCANNER,0,,6aa4a4b2,NORMAL,0.0
2026-05-05T12:27:48.479639,47.77.x.x,ae3e7a64bc3827ef,36530,0,NON_MAVLINK_PROBE,SCANNER,0,,231ac3d5,NORMAL,0.0
2026-05-05T12:36:01.883737,104.243.x.x,cb7b329512f01d0d,36948,0,NON_MAVLINK_PROBE,SCANNER,0,,2fa0f68a,NORMAL,0.0
2026-05-05T12:37:02.530578,104.243.x.x,cb7b329512f01d0d,49006,0,NON_MAVLINK_PROBE,SCANNER,0,,a565813e,NORMAL,0.0
2026-05-05T12:38:03.111898,104.243.x.x,cb7b329512f01d0d,46896,0,NON_MAVLINK_PROBE,SCANNER,0,,21b79c88,NORMAL,0.0
2026-05-05T12:39:03.629426,104.243.x.x,cb7b329512f01d0d,33360,0,NON_MAVLINK_PROBE,SCANNER,0,,9dd3f2a3,NORMAL,0.0
2026-05-05T12:39:04.305301,104.243.x.x,cb7b329512f01d0d,35282,0,NON_MAVLINK_PROBE,SCANNER,0,,27cc78cd,NORMAL,0.0
2026-05-05T12:39:04.751849,104.243.x.x,cb7b329512f01d0d,35284,0,NON_MAVLINK_PROBE,SCANNER,0,,9055e1ba,NORMAL,0.0
2026-05-05T12:39:05.172909,104.243.x.x,cb7b329512f01d0d,35296,0,NON_MAVLINK_PROBE,SCANNER,0,,b8e3d05a,NORMAL,0.0
2026-05-05T12:39:05.619998,104.243.x.x,cb7b329512f01d0d,35304,0,NON_MAVLINK_PROBE,SCANNER,0,,0eab13e4,NORMAL,0.0
2026-05-05T12:44:22.779429,80.66.x.x,e2beb78c1934d766,65328,0,NON_MAVLINK_PROBE,SCANNER,0,,edf51880,NORMAL,0.0
2026-05-05T12:57:52.776001,185.91.x.x,2a2b0990dd4071ec,55646,0,NON_MAVLINK_PROBE,SCANNER,0,,4ba0ed2e,NORMAL,0.0
2026-05-05T12:57:52.838870,185.91.x.x,2a2b0990dd4071ec,55636,0,NON_MAVLINK_PROBE,SCANNER,0,,1280c270,NORMAL,0.0
2026-05-05T12:57:57.511783,185.91.x.x,2a2b0990dd4071ec,55622,0,NON_MAVLINK_PROBE,SCANNER,0,,76e4c5b4,NORMAL,0.0
2026-05-05T12:57:57.520735,185.91.x.x,2a2b0990dd4071ec,55658,0,NON_MAVLINK_PROBE,SCANNER,0,,2bad6da8,NORMAL,0.0
2026-05-05T13:27:15.715964,142.93.x.x,6cbd41d4552ed4eb,50256,0,NON_MAVLINK_PROBE,SCANNER,0,,a1b38a79,NORMAL,0.0
2026-05-05T13:27:21.007949,142.93.x.x,6cbd41d4552ed4eb,47350,0,NON_MAVLINK_PROBE,SCANNER,0,,e540fec9,NORMAL,0.0
2026-05-05T13:47:42.726354,209.38.x.x,d416d44da42fe234,43470,0,NON_MAVLINK_PROBE,SCANNER,0,,efbbf65d,NORMAL,0.0
2026-05-05T14:08:19.959064,216.128.x.x,1fa935cd0428dd7e,59770,0,NON_MAVLINK_PROBE,SCANNER,0,,f767e85a,NORMAL,0.0
2026-05-05T14:19:35.364407,176.65.x.x,9880f1c3a55845dd,44300,0,NON_MAVLINK_PROBE,SCANNER,0,,a77d1f78,NORMAL,0.0
2026-05-05T14:20:33.585328,45.91.x.x,82929336d554cace,60021,0,NON_MAVLINK_PROBE,SCANNER,0,,5d240855,NORMAL,0.0
2026-05-05T14:53:15.327022,176.65.x.x,9880f1c3a55845dd,33500,0,NON_MAVLINK_PROBE,SCANNER,0,,2b69ae6b,NORMAL,0.0
2026-05-05T15:11:43.621045,176.65.x.x,9880f1c3a55845dd,49810,0,NON_MAVLINK_PROBE,SCANNER,0,,029870c3,NORMAL,0.0
2026-05-05T15:46:14.483975,59.103.x.x,41bb069b0bb9fcb5,42374,0,NON_MAVLINK_PROBE,SCANNER,0,,2729582f,NORMAL,0.0
2026-05-05T15:49:03.471739,216.128.x.x,1fa935cd0428dd7e,17866,0,NON_MAVLINK_PROBE,SCANNER,0,,36f0f3cb,NORMAL,0.0
2026-05-05T15:49:57.823128,212.102.x.x,ca71c5722ff21589,4903,0,NON_MAVLINK_PROBE,SCANNER,0,,6a9f1777,NORMAL,0.0
2026-05-05T15:49:59.020424,212.102.x.x,ca71c5722ff21589,20724,0,NON_MAVLINK_PROBE,SCANNER,0,,e5fc2a7b,NORMAL,0.0
2026-05-05T15:50:09.364694,212.102.x.x,ca71c5722ff21589,37644,0,NON_MAVLINK_PROBE,SCANNER,0,,7831f801,NORMAL,0.0
2026-05-05T16:17:07.431063,47.87.x.x,5fca27a889d883cb,38068,0,NON_MAVLINK_PROBE,SCANNER,0,,e9c6dda9,NORMAL,0.0
2026-05-05T16:17:07.431877,47.87.x.x,5fca27a889d883cb,38052,0,NON_MAVLINK_PROBE,SCANNER,0,,08d14b74,NORMAL,0.0
2026-05-05T16:50:20.860676,60.191.x.x,0c462e523e90f3bb,36430,0,NON_MAVLINK_PROBE,SCANNER,0,,c500063b,NORMAL,0.0
2026-05-05T16:50:21.632857,60.191.x.x,0c462e523e90f3bb,37038,0,NON_MAVLINK_PROBE,SCANNER,0,,04f10416,NORMAL,0.0
2026-05-05T17:13:24.835777,204.76.x.x,89cc37b19d5cd37b,51608,0,NON_MAVLINK_PROBE,SCANNER,0,,554ecb97,NORMAL,0.0
2026-05-05T17:16:22.856189,198.7.x.x,db5b68d4b68f89b8,52914,0,NON_MAVLINK_PROBE,SCANNER,0,,436ac0a3,NORMAL,0.0
2026-05-05T17:24:27.807293,172.236.x.x,c1346177848723a5,17808,0,NON_MAVLINK_PROBE,SCANNER,0,,d2053702,NORMAL,0.0
2026-05-05T17:24:28.324855,172.236.x.x,c1346177848723a5,11014,0,NON_MAVLINK_PROBE,SCANNER,0,,16149876,NORMAL,0.0
2026-05-05T17:29:54.729983,216.128.x.x,1fa935cd0428dd7e,29534,0,NON_MAVLINK_PROBE,SCANNER,0,,e66bc1e1,NORMAL,0.0
2026-05-05T17:36:43.363009,89.190.x.x,eb510f0bd98ada2e,54634,0,NON_MAVLINK_PROBE,SCANNER,0,,75e70794,NORMAL,0.0
2026-05-05T17:36:43.484574,89.190.x.x,eb510f0bd98ada2e,54650,0,NON_MAVLINK_PROBE,SCANNER,0,,ed9e14df,NORMAL,0.0
2026-05-05T17:36:43.775046,89.190.x.x,eb510f0bd98ada2e,54664,0,NON_MAVLINK_PROBE,SCANNER,0,,5d8c19bf,NORMAL,0.0
2026-05-05T17:36:43.844190,89.190.x.x,eb510f0bd98ada2e,54668,0,NON_MAVLINK_PROBE,SCANNER,0,,6892e324,NORMAL,0.0
2026-05-05T17:36:44.007781,89.190.x.x,eb510f0bd98ada2e,54628,0,NON_MAVLINK_PROBE,SCANNER,0,,16f5cea4,NORMAL,0.0
2026-05-05T17:36:44.149378,89.190.x.x,eb510f0bd98ada2e,54694,0,NON_MAVLINK_PROBE,SCANNER,0,,eb701f38,NORMAL,0.0
2026-05-05T17:36:44.156198,89.190.x.x,eb510f0bd98ada2e,54684,0,NON_MAVLINK_PROBE,SCANNER,0,,6384db9f,NORMAL,0.0
2026-05-05T17:36:44.997626,89.190.x.x,eb510f0bd98ada2e,54700,0,NON_MAVLINK_PROBE,SCANNER,0,,69080c19,NORMAL,0.0
2026-05-05T17:36:46.012492,89.190.x.x,eb510f0bd98ada2e,54714,0,NON_MAVLINK_PROBE,SCANNER,0,,3357afc3,NORMAL,0.0
2026-05-05T17:58:33.564685,152.32.x.x,d6d615c3e9728b05,49682,0,NON_MAVLINK_PROBE,SCANNER,0,,875351f7,NORMAL,0.0
2026-05-05T17:58:52.608372,152.32.x.x,d6d615c3e9728b05,49690,0,NON_MAVLINK_PROBE,SCANNER,0,,5d8098aa,NORMAL,0.0
2026-05-05T17:59:10.668594,152.32.x.x,d6d615c3e9728b05,37518,0,NON_MAVLINK_PROBE,SCANNER,0,,48bfb878,NORMAL,0.0
2026-05-05T17:59:28.723264,152.32.x.x,d6d615c3e9728b05,52094,0,NON_MAVLINK_PROBE,SCANNER,0,,f8dc1a4e,NORMAL,0.0
2026-05-05T17:59:46.773629,152.32.x.x,d6d615c3e9728b05,59740,0,NON_MAVLINK_PROBE,SCANNER,0,,bfc15385,NORMAL,0.0
2026-05-05T18:00:04.880845,152.32.x.x,d6d615c3e9728b05,41340,0,NON_MAVLINK_PROBE,SCANNER,0,,31012668,NORMAL,0.0
2026-05-05T18:00:22.932013,152.32.x.x,d6d615c3e9728b05,50422,0,NON_MAVLINK_PROBE,SCANNER,0,,07b74c3b,NORMAL,0.0
2026-05-05T18:00:41.013352,152.32.x.x,d6d615c3e9728b05,55120,0,NON_MAVLINK_PROBE,SCANNER,0,,95520545,NORMAL,0.0
2026-05-05T18:00:59.089329,152.32.x.x,d6d615c3e9728b05,43338,0,NON_MAVLINK_PROBE,SCANNER,0,,cdc63ed5,NORMAL,0.0
2026-05-05T18:01:17.176847,152.32.x.x,d6d615c3e9728b05,40824,0,NON_MAVLINK_PROBE,SCANNER,0,,ab920c7c,NORMAL,0.0
2026-05-05T18:02:51.599471,176.65.x.x,9880f1c3a55845dd,47408,0,NON_MAVLINK_PROBE,SCANNER,0,,ab197615,NORMAL,0.0
2026-05-05T18:37:25.078609,45.198.x.x,7db0b45618a77305,59260,0,NON_MAVLINK_PROBE,SCANNER,0,,0cdf456f,NORMAL,0.0
2026-05-05T18:50:26.325317,204.76.x.x,89cc37b19d5cd37b,40802,0,NON_MAVLINK_PROBE,SCANNER,0,,57773cd4,NORMAL,0.0
2026-05-05T19:10:41.896386,216.128.x.x,1fa935cd0428dd7e,65260,0,NON_MAVLINK_PROBE,SCANNER,0,,d8daa310,NORMAL,0.0
2026-05-05T19:44:51.160774,107.150.x.x,c38f01619cca0a9e,44024,0,NON_MAVLINK_PROBE,SCANNER,0,,aab4ca86,NORMAL,0.0
2026-05-05T19:44:56.178364,107.150.x.x,c38f01619cca0a9e,44026,0,NON_MAVLINK_PROBE,SCANNER,0,,20eb6149,NORMAL,0.0
2026-05-05T19:45:06.431341,107.150.x.x,c38f01619cca0a9e,36958,0,NON_MAVLINK_PROBE,SCANNER,0,,4c31644e,NORMAL,0.0
2026-05-05T19:45:07.908677,107.150.x.x,c38f01619cca0a9e,36966,0,NON_MAVLINK_PROBE,SCANNER,0,,2bf1a61c,NORMAL,0.0
2026-05-05T19:52:20.253118,107.150.x.x,c38f01619cca0a9e,58472,0,NON_MAVLINK_PROBE,SCANNER,0,,15c365fa,NORMAL,0.0
2026-05-05T19:52:20.787599,107.150.x.x,c38f01619cca0a9e,58488,0,NON_MAVLINK_PROBE,SCANNER,0,,3e6ebfd4,NORMAL,0.0
2026-05-05T19:52:21.513259,107.150.x.x,c38f01619cca0a9e,58504,0,NON_MAVLINK_PROBE,SCANNER,0,,d97e3cf8,NORMAL,0.0
2026-05-05T19:52:21.821592,107.150.x.x,c38f01619cca0a9e,58500,0,NON_MAVLINK_PROBE,SCANNER,0,,355cec36,NORMAL,0.0
2026-05-05T19:55:01.424888,186.4.x.x,5787f6ac6aa55193,29928,0,NON_MAVLINK_PROBE,SCANNER,0,,c527cc5c,NORMAL,0.0
2026-05-05T20:18:46.664334,205.210.x.x,6726f8542347a5c8,49368,0,NON_MAVLINK_PROBE,SCANNER,0,,429f00d7,NORMAL,0.0
2026-05-05T20:31:26.597243,93.123.x.x,7241acd881f52dff,58486,0,NON_MAVLINK_PROBE,SCANNER,0,,43c4b38c,NORMAL,0.0
2026-05-05T20:32:34.544210,46.101.x.x,e6dfa8958ed49326,41880,0,NON_MAVLINK_PROBE,SCANNER,0,,19750b24,NORMAL,0.0
2026-05-05T20:32:37.714526,46.101.x.x,e6dfa8958ed49326,41888,0,NON_MAVLINK_PROBE,SCANNER,0,,7f9fd687,NORMAL,0.0
2026-05-05T20:51:20.193693,216.128.x.x,1fa935cd0428dd7e,25366,0,NON_MAVLINK_PROBE,SCANNER,0,,b8d03f7e,NORMAL,0.0
2026-05-05T20:52:27.844283,176.65.x.x,9880f1c3a55845dd,47184,0,NON_MAVLINK_PROBE,SCANNER,0,,0402aa8f,NORMAL,0.0
2026-05-05T21:01:23.437405,176.65.x.x,4f272e1f19434274,45904,0,NON_MAVLINK_PROBE,SCANNER,0,,a23564d8,NORMAL,0.0
2026-05-05T21:21:12.557423,45.198.x.x,f6deabcc53636bb4,20784,0,NON_MAVLINK_PROBE,SCANNER,0,,166f3582,NORMAL,0.0
2026-05-05T21:33:32.568811,45.33.x.x,81107a2c7f4fb18b,38103,0,NON_MAVLINK_PROBE,SCANNER,0,,f4d0b23d,NORMAL,0.0
2026-05-05T21:59:26.897883,95.40.x.x,c06bd7b499b70233,40702,0,NON_MAVLINK_PROBE,SCANNER,0,,60a40877,NORMAL,0.0
2026-05-05T22:24:41.613429,45.198.x.x,7db0b45618a77305,43026,0,NON_MAVLINK_PROBE,SCANNER,0,,5537c0bd,NORMAL,0.0
2026-05-05T22:31:51.600381,216.128.x.x,1fa935cd0428dd7e,15690,0,NON_MAVLINK_PROBE,SCANNER,0,,9cd33572,NORMAL,0.0
2026-05-05T22:34:01.364491,45.33.x.x,3552346abdeadd7c,50675,0,NON_MAVLINK_PROBE,SCANNER,0,,cb1b3769,NORMAL,0.0
2026-05-05T22:44:31.625494,176.65.x.x,9880f1c3a55845dd,53556,0,NON_MAVLINK_PROBE,SCANNER,0,,77cb6811,NORMAL,0.0
2026-05-05T23:00:02.156432,5.61.x.x,7202821ba1a8b28a,36652,0,NON_MAVLINK_PROBE,SCANNER,0,,e14dca8a,NORMAL,0.0
2026-05-05T23:20:30.503899,104.244.x.x,4abf3d1fc1e2593f,21988,0,NON_MAVLINK_PROBE,SCANNER,0,,91cc431e,NORMAL,0.0
2026-05-05T23:20:30.851187,104.244.x.x,4abf3d1fc1e2593f,21990,0,NON_MAVLINK_PROBE,SCANNER,0,,aea78d3b,NORMAL,0.0
2026-05-05T23:20:57.553632,198.235.x.x,ad09d7bc33d9f758,63498,0,NON_MAVLINK_PROBE,SCANNER,0,,0b25994f,NORMAL,0.0
2026-05-05T23:44:11.328784,66.228.x.x,c265a7de2c0ac7a8,7212,0,NON_MAVLINK_PROBE,SCANNER,0,,d6537af7,NORMAL,0.0
2026-05-05T23:44:12.606007,66.228.x.x,c265a7de2c0ac7a8,11694,0,NON_MAVLINK_PROBE,SCANNER,0,,75da558a,NORMAL,0.0
2026-05-05T23:49:53.898419,176.65.x.x,9880f1c3a55845dd,55498,0,NON_MAVLINK_PROBE,SCANNER,0,,c8bfe253,NORMAL,0.0
2026-05-05T23:56:50.255857,104.243.x.x,2375c83fecd5f5e4,50712,0,NON_MAVLINK_PROBE,SCANNER,0,,e6bc88aa,NORMAL,0.0
2026-05-05T23:56:50.680308,104.243.x.x,2375c83fecd5f5e4,50728,0,NON_MAVLINK_PROBE,SCANNER,0,,80a5b4d3,NORMAL,0.0
2026-05-06T00:07:28.440496,34.203.x.x,569b46fc8187b091,24934,0,NON_MAVLINK_PROBE,SCANNER,0,,df9bca80,NORMAL,0.0
2026-05-06T00:12:14.661743,216.128.x.x,1fa935cd0428dd7e,52716,0,NON_MAVLINK_PROBE,SCANNER,0,,0202509c,NORMAL,0.0
2026-05-06T00:17:31.204286,205.210.x.x,da9bff1533f47bc8,59626,0,NON_MAVLINK_PROBE,SCANNER,0,,8d2a8d91,NORMAL,0.0
2026-05-06T00:17:31.202540,205.210.x.x,da9bff1533f47bc8,59638,0,NON_MAVLINK_PROBE,SCANNER,0,,15145ef8,NORMAL,0.0
2026-05-06T00:19:59.833567,64.62.x.x,659076dee189b81a,46892,0,NON_MAVLINK_PROBE,SCANNER,0,,7dd41a92,NORMAL,0.0
2026-05-06T01:18:39.002940,176.65.x.x,9880f1c3a55845dd,32898,0,NON_MAVLINK_PROBE,SCANNER,0,,5a6828a5,NORMAL,0.0
2026-05-06T01:35:08.897516,20.169.x.x,f1233e6d92e59872,57854,0,NON_MAVLINK_PROBE,SCANNER,0,,a8421d59,NORMAL,0.0
2026-05-06T01:35:09.390981,20.169.x.x,f1233e6d92e59872,57866,0,NON_MAVLINK_PROBE,SCANNER,0,,fd4842d7,NORMAL,0.0
2026-05-06T01:53:06.152429,216.128.x.x,1fa935cd0428dd7e,10232,0,NON_MAVLINK_PROBE,SCANNER,0,,ea2053bd,NORMAL,0.0
2026-05-06T01:59:44.246833,79.124.x.x,a3dc2bc09007bf5d,47060,0,NON_MAVLINK_PROBE,SCANNER,0,,6ff2a202,NORMAL,0.0
2026-05-06T02:13:11.363221,45.198.x.x,7db0b45618a77305,52124,0,NON_MAVLINK_PROBE,SCANNER,0,,06076e84,NORMAL,0.0
2026-05-06T02:32:18.910565,66.132.x.x,9375d431f3581592,17338,0,NON_MAVLINK_PROBE,SCANNER,0,,24df33d4,NORMAL,0.0
2026-05-06T02:32:21.869215,79.124.x.x,a3dc2bc09007bf5d,39696,0,NON_MAVLINK_PROBE,SCANNER,0,,bffb75a8,NORMAL,0.0
2026-05-06T02:32:25.002506,66.132.x.x,9375d431f3581592,16548,4,UNKNOWN_4,UNKNOWN,3,84f75af91c5106003905,99a2b176,NORMAL,0.2
2026-05-06T02:32:40.533306,66.132.x.x,9375d431f3581592,16564,0,NON_MAVLINK_PROBE,SCANNER,0,,12a25d32,NORMAL,0.0
2026-05-06T02:41:23.497067,107.150.x.x,bcaa793dac44b8d9,58894,0,NON_MAVLINK_PROBE,SCANNER,0,,233c1f77,NORMAL,0.0
2026-05-06T02:41:28.500156,107.150.x.x,bcaa793dac44b8d9,53332,0,NON_MAVLINK_PROBE,SCANNER,0,,bde71295,NORMAL,0.0
2026-05-06T02:41:38.741350,107.150.x.x,bcaa793dac44b8d9,53364,0,NON_MAVLINK_PROBE,SCANNER,0,,5799ea02,NORMAL,0.0
2026-05-06T02:41:40.233512,107.150.x.x,bcaa793dac44b8d9,53370,0,NON_MAVLINK_PROBE,SCANNER,0,,7b9d91a5,NORMAL,0.0
2026-05-06T02:48:00.373154,107.150.x.x,bcaa793dac44b8d9,36078,0,NON_MAVLINK_PROBE,SCANNER,0,,598c54ca,NORMAL,0.0
2026-05-06T02:48:00.845491,107.150.x.x,bcaa793dac44b8d9,36094,0,NON_MAVLINK_PROBE,SCANNER,0,,0982bc80,NORMAL,0.0
2026-05-06T02:48:01.585668,107.150.x.x,bcaa793dac44b8d9,58724,0,NON_MAVLINK_PROBE,SCANNER,0,,1a0930fb,NORMAL,0.0
2026-05-06T02:48:01.861226,107.150.x.x,bcaa793dac44b8d9,58714,0,NON_MAVLINK_PROBE,SCANNER,0,,85397c8a,NORMAL,0.0
2026-05-06T03:25:32.774839,65.49.x.x,a3401f103446df64,53130,0,NON_MAVLINK_PROBE,SCANNER,0,,d902f21f,NORMAL,0.0
2026-05-06T03:33:57.573281,176.65.x.x,9880f1c3a55845dd,50410,0,NON_MAVLINK_PROBE,SCANNER,0,,39b1a8c9,NORMAL,0.0
2026-05-06T03:47:08.557982,176.65.x.x,9880f1c3a55845dd,50458,0,NON_MAVLINK_PROBE,SCANNER,0,,fa8713fe,NORMAL,0.0
2026-05-06T05:01:15.992440,176.65.x.x,9880f1c3a55845dd,54242,0,NON_MAVLINK_PROBE,SCANNER,0,,2f9f7723,NORMAL,0.0
2026-05-06T05:08:11.599507,20.65.x.x,4d263b6757996bc8,37278,0,NON_MAVLINK_PROBE,SCANNER,0,,aaa35d4d,NORMAL,0.0
2026-05-06T05:30:22.473309,176.65.x.x,9880f1c3a55845dd,33794,0,NON_MAVLINK_PROBE,SCANNER,0,,b08a8d9c,NORMAL,0.0
2026-05-06T05:46:17.120426,45.198.x.x,7db0b45618a77305,37536,0,NON_MAVLINK_PROBE,SCANNER,0,,54383237,NORMAL,0.0
2026-05-06T05:57:24.097932,152.32.x.x,a68a14dd4a925e6f,31366,0,NON_MAVLINK_PROBE,SCANNER,0,,c13c6eef,NORMAL,0.0
2026-05-06T05:57:26.251585,152.32.x.x,a68a14dd4a925e6f,31970,0,NON_MAVLINK_PROBE,SCANNER,0,,3c37d472,NORMAL,0.0
2026-05-06T05:57:29.414794,152.32.x.x,a68a14dd4a925e6f,33108,0,NON_MAVLINK_PROBE,SCANNER,0,,c55a5a4b,NORMAL,0.0
2026-05-06T05:57:29.574626,152.32.x.x,a68a14dd4a925e6f,33330,0,NON_MAVLINK_PROBE,SCANNER,0,,6fde1fac,NORMAL,0.0
2026-05-06T05:57:29.737913,152.32.x.x,a68a14dd4a925e6f,33376,0,NON_MAVLINK_PROBE,SCANNER,0,,cec83186,NORMAL,0.0
2026-05-06T05:57:29.925583,152.32.x.x,a68a14dd4a925e6f,33422,0,NON_MAVLINK_PROBE,SCANNER,0,,9836b753,NORMAL,0.0
2026-05-06T05:57:37.920603,152.32.x.x,a68a14dd4a925e6f,33512,0,NON_MAVLINK_PROBE,SCANNER,0,,6ac6c564,NORMAL,0.0
2026-05-06T05:57:45.903984,152.32.x.x,a68a14dd4a925e6f,36096,0,NON_MAVLINK_PROBE,SCANNER,0,,cc0c8961,NORMAL,0.0
2026-05-06T05:57:53.907289,152.32.x.x,a68a14dd4a925e6f,38286,0,NON_MAVLINK_PROBE,SCANNER,0,,2986fe32,NORMAL,0.0
2026-05-06T05:57:54.073768,152.32.x.x,a68a14dd4a925e6f,41150,0,NON_MAVLINK_PROBE,SCANNER,0,,135efe38,NORMAL,0.0
2026-05-06T05:57:54.225135,152.32.x.x,a68a14dd4a925e6f,41290,0,NON_MAVLINK_PROBE,SCANNER,0,,f378fd46,NORMAL,0.0
2026-05-06T05:58:02.232543,152.32.x.x,a68a14dd4a925e6f,41378,0,NON_MAVLINK_PROBE,SCANNER,0,,2be8253a,NORMAL,0.0
2026-05-06T05:58:02.398657,152.32.x.x,a68a14dd4a925e6f,44474,0,NON_MAVLINK_PROBE,SCANNER,0,,82f7aa80,NORMAL,0.0
2026-05-06T05:58:02.592518,152.32.x.x,a68a14dd4a925e6f,44530,0,NON_MAVLINK_PROBE,SCANNER,0,,d316eb95,NORMAL,0.0
2026-05-06T05:58:02.742262,152.32.x.x,a68a14dd4a925e6f,44602,0,NON_MAVLINK_PROBE,SCANNER,0,,4c9e6de5,NORMAL,0.0
2026-05-06T05:58:47.659554,176.65.x.x,9880f1c3a55845dd,54482,0,NON_MAVLINK_PROBE,SCANNER,0,,891e1ee9,NORMAL,0.0
2026-05-06T06:14:47.187507,20.168.x.x,c7e23e5def42f421,35412,0,NON_MAVLINK_PROBE,SCANNER,0,,1b2ecf73,NORMAL,0.0
2026-05-06T06:18:05.087246,43.133.x.x,631ad019d0d596f8,59002,0,NON_MAVLINK_PROBE,SCANNER,0,,10b58038,NORMAL,0.0
2026-05-06T06:22:11.124605,176.65.x.x,9880f1c3a55845dd,36972,0,NON_MAVLINK_PROBE,SCANNER,0,,693e8688,NORMAL,0.0
2026-05-06T06:25:41.880619,34.56.x.x,964648f1b1fdaf9e,50366,0,NON_MAVLINK_PROBE,SCANNER,0,,65b9651c,NORMAL,0.0
2026-05-06T06:35:13.555308,3.134.x.x,1a3b631c7439980b,57702,0,NON_MAVLINK_PROBE,SCANNER,0,,ce935163,NORMAL,0.0
2026-05-06T06:36:00.013785,3.134.x.x,1a3b631c7439980b,56286,0,NON_MAVLINK_PROBE,SCANNER,0,,3d87c80e,NORMAL,0.0
2026-05-06T06:38:52.495058,3.134.x.x,1a3b631c7439980b,42340,0,NON_MAVLINK_PROBE,SCANNER,0,,338d3bde,NORMAL,0.0
2026-05-06T06:41:32.930114,3.134.x.x,1a3b631c7439980b,57342,0,NON_MAVLINK_PROBE,SCANNER,0,,cd639a76,NORMAL,0.0
2026-05-06T06:43:47.064792,3.134.x.x,1a3b631c7439980b,46712,0,NON_MAVLINK_PROBE,SCANNER,0,,a01f6288,NORMAL,0.0
2026-05-06T07:04:46.260910,176.65.x.x,9880f1c3a55845dd,50552,0,NON_MAVLINK_PROBE,SCANNER,0,,3fe65808,NORMAL,0.0
2026-05-06T07:23:31.797734,142.248.x.x,863f19680b9f6077,49414,0,NON_MAVLINK_PROBE,SCANNER,0,,164caa03,NORMAL,0.0
2026-05-06T07:36:13.186979,176.65.x.x,f3ea178df3529122,47060,0,NON_MAVLINK_PROBE,SCANNER,0,,58860689,NORMAL,0.0
2026-05-06T08:26:53.296369,176.65.x.x,9880f1c3a55845dd,59154,0,NON_MAVLINK_PROBE,SCANNER,0,,644bd795,NORMAL,0.0
2026-05-06T08:49:08.189559,47.251.x.x,66c611223188c96f,24818,0,NON_MAVLINK_PROBE,SCANNER,0,,4f5cf580,NORMAL,0.0
2026-05-06T08:49:20.917890,176.65.x.x,9880f1c3a55845dd,60842,0,NON_MAVLINK_PROBE,SCANNER,0,,a9a6f9fc,NORMAL,0.0
2026-05-06T08:49:21.445768,47.251.x.x,66c611223188c96f,17676,0,NON_MAVLINK_PROBE,SCANNER,0,,85d21c10,NORMAL,0.0
2026-05-06T08:49:34.645963,47.251.x.x,66c611223188c96f,34918,0,NON_MAVLINK_PROBE,SCANNER,0,,56e11929,NORMAL,0.0
2026-05-06T08:49:47.915387,47.251.x.x,66c611223188c96f,26132,0,NON_MAVLINK_PROBE,SCANNER,0,,bea14f34,NORMAL,0.0
2026-05-06T08:53:25.347618,45.79.x.x,2d73f84aed3d7c72,35922,0,NON_MAVLINK_PROBE,SCANNER,0,,b8bf613c,NORMAL,0.0
2026-05-06T08:53:25.800003,45.79.x.x,2d73f84aed3d7c72,16340,0,NON_MAVLINK_PROBE,SCANNER,0,,c1c20e24,NORMAL,0.0
2026-05-06T08:58:27.719028,81.29.x.x,f7b662d7880c6243,6608,0,NON_MAVLINK_PROBE,SCANNER,0,,077735d5,NORMAL,0.0
2026-05-06T08:58:47.991200,81.29.x.x,f7b662d7880c6243,6620,0,NON_MAVLINK_PROBE,SCANNER,0,,947f3f22,NORMAL,0.0
2026-05-06T09:09:33.239702,108.165.x.x,e37057dccc781f7d,40562,0,NON_MAVLINK_PROBE,SCANNER,0,,a6a8091d,NORMAL,0.0
2026-05-06T09:24:54.555320,45.198.x.x,7db0b45618a77305,41012,0,NON_MAVLINK_PROBE,SCANNER,0,,77a53cde,NORMAL,0.0
2026-05-06T09:32:23.505173,47.87.x.x,8af2def570ddb3d4,51950,0,NON_MAVLINK_PROBE,SCANNER,0,,304c60ae,NORMAL,0.0
2026-05-06T09:32:23.534050,47.87.x.x,8af2def570ddb3d4,51958,0,NON_MAVLINK_PROBE,SCANNER,0,,2daf5a7e,NORMAL,0.0
2026-05-06T09:37:35.364496,20.221.x.x,460d692c4c65fe7f,49382,0,NON_MAVLINK_PROBE,SCANNER,0,,7ec838c9,NORMAL,0.0
2026-05-06T09:37:35.907565,20.221.x.x,460d692c4c65fe7f,54660,0,NON_MAVLINK_PROBE,SCANNER,0,,79196a8d,NORMAL,0.0
2026-05-06T09:38:45.593642,152.32.x.x,616b7f7317b0b48a,44052,0,NON_MAVLINK_PROBE,SCANNER,0,,6f5c967c,NORMAL,0.0
2026-05-06T09:38:50.596314,152.32.x.x,616b7f7317b0b48a,44064,0,NON_MAVLINK_PROBE,SCANNER,0,,30ef5512,NORMAL,0.0
2026-05-06T09:39:00.844275,152.32.x.x,616b7f7317b0b48a,59868,0,NON_MAVLINK_PROBE,SCANNER,0,,a9156b20,NORMAL,0.0
2026-05-06T09:39:02.349254,152.32.x.x,616b7f7317b0b48a,59884,0,NON_MAVLINK_PROBE,SCANNER,0,,ca4b3ccb,NORMAL,0.0
2026-05-06T09:40:55.657265,152.32.x.x,616b7f7317b0b48a,43894,0,NON_MAVLINK_PROBE,SCANNER,0,,6e70cad8,NORMAL,0.0
2026-05-06T09:40:56.144808,152.32.x.x,616b7f7317b0b48a,43896,0,NON_MAVLINK_PROBE,SCANNER,0,,10bd6a6a,NORMAL,0.0
2026-05-06T09:40:56.928170,152.32.x.x,616b7f7317b0b48a,53774,0,NON_MAVLINK_PROBE,SCANNER,0,,e2b03715,NORMAL,0.0
2026-05-06T09:40:57.223690,152.32.x.x,616b7f7317b0b48a,43906,0,NON_MAVLINK_PROBE,SCANNER,0,,beb64cb3,NORMAL,0.0
2026-05-06T09:52:13.869747,91.231.x.x,80198b47e6768198,50849,0,NON_MAVLINK_PROBE,SCANNER,0,,09be6a0e,NORMAL,0.0
2026-05-06T09:52:17.471237,91.231.x.x,6b84c04c7c8a223e,60555,0,NON_MAVLINK_PROBE,SCANNER,0,,1c3b7a20,NORMAL,0.0
2026-05-06T10:01:19.286835,223.123.x.x,a75d42963b74b4c0,26893,0,NON_MAVLINK_PROBE,SCANNER,0,,09704d3b,NORMAL,0.0
2026-05-06T10:03:59.595140,176.65.x.x,4f272e1f19434274,36886,0,NON_MAVLINK_PROBE,SCANNER,0,,a51b25d0,NORMAL,0.0
2026-05-06T10:46:07.127556,193.32.x.x,a720cf634f6e648b,55804,0,NON_MAVLINK_PROBE,SCANNER,0,,e62205e6,NORMAL,0.0
2026-05-06T10:46:19.649437,193.32.x.x,a720cf634f6e648b,55846,0,NON_MAVLINK_PROBE,SCANNER,0,,32c4fbc1,NORMAL,0.0
2026-05-06T10:46:32.054624,193.32.x.x,a720cf634f6e648b,56642,0,NON_MAVLINK_PROBE,SCANNER,0,,f9bfddeb,NORMAL,0.0
2026-05-06T10:46:44.520443,193.32.x.x,a720cf634f6e648b,57428,0,NON_MAVLINK_PROBE,SCANNER,0,,4d3eb3e4,NORMAL,0.0
2026-05-06T10:46:56.778534,193.32.x.x,a720cf634f6e648b,58314,0,NON_MAVLINK_PROBE,SCANNER,0,,e5a9cef8,NORMAL,0.0
2026-05-06T10:47:09.020225,193.32.x.x,a720cf634f6e648b,59112,0,NON_MAVLINK_PROBE,SCANNER,0,,6a67076c,NORMAL,0.0
2026-05-06T10:47:21.377625,193.32.x.x,a720cf634f6e648b,59768,0,NON_MAVLINK_PROBE,SCANNER,0,,7060cf6c,NORMAL,0.0
2026-05-06T11:58:34.899937,47.250.x.x,ea61c7a74c561621,20110,0,NON_MAVLINK_PROBE,SCANNER,0,,2c9d5ea1,NORMAL,0.0
2026-05-06T11:58:47.959481,47.250.x.x,ea61c7a74c561621,31792,0,NON_MAVLINK_PROBE,SCANNER,0,,7869e2f1,NORMAL,0.0
2026-05-06T11:59:01.000931,47.250.x.x,ea61c7a74c561621,11614,0,NON_MAVLINK_PROBE,SCANNER,0,,f7bee7b1,NORMAL,0.0
2026-05-06T11:59:14.063802,47.250.x.x,ea61c7a74c561621,44984,0,NON_MAVLINK_PROBE,SCANNER,0,,a3243dfa,NORMAL,0.0
2026-05-06T12:58:41.311188,94.232.x.x,fbf11012a5c8c0d0,48222,0,NON_MAVLINK_PROBE,SCANNER,0,,107e6949,NORMAL,0.0
2026-05-06T13:05:04.231477,45.198.x.x,7db0b45618a77305,36448,0,NON_MAVLINK_PROBE,SCANNER,0,,38392ceb,NORMAL,0.0
2026-05-06T13:32:58.566641,87.121.x.x,b03a90b393880a50,48066,0,NON_MAVLINK_PROBE,SCANNER,0,,054106ba,NORMAL,0.0
2026-05-06T13:44:43.342442,59.103.x.x,043bf195ed863770,38882,0,NON_MAVLINK_PROBE,SCANNER,0,,ac226cfc,NORMAL,0.0
2026-05-06T13:44:58.937863,87.121.x.x,9eb776e424a0f6c3,59540,0,NON_MAVLINK_PROBE,SCANNER,0,,7ad814f4,NORMAL,0.0
2026-05-06T13:50:06.700995,172.110.x.x,aa892caff6ed2b22,45924,0,NON_MAVLINK_PROBE,SCANNER,0,,b88bfcb2,NORMAL,0.0
2026-05-06T13:52:27.253994,45.142.x.x,d64285cf35e0aea9,40059,0,NON_MAVLINK_PROBE,SCANNER,0,,cae0524b,NORMAL,0.0
2026-05-06T14:37:38.229103,127.0.x.x,ef2f9f91273ffdad,33552,0,NON_MAVLINK_PROBE,SCANNER,0,,48321105,NORMAL,0.0
2026-05-06T14:58:19.158748,34.56.x.x,964648f1b1fdaf9e,60018,0,NON_MAVLINK_PROBE,SCANNER,0,,46e24850,NORMAL,0.0
2026-05-06T14:59:51.403468,66.175.x.x,ca35df4b3ee88bee,11060,0,NON_MAVLINK_PROBE,SCANNER,0,,4afa5173,NORMAL,0.0
2026-05-06T14:59:51.820897,66.175.x.x,ca35df4b3ee88bee,56222,0,NON_MAVLINK_PROBE,SCANNER,0,,59dea224,NORMAL,0.0
2026-05-06T15:01:13.795110,204.76.x.x,89cc37b19d5cd37b,32868,0,NON_MAVLINK_PROBE,SCANNER,0,,bd4d86dd,NORMAL,0.0
2026-05-06T15:07:05.698766,64.89.x.x,c71c97b938715114,4562,0,NON_MAVLINK_PROBE,SCANNER,0,,15cc58cc,NORMAL,0.0
2026-05-06T15:34:49.351358,176.65.x.x,19b5ca312db1007c,60336,0,NON_MAVLINK_PROBE,SCANNER,0,,6d990d84,NORMAL,0.0
2026-05-06T16:44:17.212527,165.154.x.x,36c1234d0ff92bac,38554,0,NON_MAVLINK_PROBE,SCANNER,0,,7d1b1acb,NORMAL,0.0
2026-05-06T16:44:22.214198,165.154.x.x,36c1234d0ff92bac,57068,0,NON_MAVLINK_PROBE,SCANNER,0,,1532b3fd,NORMAL,0.0
2026-05-06T16:44:32.428971,165.154.x.x,36c1234d0ff92bac,57076,0,NON_MAVLINK_PROBE,SCANNER,0,,e4f3b271,NORMAL,0.0
2026-05-06T16:44:33.914725,165.154.x.x,36c1234d0ff92bac,57430,0,NON_MAVLINK_PROBE,SCANNER,0,,dd5a1083,NORMAL,0.0
2026-05-06T16:48:45.914590,204.76.x.x,89cc37b19d5cd37b,53880,0,NON_MAVLINK_PROBE,SCANNER,0,,90287004,NORMAL,0.0
2026-05-06T16:50:30.475730,165.154.x.x,36c1234d0ff92bac,45480,0,NON_MAVLINK_PROBE,SCANNER,0,,016f64bb,NORMAL,0.0
2026-05-06T16:50:30.975615,165.154.x.x,36c1234d0ff92bac,45492,0,NON_MAVLINK_PROBE,SCANNER,0,,bef4d26e,NORMAL,0.0
2026-05-06T16:50:31.726814,165.154.x.x,36c1234d0ff92bac,45508,0,NON_MAVLINK_PROBE,SCANNER,0,,81394b87,NORMAL,0.0
2026-05-06T16:50:32.060879,165.154.x.x,36c1234d0ff92bac,45506,0,NON_MAVLINK_PROBE,SCANNER,0,,3fe7a96d,NORMAL,0.0
2026-05-06T17:03:35.251833,82.156.x.x,b77d93e4cc345ecb,28924,0,NON_MAVLINK_PROBE,SCANNER,0,,24062947,NORMAL,0.0
2026-05-06T17:17:06.767582,64.62.x.x,bf2fd9a6a621b282,16494,0,NON_MAVLINK_PROBE,SCANNER,0,,4873d2db,NORMAL,0.0
2026-05-06T17:26:39.503129,178.128.x.x,bec3c6ecf1a33ef5,35632,0,NON_MAVLINK_PROBE,SCANNER,0,,7af9da58,NORMAL,0.0
2026-05-06T17:26:40.466269,178.128.x.x,bec3c6ecf1a33ef5,42124,0,NON_MAVLINK_PROBE,SCANNER,0,,6fc86ac5,NORMAL,0.0
2026-05-06T17:26:41.424308,178.128.x.x,bec3c6ecf1a33ef5,46836,0,NON_MAVLINK_PROBE,SCANNER,0,,86206473,NORMAL,0.0
2026-05-06T17:26:42.354867,178.128.x.x,bec3c6ecf1a33ef5,50258,0,NON_MAVLINK_PROBE,SCANNER,0,,88c45961,NORMAL,0.0
2026-05-06T17:26:43.386385,178.128.x.x,bec3c6ecf1a33ef5,52124,0,NON_MAVLINK_PROBE,SCANNER,0,,bf99c9aa,NORMAL,0.0
2026-05-06T17:26:44.342962,178.128.x.x,bec3c6ecf1a33ef5,53132,0,NON_MAVLINK_PROBE,SCANNER,0,,3d853ca2,NORMAL,0.0
2026-05-06T17:26:45.307759,178.128.x.x,bec3c6ecf1a33ef5,53624,0,NON_MAVLINK_PROBE,SCANNER,0,,ebe060c3,NORMAL,0.0
2026-05-06T17:26:46.327219,178.128.x.x,bec3c6ecf1a33ef5,53856,0,NON_MAVLINK_PROBE,SCANNER,0,,05891872,NORMAL,0.0
2026-05-06T17:26:47.256270,178.128.x.x,bec3c6ecf1a33ef5,54008,0,NON_MAVLINK_PROBE,SCANNER,0,,d3474f86,NORMAL,0.0
2026-05-06T17:47:53.798232,108.165.x.x,e37057dccc781f7d,42890,0,NON_MAVLINK_PROBE,SCANNER,0,,d941ce71,NORMAL,0.0
2026-05-06T17:49:00.264104,87.121.x.x,9eb776e424a0f6c3,43824,0,NON_MAVLINK_PROBE,SCANNER,0,,79f11afa,NORMAL,0.0
2026-05-06T17:49:07.965347,160.30.x.x,19d3cfb021133f4b,58048,0,NON_MAVLINK_PROBE,SCANNER,0,,02ce61ca,NORMAL,0.0
2026-05-06T18:12:45.854857,45.198.x.x,7db0b45618a77305,51064,0,NON_MAVLINK_PROBE,SCANNER,0,,074a65f2,NORMAL,0.0
2026-05-06T18:42:17.754010,176.65.x.x,9880f1c3a55845dd,33510,0,NON_MAVLINK_PROBE,SCANNER,0,,3f823053,NORMAL,0.0
2026-05-06T18:44:12.959531,176.65.x.x,1a31ff4b12a47a50,55682,0,NON_MAVLINK_PROBE,SCANNER,0,,0acc93a4,NORMAL,0.0
2026-05-06T18:53:55.973588,205.210.x.x,746e3b3e17903e77,63706,0,NON_MAVLINK_PROBE,SCANNER,0,,0656da3f,NORMAL,0.0
2026-05-06T18:53:55.990883,205.210.x.x,746e3b3e17903e77,63098,0,NON_MAVLINK_PROBE,SCANNER,0,,7b93bc25,NORMAL,0.0
2026-05-06T19:11:55.922142,176.65.x.x,9880f1c3a55845dd,57318,0,NON_MAVLINK_PROBE,SCANNER,0,,f331c89e,NORMAL,0.0
2026-05-06T19:14:57.017019,152.32.x.x,64bc58017c4452f5,38748,0,NON_MAVLINK_PROBE,SCANNER,0,,451336ec,NORMAL,0.0
2026-05-06T19:15:17.294585,152.32.x.x,64bc58017c4452f5,38754,0,NON_MAVLINK_PROBE,SCANNER,0,,c4b82749,NORMAL,0.0
2026-05-06T19:15:36.454548,152.32.x.x,64bc58017c4452f5,57080,0,NON_MAVLINK_PROBE,SCANNER,0,,4081ac2d,NORMAL,0.0
2026-05-06T19:15:57.033203,152.32.x.x,64bc58017c4452f5,33026,0,NON_MAVLINK_PROBE,SCANNER,0,,941684ca,NORMAL,0.0
2026-05-06T19:16:15.967408,152.32.x.x,64bc58017c4452f5,39196,0,NON_MAVLINK_PROBE,SCANNER,0,,e36badbb,NORMAL,0.0
2026-05-06T19:16:34.917716,152.32.x.x,64bc58017c4452f5,56400,0,NON_MAVLINK_PROBE,SCANNER,0,,1a992e93,NORMAL,0.0
2026-05-06T19:16:53.997882,152.32.x.x,64bc58017c4452f5,49870,0,NON_MAVLINK_PROBE,SCANNER,0,,e46fde3b,NORMAL,0.0
2026-05-06T19:17:13.033552,152.32.x.x,64bc58017c4452f5,59506,0,NON_MAVLINK_PROBE,SCANNER,0,,b847513c,NORMAL,0.0
2026-05-06T19:17:33.234072,152.32.x.x,64bc58017c4452f5,36136,0,NON_MAVLINK_PROBE,SCANNER,0,,d8c1d95b,NORMAL,0.0
2026-05-06T19:17:52.646305,152.32.x.x,64bc58017c4452f5,43546,0,NON_MAVLINK_PROBE,SCANNER,0,,897da5a9,NORMAL,0.0
2026-05-06T19:18:05.249902,198.235.x.x,182f40c299f69b9f,57762,0,NON_MAVLINK_PROBE,SCANNER,0,,f38f2dbf,NORMAL,0.0
2026-05-06T20:16:48.068176,87.121.x.x,9eb776e424a0f6c3,58468,0,NON_MAVLINK_PROBE,SCANNER,0,,4aefaa9c,NORMAL,0.0
2026-05-06T20:32:15.533210,176.65.x.x,9880f1c3a55845dd,36034,0,NON_MAVLINK_PROBE,SCANNER,0,,a78f5b73,NORMAL,0.0
2026-05-06T20:35:50.215299,173.255.x.x,aca04b2aad378df2,58361,0,NON_MAVLINK_PROBE,SCANNER,0,,d323a1d6,NORMAL,0.0
2026-05-06T21:05:52.391061,87.121.x.x,b03a90b393880a50,58898,0,NON_MAVLINK_PROBE,SCANNER,0,,33c32256,NORMAL,0.0
2026-05-06T21:32:54.845458,69.164.x.x,9e9c13113bf8c643,39313,0,NON_MAVLINK_PROBE,SCANNER,0,,91a550bb,NORMAL,0.0
2026-05-06T22:10:27.757789,91.230.x.x,8e3efefaae026f4b,44235,0,NON_MAVLINK_PROBE,SCANNER,0,,4fcd1a8b,NORMAL,0.0
2026-05-06T22:10:31.027917,91.230.x.x,665f94ee567a41c6,45771,0,NON_MAVLINK_PROBE,SCANNER,0,,4e8e7669,NORMAL,0.0
2026-05-06T22:29:13.283009,94.156.x.x,dc12965325b5a917,53234,0,NON_MAVLINK_PROBE,SCANNER,0,,29aa11c1,NORMAL,0.0
2026-05-06T22:32:12.030507,45.56.x.x,4a390567d04a7bd4,42199,0,NON_MAVLINK_PROBE,SCANNER,0,,aa948bce,NORMAL,0.0
2026-05-06T22:39:29.277987,127.0.x.x,ef2f9f91273ffdad,59964,0,NON_MAVLINK_PROBE,SCANNER,0,,443c7aec,NORMAL,0.0
2026-05-06T22:44:07.823493,87.121.x.x,9eb776e424a0f6c3,43872,0,NON_MAVLINK_PROBE,SCANNER,0,,355c71c8,NORMAL,0.0
2026-05-06T22:50:28.926930,66.132.x.x,e01ae6c1d9fb9c76,9754,0,NON_MAVLINK_PROBE,SCANNER,0,,a8cc3154,NORMAL,0.0
2026-05-06T22:50:33.236034,66.132.x.x,e01ae6c1d9fb9c76,9786,0,NON_MAVLINK_PROBE,SCANNER,0,,2591d582,NORMAL,0.0
2026-05-06T22:50:35.151374,66.132.x.x,e01ae6c1d9fb9c76,4640,0,NON_MAVLINK_PROBE,SCANNER,0,,44bf0521,NORMAL,0.0
2026-05-06T22:50:41.007974,66.132.x.x,e01ae6c1d9fb9c76,4714,0,NON_MAVLINK_PROBE,SCANNER,0,,f649ed80,NORMAL,0.0
2026-05-06T22:50:42.152782,66.132.x.x,e01ae6c1d9fb9c76,4738,0,NON_MAVLINK_PROBE,SCANNER,0,,dda8908f,NORMAL,0.0
2026-05-06T22:54:52.343129,87.236.x.x,74dfeed030620d97,38819,0,NON_MAVLINK_PROBE,SCANNER,0,,17666233,NORMAL,0.0
2026-05-06T23:16:22.915886,176.65.x.x,9880f1c3a55845dd,37378,0,NON_MAVLINK_PROBE,SCANNER,0,,da53780f,NORMAL,0.0
2026-05-06T23:18:18.250141,45.198.x.x,7db0b45618a77305,35798,0,NON_MAVLINK_PROBE,SCANNER,0,,b7efa4e1,NORMAL,0.0
2026-05-06T23:22:11.340329,167.94.x.x,8aedd6a6119c0cea,21294,0,NON_MAVLINK_PROBE,SCANNER,0,,2f92ad92,NORMAL,0.0
2026-05-06T23:22:15.966827,167.94.x.x,8aedd6a6119c0cea,21400,4,UNKNOWN_4,UNKNOWN,3,2f0d2b6f2e5106003905,86b60674,NORMAL,0.2
2026-05-06T23:22:29.301487,167.94.x.x,8aedd6a6119c0cea,54420,0,NON_MAVLINK_PROBE,SCANNER,0,,6eb5681f,NORMAL,0.0
2026-05-06T23:30:10.287295,120.85.x.x,6a2dc03278b7f0d8,19194,0,NON_MAVLINK_PROBE,SCANNER,0,,f528f936,NORMAL,0.0
2026-05-06T23:35:15.708248,45.205.x.x,1a04c6553bb8c980,57578,0,NON_MAVLINK_PROBE,SCANNER,0,,5ef81693,NORMAL,0.0
2026-05-06T23:53:45.171060,176.65.x.x,9880f1c3a55845dd,45702,0,NON_MAVLINK_PROBE,SCANNER,0,,31ea65f3,NORMAL,0.0
2026-05-06T23:54:02.635929,20.64.x.x,ecad4bdb81c599dd,35408,0,NON_MAVLINK_PROBE,SCANNER,0,,b32bd1e5,NORMAL,0.0
2026-05-06T23:56:42.208907,165.154.x.x,6554551161f2cff9,51350,0,NON_MAVLINK_PROBE,SCANNER,0,,67fc1e1e,NORMAL,0.0
2026-05-06T23:56:47.248943,165.154.x.x,6554551161f2cff9,51362,0,NON_MAVLINK_PROBE,SCANNER,0,,ca44bcb1,NORMAL,0.0
2026-05-06T23:56:57.551523,165.154.x.x,6554551161f2cff9,39366,0,NON_MAVLINK_PROBE,SCANNER,0,,10525c79,NORMAL,0.0
2026-05-06T23:56:59.032925,165.154.x.x,6554551161f2cff9,39368,0,NON_MAVLINK_PROBE,SCANNER,0,,a8bb3b18,NORMAL,0.0
2026-05-06T23:59:49.423619,165.154.x.x,6554551161f2cff9,33842,0,NON_MAVLINK_PROBE,SCANNER,0,,c7965032,NORMAL,0.0
2026-05-06T23:59:49.913605,165.154.x.x,6554551161f2cff9,33850,0,NON_MAVLINK_PROBE,SCANNER,0,,33ab817b,NORMAL,0.0
2026-05-06T23:59:50.677873,165.154.x.x,6554551161f2cff9,33862,0,NON_MAVLINK_PROBE,SCANNER,0,,0d383c64,NORMAL,0.0
2026-05-06T23:59:50.954523,165.154.x.x,6554551161f2cff9,33856,0,NON_MAVLINK_PROBE,SCANNER,0,,c79e90a4,NORMAL,0.0
2026-05-07T00:01:28.560753,3.86.x.x,77c3b62f93c4ad8a,55586,0,NON_MAVLINK_PROBE,SCANNER,0,,0872990a,NORMAL,0.0
2026-05-07T00:11:12.442439,45.205.x.x,8cf65c323720a4c3,50454,0,NON_MAVLINK_PROBE,SCANNER,0,,3abdd177,NORMAL,0.0
2026-05-07T00:11:25.384031,45.205.x.x,8cf65c323720a4c3,50458,0,NON_MAVLINK_PROBE,SCANNER,0,,99a9d835,NORMAL,0.0
2026-05-07T00:11:37.796824,45.205.x.x,8cf65c323720a4c3,45984,0,NON_MAVLINK_PROBE,SCANNER,0,,0a5fa64d,NORMAL,0.0
2026-05-07T00:11:51.718412,45.205.x.x,8cf65c323720a4c3,46864,0,NON_MAVLINK_PROBE,SCANNER,0,,3e90806f,NORMAL,0.0
2026-05-07T00:12:06.426713,45.205.x.x,8cf65c323720a4c3,44906,0,NON_MAVLINK_PROBE,SCANNER,0,,f9ddb5b7,NORMAL,0.0
2026-05-07T00:12:19.830915,45.205.x.x,8cf65c323720a4c3,40872,0,NON_MAVLINK_PROBE,SCANNER,0,,d5fea687,NORMAL,0.0
2026-05-07T00:12:32.964955,45.205.x.x,8cf65c323720a4c3,37168,0,NON_MAVLINK_PROBE,SCANNER,0,,90a6bda1,NORMAL,0.0
2026-05-07T00:13:40.475333,147.185.x.x,4c1e6d6ee690da02,54086,0,NON_MAVLINK_PROBE,SCANNER,0,,cccee154,NORMAL,0.0
2026-05-07T00:36:13.811287,115.55.x.x,692bdfbb952284a8,50354,0,NON_MAVLINK_PROBE,SCANNER,0,,4ae69e1c,NORMAL,0.0
2026-05-07T00:51:40.132877,104.248.x.x,4bc915317e59d655,34926,0,NON_MAVLINK_PROBE,SCANNER,0,,b394cb36,NORMAL,0.0
2026-05-07T00:52:40.781469,104.248.x.x,4bc915317e59d655,38772,0,NON_MAVLINK_PROBE,SCANNER,0,,a9b4f5c3,NORMAL,0.0
2026-05-07T00:53:41.438331,104.248.x.x,4bc915317e59d655,46718,0,NON_MAVLINK_PROBE,SCANNER,0,,9b7059d1,NORMAL,0.0
2026-05-07T00:54:17.255769,104.248.x.x,4bc915317e59d655,53558,0,NON_MAVLINK_PROBE,SCANNER,0,,21bd3589,NORMAL,0.0
2026-05-07T00:55:08.853100,104.248.x.x,4bc915317e59d655,42676,0,NON_MAVLINK_PROBE,SCANNER,0,,76f99a5d,NORMAL,0.0
2026-05-07T01:19:24.600992,195.178.x.x,4393ae9e88d5b51e,59530,0,NON_MAVLINK_PROBE,SCANNER,0,,7822259f,NORMAL,0.0
2026-05-07T01:26:13.575579,192.155.x.x,66958a47202bb3e6,55848,0,NON_MAVLINK_PROBE,SCANNER,0,,c77968f3,NORMAL,0.0
2026-05-07T01:26:23.552574,192.155.x.x,66958a47202bb3e6,33184,0,NON_MAVLINK_PROBE,SCANNER,0,,a1fcface,NORMAL,0.0
2026-05-07T01:52:56.905647,160.119.x.x,f06c48d3f514838e,38998,0,NON_MAVLINK_PROBE,SCANNER,0,,fff61d96,NORMAL,0.0
2026-05-07T02:03:42.490931,45.13.x.x,9c5fcbe1c19a52b5,53026,0,NON_MAVLINK_PROBE,SCANNER,0,,6c6cad65,NORMAL,0.0
2026-05-07T02:13:34.613473,45.13.x.x,9c5fcbe1c19a52b5,52244,0,NON_MAVLINK_PROBE,SCANNER,0,,73b250a1,NORMAL,0.0
2026-05-07T02:16:10.198416,92.63.x.x,d3d69a66dc865704,65456,0,NON_MAVLINK_PROBE,SCANNER,0,,12306c32,NORMAL,0.0
2026-05-07T02:16:10.529906,92.63.x.x,d3d69a66dc865704,65458,0,NON_MAVLINK_PROBE,SCANNER,0,,c33183e2,NORMAL,0.0
2026-05-07T03:02:14.892214,176.65.x.x,9880f1c3a55845dd,40094,0,NON_MAVLINK_PROBE,SCANNER,0,,1136e46f,NORMAL,0.0
2026-05-07T03:22:47.429009,64.62.x.x,f053f28cf2f6b073,55448,0,NON_MAVLINK_PROBE,SCANNER,0,,f3c9f583,NORMAL,0.0
2026-05-07T03:23:11.369207,133.175.x.x,07ffdc3e7c837032,60775,0,NON_MAVLINK_PROBE,SCANNER,0,,046de13f,NORMAL,0.0
2026-05-07T03:30:04.545275,66.132.x.x,adbe67e08754840c,56984,0,NON_MAVLINK_PROBE,SCANNER,0,,d48bb594,NORMAL,0.0
2026-05-07T03:30:09.504218,66.132.x.x,adbe67e08754840c,56998,4,UNKNOWN_4,UNKNOWN,3,5a42b3e5315106003905,69546584,NORMAL,0.2
2026-05-07T03:30:24.861545,66.132.x.x,adbe67e08754840c,1226,0,NON_MAVLINK_PROBE,SCANNER,0,,011d5c32,NORMAL,0.0
2026-05-07T03:55:37.459732,108.165.x.x,e37057dccc781f7d,34748,0,NON_MAVLINK_PROBE,SCANNER,0,,7a6839af,NORMAL,0.0
2026-05-07T04:16:50.890322,134.199.x.x,ca4d4fa62cf59eeb,59492,0,NON_MAVLINK_PROBE,SCANNER,0,,6b9d0586,NORMAL,0.0
2026-05-07T04:26:06.666590,45.198.x.x,7db0b45618a77305,35026,0,NON_MAVLINK_PROBE,SCANNER,0,,a6dc161c,NORMAL,0.0
2026-05-07T05:39:18.186437,65.49.x.x,9a01b3f2160dd2a5,47870,0,NON_MAVLINK_PROBE,SCANNER,0,,92d7a6ad,NORMAL,0.0
2026-05-07T05:40:09.494920,176.65.x.x,9880f1c3a55845dd,53852,0,NON_MAVLINK_PROBE,SCANNER,0,,52d03d38,NORMAL,0.0
2026-05-07T05:42:50.758109,112.46.x.x,06e3f3d3ca57e51e,27228,0,NON_MAVLINK_PROBE,SCANNER,0,,219ce5e5,NORMAL,0.0
2026-05-07T06:09:18.993556,66.228.x.x,450cc0f08743fa59,48308,0,NON_MAVLINK_PROBE,SCANNER,0,,16c513c0,NORMAL,0.0
2026-05-07T06:09:20.539203,66.228.x.x,450cc0f08743fa59,13690,0,NON_MAVLINK_PROBE,SCANNER,0,,6e169118,NORMAL,0.0
2026-05-07T06:35:37.482647,108.165.x.x,e37057dccc781f7d,43500,0,NON_MAVLINK_PROBE,SCANNER,0,,5938fd15,NORMAL,0.0
2026-05-07T07:01:02.179969,172.104.x.x,a72d24335fefef2f,36768,0,NON_MAVLINK_PROBE,SCANNER,0,,6ddedecb,NORMAL,0.0
2026-05-07T07:01:03.431593,45.33.x.x,e36d10369857ef2c,55376,0,NON_MAVLINK_PROBE,SCANNER,0,,2b4697c1,NORMAL,0.0
2026-05-07T07:01:05.144135,134.122.x.x,a972e4ddeeffbbe2,35200,0,NON_MAVLINK_PROBE,SCANNER,0,,04294d89,NORMAL,0.0
2026-05-07T07:01:10.246664,66.175.x.x,9ed91efde5533730,42206,0,NON_MAVLINK_PROBE,SCANNER,0,,4158d8ac,NORMAL,0.0
2026-05-07T07:01:10.461032,66.228.x.x,f129768c26e64113,51014,0,NON_MAVLINK_PROBE,SCANNER,0,,764aad12,NORMAL,0.0
2026-05-07T07:01:11.336274,139.144.x.x,fec52fe058f46e8c,51402,0,NON_MAVLINK_PROBE,SCANNER,0,,e83e0dd7,NORMAL,0.0
2026-05-07T07:01:15.799879,66.175.x.x,9ed91efde5533730,46350,0,NON_MAVLINK_PROBE,SCANNER,0,,672bf3f2,NORMAL,0.0
2026-05-07T07:01:21.520078,66.175.x.x,9ed91efde5533730,46354,0,NON_MAVLINK_PROBE,SCANNER,0,,e869cc26,NORMAL,0.0
2026-05-07T07:01:21.782076,161.35.x.x,16e423629991fe81,38816,0,NON_MAVLINK_PROBE,SCANNER,0,,ae523e7c,NORMAL,0.0
2026-05-07T07:01:26.338348,139.144.x.x,fec52fe058f46e8c,46260,0,NON_MAVLINK_PROBE,SCANNER,0,,5f78ec08,NORMAL,0.0
2026-05-07T07:01:27.197206,66.175.x.x,9ed91efde5533730,44596,0,NON_MAVLINK_PROBE,SCANNER,0,,f968e775,NORMAL,0.0
2026-05-07T07:01:32.654089,66.175.x.x,9ed91efde5533730,49930,0,NON_MAVLINK_PROBE,SCANNER,0,,4de47d6d,NORMAL,0.0
2026-05-07T07:01:37.021782,206.189.x.x,91e8cb627e9ce6b4,32858,0,NON_MAVLINK_PROBE,SCANNER,0,,dc90e985,NORMAL,0.0
2026-05-07T07:01:38.069141,66.175.x.x,9ed91efde5533730,49946,0,NON_MAVLINK_PROBE,SCANNER,0,,af019d8e,NORMAL,0.0
2026-05-07T07:01:41.337778,139.144.x.x,fec52fe058f46e8c,34198,0,NON_MAVLINK_PROBE,SCANNER,0,,55001b70,NORMAL,0.0
2026-05-07T07:01:43.552026,66.175.x.x,9ed91efde5533730,56236,0,NON_MAVLINK_PROBE,SCANNER,0,,214cd641,NORMAL,0.0
2026-05-07T07:01:49.027047,66.175.x.x,9ed91efde5533730,56242,0,NON_MAVLINK_PROBE,SCANNER,0,,eb55df4f,NORMAL,0.0
2026-05-07T07:01:51.072270,206.189.x.x,91e8cb627e9ce6b4,54322,0,NON_MAVLINK_PROBE,SCANNER,0,,967ffec9,NORMAL,0.0
2026-05-07T07:01:53.885233,139.144.x.x,fec52fe058f46e8c,33844,0,NON_MAVLINK_PROBE,SCANNER,0,,290ad20d,NORMAL,0.0
2026-05-07T07:01:54.734149,66.175.x.x,9ed91efde5533730,48092,0,NON_MAVLINK_PROBE,SCANNER,0,,9d40b692,NORMAL,0.0
2026-05-07T07:01:57.924372,206.189.x.x,91e8cb627e9ce6b4,54330,0,NON_MAVLINK_PROBE,SCANNER,0,,c8e9de1d,NORMAL,0.0
2026-05-07T07:02:00.413034,66.175.x.x,9ed91efde5533730,48108,0,NON_MAVLINK_PROBE,SCANNER,0,,c944e0a6,NORMAL,0.0
2026-05-07T07:02:06.125115,66.175.x.x,9ed91efde5533730,53890,0,NON_MAVLINK_PROBE,SCANNER,0,,f9885680,NORMAL,0.0
2026-05-07T07:02:08.896826,139.144.x.x,fec52fe058f46e8c,38926,0,NON_MAVLINK_PROBE,SCANNER,0,,4ea9aba5,NORMAL,0.0
2026-05-07T07:02:11.782261,66.175.x.x,9ed91efde5533730,53900,0,NON_MAVLINK_PROBE,SCANNER,0,,90dfa83f,NORMAL,0.0
2026-05-07T07:02:17.489560,66.175.x.x,9ed91efde5533730,44040,0,NON_MAVLINK_PROBE,SCANNER,0,,0189c343,NORMAL,0.0
2026-05-07T07:02:23.212058,66.175.x.x,9ed91efde5533730,36882,0,NON_MAVLINK_PROBE,SCANNER,0,,2025e1cf,NORMAL,0.0
2026-05-07T07:02:23.892989,139.144.x.x,fec52fe058f46e8c,59944,0,NON_MAVLINK_PROBE,SCANNER,0,,27798e90,NORMAL,0.0
2026-05-07T07:02:28.596890,66.175.x.x,9ed91efde5533730,36884,0,NON_MAVLINK_PROBE,SCANNER,0,,050e0706,NORMAL,0.0
2026-05-07T07:02:34.101544,66.175.x.x,9ed91efde5533730,45660,0,NON_MAVLINK_PROBE,SCANNER,0,,5bb7ac60,NORMAL,0.0
2026-05-07T07:02:38.893782,139.144.x.x,fec52fe058f46e8c,50392,0,NON_MAVLINK_PROBE,SCANNER,0,,0c9790a3,NORMAL,0.0
2026-05-07T07:02:39.904879,66.175.x.x,9ed91efde5533730,45670,0,NON_MAVLINK_PROBE,SCANNER,0,,7c1f3ea7,NORMAL,0.0
2026-05-07T07:02:45.319689,66.175.x.x,9ed91efde5533730,35036,0,NON_MAVLINK_PROBE,SCANNER,0,,6788cff0,NORMAL,0.0
2026-05-07T07:02:50.773017,66.175.x.x,9ed91efde5533730,35038,0,NON_MAVLINK_PROBE,SCANNER,0,,ce8e331c,NORMAL,0.0
2026-05-07T07:02:56.608856,66.175.x.x,9ed91efde5533730,50388,0,NON_MAVLINK_PROBE,SCANNER,0,,c4e90982,NORMAL,0.0
2026-05-07T07:03:01.980503,66.175.x.x,9ed91efde5533730,39696,0,NON_MAVLINK_PROBE,SCANNER,0,,2f3580da,NORMAL,0.0
2026-05-07T07:03:07.453712,66.175.x.x,9ed91efde5533730,39698,0,NON_MAVLINK_PROBE,SCANNER,0,,9f2813f3,NORMAL,0.0
2026-05-07T07:03:12.933491,66.175.x.x,9ed91efde5533730,38416,0,NON_MAVLINK_PROBE,SCANNER,0,,8f04fbb0,NORMAL,0.0
2026-05-07T07:03:18.452309,66.175.x.x,9ed91efde5533730,38422,0,NON_MAVLINK_PROBE,SCANNER,0,,771cf048,NORMAL,0.0
2026-05-07T07:03:24.261503,66.175.x.x,9ed91efde5533730,42716,0,NON_MAVLINK_PROBE,SCANNER,0,,c8be2607,NORMAL,0.0
2026-05-07T07:03:29.772481,66.175.x.x,9ed91efde5533730,42732,0,NON_MAVLINK_PROBE,SCANNER,0,,8a5a9cb0,NORMAL,0.0
2026-05-07T07:03:35.133205,66.175.x.x,9ed91efde5533730,53622,0,NON_MAVLINK_PROBE,SCANNER,0,,adfce00a,NORMAL,0.0
2026-05-07T07:03:40.622864,18.218.x.x,a1cedf5443bfca11,41782,0,NON_MAVLINK_PROBE,SCANNER,0,,a3386e42,NORMAL,0.0
2026-05-07T07:03:41.139252,66.175.x.x,9ed91efde5533730,53630,0,NON_MAVLINK_PROBE,SCANNER,0,,b0155803,NORMAL,0.0
2026-05-07T07:03:46.448169,66.175.x.x,9ed91efde5533730,57900,0,NON_MAVLINK_PROBE,SCANNER,0,,294f44cd,NORMAL,0.0
2026-05-07T07:03:51.869235,66.175.x.x,9ed91efde5533730,57902,0,NON_MAVLINK_PROBE,SCANNER,0,,7a9b06ef,NORMAL,0.0
2026-05-07T07:03:57.300491,66.175.x.x,9ed91efde5533730,50254,0,NON_MAVLINK_PROBE,SCANNER,0,,0c9604bd,NORMAL,0.0
2026-05-07T07:04:03.228605,66.175.x.x,9ed91efde5533730,52658,0,NON_MAVLINK_PROBE,SCANNER,0,,cda0eb1f,NORMAL,0.0
2026-05-07T07:04:08.888880,66.175.x.x,9ed91efde5533730,52672,0,NON_MAVLINK_PROBE,SCANNER,0,,1bf5839d,NORMAL,0.0
2026-05-07T07:04:14.340575,66.175.x.x,9ed91efde5533730,33510,0,NON_MAVLINK_PROBE,SCANNER,0,,ab29342b,NORMAL,0.0
2026-05-07T07:04:19.753210,66.175.x.x,9ed91efde5533730,33524,0,NON_MAVLINK_PROBE,SCANNER,0,,3b6f79f9,NORMAL,0.0
2026-05-07T07:04:22.301020,18.218.x.x,a1cedf5443bfca11,49262,0,NON_MAVLINK_PROBE,SCANNER,0,,9e08d648,NORMAL,0.0
2026-05-07T07:04:25.591346,66.175.x.x,9ed91efde5533730,46460,0,NON_MAVLINK_PROBE,SCANNER,0,,ab3fe8a3,NORMAL,0.0
2026-05-07T07:04:30.900073,66.175.x.x,9ed91efde5533730,46472,0,NON_MAVLINK_PROBE,SCANNER,0,,6beb1b48,NORMAL,0.0
2026-05-07T07:04:36.313457,66.175.x.x,9ed91efde5533730,57290,0,NON_MAVLINK_PROBE,SCANNER,0,,ea7dfbbb,NORMAL,0.0
2026-05-07T07:04:41.759398,66.175.x.x,9ed91efde5533730,57302,0,NON_MAVLINK_PROBE,SCANNER,0,,39c3b687,NORMAL,0.0
2026-05-07T07:05:51.719741,18.218.x.x,a1cedf5443bfca11,41780,0,NON_MAVLINK_PROBE,SCANNER,0,,a3a3e8aa,NORMAL,0.0
2026-05-07T07:06:21.687347,18.218.x.x,a1cedf5443bfca11,52866,0,NON_MAVLINK_PROBE,SCANNER,0,,128f7b95,NORMAL,0.0
2026-05-07T07:08:40.291343,18.218.x.x,a1cedf5443bfca11,45286,0,NON_MAVLINK_PROBE,SCANNER,0,,449c9f69,NORMAL,0.0
2026-05-07T07:24:19.523751,176.65.x.x,9880f1c3a55845dd,46874,0,NON_MAVLINK_PROBE,SCANNER,0,,7c2f8d95,NORMAL,0.0
2026-05-07T07:30:58.951977,165.154.x.x,a9754ff70a6d6a0f,38872,0,NON_MAVLINK_PROBE,SCANNER,0,,d4866872,NORMAL,0.0
2026-05-07T07:31:03.986653,165.154.x.x,a9754ff70a6d6a0f,38878,0,NON_MAVLINK_PROBE,SCANNER,0,,9d5ebf8a,NORMAL,0.0
2026-05-07T07:31:14.271677,165.154.x.x,a9754ff70a6d6a0f,50134,0,NON_MAVLINK_PROBE,SCANNER,0,,91ec8d86,NORMAL,0.0
2026-05-07T07:31:15.756525,165.154.x.x,a9754ff70a6d6a0f,50148,0,NON_MAVLINK_PROBE,SCANNER,0,,010bf4c6,NORMAL,0.0
2026-05-07T07:31:52.480843,104.28.x.x,251eb72e033d559c,57246,0,NON_MAVLINK_PROBE,SCANNER,0,,9166519c,NORMAL,0.0
2026-05-07T07:34:46.447179,165.154.x.x,a9754ff70a6d6a0f,43846,0,NON_MAVLINK_PROBE,SCANNER,0,,0f0e1565,NORMAL,0.0
2026-05-07T07:34:46.937529,165.154.x.x,a9754ff70a6d6a0f,43852,0,NON_MAVLINK_PROBE,SCANNER,0,,dc9df046,NORMAL,0.0
2026-05-07T07:34:47.670713,165.154.x.x,a9754ff70a6d6a0f,43874,0,NON_MAVLINK_PROBE,SCANNER,0,,20d0185c,NORMAL,0.0
2026-05-07T07:34:47.982075,165.154.x.x,a9754ff70a6d6a0f,43860,0,NON_MAVLINK_PROBE,SCANNER,0,,81299a96,NORMAL,0.0
2026-05-07T07:50:33.395892,176.65.x.x,9880f1c3a55845dd,56068,0,NON_MAVLINK_PROBE,SCANNER,0,,a99c0bad,NORMAL,0.0
2026-05-07T08:26:19.896987,103.176.x.x,41680b418e614ccd,46620,0,NON_MAVLINK_PROBE,SCANNER,0,,45166830,NORMAL,0.0
2026-05-07T09:09:38.208598,176.65.x.x,9880f1c3a55845dd,56724,0,NON_MAVLINK_PROBE,SCANNER,0,,8d3fca82,NORMAL,0.0
2026-05-07T09:18:59.782117,157.245.x.x,9285138dbaf92305,45170,0,NON_MAVLINK_PROBE,SCANNER,0,,1be71834,NORMAL,0.0
2026-05-07T09:28:08.716106,45.198.x.x,7db0b45618a77305,55400,0,NON_MAVLINK_PROBE,SCANNER,0,,85f0f33e,NORMAL,0.0
2026-05-07T10:16:54.884280,176.65.x.x,9880f1c3a55845dd,51832,0,NON_MAVLINK_PROBE,SCANNER,0,,620d1402,NORMAL,0.0
2026-05-07T10:25:03.077390,176.65.x.x,9880f1c3a55845dd,53124,0,NON_MAVLINK_PROBE,SCANNER,0,,711e7a97,NORMAL,0.0
2026-05-07T10:37:58.033628,140.82.x.x,f73ca4127e89ad51,29364,0,NON_MAVLINK_PROBE,SCANNER,0,,cc5fe8f5,NORMAL,0.0
2026-05-07T10:37:58.131751,140.82.x.x,3033558209b3e4d3,38272,0,NON_MAVLINK_PROBE,SCANNER,0,,3fd43366,NORMAL,0.0
2026-05-07T10:38:00.096381,140.82.x.x,9d7f0d1cf6fa361c,47602,0,NON_MAVLINK_PROBE,SCANNER,0,,6924e62b,NORMAL,0.0
2026-05-07T10:38:00.242876,140.82.x.x,75e887173ea94aa4,41376,0,NON_MAVLINK_PROBE,SCANNER,0,,5c035ee1,NORMAL,0.0
2026-05-07T10:38:00.299305,140.82.x.x,197ed91c78c53ac0,25124,0,NON_MAVLINK_PROBE,SCANNER,0,,31cd0032,NORMAL,0.0
2026-05-07T10:38:00.348318,140.82.x.x,f30f0238e475339a,46392,0,NON_MAVLINK_PROBE,SCANNER,0,,67e6659f,NORMAL,0.0
2026-05-07T10:42:25.331070,107.150.x.x,2a87e689c287ecfa,53770,0,NON_MAVLINK_PROBE,SCANNER,0,,6c0747f9,NORMAL,0.0
2026-05-07T10:42:30.350952,107.150.x.x,2a87e689c287ecfa,53776,0,NON_MAVLINK_PROBE,SCANNER,0,,46957ab5,NORMAL,0.0
2026-05-07T10:42:40.605367,107.150.x.x,2a87e689c287ecfa,41970,0,NON_MAVLINK_PROBE,SCANNER,0,,e58591b6,NORMAL,0.0
2026-05-07T10:42:42.117625,107.150.x.x,2a87e689c287ecfa,41972,0,NON_MAVLINK_PROBE,SCANNER,0,,68c149a4,NORMAL,0.0
2026-05-07T10:42:47.568279,140.82.x.x,7ae23628268263b0,50842,0,NON_MAVLINK_PROBE,SCANNER,0,,ef1e0247,NORMAL,0.0
2026-05-07T10:42:47.725603,140.82.x.x,f4e9ad886a62a26f,63252,0,NON_MAVLINK_PROBE,SCANNER,0,,ef335088,NORMAL,0.0
2026-05-07T10:46:32.332668,140.82.x.x,90f10386a813674d,47526,0,NON_MAVLINK_PROBE,SCANNER,0,,b642e790,NORMAL,0.0
2026-05-07T10:46:32.456058,140.82.x.x,fd87be0206757cf4,30202,0,NON_MAVLINK_PROBE,SCANNER,0,,c7efcdb9,NORMAL,0.0
2026-05-07T10:48:25.127680,140.82.x.x,90f10386a813674d,15118,0,NON_MAVLINK_PROBE,SCANNER,0,,46be2248,NORMAL,0.0
2026-05-07T10:48:25.224736,140.82.x.x,f8f7a462207f2e59,55518,0,NON_MAVLINK_PROBE,SCANNER,0,,66a07b6f,NORMAL,0.0
2026-05-07T10:49:50.402219,107.150.x.x,2a87e689c287ecfa,45750,0,NON_MAVLINK_PROBE,SCANNER,0,,58f3e179,NORMAL,0.0
2026-05-07T10:49:50.824556,107.150.x.x,2a87e689c287ecfa,45758,0,NON_MAVLINK_PROBE,SCANNER,0,,50a01ea2,NORMAL,0.0
2026-05-07T10:49:51.587785,107.150.x.x,2a87e689c287ecfa,45766,0,NON_MAVLINK_PROBE,SCANNER,0,,9867e425,NORMAL,0.0
2026-05-07T10:49:51.880177,107.150.x.x,2a87e689c287ecfa,45760,0,NON_MAVLINK_PROBE,SCANNER,0,,8268a550,NORMAL,0.0
2026-05-07T11:00:32.848494,94.156.x.x,dc12965325b5a917,38626,0,NON_MAVLINK_PROBE,SCANNER,0,,24910653,NORMAL,0.0
2026-05-07T11:01:48.909468,108.165.x.x,e37057dccc781f7d,58020,0,NON_MAVLINK_PROBE,SCANNER,0,,cda8263e,NORMAL,0.0
2026-05-07T11:07:00.630577,5.61.x.x,5a1dfa7fd7b5f6c0,18302,0,NON_MAVLINK_PROBE,SCANNER,0,,56774a30,NORMAL,0.0
2026-05-07T11:24:41.311345,176.65.x.x,9880f1c3a55845dd,58896,0,NON_MAVLINK_PROBE,SCANNER,0,,b15a5619,NORMAL,0.0
2026-05-07T11:46:39.916608,108.165.x.x,e37057dccc781f7d,48582,0,NON_MAVLINK_PROBE,SCANNER,0,,f9d8a38d,NORMAL,0.0
2026-05-07T12:29:35.320959,220.78.x.x,094ad93cf23819c5,48589,0,NON_MAVLINK_PROBE,SCANNER,0,,9b355939,NORMAL,0.0
2026-05-07T12:29:50.415050,220.78.x.x,094ad93cf23819c5,46346,0,NON_MAVLINK_PROBE,SCANNER,0,,a69caf93,NORMAL,0.0
2026-05-07T12:51:27.248429,108.165.x.x,e37057dccc781f7d,45252,0,NON_MAVLINK_PROBE,SCANNER,0,,f9c6ad2e,NORMAL,0.0
2026-05-07T13:14:01.804455,64.62.x.x,d2c8504717291ad1,17808,0,NON_MAVLINK_PROBE,SCANNER,0,,2e645efe,NORMAL,0.0
2026-05-07T13:21:27.386954,165.154.x.x,a5d7f4863b18e925,34614,0,NON_MAVLINK_PROBE,SCANNER,0,,8915395a,NORMAL,0.0
2026-05-07T13:21:32.405239,165.154.x.x,a5d7f4863b18e925,54408,0,NON_MAVLINK_PROBE,SCANNER,0,,cacf7173,NORMAL,0.0
2026-05-07T13:21:42.700328,165.154.x.x,a5d7f4863b18e925,54416,0,NON_MAVLINK_PROBE,SCANNER,0,,1528b761,NORMAL,0.0
2026-05-07T13:21:44.211425,165.154.x.x,a5d7f4863b18e925,53434,0,NON_MAVLINK_PROBE,SCANNER,0,,f041b093,NORMAL,0.0
2026-05-07T13:22:04.217288,34.56.x.x,1f9942f17ba4c02d,54954,0,NON_MAVLINK_PROBE,SCANNER,0,,48d9f1aa,NORMAL,0.0
2026-05-07T13:28:29.983358,165.154.x.x,a5d7f4863b18e925,47836,0,NON_MAVLINK_PROBE,SCANNER,0,,ff20d33a,NORMAL,0.0
2026-05-07T13:28:30.474077,165.154.x.x,a5d7f4863b18e925,47852,0,NON_MAVLINK_PROBE,SCANNER,0,,08ffff0c,NORMAL,0.0
2026-05-07T13:28:31.204173,165.154.x.x,a5d7f4863b18e925,47874,0,NON_MAVLINK_PROBE,SCANNER,0,,bbbe2202,NORMAL,0.0
2026-05-07T13:28:31.494586,165.154.x.x,a5d7f4863b18e925,47864,0,NON_MAVLINK_PROBE,SCANNER,0,,bd37ccce,NORMAL,0.0
2026-05-07T13:33:42.935945,61.53.x.x,1a783ea40affb8be,56974,0,NON_MAVLINK_PROBE,SCANNER,0,,a1673381,NORMAL,0.0
2026-05-07T13:46:45.933976,20.64.x.x,d5f915b4e6897756,38660,0,NON_MAVLINK_PROBE,SCANNER,0,,b9e3e492,NORMAL,0.0
2026-05-07T13:46:46.421657,20.64.x.x,d5f915b4e6897756,59852,0,NON_MAVLINK_PROBE,SCANNER,0,,924e4b67,NORMAL,0.0
2026-05-07T14:33:43.396414,45.198.x.x,7db0b45618a77305,58680,0,NON_MAVLINK_PROBE,SCANNER,0,,935306ef,NORMAL,0.0
2026-05-07T16:02:22.081491,165.154.x.x,bfafdb995e4a6930,43078,0,NON_MAVLINK_PROBE,SCANNER,0,,5289993e,NORMAL,0.0
2026-05-07T16:02:27.120079,165.154.x.x,bfafdb995e4a6930,43092,0,NON_MAVLINK_PROBE,SCANNER,0,,f382d1e7,NORMAL,0.0
2026-05-07T16:02:37.395364,165.154.x.x,bfafdb995e4a6930,34352,0,NON_MAVLINK_PROBE,SCANNER,0,,58e5b58d,NORMAL,0.0
2026-05-07T16:02:38.891404,165.154.x.x,bfafdb995e4a6930,34364,0,NON_MAVLINK_PROBE,SCANNER,0,,48590e4c,NORMAL,0.0
2026-05-07T16:04:40.602377,172.234.x.x,125e0f12ef47ad3d,9570,0,NON_MAVLINK_PROBE,SCANNER,0,,8dc06e79,NORMAL,0.0
2026-05-07T16:04:41.167688,172.234.x.x,125e0f12ef47ad3d,51292,0,NON_MAVLINK_PROBE,SCANNER,0,,b87f7b42,NORMAL,0.0
2026-05-07T16:08:31.117140,165.154.x.x,bfafdb995e4a6930,53584,0,NON_MAVLINK_PROBE,SCANNER,0,,ecfe9b4f,NORMAL,0.0
2026-05-07T16:08:31.630550,165.154.x.x,bfafdb995e4a6930,53596,0,NON_MAVLINK_PROBE,SCANNER,0,,00973328,NORMAL,0.0
2026-05-07T16:08:32.399256,165.154.x.x,bfafdb995e4a6930,53618,0,NON_MAVLINK_PROBE,SCANNER,0,,bf7616c6,NORMAL,0.0
2026-05-07T16:08:32.675128,165.154.x.x,bfafdb995e4a6930,53612,0,NON_MAVLINK_PROBE,SCANNER,0,,96addcf5,NORMAL,0.0
2026-05-07T16:42:16.455149,45.153.x.x,0b28fdd13c52a535,38068,0,NON_MAVLINK_PROBE,SCANNER,0,,227ced2b,NORMAL,0.0
2026-05-07T16:54:27.809000,185.91.x.x,2a2b0990dd4071ec,42284,0,NON_MAVLINK_PROBE,SCANNER,0,,754eb20c,NORMAL,0.0
2026-05-07T16:54:27.818602,185.91.x.x,2a2b0990dd4071ec,42350,0,NON_MAVLINK_PROBE,SCANNER,0,,cf7edd58,NORMAL,0.0
2026-05-07T16:54:27.817181,185.91.x.x,2a2b0990dd4071ec,42258,0,NON_MAVLINK_PROBE,SCANNER,0,,22f4a21d,NORMAL,0.0
2026-05-07T16:54:27.828573,185.91.x.x,2a2b0990dd4071ec,42242,0,NON_MAVLINK_PROBE,SCANNER,0,,55b9a38c,NORMAL,0.0
2026-05-07T16:54:32.609187,185.91.x.x,2a2b0990dd4071ec,42318,0,NON_MAVLINK_PROBE,SCANNER,0,,db5d6c32,NORMAL,0.0
2026-05-07T16:54:32.636607,185.91.x.x,2a2b0990dd4071ec,42276,0,NON_MAVLINK_PROBE,SCANNER,0,,b4a4fde9,NORMAL,0.0
2026-05-07T16:54:32.671021,185.91.x.x,2a2b0990dd4071ec,42304,0,NON_MAVLINK_PROBE,SCANNER,0,,0b46ef29,NORMAL,0.0
2026-05-07T16:54:32.664620,185.91.x.x,2a2b0990dd4071ec,42288,0,NON_MAVLINK_PROBE,SCANNER,0,,15f7b03a,NORMAL,0.0
2026-05-07T16:54:32.676491,185.91.x.x,2a2b0990dd4071ec,42266,0,NON_MAVLINK_PROBE,SCANNER,0,,83674ba1,NORMAL,0.0
2026-05-07T16:54:32.685016,185.91.x.x,2a2b0990dd4071ec,42338,0,NON_MAVLINK_PROBE,SCANNER,0,,0c1da7c1,NORMAL,0.0
2026-05-07T17:43:12.285167,47.85.x.x,8fd5462ccca05f8e,46804,0,NON_MAVLINK_PROBE,SCANNER,0,,a8b4c26b,NORMAL,0.0
2026-05-07T17:47:54.394584,66.228.x.x,c265a7de2c0ac7a8,56218,0,NON_MAVLINK_PROBE,SCANNER,0,,c58819ff,NORMAL,0.0
2026-05-07T17:47:54.911313,66.228.x.x,c265a7de2c0ac7a8,51558,0,NON_MAVLINK_PROBE,SCANNER,0,,9662880a,NORMAL,0.0
2026-05-07T18:34:53.326784,152.32.x.x,783f830529722e5d,34150,0,NON_MAVLINK_PROBE,SCANNER,0,,d7abbe4c,NORMAL,0.0
2026-05-07T18:35:12.509219,152.32.x.x,783f830529722e5d,34164,0,NON_MAVLINK_PROBE,SCANNER,0,,01d229fd,NORMAL,0.0
2026-05-07T18:35:30.680661,152.32.x.x,783f830529722e5d,52492,0,NON_MAVLINK_PROBE,SCANNER,0,,c68fea36,NORMAL,0.0
2026-05-07T18:35:43.628677,149.102.x.x,d4e26c89313ccde4,39172,0,NON_MAVLINK_PROBE,SCANNER,0,,12d0f75d,NORMAL,0.0
2026-05-07T18:35:48.816651,152.32.x.x,783f830529722e5d,41966,0,NON_MAVLINK_PROBE,SCANNER,0,,03e4c42b,NORMAL,0.0
2026-05-07T18:36:06.960113,152.32.x.x,783f830529722e5d,52508,0,NON_MAVLINK_PROBE,SCANNER,0,,4b820a1e,NORMAL,0.0
2026-05-07T18:36:25.178033,152.32.x.x,783f830529722e5d,58250,0,NON_MAVLINK_PROBE,SCANNER,0,,9193cb92,NORMAL,0.0
2026-05-07T18:36:44.316329,152.32.x.x,783f830529722e5d,42556,0,NON_MAVLINK_PROBE,SCANNER,0,,f65e2f25,NORMAL,0.0
2026-05-07T18:37:02.602729,152.32.x.x,783f830529722e5d,34116,0,NON_MAVLINK_PROBE,SCANNER,0,,42498492,NORMAL,0.0
2026-05-07T18:37:20.745376,152.32.x.x,783f830529722e5d,48246,0,NON_MAVLINK_PROBE,SCANNER,0,,a607a061,NORMAL,0.0
2026-05-07T18:37:38.962092,152.32.x.x,783f830529722e5d,57632,0,NON_MAVLINK_PROBE,SCANNER,0,,80f3ee37,NORMAL,0.0
2026-05-07T18:39:34.597399,165.154.x.x,da06108e60b2285c,43680,0,NON_MAVLINK_PROBE,SCANNER,0,,b26711ec,NORMAL,0.0
2026-05-07T18:39:39.605873,165.154.x.x,da06108e60b2285c,43692,0,NON_MAVLINK_PROBE,SCANNER,0,,bd5939a3,NORMAL,0.0
2026-05-07T18:39:49.863498,165.154.x.x,da06108e60b2285c,53698,0,NON_MAVLINK_PROBE,SCANNER,0,,80cbe675,NORMAL,0.0
2026-05-07T18:39:51.358860,165.154.x.x,da06108e60b2285c,53702,0,NON_MAVLINK_PROBE,SCANNER,0,,7069c508,NORMAL,0.0
2026-05-07T18:43:48.598453,165.154.x.x,da06108e60b2285c,43072,0,NON_MAVLINK_PROBE,SCANNER,0,,c634792c,NORMAL,0.0
2026-05-07T18:43:49.102797,165.154.x.x,da06108e60b2285c,43084,0,NON_MAVLINK_PROBE,SCANNER,0,,9a54af47,NORMAL,0.0
2026-05-07T18:43:49.816618,165.154.x.x,da06108e60b2285c,43102,0,NON_MAVLINK_PROBE,SCANNER,0,,77f4624c,NORMAL,0.0
2026-05-07T18:43:50.124262,165.154.x.x,da06108e60b2285c,43092,0,NON_MAVLINK_PROBE,SCANNER,0,,d8f63e66,NORMAL,0.0
2026-05-07T18:50:51.127211,94.156.x.x,d066e58f74abd024,36916,0,NON_MAVLINK_PROBE,SCANNER,0,,9c417827,NORMAL,0.0
2026-05-07T19:12:32.955336,94.156.x.x,d066e58f74abd024,34670,0,NON_MAVLINK_PROBE,SCANNER,0,,014e5615,NORMAL,0.0
2026-05-07T19:19:46.772236,212.73.x.x,c786ab4f25bf2e63,52822,0,NON_MAVLINK_PROBE,SCANNER,0,,2a8e05ad,NORMAL,0.0
2026-05-07T19:29:18.717207,45.198.x.x,7db0b45618a77305,55788,0,NON_MAVLINK_PROBE,SCANNER,0,,a0083842,NORMAL,0.0
2026-05-07T19:40:21.772879,176.65.x.x,9880f1c3a55845dd,55278,0,NON_MAVLINK_PROBE,SCANNER,0,,ecd9382c,NORMAL,0.0
2026-05-07T19:49:36.914279,176.65.x.x,9880f1c3a55845dd,44510,0,NON_MAVLINK_PROBE,SCANNER,0,,8574525b,NORMAL,0.0
2026-05-07T19:51:14.455128,176.65.x.x,231b2332032de53e,1434,0,NON_MAVLINK_PROBE,SCANNER,0,,a4561e86,NORMAL,0.0
2026-05-07T20:17:53.355030,94.156.x.x,dc12965325b5a917,59530,0,NON_MAVLINK_PROBE,SCANNER,0,,6ff73d43,NORMAL,0.0
2026-05-07T21:11:27.519183,139.59.x.x,1519434056fa5efd,60700,0,NON_MAVLINK_PROBE,SCANNER,0,,d999af9f,NORMAL,0.0
2026-05-07T21:11:30.513090,139.59.x.x,1519434056fa5efd,35214,0,NON_MAVLINK_PROBE,SCANNER,0,,68047a5a,NORMAL,0.0
2026-05-07T21:13:59.540679,165.154.x.x,c76eacda6fbc14c9,54146,0,NON_MAVLINK_PROBE,SCANNER,0,,cde89bfe,NORMAL,0.0
2026-05-07T21:14:04.533706,165.154.x.x,c76eacda6fbc14c9,38172,0,NON_MAVLINK_PROBE,SCANNER,0,,4b8cd863,NORMAL,0.0
2026-05-07T21:14:14.796181,165.154.x.x,c76eacda6fbc14c9,38184,0,NON_MAVLINK_PROBE,SCANNER,0,,67c26bd8,NORMAL,0.0
2026-05-07T21:14:16.361230,165.154.x.x,c76eacda6fbc14c9,38186,0,NON_MAVLINK_PROBE,SCANNER,0,,30eec9de,NORMAL,0.0
2026-05-07T21:19:49.235827,165.154.x.x,c76eacda6fbc14c9,35776,0,NON_MAVLINK_PROBE,SCANNER,0,,efda8ccf,NORMAL,0.0
2026-05-07T21:19:49.735199,165.154.x.x,c76eacda6fbc14c9,35790,0,NON_MAVLINK_PROBE,SCANNER,0,,e16ec39e,NORMAL,0.0
2026-05-07T21:19:50.462777,165.154.x.x,c76eacda6fbc14c9,35814,0,NON_MAVLINK_PROBE,SCANNER,0,,d1659407,NORMAL,0.0
2026-05-07T21:19:50.736722,165.154.x.x,c76eacda6fbc14c9,35800,0,NON_MAVLINK_PROBE,SCANNER,0,,2baab4b2,NORMAL,0.0
2026-05-07T21:38:40.693446,176.65.x.x,9880f1c3a55845dd,42434,0,NON_MAVLINK_PROBE,SCANNER,0,,6aa5a19f,NORMAL,0.0
2026-05-07T21:45:34.977295,87.121.x.x,7d34a820b4b262f2,60292,0,NON_MAVLINK_PROBE,SCANNER,0,,9c08fb36,NORMAL,0.0
2026-05-07T21:47:07.663265,137.184.x.x,ea304baac995fd8d,36438,0,NON_MAVLINK_PROBE,SCANNER,0,,2b113630,NORMAL,0.0
2026-05-07T21:47:07.663402,137.184.x.x,ea304baac995fd8d,36448,0,NON_MAVLINK_PROBE,SCANNER,0,,997d6750,NORMAL,0.0
2026-05-07T21:47:07.662872,137.184.x.x,ea304baac995fd8d,36478,0,NON_MAVLINK_PROBE,SCANNER,0,,e2c65499,NORMAL,0.0
2026-05-07T21:47:07.667848,137.184.x.x,ea304baac995fd8d,36472,0,NON_MAVLINK_PROBE,SCANNER,0,,08aa0805,NORMAL,0.0
2026-05-07T21:47:07.675121,137.184.x.x,ea304baac995fd8d,36424,0,NON_MAVLINK_PROBE,SCANNER,0,,290684b3,NORMAL,0.0
2026-05-07T21:47:07.676746,137.184.x.x,ea304baac995fd8d,36442,0,NON_MAVLINK_PROBE,SCANNER,0,,c38bc195,NORMAL,0.0
2026-05-07T21:47:07.677603,137.184.x.x,ea304baac995fd8d,36474,0,NON_MAVLINK_PROBE,SCANNER,0,,1d4f6409,NORMAL,0.0
2026-05-07T21:47:07.684543,137.184.x.x,ea304baac995fd8d,36462,0,NON_MAVLINK_PROBE,SCANNER,0,,c958aabf,NORMAL,0.0
2026-05-07T21:55:30.266393,5.61.x.x,02d770ac3cc5c2c1,34656,0,NON_MAVLINK_PROBE,SCANNER,0,,df2802c6,NORMAL,0.0
2026-05-07T22:54:03.163352,79.124.x.x,a3dc2bc09007bf5d,37608,0,NON_MAVLINK_PROBE,SCANNER,0,,51c3a580,NORMAL,0.0
2026-05-07T23:27:28.981722,79.124.x.x,a3dc2bc09007bf5d,32878,0,NON_MAVLINK_PROBE,SCANNER,0,,b877969e,NORMAL,0.0
2026-05-07T23:48:08.666348,107.150.x.x,cfcd854c96b1879f,52276,0,NON_MAVLINK_PROBE,SCANNER,0,,e6acba28,NORMAL,0.0
2026-05-07T23:48:13.678682,107.150.x.x,cfcd854c96b1879f,51290,0,NON_MAVLINK_PROBE,SCANNER,0,,4dd63ca7,NORMAL,0.0
2026-05-07T23:48:23.936866,107.150.x.x,cfcd854c96b1879f,51304,0,NON_MAVLINK_PROBE,SCANNER,0,,ec0f708e,NORMAL,0.0
2026-05-07T23:48:25.464658,107.150.x.x,cfcd854c96b1879f,58958,0,NON_MAVLINK_PROBE,SCANNER,0,,e432ff8f,NORMAL,0.0
2026-05-07T23:50:31.275966,94.102.x.x,c7ba270442ae78a5,47580,0,NON_MAVLINK_PROBE,SCANNER,0,,2467d11b,NORMAL,0.0
2026-05-07T23:57:08.716084,107.150.x.x,cfcd854c96b1879f,38384,0,NON_MAVLINK_PROBE,SCANNER,0,,543304f3,NORMAL,0.0
2026-05-07T23:57:09.220401,107.150.x.x,cfcd854c96b1879f,38398,0,NON_MAVLINK_PROBE,SCANNER,0,,3fdd75bc,NORMAL,0.0
2026-05-07T23:57:09.955558,107.150.x.x,cfcd854c96b1879f,38412,0,NON_MAVLINK_PROBE,SCANNER,0,,d58c657f,NORMAL,0.0
2026-05-07T23:57:10.246763,107.150.x.x,cfcd854c96b1879f,38402,0,NON_MAVLINK_PROBE,SCANNER,0,,7ce48a62,NORMAL,0.0
2026-05-08T00:01:27.784616,100.53.x.x,429abfed69359d6a,14446,0,NON_MAVLINK_PROBE,SCANNER,0,,88bed962,NORMAL,0.0
2026-05-08T00:13:40.242893,115.190.x.x,053d80ada905cd29,33498,0,NON_MAVLINK_PROBE,SCANNER,0,,a2b3e644,NORMAL,0.0
2026-05-08T00:19:41.583344,65.49.x.x,c227fcc20408ecb1,11554,0,NON_MAVLINK_PROBE,SCANNER,0,,b4061d64,NORMAL,0.0
2026-05-08T00:22:48.659458,176.65.x.x,9880f1c3a55845dd,48920,0,NON_MAVLINK_PROBE,SCANNER,0,,0f4bcd21,NORMAL,0.0
2026-05-08T00:44:44.600899,176.65.x.x,9880f1c3a55845dd,54846,0,NON_MAVLINK_PROBE,SCANNER,0,,8d1da1b1,NORMAL,0.0
2026-05-08T00:55:25.045022,198.235.x.x,09391890e428c4f8,54431,0,NON_MAVLINK_PROBE,SCANNER,0,,6cf29c41,NORMAL,0.0
2026-05-08T01:11:13.168189,176.65.x.x,aba4b3e29cfe29a5,33488,0,NON_MAVLINK_PROBE,SCANNER,0,,cd41d064,NORMAL,0.0
2026-05-08T01:28:54.515090,8.216.x.x,509b2b6b732e8d43,33718,0,NON_MAVLINK_PROBE,SCANNER,0,,defdbe36,NORMAL,0.0
2026-05-08T01:29:07.610873,8.216.x.x,509b2b6b732e8d43,17810,0,NON_MAVLINK_PROBE,SCANNER,0,,35651375,NORMAL,0.0
2026-05-08T01:29:20.720276,8.216.x.x,509b2b6b732e8d43,32090,0,NON_MAVLINK_PROBE,SCANNER,0,,4774d9f1,NORMAL,0.0
2026-05-08T01:29:33.861222,8.216.x.x,509b2b6b732e8d43,26694,0,NON_MAVLINK_PROBE,SCANNER,0,,94d72261,NORMAL,0.0
2026-05-08T02:34:50.432008,77.68.x.x,bef0c926f1d64d59,53628,0,NON_MAVLINK_PROBE,SCANNER,0,,19fb1e79,NORMAL,0.0
2026-05-08T02:37:13.039926,108.165.x.x,e37057dccc781f7d,52100,0,NON_MAVLINK_PROBE,SCANNER,0,,4adbe556,NORMAL,0.0
2026-05-08T02:49:32.421851,198.235.x.x,5f1f8d2d6b34b3ec,58888,0,NON_MAVLINK_PROBE,SCANNER,0,,f9ecd704,NORMAL,0.0
2026-05-08T02:49:32.420365,198.235.x.x,5f1f8d2d6b34b3ec,58890,0,NON_MAVLINK_PROBE,SCANNER,0,,4f167bf9,NORMAL,0.0
2026-05-08T02:50:47.283783,87.121.x.x,96d57619d6aeeed8,52080,0,NON_MAVLINK_PROBE,SCANNER,0,,db20444a,NORMAL,0.0
2026-05-08T03:08:53.615137,176.65.x.x,9880f1c3a55845dd,41716,0,NON_MAVLINK_PROBE,SCANNER,0,,99fabf9e,NORMAL,0.0
2026-05-08T03:31:23.131124,66.132.x.x,9375d431f3581592,27756,0,NON_MAVLINK_PROBE,SCANNER,0,,a0d7b9f4,NORMAL,0.0
2026-05-08T03:31:27.217474,66.132.x.x,9375d431f3581592,21168,4,UNKNOWN_4,UNKNOWN,3,3c542d08465106003905,8e4e6f90,NORMAL,0.2
2026-05-08T03:31:42.756935,66.132.x.x,9375d431f3581592,21184,0,NON_MAVLINK_PROBE,SCANNER,0,,b08579aa,NORMAL,0.0
2026-05-08T03:58:56.521459,176.65.x.x,9880f1c3a55845dd,40654,0,NON_MAVLINK_PROBE,SCANNER,0,,af005da8,NORMAL,0.0
2026-05-08T04:23:35.283173,93.123.x.x,7241acd881f52dff,45584,0,NON_MAVLINK_PROBE,SCANNER,0,,a50573bf,NORMAL,0.0
2026-05-08T05:20:25.273217,176.65.x.x,9880f1c3a55845dd,41598,0,NON_MAVLINK_PROBE,SCANNER,0,,a6e3f9ba,NORMAL,0.0
2026-05-08T05:26:46.971370,198.7.x.x,db5b68d4b68f89b8,17427,0,NON_MAVLINK_PROBE,SCANNER,0,,75effadb,NORMAL,0.0
2026-05-08T05:37:17.411503,172.234.x.x,4010be589d826583,36194,0,NON_MAVLINK_PROBE,SCANNER,0,,7a36f0b5,NORMAL,0.0
2026-05-08T05:37:17.411961,172.234.x.x,4010be589d826583,36186,0,NON_MAVLINK_PROBE,SCANNER,0,,b6af7649,NORMAL,0.0
2026-05-08T05:37:27.343815,172.234.x.x,4010be589d826583,36196,0,NON_MAVLINK_PROBE,SCANNER,0,,bcaa334d,NORMAL,0.0
2026-05-08T05:37:27.690281,172.234.x.x,4010be589d826583,50176,0,NON_MAVLINK_PROBE,SCANNER,0,,ed4b1778,NORMAL,0.0
2026-05-08T05:37:37.684958,172.234.x.x,4010be589d826583,50190,0,NON_MAVLINK_PROBE,SCANNER,0,,78039064,NORMAL,0.0
2026-05-08T05:37:38.030026,172.234.x.x,4010be589d826583,49262,0,NON_MAVLINK_PROBE,SCANNER,0,,2b461eb1,NORMAL,0.0
2026-05-08T05:37:48.008174,172.234.x.x,4010be589d826583,49276,0,NON_MAVLINK_PROBE,SCANNER,0,,afc696fc,NORMAL,0.0
2026-05-08T06:26:03.765766,3.132.x.x,89842ec7eaf93909,41882,0,NON_MAVLINK_PROBE,SCANNER,0,,d39504e8,NORMAL,0.0
2026-05-08T06:26:44.083335,3.132.x.x,89842ec7eaf93909,58842,0,NON_MAVLINK_PROBE,SCANNER,0,,36dfacac,NORMAL,0.0
2026-05-08T06:26:55.193137,3.132.x.x,89842ec7eaf93909,56254,0,NON_MAVLINK_PROBE,SCANNER,0,,14dafeb0,NORMAL,0.0
2026-05-08T06:29:38.956898,3.132.x.x,89842ec7eaf93909,44018,0,NON_MAVLINK_PROBE,SCANNER,0,,92d3bc45,NORMAL,0.0
2026-05-08T06:31:08.050852,3.132.x.x,89842ec7eaf93909,48590,0,NON_MAVLINK_PROBE,SCANNER,0,,2f084ba3,NORMAL,0.0
2026-05-08T07:29:05.865076,216.226.x.x,685c823b7b519cfe,42324,0,NON_MAVLINK_PROBE,SCANNER,0,,392a9757,NORMAL,0.0
2026-05-08T07:45:20.173534,216.226.x.x,685c823b7b519cfe,35234,0,NON_MAVLINK_PROBE,SCANNER,0,,a2a846cb,NORMAL,0.0
2026-05-08T08:10:50.763979,64.62.x.x,f6785c83cea77fcd,48066,0,NON_MAVLINK_PROBE,SCANNER,0,,6f023818,NORMAL,0.0
2026-05-08T08:12:59.821241,176.65.x.x,9880f1c3a55845dd,36798,0,NON_MAVLINK_PROBE,SCANNER,0,,5020d503,NORMAL,0.0
2026-05-08T08:28:59.098643,80.66.x.x,e2beb78c1934d766,64518,0,NON_MAVLINK_PROBE,SCANNER,0,,b4369333,NORMAL,0.0
2026-05-08T08:45:39.193652,5.61.x.x,02d770ac3cc5c2c1,55186,0,NON_MAVLINK_PROBE,SCANNER,0,,4794804b,NORMAL,0.0
2026-05-08T08:55:41.280462,43.157.x.x,4c93423052c16b92,56147,0,NON_MAVLINK_PROBE,SCANNER,0,,be65fff7,NORMAL,0.0
2026-05-08T09:03:43.810943,176.65.x.x,9880f1c3a55845dd,43082,0,NON_MAVLINK_PROBE,SCANNER,0,,a065a0ab,NORMAL,0.0
2026-05-08T09:10:15.116111,36.139.x.x,47925c70575a8f22,52136,0,NON_MAVLINK_PROBE,SCANNER,0,,6eb84f00,NORMAL,0.0
2026-05-08T10:41:20.144598,176.65.x.x,9880f1c3a55845dd,58624,0,NON_MAVLINK_PROBE,SCANNER,0,,367680cc,NORMAL,0.0
2026-05-08T11:01:16.509583,45.157.x.x,18db6a511950388a,57524,0,NON_MAVLINK_PROBE,SCANNER,0,,297e7612,NORMAL,0.0
2026-05-08T11:09:05.137035,172.105.x.x,b4ce5fd6cd90dced,33194,0,NON_MAVLINK_PROBE,SCANNER,0,,0a7e10b4,NORMAL,0.0
2026-05-08T11:09:05.141173,172.105.x.x,b4ce5fd6cd90dced,33198,0,NON_MAVLINK_PROBE,SCANNER,0,,e919670a,NORMAL,0.0
2026-05-08T11:09:05.145080,172.105.x.x,b4ce5fd6cd90dced,33186,0,NON_MAVLINK_PROBE,SCANNER,0,,121e97a6,NORMAL,0.0
2026-05-08T11:09:15.367425,172.105.x.x,b4ce5fd6cd90dced,33210,0,NON_MAVLINK_PROBE,SCANNER,0,,a4b910f6,NORMAL,0.0
2026-05-08T11:09:15.369431,172.105.x.x,b4ce5fd6cd90dced,33208,0,NON_MAVLINK_PROBE,SCANNER,0,,991e52da,NORMAL,0.0
2026-05-08T11:09:15.371363,172.105.x.x,b4ce5fd6cd90dced,33224,0,NON_MAVLINK_PROBE,SCANNER,0,,da1c3d21,NORMAL,0.0
2026-05-08T11:22:55.637580,176.65.x.x,9880f1c3a55845dd,48976,0,NON_MAVLINK_PROBE,SCANNER,0,,ba057920,NORMAL,0.0
2026-05-08T11:35:54.947468,87.121.x.x,399c1ea5b15fda5b,53240,0,NON_MAVLINK_PROBE,SCANNER,0,,8bd8907d,NORMAL,0.0
2026-05-08T11:44:13.005371,141.98.x.x,0033b357820b9621,58512,0,NON_MAVLINK_PROBE,SCANNER,0,,9affd52d,NORMAL,0.0
2026-05-08T12:04:06.225552,141.98.x.x,0033b357820b9621,43364,0,NON_MAVLINK_PROBE,SCANNER,0,,d428d00f,NORMAL,0.0
2026-05-08T12:23:21.850695,149.102.x.x,d4e26c89313ccde4,35651,0,NON_MAVLINK_PROBE,SCANNER,0,,ed6c9f82,NORMAL,0.0
2026-05-08T12:23:21.876522,149.102.x.x,d4e26c89313ccde4,45806,0,NON_MAVLINK_PROBE,SCANNER,0,,1555c912,NORMAL,0.0
2026-05-08T12:35:55.599383,204.76.x.x,6c2d4e16a012734a,12893,0,NON_MAVLINK_PROBE,SCANNER,0,,4ab6f795,NORMAL,0.0
2026-05-08T12:35:55.615847,204.76.x.x,e2f1ebab30089bf3,4737,0,NON_MAVLINK_PROBE,SCANNER,0,,969c0c08,NORMAL,0.0
2026-05-08T12:35:55.964540,204.76.x.x,e2f1ebab30089bf3,30151,0,NON_MAVLINK_PROBE,SCANNER,0,,23a4d41a,NORMAL,0.0
2026-05-08T12:35:55.970058,204.76.x.x,1b633c0115883f2b,1667,0,NON_MAVLINK_PROBE,SCANNER,0,,ece4c112,NORMAL,0.0
2026-05-08T12:35:56.302313,204.76.x.x,6c2d4e16a012734a,25649,0,NON_MAVLINK_PROBE,SCANNER,0,,d4713c12,NORMAL,0.0
2026-05-08T12:35:56.314628,204.76.x.x,aadcc7685a2b3a1a,3319,0,NON_MAVLINK_PROBE,SCANNER,0,,68c825d7,NORMAL,0.0
2026-05-08T13:41:42.124398,66.228.x.x,450cc0f08743fa59,7080,0,NON_MAVLINK_PROBE,SCANNER,0,,4880a53c,NORMAL,0.0
2026-05-08T13:41:43.537148,66.228.x.x,450cc0f08743fa59,60924,0,NON_MAVLINK_PROBE,SCANNER,0,,fc6cfeb7,NORMAL,0.0
2026-05-08T13:45:47.156637,176.223.x.x,3e7a0bba160c2074,57884,0,NON_MAVLINK_PROBE,SCANNER,0,,28f7eba2,NORMAL,0.0
2026-05-08T14:25:53.406911,64.62.x.x,facd29100514e6e8,12180,0,NON_MAVLINK_PROBE,SCANNER,0,,fde2528f,NORMAL,0.0
2026-05-08T15:07:05.453218,176.65.x.x,9880f1c3a55845dd,42000,0,NON_MAVLINK_PROBE,SCANNER,0,,9f47c22d,NORMAL,0.0
2026-05-08T15:18:25.609124,165.227.x.x,fca2dc29a04412d7,35932,0,NON_MAVLINK_PROBE,SCANNER,0,,db3d283e,NORMAL,0.0
2026-05-08T15:18:39.743762,165.227.x.x,fca2dc29a04412d7,37148,0,NON_MAVLINK_PROBE,SCANNER,0,,25bed1c2,NORMAL,0.0
2026-05-08T15:19:59.851932,172.236.x.x,0b816b323082aec5,10550,0,NON_MAVLINK_PROBE,SCANNER,0,,01633de7,NORMAL,0.0
2026-05-08T15:20:00.276281,172.236.x.x,0b816b323082aec5,59004,0,NON_MAVLINK_PROBE,SCANNER,0,,6a0dc482,NORMAL,0.0
2026-05-08T15:33:35.779469,176.65.x.x,9880f1c3a55845dd,51658,0,NON_MAVLINK_PROBE,SCANNER,0,,d7b1e5da,NORMAL,0.0
2026-05-08T15:45:16.184393,47.84.x.x,a0ee230a6d3a0a01,24004,0,NON_MAVLINK_PROBE,SCANNER,0,,18e2bb06,NORMAL,0.0
2026-05-08T15:45:29.207760,47.84.x.x,a0ee230a6d3a0a01,39886,0,NON_MAVLINK_PROBE,SCANNER,0,,8b241cdf,NORMAL,0.0
2026-05-08T15:45:42.273247,47.84.x.x,a0ee230a6d3a0a01,38154,0,NON_MAVLINK_PROBE,SCANNER,0,,96be6f38,NORMAL,0.0
2026-05-08T15:45:55.313016,47.84.x.x,a0ee230a6d3a0a01,10018,0,NON_MAVLINK_PROBE,SCANNER,0,,3651e84e,NORMAL,0.0
2026-05-08T16:02:33.400747,159.223.x.x,a25b00ba549baf04,34326,0,NON_MAVLINK_PROBE,SCANNER,0,,c8f7967c,NORMAL,0.0
2026-05-08T16:02:40.973518,185.91.x.x,2a2b0990dd4071ec,33888,0,NON_MAVLINK_PROBE,SCANNER,0,,91e4ddc1,NORMAL,0.0
2026-05-08T16:02:40.975374,185.91.x.x,2a2b0990dd4071ec,33820,0,NON_MAVLINK_PROBE,SCANNER,0,,1b629778,NORMAL,0.0
2026-05-08T16:02:40.969116,185.91.x.x,2a2b0990dd4071ec,33822,0,NON_MAVLINK_PROBE,SCANNER,0,,b694e282,NORMAL,0.0
2026-05-08T16:02:40.975751,185.91.x.x,2a2b0990dd4071ec,33908,0,NON_MAVLINK_PROBE,SCANNER,0,,5460cfe7,NORMAL,0.0
2026-05-08T16:02:40.994287,185.91.x.x,2a2b0990dd4071ec,33846,0,NON_MAVLINK_PROBE,SCANNER,0,,fe706667,NORMAL,0.0
2026-05-08T16:02:45.561510,185.91.x.x,2a2b0990dd4071ec,33874,0,NON_MAVLINK_PROBE,SCANNER,0,,7e89455e,NORMAL,0.0
2026-05-08T16:02:45.625027,185.91.x.x,2a2b0990dd4071ec,33828,0,NON_MAVLINK_PROBE,SCANNER,0,,14d3cc94,NORMAL,0.0
2026-05-08T16:02:45.632752,185.91.x.x,2a2b0990dd4071ec,33864,0,NON_MAVLINK_PROBE,SCANNER,0,,f76e7d39,NORMAL,0.0
2026-05-08T16:02:45.641063,185.91.x.x,2a2b0990dd4071ec,33860,0,NON_MAVLINK_PROBE,SCANNER,0,,73d72014,NORMAL,0.0
2026-05-08T16:02:45.653725,185.91.x.x,2a2b0990dd4071ec,33842,0,NON_MAVLINK_PROBE,SCANNER,0,,6b174d58,NORMAL,0.0
2026-05-08T16:07:40.392400,157.245.x.x,877eed9b781a7af2,34070,0,NON_MAVLINK_PROBE,SCANNER,0,,6425c1eb,NORMAL,0.0
2026-05-08T16:35:12.216567,198.176.x.x,55865c44c2e017dd,46600,0,NON_MAVLINK_PROBE,SCANNER,0,,a83774a1,NORMAL,0.0
2026-05-08T16:35:12.223827,198.176.x.x,55865c44c2e017dd,49928,0,NON_MAVLINK_PROBE,SCANNER,0,,6dc42074,NORMAL,0.0
2026-05-08T16:49:55.997869,176.65.x.x,9880f1c3a55845dd,37084,0,NON_MAVLINK_PROBE,SCANNER,0,,9914b197,NORMAL,0.0
2026-05-08T16:52:31.324521,47.87.x.x,5fca27a889d883cb,52242,0,NON_MAVLINK_PROBE,SCANNER,0,,b70951e3,NORMAL,0.0
2026-05-08T16:58:50.830959,176.65.x.x,9880f1c3a55845dd,58460,0,NON_MAVLINK_PROBE,SCANNER,0,,a5d51e72,NORMAL,0.0
2026-05-08T17:03:19.096740,94.156.x.x,d066e58f74abd024,56960,0,NON_MAVLINK_PROBE,SCANNER,0,,513b7359,NORMAL,0.0
2026-05-08T17:07:16.444378,223.31.x.x,4454cbcd1c41c537,62016,0,NON_MAVLINK_PROBE,SCANNER,0,,3b4cac6c,NORMAL,0.0
2026-05-08T17:22:25.866566,104.237.x.x,09dc50bf6ec14b3c,43560,0,NON_MAVLINK_PROBE,SCANNER,0,,e113d8ca,NORMAL,0.0
2026-05-08T17:22:25.863853,104.237.x.x,09dc50bf6ec14b3c,43572,0,NON_MAVLINK_PROBE,SCANNER,0,,0175ef23,NORMAL,0.0
2026-05-08T17:22:25.858994,104.237.x.x,09dc50bf6ec14b3c,43586,0,NON_MAVLINK_PROBE,SCANNER,0,,4a470ca6,NORMAL,0.0
2026-05-08T17:22:25.868615,104.237.x.x,09dc50bf6ec14b3c,43602,0,NON_MAVLINK_PROBE,SCANNER,0,,31c9243b,NORMAL,0.0
2026-05-08T17:22:36.102583,104.237.x.x,09dc50bf6ec14b3c,51598,0,NON_MAVLINK_PROBE,SCANNER,0,,06b805e9,NORMAL,0.0
2026-05-08T17:22:36.110247,104.237.x.x,09dc50bf6ec14b3c,51622,0,NON_MAVLINK_PROBE,SCANNER,0,,67188aa0,NORMAL,0.0
2026-05-08T17:22:36.121566,104.237.x.x,09dc50bf6ec14b3c,51638,0,NON_MAVLINK_PROBE,SCANNER,0,,c52a1dd6,NORMAL,0.0
2026-05-08T17:22:36.124977,104.237.x.x,09dc50bf6ec14b3c,51612,0,NON_MAVLINK_PROBE,SCANNER,0,,47dfee25,NORMAL,0.0
2026-05-08T17:28:10.943403,223.31.x.x,4454cbcd1c41c537,62515,0,NON_MAVLINK_PROBE,SCANNER,0,,c0fff2e5,NORMAL,0.0
2026-05-08T17:28:10.980604,127.0.x.x,ef2f9f91273ffdad,49850,0,NON_MAVLINK_PROBE,SCANNER,0,,c8e62dfa,NORMAL,0.0
2026-05-08T17:28:11.097554,127.0.x.x,ef2f9f91273ffdad,49862,0,NON_MAVLINK_PROBE,SCANNER,0,,2d4a3979,NORMAL,0.0
2026-05-08T17:28:59.948680,223.31.x.x,4454cbcd1c41c537,62537,0,NON_MAVLINK_PROBE,SCANNER,0,,a8ab0cfc,NORMAL,0.0
2026-05-08T17:32:32.389536,223.31.x.x,4454cbcd1c41c537,62689,0,NON_MAVLINK_PROBE,SCANNER,0,,a3fed49b,NORMAL,0.0
2026-05-08T17:33:19.811320,176.65.x.x,1c233f18e373798e,60670,0,NON_MAVLINK_PROBE,SCANNER,0,,6ca0644e,NORMAL,0.0
2026-05-08T17:40:24.983559,94.156.x.x,d066e58f74abd024,52278,0,NON_MAVLINK_PROBE,SCANNER,0,,1663585e,NORMAL,0.0
2026-05-08T17:43:31.660267,147.182.x.x,01b61f861ff69378,35806,0,NON_MAVLINK_PROBE,SCANNER,0,,c6288b9b,NORMAL,0.0
2026-05-08T17:43:31.694580,127.0.x.x,ef2f9f91273ffdad,49648,0,NON_MAVLINK_PROBE,SCANNER,0,,df6f8444,NORMAL,0.0
2026-05-08T17:43:31.695264,127.0.x.x,ef2f9f91273ffdad,49656,0,NON_MAVLINK_PROBE,SCANNER,0,,fdc76d41,NORMAL,0.0
2026-05-08T17:43:33.211897,127.0.x.x,ef2f9f91273ffdad,49660,0,NON_MAVLINK_PROBE,SCANNER,0,,30cbd13f,NORMAL,0.0
2026-05-08T17:43:33.224911,168.144.x.x,d5d37ee7d392af4f,44430,0,NON_MAVLINK_PROBE,SCANNER,0,,cdc6ac6e,NORMAL,0.0
2026-05-08T17:43:33.245331,127.0.x.x,ef2f9f91273ffdad,49658,0,NON_MAVLINK_PROBE,SCANNER,0,,e30c808e,NORMAL,0.0
2026-05-08T17:43:36.909301,127.0.x.x,ef2f9f91273ffdad,35640,0,NON_MAVLINK_PROBE,SCANNER,0,,485ad37d,NORMAL,0.0
2026-05-08T17:43:36.938020,147.182.x.x,01b61f861ff69378,39404,0,NON_MAVLINK_PROBE,SCANNER,0,,9ba55fd0,NORMAL,0.0
2026-05-08T17:43:36.935716,127.0.x.x,ef2f9f91273ffdad,35654,0,NON_MAVLINK_PROBE,SCANNER,0,,b194003a,NORMAL,0.0
2026-05-08T17:43:38.234829,168.144.x.x,d5d37ee7d392af4f,59646,0,NON_MAVLINK_PROBE,SCANNER,0,,2c9801df,NORMAL,0.0
2026-05-08T17:43:38.239632,127.0.x.x,ef2f9f91273ffdad,35680,0,NON_MAVLINK_PROBE,SCANNER,0,,f79b7df9,NORMAL,0.0
2026-05-08T17:43:38.245681,127.0.x.x,ef2f9f91273ffdad,35670,0,NON_MAVLINK_PROBE,SCANNER,0,,9f2ddc6b,NORMAL,0.0
2026-05-08T17:43:42.106451,127.0.x.x,ef2f9f91273ffdad,42766,0,NON_MAVLINK_PROBE,SCANNER,0,,fb34fcf6,NORMAL,0.0
2026-05-08T17:43:42.119976,127.0.x.x,ef2f9f91273ffdad,42776,0,NON_MAVLINK_PROBE,SCANNER,0,,e33257b4,NORMAL,0.0
2026-05-08T17:43:42.120763,147.182.x.x,01b61f861ff69378,39410,0,NON_MAVLINK_PROBE,SCANNER,0,,ece4e4d9,NORMAL,0.0
2026-05-08T17:43:43.200899,127.0.x.x,ef2f9f91273ffdad,42792,0,NON_MAVLINK_PROBE,SCANNER,0,,e98ee72f,NORMAL,0.0
2026-05-08T17:43:43.213302,168.144.x.x,d5d37ee7d392af4f,51864,0,NON_MAVLINK_PROBE,SCANNER,0,,2bec9d16,NORMAL,0.0
2026-05-08T17:43:43.225122,127.0.x.x,ef2f9f91273ffdad,42780,0,NON_MAVLINK_PROBE,SCANNER,0,,33031f58,NORMAL,0.0
2026-05-08T17:43:47.348136,127.0.x.x,ef2f9f91273ffdad,42800,0,NON_MAVLINK_PROBE,SCANNER,0,,17533783,NORMAL,0.0
2026-05-08T17:43:47.349698,127.0.x.x,ef2f9f91273ffdad,42798,0,NON_MAVLINK_PROBE,SCANNER,0,,ee59e591,NORMAL,0.0
2026-05-08T17:43:47.358201,147.182.x.x,01b61f861ff69378,53554,0,NON_MAVLINK_PROBE,SCANNER,0,,758988d5,NORMAL,0.0
2026-05-08T17:43:48.300570,168.144.x.x,d5d37ee7d392af4f,51874,0,NON_MAVLINK_PROBE,SCANNER,0,,ef4e44a9,NORMAL,0.0
2026-05-08T17:43:48.284735,127.0.x.x,ef2f9f91273ffdad,42804,0,NON_MAVLINK_PROBE,SCANNER,0,,8186b181,NORMAL,0.0
2026-05-08T17:43:48.293503,127.0.x.x,ef2f9f91273ffdad,42802,0,NON_MAVLINK_PROBE,SCANNER,0,,605ff629,NORMAL,0.0
2026-05-08T17:43:52.562223,127.0.x.x,ef2f9f91273ffdad,37146,0,NON_MAVLINK_PROBE,SCANNER,0,,fd6c1a49,NORMAL,0.0
2026-05-08T17:43:52.573067,127.0.x.x,ef2f9f91273ffdad,37138,0,NON_MAVLINK_PROBE,SCANNER,0,,c45b42c0,NORMAL,0.0
2026-05-08T17:43:52.577055,147.182.x.x,01b61f861ff69378,53568,0,NON_MAVLINK_PROBE,SCANNER,0,,49fd8960,NORMAL,0.0
2026-05-08T17:43:53.201115,168.144.x.x,d5d37ee7d392af4f,39944,0,NON_MAVLINK_PROBE,SCANNER,0,,6b456f31,NORMAL,0.0
2026-05-08T17:43:53.193627,127.0.x.x,ef2f9f91273ffdad,37150,0,NON_MAVLINK_PROBE,SCANNER,0,,9eda8281,NORMAL,0.0
2026-05-08T17:43:53.222845,127.0.x.x,ef2f9f91273ffdad,37164,0,NON_MAVLINK_PROBE,SCANNER,0,,e097c127,NORMAL,0.0
2026-05-08T17:43:57.879921,127.0.x.x,ef2f9f91273ffdad,37170,0,NON_MAVLINK_PROBE,SCANNER,0,,38a24f4a,NORMAL,0.0
2026-05-08T17:43:57.906037,147.182.x.x,01b61f861ff69378,56654,0,NON_MAVLINK_PROBE,SCANNER,0,,6af120c9,NORMAL,0.0
2026-05-08T17:43:57.926036,127.0.x.x,ef2f9f91273ffdad,37172,0,NON_MAVLINK_PROBE,SCANNER,0,,b77c363d,NORMAL,0.0
2026-05-08T17:43:58.296350,127.0.x.x,ef2f9f91273ffdad,37176,0,NON_MAVLINK_PROBE,SCANNER,0,,de364d1d,NORMAL,0.0
2026-05-08T17:43:58.289783,168.144.x.x,d5d37ee7d392af4f,39958,0,NON_MAVLINK_PROBE,SCANNER,0,,7ea94d29,NORMAL,0.0
2026-05-08T17:43:58.291945,127.0.x.x,ef2f9f91273ffdad,37184,0,NON_MAVLINK_PROBE,SCANNER,0,,cae1e454,NORMAL,0.0
2026-05-08T17:44:02.973483,127.0.x.x,ef2f9f91273ffdad,50810,0,NON_MAVLINK_PROBE,SCANNER,0,,44c6d5e4,NORMAL,0.0
2026-05-08T17:44:02.980886,127.0.x.x,ef2f9f91273ffdad,50814,0,NON_MAVLINK_PROBE,SCANNER,0,,49589d79,NORMAL,0.0
2026-05-08T17:44:02.996685,147.182.x.x,01b61f861ff69378,56660,0,NON_MAVLINK_PROBE,SCANNER,0,,8a72e756,NORMAL,0.0
2026-05-08T17:44:03.271512,168.144.x.x,d5d37ee7d392af4f,33610,0,NON_MAVLINK_PROBE,SCANNER,0,,ff80337d,NORMAL,0.0
2026-05-08T17:44:03.279456,127.0.x.x,ef2f9f91273ffdad,50822,0,NON_MAVLINK_PROBE,SCANNER,0,,918c33f9,NORMAL,0.0
2026-05-08T17:44:03.280269,127.0.x.x,ef2f9f91273ffdad,50838,0,NON_MAVLINK_PROBE,SCANNER,0,,4b4e8736,NORMAL,0.0
2026-05-08T17:44:10.847621,127.0.x.x,ef2f9f91273ffdad,50864,0,NON_MAVLINK_PROBE,SCANNER,0,,10c64429,NORMAL,0.0
2026-05-08T17:44:10.889019,127.0.x.x,ef2f9f91273ffdad,50848,0,NON_MAVLINK_PROBE,SCANNER,0,,b9681696,NORMAL,0.0
2026-05-08T17:44:10.919169,168.144.x.x,d5d37ee7d392af4f,33614,0,NON_MAVLINK_PROBE,SCANNER,0,,60b728e6,NORMAL,0.0
2026-05-08T17:44:10.931040,127.0.x.x,ef2f9f91273ffdad,50842,0,NON_MAVLINK_PROBE,SCANNER,0,,5c0e8fae,NORMAL,0.0
2026-05-08T17:44:10.950396,127.0.x.x,ef2f9f91273ffdad,50860,0,NON_MAVLINK_PROBE,SCANNER,0,,13372f0d,NORMAL,0.0
2026-05-08T17:44:10.972897,147.182.x.x,01b61f861ff69378,39174,0,NON_MAVLINK_PROBE,SCANNER,0,,e47df27e,NORMAL,0.0
2026-05-08T17:44:15.715638,127.0.x.x,ef2f9f91273ffdad,49172,0,NON_MAVLINK_PROBE,SCANNER,0,,833852e5,NORMAL,0.0
2026-05-08T17:44:15.727772,168.144.x.x,d5d37ee7d392af4f,55118,0,NON_MAVLINK_PROBE,SCANNER,0,,0a1f8be5,NORMAL,0.0
2026-05-08T17:44:15.749137,127.0.x.x,ef2f9f91273ffdad,49160,0,NON_MAVLINK_PROBE,SCANNER,0,,c7335e05,NORMAL,0.0
2026-05-08T17:44:15.907180,127.0.x.x,ef2f9f91273ffdad,49186,0,NON_MAVLINK_PROBE,SCANNER,0,,aa7ff7af,NORMAL,0.0
2026-05-08T17:44:15.948541,127.0.x.x,ef2f9f91273ffdad,49198,0,NON_MAVLINK_PROBE,SCANNER,0,,4a4387c2,NORMAL,0.0
2026-05-08T17:44:15.950596,147.182.x.x,01b61f861ff69378,39182,0,NON_MAVLINK_PROBE,SCANNER,0,,3173798e,NORMAL,0.0
2026-05-08T17:44:20.754891,127.0.x.x,ef2f9f91273ffdad,49210,0,NON_MAVLINK_PROBE,SCANNER,0,,dcb92901,NORMAL,0.0
2026-05-08T17:44:20.749513,168.144.x.x,d5d37ee7d392af4f,58840,0,NON_MAVLINK_PROBE,SCANNER,0,,04eea893,NORMAL,0.0
2026-05-08T17:44:20.763343,127.0.x.x,ef2f9f91273ffdad,49208,0,NON_MAVLINK_PROBE,SCANNER,0,,a2ad6612,NORMAL,0.0
2026-05-08T17:44:21.212294,127.0.x.x,ef2f9f91273ffdad,41644,0,NON_MAVLINK_PROBE,SCANNER,0,,ec96866f,NORMAL,0.0
2026-05-08T17:44:21.236222,127.0.x.x,ef2f9f91273ffdad,41638,0,NON_MAVLINK_PROBE,SCANNER,0,,505fb91b,NORMAL,0.0
2026-05-08T17:44:21.255945,147.182.x.x,01b61f861ff69378,40970,0,NON_MAVLINK_PROBE,SCANNER,0,,de85386a,NORMAL,0.0
2026-05-08T17:44:25.836139,127.0.x.x,ef2f9f91273ffdad,41650,0,NON_MAVLINK_PROBE,SCANNER,0,,cf8a16ba,NORMAL,0.0
2026-05-08T17:44:25.865023,168.144.x.x,d5d37ee7d392af4f,58854,0,NON_MAVLINK_PROBE,SCANNER,0,,ebbdc593,NORMAL,0.0
2026-05-08T17:44:25.872115,127.0.x.x,ef2f9f91273ffdad,41656,0,NON_MAVLINK_PROBE,SCANNER,0,,5e8a7c13,NORMAL,0.0
2026-05-08T17:44:26.365779,127.0.x.x,ef2f9f91273ffdad,41672,0,NON_MAVLINK_PROBE,SCANNER,0,,99cef65f,NORMAL,0.0
2026-05-08T17:44:26.380827,127.0.x.x,ef2f9f91273ffdad,41686,0,NON_MAVLINK_PROBE,SCANNER,0,,04f131e6,NORMAL,0.0
2026-05-08T17:44:26.387577,147.182.x.x,01b61f861ff69378,40984,0,NON_MAVLINK_PROBE,SCANNER,0,,5e00424f,NORMAL,0.0
2026-05-08T17:44:30.748466,127.0.x.x,ef2f9f91273ffdad,41708,0,NON_MAVLINK_PROBE,SCANNER,0,,b5bc3ad6,NORMAL,0.0
2026-05-08T17:44:30.770569,127.0.x.x,ef2f9f91273ffdad,41702,0,NON_MAVLINK_PROBE,SCANNER,0,,14e6d967,NORMAL,0.0
2026-05-08T17:44:30.777263,168.144.x.x,d5d37ee7d392af4f,47220,0,NON_MAVLINK_PROBE,SCANNER,0,,13033ed7,NORMAL,0.0
2026-05-08T17:44:31.572510,127.0.x.x,ef2f9f91273ffdad,50434,0,NON_MAVLINK_PROBE,SCANNER,0,,dc9791d7,NORMAL,0.0
2026-05-08T17:44:31.605584,127.0.x.x,ef2f9f91273ffdad,50436,0,NON_MAVLINK_PROBE,SCANNER,0,,766e78a7,NORMAL,0.0
2026-05-08T17:44:31.614673,147.182.x.x,01b61f861ff69378,44672,0,NON_MAVLINK_PROBE,SCANNER,0,,ba0a3afd,NORMAL,0.0
2026-05-08T17:44:35.735321,127.0.x.x,ef2f9f91273ffdad,50450,0,NON_MAVLINK_PROBE,SCANNER,0,,5e1edd83,NORMAL,0.0
2026-05-08T17:44:35.761923,127.0.x.x,ef2f9f91273ffdad,50458,0,NON_MAVLINK_PROBE,SCANNER,0,,d0288eaa,NORMAL,0.0
2026-05-08T17:44:35.761249,168.144.x.x,d5d37ee7d392af4f,47228,0,NON_MAVLINK_PROBE,SCANNER,0,,975d2547,NORMAL,0.0
2026-05-08T17:44:36.893419,127.0.x.x,ef2f9f91273ffdad,50478,0,NON_MAVLINK_PROBE,SCANNER,0,,63871ffe,NORMAL,0.0
2026-05-08T17:44:36.885682,127.0.x.x,ef2f9f91273ffdad,50468,0,NON_MAVLINK_PROBE,SCANNER,0,,bb3d77db,NORMAL,0.0
2026-05-08T17:44:36.898988,147.182.x.x,01b61f861ff69378,50748,0,NON_MAVLINK_PROBE,SCANNER,0,,bee3d5bf,NORMAL,0.0
2026-05-08T17:44:40.739042,168.144.x.x,d5d37ee7d392af4f,36902,0,NON_MAVLINK_PROBE,SCANNER,0,,3ce51f1c,NORMAL,0.0
2026-05-08T17:44:40.733586,127.0.x.x,ef2f9f91273ffdad,50498,0,NON_MAVLINK_PROBE,SCANNER,0,,7ee64f27,NORMAL,0.0
2026-05-08T17:44:40.751963,127.0.x.x,ef2f9f91273ffdad,50492,0,NON_MAVLINK_PROBE,SCANNER,0,,87ae8982,NORMAL,0.0
2026-05-08T17:44:42.024964,127.0.x.x,ef2f9f91273ffdad,34006,0,NON_MAVLINK_PROBE,SCANNER,0,,30d2b467,NORMAL,0.0
2026-05-08T17:44:42.071342,127.0.x.x,ef2f9f91273ffdad,34018,0,NON_MAVLINK_PROBE,SCANNER,0,,bfa89b64,NORMAL,0.0
2026-05-08T17:44:42.084928,147.182.x.x,01b61f861ff69378,50762,0,NON_MAVLINK_PROBE,SCANNER,0,,d6122f45,NORMAL,0.0
2026-05-08T17:44:45.772034,127.0.x.x,ef2f9f91273ffdad,34046,0,NON_MAVLINK_PROBE,SCANNER,0,,9990c64b,NORMAL,0.0
2026-05-08T17:44:45.778475,127.0.x.x,ef2f9f91273ffdad,34034,0,NON_MAVLINK_PROBE,SCANNER,0,,3d641dca,NORMAL,0.0
2026-05-08T17:44:45.765772,168.144.x.x,d5d37ee7d392af4f,36904,0,NON_MAVLINK_PROBE,SCANNER,0,,91809569,NORMAL,0.0
2026-05-08T17:44:47.176640,127.0.x.x,ef2f9f91273ffdad,34050,0,NON_MAVLINK_PROBE,SCANNER,0,,397a3c40,NORMAL,0.0
2026-05-08T17:44:47.258701,127.0.x.x,ef2f9f91273ffdad,34052,0,NON_MAVLINK_PROBE,SCANNER,0,,4e298a51,NORMAL,0.0
2026-05-08T17:44:47.258348,147.182.x.x,01b61f861ff69378,38560,0,NON_MAVLINK_PROBE,SCANNER,0,,01a03bcc,NORMAL,0.0
2026-05-08T17:44:50.743515,168.144.x.x,d5d37ee7d392af4f,33660,0,NON_MAVLINK_PROBE,SCANNER,0,,78449d99,NORMAL,0.0
2026-05-08T17:44:50.749642,127.0.x.x,ef2f9f91273ffdad,34056,0,NON_MAVLINK_PROBE,SCANNER,0,,cc00e1b5,NORMAL,0.0
2026-05-08T17:44:50.759144,127.0.x.x,ef2f9f91273ffdad,34064,0,NON_MAVLINK_PROBE,SCANNER,0,,f82fee68,NORMAL,0.0
2026-05-08T17:44:52.460069,127.0.x.x,ef2f9f91273ffdad,52770,0,NON_MAVLINK_PROBE,SCANNER,0,,44c37410,NORMAL,0.0
2026-05-08T17:44:52.529953,127.0.x.x,ef2f9f91273ffdad,52774,0,NON_MAVLINK_PROBE,SCANNER,0,,558945a6,NORMAL,0.0
2026-05-08T17:44:52.547328,147.182.x.x,01b61f861ff69378,38568,0,NON_MAVLINK_PROBE,SCANNER,0,,68cde010,NORMAL,0.0
2026-05-08T17:44:55.746976,168.144.x.x,d5d37ee7d392af4f,33674,0,NON_MAVLINK_PROBE,SCANNER,0,,a788053d,NORMAL,0.0
2026-05-08T17:44:55.751116,127.0.x.x,ef2f9f91273ffdad,52782,0,NON_MAVLINK_PROBE,SCANNER,0,,576e4a59,NORMAL,0.0
2026-05-08T17:44:55.753691,127.0.x.x,ef2f9f91273ffdad,52790,0,NON_MAVLINK_PROBE,SCANNER,0,,6211ee38,NORMAL,0.0
2026-05-08T17:44:57.635716,127.0.x.x,ef2f9f91273ffdad,52792,0,NON_MAVLINK_PROBE,SCANNER,0,,fac8c710,NORMAL,0.0
2026-05-08T17:44:57.726357,147.182.x.x,01b61f861ff69378,45436,0,NON_MAVLINK_PROBE,SCANNER,0,,fd9fa6a7,NORMAL,0.0
2026-05-08T17:44:57.729217,127.0.x.x,ef2f9f91273ffdad,52796,0,NON_MAVLINK_PROBE,SCANNER,0,,5ce7d23b,NORMAL,0.0
2026-05-08T17:45:00.818156,127.0.x.x,ef2f9f91273ffdad,52824,0,NON_MAVLINK_PROBE,SCANNER,0,,2d6220f1,NORMAL,0.0
2026-05-08T17:45:00.825424,168.144.x.x,d5d37ee7d392af4f,46740,0,NON_MAVLINK_PROBE,SCANNER,0,,364ebf61,NORMAL,0.0
2026-05-08T17:45:00.835142,127.0.x.x,ef2f9f91273ffdad,52808,0,NON_MAVLINK_PROBE,SCANNER,0,,8ed1ae4a,NORMAL,0.0
2026-05-08T17:45:02.863783,127.0.x.x,ef2f9f91273ffdad,41322,0,NON_MAVLINK_PROBE,SCANNER,0,,2ec65ec8,NORMAL,0.0
2026-05-08T17:45:02.967747,127.0.x.x,ef2f9f91273ffdad,41332,0,NON_MAVLINK_PROBE,SCANNER,0,,912e09be,NORMAL,0.0
2026-05-08T17:45:02.986000,147.182.x.x,01b61f861ff69378,45450,0,NON_MAVLINK_PROBE,SCANNER,0,,92eaad0b,NORMAL,0.0
2026-05-08T17:45:08.294008,168.144.x.x,d5d37ee7d392af4f,46750,0,NON_MAVLINK_PROBE,SCANNER,0,,3527ac01,NORMAL,0.0
2026-05-08T17:45:08.293887,127.0.x.x,ef2f9f91273ffdad,41352,0,NON_MAVLINK_PROBE,SCANNER,0,,6b92f371,NORMAL,0.0
2026-05-08T17:45:08.321995,127.0.x.x,ef2f9f91273ffdad,41338,0,NON_MAVLINK_PROBE,SCANNER,0,,825db40b,NORMAL,0.0
2026-05-08T17:45:10.514618,127.0.x.x,ef2f9f91273ffdad,41366,0,NON_MAVLINK_PROBE,SCANNER,0,,367c9cbc,NORMAL,0.0
2026-05-08T17:45:10.644859,127.0.x.x,ef2f9f91273ffdad,41372,0,NON_MAVLINK_PROBE,SCANNER,0,,1e8e148b,NORMAL,0.0
2026-05-08T17:45:10.637667,147.182.x.x,01b61f861ff69378,51110,0,NON_MAVLINK_PROBE,SCANNER,0,,7ad485a4,NORMAL,0.0
2026-05-08T17:45:13.288148,127.0.x.x,ef2f9f91273ffdad,43734,0,NON_MAVLINK_PROBE,SCANNER,0,,a9ed8425,NORMAL,0.0
2026-05-08T17:45:13.287702,127.0.x.x,ef2f9f91273ffdad,43736,0,NON_MAVLINK_PROBE,SCANNER,0,,d0fbe1f5,NORMAL,0.0
2026-05-08T17:45:13.281397,168.144.x.x,d5d37ee7d392af4f,43996,0,NON_MAVLINK_PROBE,SCANNER,0,,9c7d2c16,NORMAL,0.0
2026-05-08T17:45:15.809766,127.0.x.x,ef2f9f91273ffdad,43748,0,NON_MAVLINK_PROBE,SCANNER,0,,1b84d43c,NORMAL,0.0
2026-05-08T17:45:15.900616,147.182.x.x,01b61f861ff69378,51114,0,NON_MAVLINK_PROBE,SCANNER,0,,e659b25f,NORMAL,0.0
2026-05-08T17:45:15.905003,127.0.x.x,ef2f9f91273ffdad,43760,0,NON_MAVLINK_PROBE,SCANNER,0,,4201cf1a,NORMAL,0.0
2026-05-08T17:45:18.252647,168.144.x.x,d5d37ee7d392af4f,44008,0,NON_MAVLINK_PROBE,SCANNER,0,,a51fbc57,NORMAL,0.0
2026-05-08T17:45:18.262690,127.0.x.x,ef2f9f91273ffdad,43776,0,NON_MAVLINK_PROBE,SCANNER,0,,b767837b,NORMAL,0.0
2026-05-08T17:45:18.264882,127.0.x.x,ef2f9f91273ffdad,43770,0,NON_MAVLINK_PROBE,SCANNER,0,,1fdc7659,NORMAL,0.0
2026-05-08T17:45:20.968671,127.0.x.x,ef2f9f91273ffdad,43792,0,NON_MAVLINK_PROBE,SCANNER,0,,c0831901,NORMAL,0.0
2026-05-08T17:45:21.064986,127.0.x.x,ef2f9f91273ffdad,58802,0,NON_MAVLINK_PROBE,SCANNER,0,,0dde074c,NORMAL,0.0
2026-05-08T17:45:21.071071,147.182.x.x,01b61f861ff69378,44580,0,NON_MAVLINK_PROBE,SCANNER,0,,b182df02,NORMAL,0.0
2026-05-08T17:45:23.281555,168.144.x.x,d5d37ee7d392af4f,45188,0,NON_MAVLINK_PROBE,SCANNER,0,,9ac69992,NORMAL,0.0
2026-05-08T17:45:23.282303,127.0.x.x,ef2f9f91273ffdad,58812,0,NON_MAVLINK_PROBE,SCANNER,0,,48419433,NORMAL,0.0
2026-05-08T17:45:23.276686,127.0.x.x,ef2f9f91273ffdad,58814,0,NON_MAVLINK_PROBE,SCANNER,0,,f5e68237,NORMAL,0.0
2026-05-08T17:45:26.219370,127.0.x.x,ef2f9f91273ffdad,58824,0,NON_MAVLINK_PROBE,SCANNER,0,,9e727066,NORMAL,0.0
2026-05-08T17:45:26.320223,147.182.x.x,01b61f861ff69378,44594,0,NON_MAVLINK_PROBE,SCANNER,0,,ac7edd3f,NORMAL,0.0
2026-05-08T17:45:26.324107,127.0.x.x,ef2f9f91273ffdad,58834,0,NON_MAVLINK_PROBE,SCANNER,0,,27f4d4c2,NORMAL,0.0
2026-05-08T17:45:28.237698,168.144.x.x,d5d37ee7d392af4f,45202,0,NON_MAVLINK_PROBE,SCANNER,0,,49dac2be,NORMAL,0.0
2026-05-08T17:45:28.261031,127.0.x.x,ef2f9f91273ffdad,58856,0,NON_MAVLINK_PROBE,SCANNER,0,,e9b8d752,NORMAL,0.0
2026-05-08T17:45:28.272731,127.0.x.x,ef2f9f91273ffdad,58850,0,NON_MAVLINK_PROBE,SCANNER,0,,2fdecf44,NORMAL,0.0
2026-05-08T17:45:31.409586,127.0.x.x,ef2f9f91273ffdad,47066,0,NON_MAVLINK_PROBE,SCANNER,0,,2a8ac98b,NORMAL,0.0
2026-05-08T17:45:31.576042,147.182.x.x,01b61f861ff69378,38448,0,NON_MAVLINK_PROBE,SCANNER,0,,5768edeb,NORMAL,0.0
2026-05-08T17:45:31.592367,127.0.x.x,ef2f9f91273ffdad,47082,0,NON_MAVLINK_PROBE,SCANNER,0,,e065a722,NORMAL,0.0
2026-05-08T17:45:33.277553,127.0.x.x,ef2f9f91273ffdad,47084,0,NON_MAVLINK_PROBE,SCANNER,0,,800bacbc,NORMAL,0.0
2026-05-08T17:45:33.296667,127.0.x.x,ef2f9f91273ffdad,47090,0,NON_MAVLINK_PROBE,SCANNER,0,,22c7c123,NORMAL,0.0
2026-05-08T17:45:33.300652,168.144.x.x,d5d37ee7d392af4f,35116,0,NON_MAVLINK_PROBE,SCANNER,0,,a64bf417,NORMAL,0.0
2026-05-08T17:45:36.720054,127.0.x.x,ef2f9f91273ffdad,47098,0,NON_MAVLINK_PROBE,SCANNER,0,,dad56dca,NORMAL,0.0
2026-05-08T17:45:36.756763,147.182.x.x,01b61f861ff69378,36570,0,NON_MAVLINK_PROBE,SCANNER,0,,4d644962,NORMAL,0.0
2026-05-08T17:45:36.770177,127.0.x.x,ef2f9f91273ffdad,47112,0,NON_MAVLINK_PROBE,SCANNER,0,,f6c10b77,NORMAL,0.0
2026-05-08T17:45:38.303326,168.144.x.x,d5d37ee7d392af4f,35118,0,NON_MAVLINK_PROBE,SCANNER,0,,f0308aed,NORMAL,0.0
2026-05-08T17:45:38.313011,127.0.x.x,ef2f9f91273ffdad,47124,0,NON_MAVLINK_PROBE,SCANNER,0,,b5bed500,NORMAL,0.0
2026-05-08T17:45:38.323684,127.0.x.x,ef2f9f91273ffdad,47116,0,NON_MAVLINK_PROBE,SCANNER,0,,721318d6,NORMAL,0.0
2026-05-08T17:45:41.965636,127.0.x.x,ef2f9f91273ffdad,40528,0,NON_MAVLINK_PROBE,SCANNER,0,,1ed97f54,NORMAL,0.0
2026-05-08T17:45:41.979942,127.0.x.x,ef2f9f91273ffdad,40540,0,NON_MAVLINK_PROBE,SCANNER,0,,981612ad,NORMAL,0.0
2026-05-08T17:45:41.996614,147.182.x.x,01b61f861ff69378,36574,0,NON_MAVLINK_PROBE,SCANNER,0,,4822a039,NORMAL,0.0
2026-05-08T17:45:43.263272,168.144.x.x,d5d37ee7d392af4f,53124,0,NON_MAVLINK_PROBE,SCANNER,0,,32f8de5a,NORMAL,0.0
2026-05-08T17:45:43.268356,127.0.x.x,ef2f9f91273ffdad,40556,0,NON_MAVLINK_PROBE,SCANNER,0,,340363c2,NORMAL,0.0
2026-05-08T17:45:43.274080,127.0.x.x,ef2f9f91273ffdad,40546,0,NON_MAVLINK_PROBE,SCANNER,0,,670bce81,NORMAL,0.0
2026-05-08T17:45:47.162784,127.0.x.x,ef2f9f91273ffdad,40560,0,NON_MAVLINK_PROBE,SCANNER,0,,3c5d8beb,NORMAL,0.0
2026-05-08T17:45:47.216253,147.182.x.x,01b61f861ff69378,37788,0,NON_MAVLINK_PROBE,SCANNER,0,,bfac9414,NORMAL,0.0
2026-05-08T17:45:47.221592,127.0.x.x,ef2f9f91273ffdad,40572,0,NON_MAVLINK_PROBE,SCANNER,0,,50d853e0,NORMAL,0.0
2026-05-08T17:45:48.285502,168.144.x.x,d5d37ee7d392af4f,53134,0,NON_MAVLINK_PROBE,SCANNER,0,,472943cd,NORMAL,0.0
2026-05-08T17:45:48.285150,127.0.x.x,ef2f9f91273ffdad,40574,0,NON_MAVLINK_PROBE,SCANNER,0,,e7961021,NORMAL,0.0
2026-05-08T17:45:48.302560,127.0.x.x,ef2f9f91273ffdad,40584,0,NON_MAVLINK_PROBE,SCANNER,0,,94513bdf,NORMAL,0.0
2026-05-08T17:45:52.315705,127.0.x.x,ef2f9f91273ffdad,54772,0,NON_MAVLINK_PROBE,SCANNER,0,,5dc294d9,NORMAL,0.0
2026-05-08T17:45:52.408148,147.182.x.x,01b61f861ff69378,37798,0,NON_MAVLINK_PROBE,SCANNER,0,,c89ad84a,NORMAL,0.0
2026-05-08T17:45:52.425120,127.0.x.x,ef2f9f91273ffdad,54782,0,NON_MAVLINK_PROBE,SCANNER,0,,77abe55e,NORMAL,0.0
2026-05-08T17:45:53.282620,168.144.x.x,d5d37ee7d392af4f,58274,0,NON_MAVLINK_PROBE,SCANNER,0,,e9a70a40,NORMAL,0.0
2026-05-08T17:45:53.306306,127.0.x.x,ef2f9f91273ffdad,54800,0,NON_MAVLINK_PROBE,SCANNER,0,,4188f969,NORMAL,0.0
2026-05-08T17:45:53.300916,127.0.x.x,ef2f9f91273ffdad,54788,0,NON_MAVLINK_PROBE,SCANNER,0,,997ddd23,NORMAL,0.0
2026-05-08T17:45:57.593170,127.0.x.x,ef2f9f91273ffdad,54808,0,NON_MAVLINK_PROBE,SCANNER,0,,27911cd3,NORMAL,0.0
2026-05-08T17:45:57.656254,127.0.x.x,ef2f9f91273ffdad,54824,0,NON_MAVLINK_PROBE,SCANNER,0,,0053279b,NORMAL,0.0
2026-05-08T17:45:57.655831,147.182.x.x,01b61f861ff69378,58628,0,NON_MAVLINK_PROBE,SCANNER,0,,5e25eb31,NORMAL,0.0
2026-05-08T17:45:58.279604,127.0.x.x,ef2f9f91273ffdad,54836,0,NON_MAVLINK_PROBE,SCANNER,0,,334056fb,NORMAL,0.0
2026-05-08T17:45:58.283924,168.144.x.x,d5d37ee7d392af4f,58276,0,NON_MAVLINK_PROBE,SCANNER,0,,467733e0,NORMAL,0.0
2026-05-08T17:45:58.284170,127.0.x.x,ef2f9f91273ffdad,54830,0,NON_MAVLINK_PROBE,SCANNER,0,,24537d7e,NORMAL,0.0
2026-05-08T17:46:02.914984,127.0.x.x,ef2f9f91273ffdad,52734,0,NON_MAVLINK_PROBE,SCANNER,0,,9dfc8530,NORMAL,0.0
2026-05-08T17:46:02.986594,127.0.x.x,ef2f9f91273ffdad,52750,0,NON_MAVLINK_PROBE,SCANNER,0,,ceb9a72e,NORMAL,0.0
2026-05-08T17:46:02.986083,147.182.x.x,01b61f861ff69378,58636,0,NON_MAVLINK_PROBE,SCANNER,0,,81b0fb39,NORMAL,0.0
2026-05-08T17:46:12.605618,168.144.x.x,d5d37ee7d392af4f,868,0,NON_MAVLINK_PROBE,SCANNER,0,,3b10c0ea,NORMAL,0.0
2026-05-08T17:46:13.620445,127.0.x.x,ef2f9f91273ffdad,52786,0,NON_MAVLINK_PROBE,SCANNER,0,,80a8eaf5,NORMAL,0.0
2026-05-08T17:46:23.619386,127.0.x.x,ef2f9f91273ffdad,52798,0,NON_MAVLINK_PROBE,SCANNER,0,,0197e8fe,NORMAL,0.0
2026-05-08T17:47:03.284514,127.0.x.x,ef2f9f91273ffdad,52766,0,NON_MAVLINK_PROBE,SCANNER,0,,4b48822a,NORMAL,0.0
2026-05-08T17:47:03.306426,127.0.x.x,ef2f9f91273ffdad,52770,0,NON_MAVLINK_PROBE,SCANNER,0,,e77ef368,NORMAL,0.0
2026-05-08T17:47:03.310675,147.182.x.x,01b61f861ff69378,395,0,NON_MAVLINK_PROBE,SCANNER,0,,6ee4697b,NORMAL,0.0
2026-05-08T18:07:58.384519,154.61.x.x,3eba066474a4dc04,55932,0,NON_MAVLINK_PROBE,SCANNER,0,,1f7c9c4d,NORMAL,0.0
2026-05-08T18:17:21.247810,172.104.x.x,6221df39b816bd5e,59452,0,NON_MAVLINK_PROBE,SCANNER,0,,185728db,NORMAL,0.0
2026-05-08T18:17:21.253659,172.104.x.x,6221df39b816bd5e,59428,0,NON_MAVLINK_PROBE,SCANNER,0,,3b5903f2,NORMAL,0.0
2026-05-08T18:17:21.271849,172.104.x.x,6221df39b816bd5e,59438,0,NON_MAVLINK_PROBE,SCANNER,0,,ac8722e3,NORMAL,0.0
2026-05-08T18:17:31.280405,172.104.x.x,6221df39b816bd5e,59462,0,NON_MAVLINK_PROBE,SCANNER,0,,c6d98d02,NORMAL,0.0
2026-05-08T18:17:31.288476,172.104.x.x,6221df39b816bd5e,59468,0,NON_MAVLINK_PROBE,SCANNER,0,,37d33b21,NORMAL,0.0
2026-05-08T18:17:31.320939,172.104.x.x,6221df39b816bd5e,59464,0,NON_MAVLINK_PROBE,SCANNER,0,,1bf50be5,NORMAL,0.0
2026-05-08T18:17:56.511235,103.117.x.x,7b29fec165aa8e0c,55589,0,NON_MAVLINK_PROBE,SCANNER,0,,89705849,NORMAL,0.0
2026-05-08T18:25:30.615570,94.156.x.x,d066e58f74abd024,36570,0,NON_MAVLINK_PROBE,SCANNER,0,,d1ac5fba,NORMAL,0.0
2026-05-08T18:30:51.130890,49.50.x.x,46f4a870163a6e6d,29720,0,NON_MAVLINK_PROBE,SCANNER,0,,718cdd05,NORMAL,0.0
2026-05-08T18:33:23.152930,112.46.x.x,8e136488bf25507b,64834,0,NON_MAVLINK_PROBE,SCANNER,0,,535aff2d,NORMAL,0.0
2026-05-08T18:53:41.037521,176.65.x.x,9880f1c3a55845dd,42140,0,NON_MAVLINK_PROBE,SCANNER,0,,cb6ea011,NORMAL,0.0
2026-05-08T20:11:46.821180,205.210.x.x,da9bff1533f47bc8,51252,0,NON_MAVLINK_PROBE,SCANNER,0,,634892c7,NORMAL,0.0
2026-05-08T20:19:04.757276,147.185.x.x,36f643cbff20529e,64414,0,NON_MAVLINK_PROBE,SCANNER,0,,e4885af8,NORMAL,0.0
2026-05-08T20:19:04.758062,147.185.x.x,36f643cbff20529e,64398,0,NON_MAVLINK_PROBE,SCANNER,0,,d57ea270,NORMAL,0.0
2026-05-08T20:30:29.576359,45.205.x.x,8cf65c323720a4c3,40562,0,NON_MAVLINK_PROBE,SCANNER,0,,22bb2232,NORMAL,0.0
2026-05-08T20:30:42.267085,45.205.x.x,8cf65c323720a4c3,40578,0,NON_MAVLINK_PROBE,SCANNER,0,,4db3b27c,NORMAL,0.0
2026-05-08T20:30:57.171241,45.205.x.x,8cf65c323720a4c3,37532,0,NON_MAVLINK_PROBE,SCANNER,0,,699261d6,NORMAL,0.0
2026-05-08T20:31:10.415682,45.205.x.x,8cf65c323720a4c3,44204,0,NON_MAVLINK_PROBE,SCANNER,0,,ddb25f5f,NORMAL,0.0
2026-05-08T20:31:12.526660,94.156.x.x,d066e58f74abd024,35428,0,NON_MAVLINK_PROBE,SCANNER,0,,8f5034b0,NORMAL,0.0
2026-05-08T20:31:24.355307,45.205.x.x,8cf65c323720a4c3,42644,0,NON_MAVLINK_PROBE,SCANNER,0,,b2ed155e,NORMAL,0.0
2026-05-08T20:31:37.615602,45.205.x.x,8cf65c323720a4c3,36456,0,NON_MAVLINK_PROBE,SCANNER,0,,3f64ae82,NORMAL,0.0
2026-05-08T20:31:49.866677,45.205.x.x,8cf65c323720a4c3,46988,0,NON_MAVLINK_PROBE,SCANNER,0,,de5bb0c8,NORMAL,0.0
2026-05-08T20:33:50.211730,172.178.x.x,013eb3b9c436a49e,44212,0,NON_MAVLINK_PROBE,SCANNER,0,,5f3d63b3,NORMAL,0.0
2026-05-08T20:33:50.569333,172.178.x.x,013eb3b9c436a49e,33490,0,NON_MAVLINK_PROBE,SCANNER,0,,00128aad,NORMAL,0.0
2026-05-08T20:37:18.641913,173.255.x.x,aca04b2aad378df2,46110,0,NON_MAVLINK_PROBE,SCANNER,0,,1f5e2851,NORMAL,0.0
2026-05-08T20:39:35.521764,205.210.x.x,3b0e0be119075562,60864,0,NON_MAVLINK_PROBE,SCANNER,0,,33463308,NORMAL,0.0
2026-05-08T20:43:33.807206,20.83.x.x,a9c489245dd6f4f4,57704,0,NON_MAVLINK_PROBE,SCANNER,0,,cfc1e3ee,NORMAL,0.0
2026-05-08T20:47:21.450246,173.255.x.x,ffd27b76fa81f7ea,55870,0,NON_MAVLINK_PROBE,SCANNER,0,,c4274dc1,NORMAL,0.0
2026-05-08T20:47:21.454834,173.255.x.x,ffd27b76fa81f7ea,36150,0,NON_MAVLINK_PROBE,SCANNER,0,,dca76029,NORMAL,0.0
2026-05-08T20:47:31.635537,173.255.x.x,ffd27b76fa81f7ea,36174,0,NON_MAVLINK_PROBE,SCANNER,0,,25c4d712,NORMAL,0.0
2026-05-08T20:47:31.644532,173.255.x.x,ffd27b76fa81f7ea,36164,0,NON_MAVLINK_PROBE,SCANNER,0,,9730771f,NORMAL,0.0
2026-05-08T20:50:36.709296,154.219.x.x,38ad42979dcc15d1,1572,0,NON_MAVLINK_PROBE,SCANNER,0,,65dedade,NORMAL,0.0
2026-05-08T20:50:37.159171,154.219.x.x,38ad42979dcc15d1,1582,0,NON_MAVLINK_PROBE,SCANNER,0,,cbc45ab7,NORMAL,0.0
2026-05-08T21:33:42.504154,45.56.x.x,4a390567d04a7bd4,35557,0,NON_MAVLINK_PROBE,SCANNER,0,,717c562d,NORMAL,0.0
2026-05-08T22:14:42.889053,94.156.x.x,d066e58f74abd024,51658,0,NON_MAVLINK_PROBE,SCANNER,0,,29d04bc5,NORMAL,0.0
2026-05-08T22:17:27.189547,94.156.x.x,d066e58f74abd024,59902,0,NON_MAVLINK_PROBE,SCANNER,0,,3f8e1d9e,NORMAL,0.0
2026-05-08T22:36:14.451253,45.79.x.x,c31f641dc3ebbb0f,34742,0,NON_MAVLINK_PROBE,SCANNER,0,,35137c8d,NORMAL,0.0
2026-05-08T22:50:07.224820,176.65.x.x,9880f1c3a55845dd,41618,0,NON_MAVLINK_PROBE,SCANNER,0,,4ecc730d,NORMAL,0.0
2026-05-08T22:52:59.810988,51.158.x.x,f0abf9f3ac0f7242,49402,0,NON_MAVLINK_PROBE,SCANNER,0,,ad040b1b,NORMAL,0.0
2026-05-08T22:53:00.196608,51.158.x.x,f0abf9f3ac0f7242,49408,0,NON_MAVLINK_PROBE,SCANNER,0,,d67f7e93,NORMAL,0.0
2026-05-08T23:15:44.107093,172.202.x.x,ce5e38eedb421494,56286,0,NON_MAVLINK_PROBE,SCANNER,0,,b27733d6,NORMAL,0.0
2026-05-08T23:28:09.207672,79.124.x.x,a3dc2bc09007bf5d,46780,0,NON_MAVLINK_PROBE,SCANNER,0,,9d70d923,NORMAL,0.0
2026-05-08T23:31:47.710697,35.202.x.x,05a823bdaaea03e2,43262,0,NON_MAVLINK_PROBE,SCANNER,0,,d7f09424,NORMAL,0.0
2026-05-08T23:41:06.465660,94.156.x.x,dc12965325b5a917,57858,0,NON_MAVLINK_PROBE,SCANNER,0,,6845f85c,NORMAL,0.0
2026-05-09T00:05:50.573927,79.124.x.x,a3dc2bc09007bf5d,46570,0,NON_MAVLINK_PROBE,SCANNER,0,,d89532d3,NORMAL,0.0
2026-05-09T00:05:53.224171,13.222.x.x,2a283fe316b9e313,57654,0,NON_MAVLINK_PROBE,SCANNER,0,,8e27bc97,NORMAL,0.0
2026-05-09T00:23:10.316641,176.65.x.x,9880f1c3a55845dd,46530,0,NON_MAVLINK_PROBE,SCANNER,0,,11ebd9b2,NORMAL,0.0
2026-05-09T00:47:59.994809,50.3.x.x,b6f9d15a77691b9f,52140,0,NON_MAVLINK_PROBE,SCANNER,0,,522bf83e,NORMAL,0.0
2026-05-09T00:48:34.512644,50.3.x.x,b6f9d15a77691b9f,60216,0,NON_MAVLINK_PROBE,SCANNER,0,,10336afd,NORMAL,0.0
2026-05-09T01:01:56.133628,176.65.x.x,9880f1c3a55845dd,56322,0,NON_MAVLINK_PROBE,SCANNER,0,,d3a05ebf,NORMAL,0.0
2026-05-09T01:19:33.973002,77.68.x.x,bef0c926f1d64d59,48238,0,NON_MAVLINK_PROBE,SCANNER,0,,0a39ed28,NORMAL,0.0
2026-05-09T02:00:36.610552,94.156.x.x,dc12965325b5a917,55014,0,NON_MAVLINK_PROBE,SCANNER,0,,565c3ea2,NORMAL,0.0
2026-05-09T02:09:45.523288,176.65.x.x,9880f1c3a55845dd,41514,0,NON_MAVLINK_PROBE,SCANNER,0,,1183bdcb,NORMAL,0.0
2026-05-09T02:34:40.152147,146.190.x.x,22c3a61018422210,57012,0,NON_MAVLINK_PROBE,SCANNER,0,,84ac3f96,NORMAL,0.0
2026-05-09T02:34:41.177491,146.190.x.x,22c3a61018422210,33300,0,NON_MAVLINK_PROBE,SCANNER,0,,10592a76,NORMAL,0.0
2026-05-09T02:53:21.865226,176.65.x.x,9880f1c3a55845dd,56290,0,NON_MAVLINK_PROBE,SCANNER,0,,e224ba2f,NORMAL,0.0
2026-05-09T02:57:47.504235,65.49.x.x,2411812615d1863a,41646,0,NON_MAVLINK_PROBE,SCANNER,0,,0f293bae,NORMAL,0.0
2026-05-09T03:20:27.819964,90.151.x.x,0d11f4acfa5df721,22559,0,NON_MAVLINK_PROBE,SCANNER,0,,ff1a02aa,NORMAL,0.0
2026-05-09T03:20:32.849757,90.151.x.x,0d11f4acfa5df721,3517,0,NON_MAVLINK_PROBE,SCANNER,0,,f01c9db7,NORMAL,0.0
2026-05-09T03:20:42.548599,90.151.x.x,0d11f4acfa5df721,7465,0,NON_MAVLINK_PROBE,SCANNER,0,,76cbe354,NORMAL,0.0
2026-05-09T03:20:42.966793,90.151.x.x,0d11f4acfa5df721,44563,0,NON_MAVLINK_PROBE,SCANNER,0,,91052e60,NORMAL,0.0
2026-05-09T04:09:47.225770,94.156.x.x,dc12965325b5a917,51286,0,NON_MAVLINK_PROBE,SCANNER,0,,0a9c1f5f,NORMAL,0.0
2026-05-09T04:31:32.688967,66.132.x.x,88e811a840b0714d,21304,0,NON_MAVLINK_PROBE,SCANNER,0,,4b0b272d,NORMAL,0.0
2026-05-09T04:31:37.603804,66.132.x.x,88e811a840b0714d,51894,4,UNKNOWN_4,UNKNOWN,3,71d434fd5a5106003905,9a869720,NORMAL,0.2
2026-05-09T04:31:52.375582,66.132.x.x,88e811a840b0714d,51922,0,NON_MAVLINK_PROBE,SCANNER,0,,9532e420,NORMAL,0.0
2026-05-09T04:39:47.871603,20.83.x.x,f900e604f345e77b,37870,0,NON_MAVLINK_PROBE,SCANNER,0,,c7deb3b9,NORMAL,0.0
2026-05-09T04:47:50.664345,176.65.x.x,9880f1c3a55845dd,52542,0,NON_MAVLINK_PROBE,SCANNER,0,,1b1c8365,NORMAL,0.0
2026-05-09T05:01:10.627382,176.65.x.x,9880f1c3a55845dd,45802,0,NON_MAVLINK_PROBE,SCANNER,0,,2a452b3e,NORMAL,0.0
2026-05-09T05:19:40.690239,94.156.x.x,dc12965325b5a917,44848,0,NON_MAVLINK_PROBE,SCANNER,0,,9d12231f,NORMAL,0.0
2026-05-09T05:22:59.934887,103.59.x.x,aa4b67141a8b26dd,56030,0,NON_MAVLINK_PROBE,SCANNER,0,,ae2dbf4d,NORMAL,0.0
2026-05-09T05:24:09.887922,20.65.x.x,5e874086e7be2e52,48400,0,NON_MAVLINK_PROBE,SCANNER,0,,04a26dd8,NORMAL,0.0
2026-05-09T05:24:10.369326,20.65.x.x,5e874086e7be2e52,48406,0,NON_MAVLINK_PROBE,SCANNER,0,,814d63cb,NORMAL,0.0
2026-05-09T05:36:02.467386,176.65.x.x,9880f1c3a55845dd,57668,0,NON_MAVLINK_PROBE,SCANNER,0,,fc5bd74b,NORMAL,0.0
2026-05-09T05:45:07.891459,3.129.x.x,e3111d802ac43609,60276,0,NON_MAVLINK_PROBE,SCANNER,0,,b93b533a,NORMAL,0.0
2026-05-09T05:45:44.321214,3.129.x.x,e3111d802ac43609,38544,0,NON_MAVLINK_PROBE,SCANNER,0,,24a3e1f1,NORMAL,0.0
2026-05-09T05:47:07.132349,3.129.x.x,e3111d802ac43609,46780,0,NON_MAVLINK_PROBE,SCANNER,0,,5dedb957,NORMAL,0.0
2026-05-09T05:48:46.186299,3.129.x.x,e3111d802ac43609,40728,0,NON_MAVLINK_PROBE,SCANNER,0,,5b934fbd,NORMAL,0.0
2026-05-09T05:50:10.072651,3.129.x.x,e3111d802ac43609,41282,0,NON_MAVLINK_PROBE,SCANNER,0,,37beffe7,NORMAL,0.0
2026-05-09T05:52:14.865560,98.80.x.x,a1a6dda4fb644a16,60814,0,NON_MAVLINK_PROBE,SCANNER,0,,9ea26856,NORMAL,0.0
2026-05-09T05:52:15.312311,98.80.x.x,a1a6dda4fb644a16,43280,0,NON_MAVLINK_PROBE,SCANNER,0,,cb9ebb65,NORMAL,0.0
2026-05-09T05:53:15.646126,98.80.x.x,a1a6dda4fb644a16,43288,0,NON_MAVLINK_PROBE,SCANNER,0,,f8785e83,NORMAL,0.0
2026-05-09T05:53:16.414834,98.80.x.x,a1a6dda4fb644a16,55068,0,NON_MAVLINK_PROBE,SCANNER,0,,c51267b5,NORMAL,0.0
2026-05-09T05:53:16.959792,98.80.x.x,a1a6dda4fb644a16,55078,0,NON_MAVLINK_PROBE,SCANNER,0,,a12dd385,NORMAL,0.0
2026-05-09T05:53:17.444921,98.80.x.x,a1a6dda4fb644a16,55090,0,NON_MAVLINK_PROBE,SCANNER,0,,04f96cb7,NORMAL,0.0
2026-05-09T06:06:13.515738,176.65.x.x,9880f1c3a55845dd,48978,0,NON_MAVLINK_PROBE,SCANNER,0,,3a5d8687,NORMAL,0.0
2026-05-09T06:26:42.796532,172.105.x.x,ac9da0c2f511e31a,60350,0,NON_MAVLINK_PROBE,SCANNER,0,,096103a9,NORMAL,0.0
2026-05-09T06:26:53.012144,172.105.x.x,ac9da0c2f511e31a,60360,0,NON_MAVLINK_PROBE,SCANNER,0,,28b59d6a,NORMAL,0.0
2026-05-09T06:36:39.524301,176.65.x.x,9880f1c3a55845dd,38942,0,NON_MAVLINK_PROBE,SCANNER,0,,ba254cce,NORMAL,0.0
2026-05-09T06:37:38.180319,152.32.x.x,4349b768282afb45,35276,0,NON_MAVLINK_PROBE,SCANNER,0,,b6e60102,NORMAL,0.0
2026-05-09T06:37:56.675249,152.32.x.x,4349b768282afb45,35288,0,NON_MAVLINK_PROBE,SCANNER,0,,3a6efbe3,NORMAL,0.0
2026-05-09T06:38:15.144254,152.32.x.x,4349b768282afb45,44578,0,NON_MAVLINK_PROBE,SCANNER,0,,29684444,NORMAL,0.0
2026-05-09T06:38:33.961535,152.32.x.x,4349b768282afb45,34976,0,NON_MAVLINK_PROBE,SCANNER,0,,53111736,NORMAL,0.0
2026-05-09T06:38:52.352665,152.32.x.x,4349b768282afb45,33960,0,NON_MAVLINK_PROBE,SCANNER,0,,7891523b,NORMAL,0.0
2026-05-09T06:39:11.052366,152.32.x.x,4349b768282afb45,54020,0,NON_MAVLINK_PROBE,SCANNER,0,,188d3e41,NORMAL,0.0
2026-05-09T06:39:29.534585,152.32.x.x,4349b768282afb45,37894,0,NON_MAVLINK_PROBE,SCANNER,0,,acb0f01f,NORMAL,0.0
2026-05-09T06:39:48.437708,152.32.x.x,4349b768282afb45,36844,0,NON_MAVLINK_PROBE,SCANNER,0,,3131ae75,NORMAL,0.0
2026-05-09T06:40:07.129031,152.32.x.x,4349b768282afb45,33668,0,NON_MAVLINK_PROBE,SCANNER,0,,9f607e97,NORMAL,0.0
2026-05-09T06:40:25.705560,152.32.x.x,4349b768282afb45,48116,0,NON_MAVLINK_PROBE,SCANNER,0,,39db3af7,NORMAL,0.0
2026-05-09T07:02:27.729383,94.156.x.x,d066e58f74abd024,36460,0,NON_MAVLINK_PROBE,SCANNER,0,,e16b6b1d,NORMAL,0.0
2026-05-09T07:04:22.972575,119.59.x.x,a85b3bf691da4663,60122,0,NON_MAVLINK_PROBE,SCANNER,0,,2864bfee,NORMAL,0.0
2026-05-09T07:42:01.296804,170.187.x.x,f60c28f2987af124,44376,0,NON_MAVLINK_PROBE,SCANNER,0,,5069c07b,NORMAL,0.0
2026-05-09T07:42:01.330019,170.187.x.x,f60c28f2987af124,44392,0,NON_MAVLINK_PROBE,SCANNER,0,,e9313e28,NORMAL,0.0
2026-05-09T07:42:01.331157,170.187.x.x,f60c28f2987af124,44408,0,NON_MAVLINK_PROBE,SCANNER,0,,8de36694,NORMAL,0.0
2026-05-09T07:42:11.471679,170.187.x.x,f60c28f2987af124,40738,0,NON_MAVLINK_PROBE,SCANNER,0,,77717b4c,NORMAL,0.0
2026-05-09T07:42:11.509757,170.187.x.x,f60c28f2987af124,40740,0,NON_MAVLINK_PROBE,SCANNER,0,,a0c234e7,NORMAL,0.0
2026-05-09T07:42:11.513307,170.187.x.x,f60c28f2987af124,40744,0,NON_MAVLINK_PROBE,SCANNER,0,,fda8c4ec,NORMAL,0.0
2026-05-09T08:13:55.901587,94.156.x.x,d066e58f74abd024,48636,0,NON_MAVLINK_PROBE,SCANNER,0,,0ff8bb6d,NORMAL,0.0
2026-05-09T08:35:16.282469,45.139.x.x,6ffc60e32f4da65f,44476,0,NON_MAVLINK_PROBE,SCANNER,0,,b11dcae6,NORMAL,0.0
2026-05-09T09:01:03.146718,47.87.x.x,8af2def570ddb3d4,53874,0,NON_MAVLINK_PROBE,SCANNER,0,,89acf2a9,NORMAL,0.0
2026-05-09T09:57:24.993583,176.65.x.x,9880f1c3a55845dd,34200,0,NON_MAVLINK_PROBE,SCANNER,0,,df66a3f8,NORMAL,0.0
2026-05-09T10:21:25.656217,176.65.x.x,55a7b7f15fe7b86a,53184,0,NON_MAVLINK_PROBE,SCANNER,0,,1d6b5f3b,NORMAL,0.0
2026-05-09T10:25:43.377539,176.65.x.x,9880f1c3a55845dd,39418,0,NON_MAVLINK_PROBE,SCANNER,0,,18ff6cf2,NORMAL,0.0
2026-05-09T10:40:39.420494,65.49.x.x,c227fcc20408ecb1,51690,0,NON_MAVLINK_PROBE,SCANNER,0,,68b2d670,NORMAL,0.0
2026-05-09T10:53:43.529003,52.165.x.x,7b58e18c4565d748,59100,0,NON_MAVLINK_PROBE,SCANNER,0,,bf2c3422,NORMAL,0.0
2026-05-09T11:53:57.390738,94.26.x.x,9f8081d8ead0ee46,41180,0,NON_MAVLINK_PROBE,SCANNER,0,,86c2aa6d,NORMAL,0.0
2026-05-09T13:01:08.250896,176.65.x.x,9880f1c3a55845dd,38986,0,NON_MAVLINK_PROBE,SCANNER,0,,f59523ce,NORMAL,0.0
2026-05-09T14:06:50.700993,65.49.x.x,9a01b3f2160dd2a5,53590,0,NON_MAVLINK_PROBE,SCANNER,0,,713bda25,NORMAL,0.0
2026-05-09T14:18:56.769658,192.109.x.x,9b298e7ebc89f15b,49070,0,NON_MAVLINK_PROBE,SCANNER,0,,7b4c3a2f,NORMAL,0.0
2026-05-09T14:47:28.312005,176.65.x.x,55a7b7f15fe7b86a,54466,0,NON_MAVLINK_PROBE,SCANNER,0,,7cfc19da,NORMAL,0.0
2026-05-09T14:50:56.147438,144.31.x.x,8250edacf34fa879,34666,0,NON_MAVLINK_PROBE,SCANNER,0,,06a34764,NORMAL,0.0
2026-05-09T14:57:02.454283,93.123.x.x,764db62964d2bb05,37496,0,NON_MAVLINK_PROBE,SCANNER,0,,c4f1244c,NORMAL,0.0
2026-05-09T15:33:29.920681,114.97.x.x,8754744bf39f96f1,45756,0,NON_MAVLINK_PROBE,SCANNER,0,,8a6dc3fd,NORMAL,0.0
2026-05-09T15:33:30.376241,27.47.x.x,7e52b2667e63f8d3,30426,0,NON_MAVLINK_PROBE,SCANNER,0,,2231c946,NORMAL,0.0
2026-05-09T15:33:30.976134,101.71.x.x,dcf42fb7a0b184a6,24244,0,NON_MAVLINK_PROBE,SCANNER,0,,cd808f18,NORMAL,0.0
2026-05-09T15:33:38.978957,122.96.x.x,53a203238e97ffa6,46260,0,NON_MAVLINK_PROBE,SCANNER,0,,73eb5e1c,NORMAL,0.0
2026-05-09T15:33:39.824408,123.178.x.x,6aad3c1a547633da,57233,0,NON_MAVLINK_PROBE,SCANNER,0,,e5e56aed,NORMAL,0.0
2026-05-09T15:33:40.545510,220.250.x.x,3eed6551eff7626a,29427,0,NON_MAVLINK_PROBE,SCANNER,0,,dd3fc401,NORMAL,0.0
2026-05-09T16:11:34.788573,127.0.x.x,ef2f9f91273ffdad,57268,0,NON_MAVLINK_PROBE,SCANNER,0,,9d2bb8ff,NORMAL,0.0
2026-05-09T16:15:44.309203,176.65.x.x,e7f841b2628269e8,34118,0,NON_MAVLINK_PROBE,SCANNER,0,,db8cbcba,NORMAL,0.0
2026-05-09T16:16:28.914902,127.0.x.x,ef2f9f91273ffdad,52176,0,NON_MAVLINK_PROBE,SCANNER,0,,56239a0c,NORMAL,0.0
2026-05-09T16:37:34.131877,120.240.x.x,aa7318b0df6f47d0,39430,0,NON_MAVLINK_PROBE,SCANNER,0,,9ca6c524,NORMAL,0.0
2026-05-09T17:10:53.572759,172.105.x.x,3692e2f8a481366c,42832,0,NON_MAVLINK_PROBE,SCANNER,0,,edf21d8e,NORMAL,0.0
2026-05-09T17:10:53.601783,172.105.x.x,3692e2f8a481366c,42818,0,NON_MAVLINK_PROBE,SCANNER,0,,e93b7352,NORMAL,0.0
2026-05-09T17:11:03.773234,172.105.x.x,3692e2f8a481366c,42852,0,NON_MAVLINK_PROBE,SCANNER,0,,de5b66af,NORMAL,0.0
2026-05-09T17:11:03.800740,172.105.x.x,3692e2f8a481366c,42840,0,NON_MAVLINK_PROBE,SCANNER,0,,3250a48b,NORMAL,0.0
2026-05-09T17:45:15.956884,176.65.x.x,1c233f18e373798e,2622,0,NON_MAVLINK_PROBE,SCANNER,0,,6b29386d,NORMAL,0.0
2026-05-09T18:28:54.441622,91.230.x.x,5fc8955681eefc2b,55189,0,NON_MAVLINK_PROBE,SCANNER,0,,13accdc5,NORMAL,0.0
2026-05-09T18:28:57.749062,91.230.x.x,a8d3ec6d7dbf2169,50797,0,NON_MAVLINK_PROBE,SCANNER,0,,1cb9dade,NORMAL,0.0
2026-05-09T19:17:32.937580,103.73.x.x,c5dbcdce9bfdeb32,40787,0,NON_MAVLINK_PROBE,SCANNER,0,,b6c543cb,NORMAL,0.0
2026-05-09T19:41:44.101416,127.0.x.x,ef2f9f91273ffdad,40118,0,NON_MAVLINK_PROBE,SCANNER,0,,e8904df7,NORMAL,0.0
2026-05-09T19:45:34.833472,127.0.x.x,ef2f9f91273ffdad,44400,0,NON_MAVLINK_PROBE,SCANNER,0,,53569ecf,NORMAL,0.0
2026-05-09T19:52:10.872297,127.0.x.x,ef2f9f91273ffdad,49104,0,NON_MAVLINK_PROBE,SCANNER,0,,8ac8fc7f,NORMAL,0.0
2026-05-09T19:57:52.575276,127.0.x.x,ef2f9f91273ffdad,43212,0,NON_MAVLINK_PROBE,SCANNER,0,,3e4f08a1,NORMAL,0.0
2026-05-09T19:58:53.885667,127.0.x.x,ef2f9f91273ffdad,57410,0,NON_MAVLINK_PROBE,SCANNER,0,,52e5bd00,NORMAL,0.0
2026-05-09T20:00:43.804903,127.0.x.x,ef2f9f91273ffdad,42542,0,NON_MAVLINK_PROBE,SCANNER,0,,ca6dad41,NORMAL,0.0
2026-05-09T20:02:48.044101,127.0.x.x,ef2f9f91273ffdad,49096,0,NON_MAVLINK_PROBE,SCANNER,0,,1d089378,NORMAL,0.0
2026-05-09T20:03:04.795712,127.0.x.x,ef2f9f91273ffdad,52400,0,NON_MAVLINK_PROBE,SCANNER,0,,a684656e,NORMAL,0.0
2026-05-09T20:08:31.964852,127.0.x.x,ef2f9f91273ffdad,48062,0,NON_MAVLINK_PROBE,SCANNER,0,,8e4f1a12,NORMAL,0.0
2026-05-09T20:15:06.833340,185.132.x.x,cf4e172c1f948ae8,50118,0,NON_MAVLINK_PROBE,SCANNER,0,,54457a4d,NORMAL,0.0
2026-05-09T20:23:03.294685,118.194.x.x,6a0bc24fa3ee6a83,54936,0,NON_MAVLINK_PROBE,SCANNER,0,,3e7d43bd,NORMAL,0.0
2026-05-09T20:23:05.970560,118.194.x.x,6a0bc24fa3ee6a83,55698,0,NON_MAVLINK_PROBE,SCANNER,0,,ab661a2c,NORMAL,0.0
2026-05-09T20:23:08.735955,118.194.x.x,6a0bc24fa3ee6a83,56462,0,NON_MAVLINK_PROBE,SCANNER,0,,6c08a80a,NORMAL,0.0
2026-05-09T20:23:11.507322,118.194.x.x,6a0bc24fa3ee6a83,57232,0,NON_MAVLINK_PROBE,SCANNER,0,,28da61b6,NORMAL,0.0
2026-05-09T20:23:14.289749,118.194.x.x,6a0bc24fa3ee6a83,57888,0,NON_MAVLINK_PROBE,SCANNER,0,,c9e5629f,NORMAL,0.0
2026-05-09T20:23:17.084404,118.194.x.x,6a0bc24fa3ee6a83,58708,0,NON_MAVLINK_PROBE,SCANNER,0,,a8281d28,NORMAL,0.0
2026-05-09T20:23:19.869501,118.194.x.x,6a0bc24fa3ee6a83,59432,0,NON_MAVLINK_PROBE,SCANNER,0,,276dfb9c,NORMAL,0.0
2026-05-09T20:23:22.641053,118.194.x.x,6a0bc24fa3ee6a83,60122,0,NON_MAVLINK_PROBE,SCANNER,0,,1d32aa60,NORMAL,0.0
2026-05-09T20:23:25.444770,118.194.x.x,6a0bc24fa3ee6a83,60702,0,NON_MAVLINK_PROBE,SCANNER,0,,aba43285,NORMAL,0.0
2026-05-09T20:23:28.236805,118.194.x.x,6a0bc24fa3ee6a83,33162,0,NON_MAVLINK_PROBE,SCANNER,0,,61d7577b,NORMAL,0.0
2026-05-09T20:23:31.077325,118.194.x.x,6a0bc24fa3ee6a83,33828,0,NON_MAVLINK_PROBE,SCANNER,0,,d2e141c0,NORMAL,0.0
2026-05-09T20:23:33.893728,118.194.x.x,6a0bc24fa3ee6a83,34606,0,NON_MAVLINK_PROBE,SCANNER,0,,46f65b51,NORMAL,0.0
2026-05-09T20:23:36.656558,118.194.x.x,6a0bc24fa3ee6a83,35156,0,NON_MAVLINK_PROBE,SCANNER,0,,c0a3b958,NORMAL,0.0
2026-05-09T20:23:39.426261,118.194.x.x,6a0bc24fa3ee6a83,35788,0,NON_MAVLINK_PROBE,SCANNER,0,,9408668a,NORMAL,0.0
2026-05-09T20:23:42.176678,118.194.x.x,6a0bc24fa3ee6a83,36508,0,NON_MAVLINK_PROBE,SCANNER,0,,e0906862,NORMAL,0.0
2026-05-09T20:23:44.919992,118.194.x.x,6a0bc24fa3ee6a83,37148,0,NON_MAVLINK_PROBE,SCANNER,0,,c9a0eaab,NORMAL,0.0
2026-05-09T20:23:47.696365,118.194.x.x,6a0bc24fa3ee6a83,37778,0,NON_MAVLINK_PROBE,SCANNER,0,,ec5413d7,NORMAL,0.0
2026-05-09T20:23:51.529103,118.194.x.x,6a0bc24fa3ee6a83,38408,0,NON_MAVLINK_PROBE,SCANNER,0,,87b6ba4e,NORMAL,0.0
2026-05-09T20:23:54.321508,118.194.x.x,6a0bc24fa3ee6a83,39358,0,NON_MAVLINK_PROBE,SCANNER,0,,5698c377,NORMAL,0.0
2026-05-09T20:23:57.123992,118.194.x.x,6a0bc24fa3ee6a83,40038,0,NON_MAVLINK_PROBE,SCANNER,0,,0e959cd0,NORMAL,0.0
2026-05-09T20:23:59.895276,118.194.x.x,6a0bc24fa3ee6a83,40668,0,NON_MAVLINK_PROBE,SCANNER,0,,0d4730d2,NORMAL,0.0
2026-05-09T20:24:02.662684,118.194.x.x,6a0bc24fa3ee6a83,41444,0,NON_MAVLINK_PROBE,SCANNER,0,,6bb56aaf,NORMAL,0.0
2026-05-09T20:24:05.404488,118.194.x.x,6a0bc24fa3ee6a83,42014,0,NON_MAVLINK_PROBE,SCANNER,0,,faa02159,NORMAL,0.0
2026-05-09T20:24:08.204011,118.194.x.x,6a0bc24fa3ee6a83,42758,0,NON_MAVLINK_PROBE,SCANNER,0,,fd4f4b1e,NORMAL,0.0
2026-05-09T20:24:10.961567,118.194.x.x,6a0bc24fa3ee6a83,43558,0,NON_MAVLINK_PROBE,SCANNER,0,,b43d52b9,NORMAL,0.0
2026-05-09T20:24:13.770682,118.194.x.x,6a0bc24fa3ee6a83,44332,0,NON_MAVLINK_PROBE,SCANNER,0,,9213492a,NORMAL,0.0
2026-05-09T20:24:16.510986,118.194.x.x,6a0bc24fa3ee6a83,45070,0,NON_MAVLINK_PROBE,SCANNER,0,,9373d751,NORMAL,0.0
2026-05-09T20:24:19.283846,118.194.x.x,6a0bc24fa3ee6a83,45756,0,NON_MAVLINK_PROBE,SCANNER,0,,75864746,NORMAL,0.0
2026-05-09T20:24:22.081047,118.194.x.x,6a0bc24fa3ee6a83,46584,0,NON_MAVLINK_PROBE,SCANNER,0,,1c49a2a7,NORMAL,0.0
2026-05-09T20:24:24.896688,118.194.x.x,6a0bc24fa3ee6a83,47298,0,NON_MAVLINK_PROBE,SCANNER,0,,4818acf8,NORMAL,0.0
2026-05-09T20:24:27.618354,118.194.x.x,6a0bc24fa3ee6a83,47938,0,NON_MAVLINK_PROBE,SCANNER,0,,1195fa34,NORMAL,0.0
2026-05-09T20:24:30.365183,118.194.x.x,6a0bc24fa3ee6a83,48644,0,NON_MAVLINK_PROBE,SCANNER,0,,0edcb92e,NORMAL,0.0
2026-05-09T20:24:33.111916,118.194.x.x,6a0bc24fa3ee6a83,49214,0,NON_MAVLINK_PROBE,SCANNER,0,,2f219bed,NORMAL,0.0
2026-05-09T20:24:35.889591,118.194.x.x,6a0bc24fa3ee6a83,50052,0,NON_MAVLINK_PROBE,SCANNER,0,,d3054c36,NORMAL,0.0
2026-05-09T20:24:38.704443,118.194.x.x,6a0bc24fa3ee6a83,50764,0,NON_MAVLINK_PROBE,SCANNER,0,,121993d4,NORMAL,0.0
2026-05-09T20:24:41.469566,118.194.x.x,6a0bc24fa3ee6a83,51482,0,NON_MAVLINK_PROBE,SCANNER,0,,89a584d9,NORMAL,0.0
2026-05-09T20:24:44.280492,118.194.x.x,6a0bc24fa3ee6a83,52280,0,NON_MAVLINK_PROBE,SCANNER,0,,20e3114f,NORMAL,0.0
2026-05-09T20:24:47.032189,118.194.x.x,6a0bc24fa3ee6a83,52994,0,NON_MAVLINK_PROBE,SCANNER,0,,81da20bf,NORMAL,0.0
2026-05-09T20:24:49.776691,118.194.x.x,6a0bc24fa3ee6a83,53720,0,NON_MAVLINK_PROBE,SCANNER,0,,02d67eb0,NORMAL,0.0
2026-05-09T20:24:52.542142,118.194.x.x,6a0bc24fa3ee6a83,54616,0,NON_MAVLINK_PROBE,SCANNER,0,,3653d513,NORMAL,0.0
2026-05-09T20:24:55.287748,118.194.x.x,6a0bc24fa3ee6a83,55490,0,NON_MAVLINK_PROBE,SCANNER,0,,b98dd355,NORMAL,0.0
2026-05-09T20:24:58.066457,118.194.x.x,6a0bc24fa3ee6a83,56224,0,NON_MAVLINK_PROBE,SCANNER,0,,d0e004ab,NORMAL,0.0
2026-05-09T20:25:00.835721,118.194.x.x,6a0bc24fa3ee6a83,56810,0,NON_MAVLINK_PROBE,SCANNER,0,,4a1204bf,NORMAL,0.0
2026-05-09T20:25:03.782028,118.194.x.x,6a0bc24fa3ee6a83,57534,0,NON_MAVLINK_PROBE,SCANNER,0,,26131a68,NORMAL,0.0
2026-05-09T20:25:06.442968,118.194.x.x,6a0bc24fa3ee6a83,58156,0,NON_MAVLINK_PROBE,SCANNER,0,,a1cf5d3d,NORMAL,0.0
2026-05-09T20:25:09.195137,118.194.x.x,6a0bc24fa3ee6a83,58844,0,NON_MAVLINK_PROBE,SCANNER,0,,3654d63a,NORMAL,0.0
2026-05-09T20:25:11.940679,118.194.x.x,6a0bc24fa3ee6a83,59490,0,NON_MAVLINK_PROBE,SCANNER,0,,dc2c455f,NORMAL,0.0
2026-05-09T20:25:14.698047,118.194.x.x,6a0bc24fa3ee6a83,60208,0,NON_MAVLINK_PROBE,SCANNER,0,,f45b6ef0,NORMAL,0.0
2026-05-09T20:25:17.475197,118.194.x.x,6a0bc24fa3ee6a83,60912,0,NON_MAVLINK_PROBE,SCANNER,0,,a11c85bc,NORMAL,0.0
2026-05-09T20:25:20.240836,118.194.x.x,6a0bc24fa3ee6a83,33406,0,NON_MAVLINK_PROBE,SCANNER,0,,7b165784,NORMAL,0.0
2026-05-09T20:25:22.996176,118.194.x.x,6a0bc24fa3ee6a83,34254,0,NON_MAVLINK_PROBE,SCANNER,0,,a91bf6a8,NORMAL,0.0
2026-05-09T20:25:25.801416,118.194.x.x,6a0bc24fa3ee6a83,35068,0,NON_MAVLINK_PROBE,SCANNER,0,,c0af71ba,NORMAL,0.0
2026-05-09T20:25:28.574479,118.194.x.x,6a0bc24fa3ee6a83,35910,0,NON_MAVLINK_PROBE,SCANNER,0,,4d6d026e,NORMAL,0.0
2026-05-09T20:25:31.284531,118.194.x.x,6a0bc24fa3ee6a83,36732,0,NON_MAVLINK_PROBE,SCANNER,0,,168bf363,NORMAL,0.0
2026-05-09T20:25:34.092604,118.194.x.x,6a0bc24fa3ee6a83,37476,0,NON_MAVLINK_PROBE,SCANNER,0,,b7cb40c7,NORMAL,0.0
2026-05-09T20:25:36.839453,118.194.x.x,6a0bc24fa3ee6a83,38304,0,NON_MAVLINK_PROBE,SCANNER,0,,9f27d2fb,NORMAL,0.0
2026-05-09T20:25:39.621527,118.194.x.x,6a0bc24fa3ee6a83,39192,0,NON_MAVLINK_PROBE,SCANNER,0,,9152cc7d,NORMAL,0.0
2026-05-09T20:25:42.367720,118.194.x.x,6a0bc24fa3ee6a83,39960,0,NON_MAVLINK_PROBE,SCANNER,0,,870dd6d1,NORMAL,0.0
2026-05-09T20:25:46.199923,118.194.x.x,6a0bc24fa3ee6a83,40844,0,NON_MAVLINK_PROBE,SCANNER,0,,75c8e53e,NORMAL,0.0
2026-05-09T20:25:48.950619,118.194.x.x,6a0bc24fa3ee6a83,41968,0,NON_MAVLINK_PROBE,SCANNER,0,,654b2eab,NORMAL,0.0
2026-05-09T20:25:51.850015,118.194.x.x,6a0bc24fa3ee6a83,42874,0,NON_MAVLINK_PROBE,SCANNER,0,,55a5100a,NORMAL,0.0
2026-05-09T20:25:54.511996,118.194.x.x,6a0bc24fa3ee6a83,43702,0,NON_MAVLINK_PROBE,SCANNER,0,,015eeeba,NORMAL,0.0
2026-05-09T20:25:57.270803,118.194.x.x,6a0bc24fa3ee6a83,44488,0,NON_MAVLINK_PROBE,SCANNER,0,,e51a5679,NORMAL,0.0
2026-05-09T20:26:00.065363,118.194.x.x,6a0bc24fa3ee6a83,45252,0,NON_MAVLINK_PROBE,SCANNER,0,,a34b5141,NORMAL,0.0
2026-05-09T20:26:02.869508,118.194.x.x,6a0bc24fa3ee6a83,45894,0,NON_MAVLINK_PROBE,SCANNER,0,,7f027f4d,NORMAL,0.0
2026-05-09T20:26:05.689131,118.194.x.x,6a0bc24fa3ee6a83,46642,0,NON_MAVLINK_PROBE,SCANNER,0,,6d363d54,NORMAL,0.0
2026-05-09T20:26:08.494745,118.194.x.x,6a0bc24fa3ee6a83,47514,0,NON_MAVLINK_PROBE,SCANNER,0,,2db910be,NORMAL,0.0
2026-05-09T20:26:11.220760,118.194.x.x,6a0bc24fa3ee6a83,48464,0,NON_MAVLINK_PROBE,SCANNER,0,,6881be25,NORMAL,0.0
2026-05-09T20:26:14.015646,118.194.x.x,6a0bc24fa3ee6a83,49330,0,NON_MAVLINK_PROBE,SCANNER,0,,e444d484,NORMAL,0.0
2026-05-09T20:26:16.782537,118.194.x.x,6a0bc24fa3ee6a83,50168,0,NON_MAVLINK_PROBE,SCANNER,0,,2933e674,NORMAL,0.0
2026-05-09T20:26:19.553695,118.194.x.x,6a0bc24fa3ee6a83,50972,0,NON_MAVLINK_PROBE,SCANNER,0,,aafc27c5,NORMAL,0.0
2026-05-09T20:26:22.333241,118.194.x.x,6a0bc24fa3ee6a83,51674,0,NON_MAVLINK_PROBE,SCANNER,0,,c54df6c7,NORMAL,0.0
2026-05-09T20:26:25.079706,118.194.x.x,6a0bc24fa3ee6a83,52446,0,NON_MAVLINK_PROBE,SCANNER,0,,36bf197c,NORMAL,0.0
2026-05-09T20:29:39.914566,47.245.x.x,7196031e156ece5f,13408,0,NON_MAVLINK_PROBE,SCANNER,0,,c9f9943a,NORMAL,0.0
2026-05-09T20:29:53.019753,47.245.x.x,7196031e156ece5f,48932,0,NON_MAVLINK_PROBE,SCANNER,0,,4610b89d,NORMAL,0.0
2026-05-09T20:30:06.235369,47.245.x.x,7196031e156ece5f,17328,0,NON_MAVLINK_PROBE,SCANNER,0,,57aefa6c,NORMAL,0.0
2026-05-09T20:30:19.365610,47.245.x.x,7196031e156ece5f,54832,0,NON_MAVLINK_PROBE,SCANNER,0,,f6025462,NORMAL,0.0
2026-05-09T20:35:30.007260,45.56.x.x,4a390567d04a7bd4,34186,0,NON_MAVLINK_PROBE,SCANNER,0,,7bb02910,NORMAL,0.0
2026-05-09T20:49:09.743917,172.105.x.x,2353cd7baedfa4a3,34794,0,NON_MAVLINK_PROBE,SCANNER,0,,9cb9130d,NORMAL,0.0
2026-05-09T20:49:09.736862,172.105.x.x,2353cd7baedfa4a3,34824,0,NON_MAVLINK_PROBE,SCANNER,0,,f49d65f0,NORMAL,0.0
2026-05-09T20:49:09.748881,172.105.x.x,2353cd7baedfa4a3,34806,0,NON_MAVLINK_PROBE,SCANNER,0,,1462dc1c,NORMAL,0.0
2026-05-09T20:49:09.757053,172.105.x.x,2353cd7baedfa4a3,34780,0,NON_MAVLINK_PROBE,SCANNER,0,,b2b74b36,NORMAL,0.0
2026-05-09T20:49:09.771374,172.105.x.x,2353cd7baedfa4a3,34804,0,NON_MAVLINK_PROBE,SCANNER,0,,00c4f57a,NORMAL,0.0
2026-05-09T20:49:09.798141,172.105.x.x,2353cd7baedfa4a3,34822,0,NON_MAVLINK_PROBE,SCANNER,0,,e69c6849,NORMAL,0.0
2026-05-09T20:49:09.799442,172.105.x.x,2353cd7baedfa4a3,34838,0,NON_MAVLINK_PROBE,SCANNER,0,,9c885f3f,NORMAL,0.0
2026-05-09T20:49:19.796183,172.105.x.x,2353cd7baedfa4a3,34902,0,NON_MAVLINK_PROBE,SCANNER,0,,5032a846,NORMAL,0.0
2026-05-09T20:49:19.811303,172.105.x.x,2353cd7baedfa4a3,34912,0,NON_MAVLINK_PROBE,SCANNER,0,,ae4fc845,NORMAL,0.0
2026-05-09T20:49:19.815528,172.105.x.x,2353cd7baedfa4a3,34866,0,NON_MAVLINK_PROBE,SCANNER,0,,e2df7852,NORMAL,0.0
2026-05-09T20:49:19.823090,172.105.x.x,2353cd7baedfa4a3,34878,0,NON_MAVLINK_PROBE,SCANNER,0,,fbf99493,NORMAL,0.0
2026-05-09T20:49:19.826768,172.105.x.x,2353cd7baedfa4a3,34854,0,NON_MAVLINK_PROBE,SCANNER,0,,44843e2f,NORMAL,0.0
2026-05-09T20:55:45.760002,185.247.x.x,f04b787acd94000f,53709,0,NON_MAVLINK_PROBE,SCANNER,0,,dd367b5d,NORMAL,0.0
2026-05-09T20:59:54.059552,205.210.x.x,505472e66ff78d77,59258,0,NON_MAVLINK_PROBE,SCANNER,0,,aecc1cd1,NORMAL,0.0
2026-05-09T21:33:31.903584,72.14.x.x,2fa4c6b3a4bc67ea,40137,0,NON_MAVLINK_PROBE,SCANNER,0,,54fc303d,NORMAL,0.0
2026-05-09T21:38:48.513947,157.245.x.x,8d1fa06346e25502,48732,0,NON_MAVLINK_PROBE,SCANNER,0,,1fb45ed4,NORMAL,0.0
2026-05-09T21:38:48.523531,157.245.x.x,8d1fa06346e25502,48696,0,NON_MAVLINK_PROBE,SCANNER,0,,e9542a7b,NORMAL,0.0
2026-05-09T21:38:48.489740,157.245.x.x,8d1fa06346e25502,48704,0,NON_MAVLINK_PROBE,SCANNER,0,,aee3d3c2,NORMAL,0.0
2026-05-09T21:38:48.570385,157.245.x.x,8d1fa06346e25502,48680,0,NON_MAVLINK_PROBE,SCANNER,0,,5935b32a,NORMAL,0.0
2026-05-09T21:38:48.570685,157.245.x.x,8d1fa06346e25502,48720,0,NON_MAVLINK_PROBE,SCANNER,0,,dcab122c,NORMAL,0.0
2026-05-09T21:38:48.569205,157.245.x.x,8d1fa06346e25502,48668,0,NON_MAVLINK_PROBE,SCANNER,0,,8d6217bc,NORMAL,0.0
2026-05-09T21:38:48.570870,157.245.x.x,8d1fa06346e25502,48714,0,NON_MAVLINK_PROBE,SCANNER,0,,698397f8,NORMAL,0.0
2026-05-09T21:38:48.561165,157.245.x.x,8d1fa06346e25502,48694,0,NON_MAVLINK_PROBE,SCANNER,0,,a766f543,NORMAL,0.0
2026-05-09T21:45:54.433000,212.73.x.x,66659f95758a836c,60224,0,NON_MAVLINK_PROBE,SCANNER,0,,54fa21e8,NORMAL,0.0
2026-05-09T21:47:42.591288,127.0.x.x,ef2f9f91273ffdad,60646,0,NON_MAVLINK_PROBE,SCANNER,0,,7bcfa323,NORMAL,0.0
2026-05-09T21:51:05.881386,85.217.x.x,4332f5d5f977d5d3,36044,0,NON_MAVLINK_PROBE,SCANNER,0,,3c22cb2f,NORMAL,0.0
2026-05-09T21:51:26.333428,127.0.x.x,ef2f9f91273ffdad,56354,0,NON_MAVLINK_PROBE,SCANNER,0,,389a167c,NORMAL,0.0
2026-05-09T21:59:21.960881,176.65.x.x,55a7b7f15fe7b86a,44530,0,NON_MAVLINK_PROBE,SCANNER,0,,106b0847,NORMAL,0.0
2026-05-09T22:16:57.624971,45.198.x.x,f6deabcc53636bb4,10194,0,NON_MAVLINK_PROBE,SCANNER,0,,b723b541,NORMAL,0.0
2026-05-09T22:34:00.135433,45.79.x.x,aafd860cf491b6f4,51337,0,NON_MAVLINK_PROBE,SCANNER,0,,911dfb3c,NORMAL,0.0
2026-05-09T23:18:31.065771,101.36.x.x,f6f0f879ac8247a4,6424,0,NON_MAVLINK_PROBE,SCANNER,0,,cee2d6ae,NORMAL,0.0
2026-05-09T23:18:33.228323,101.36.x.x,f6f0f879ac8247a4,7422,0,NON_MAVLINK_PROBE,SCANNER,0,,f1b58968,NORMAL,0.0
2026-05-09T23:18:36.432882,101.36.x.x,f6f0f879ac8247a4,8742,0,NON_MAVLINK_PROBE,SCANNER,0,,02cf252b,NORMAL,0.0
2026-05-09T23:18:36.617238,101.36.x.x,f6f0f879ac8247a4,9184,0,NON_MAVLINK_PROBE,SCANNER,0,,105976d9,NORMAL,0.0
2026-05-09T23:18:36.828813,101.36.x.x,f6f0f879ac8247a4,9240,0,NON_MAVLINK_PROBE,SCANNER,0,,d9328998,NORMAL,0.0
2026-05-09T23:18:36.954640,101.36.x.x,f6f0f879ac8247a4,9278,0,NON_MAVLINK_PROBE,SCANNER,0,,c1af4c80,NORMAL,0.0
2026-05-09T23:18:44.943970,101.36.x.x,f6f0f879ac8247a4,9304,0,NON_MAVLINK_PROBE,SCANNER,0,,fe858978,NORMAL,0.0
2026-05-09T23:18:52.951248,101.36.x.x,f6f0f879ac8247a4,12876,0,NON_MAVLINK_PROBE,SCANNER,0,,556f4530,NORMAL,0.0
2026-05-09T23:18:53.137355,101.36.x.x,f6f0f879ac8247a4,14864,0,NON_MAVLINK_PROBE,SCANNER,0,,5aefd85e,NORMAL,0.0
2026-05-09T23:18:53.280939,101.36.x.x,f6f0f879ac8247a4,14874,0,NON_MAVLINK_PROBE,SCANNER,0,,6f61e034,NORMAL,0.0
2026-05-09T23:18:53.444122,101.36.x.x,f6f0f879ac8247a4,14910,0,NON_MAVLINK_PROBE,SCANNER,0,,865d024e,NORMAL,0.0
2026-05-09T23:19:01.421503,101.36.x.x,f6f0f879ac8247a4,14918,0,NON_MAVLINK_PROBE,SCANNER,0,,4e30d096,NORMAL,0.0
2026-05-09T23:19:01.602567,101.36.x.x,f6f0f879ac8247a4,17148,0,NON_MAVLINK_PROBE,SCANNER,0,,4001e6f8,NORMAL,0.0
2026-05-09T23:19:01.810568,101.36.x.x,f6f0f879ac8247a4,17536,0,NON_MAVLINK_PROBE,SCANNER,0,,40a75db0,NORMAL,0.0
2026-05-09T23:19:02.114447,101.36.x.x,f6f0f879ac8247a4,17580,0,NON_MAVLINK_PROBE,SCANNER,0,,93daa7fb,NORMAL,0.0
2026-05-10T00:08:51.430920,79.124.x.x,a3dc2bc09007bf5d,48264,0,NON_MAVLINK_PROBE,SCANNER,0,,036894da,NORMAL,0.0
2026-05-10T00:09:14.082717,54.86.x.x,9c2190526ce450c2,39086,0,NON_MAVLINK_PROBE,SCANNER,0,,ae3b8983,NORMAL,0.0
2026-05-10T00:34:19.148316,45.194.x.x,e935b475099fcd90,39036,0,NON_MAVLINK_PROBE,SCANNER,0,,cd400b9b,NORMAL,0.0
2026-05-10T00:34:20.644590,45.194.x.x,e935b475099fcd90,39052,0,NON_MAVLINK_PROBE,SCANNER,0,,1d871e4a,NORMAL,0.0
2026-05-10T00:34:49.172156,45.194.x.x,e935b475099fcd90,37358,0,NON_MAVLINK_PROBE,SCANNER,0,,73235bf1,NORMAL,0.0
2026-05-10T00:45:02.289116,79.124.x.x,a3dc2bc09007bf5d,46016,0,NON_MAVLINK_PROBE,SCANNER,0,,71b3520f,NORMAL,0.0
2026-05-10T01:12:07.003061,85.11.x.x,fa46f56ef80fa689,40820,0,NON_MAVLINK_PROBE,SCANNER,0,,008eb303,NORMAL,0.0
2026-05-10T01:50:51.165372,192.109.x.x,9b298e7ebc89f15b,36166,0,NON_MAVLINK_PROBE,SCANNER,0,,05f005e4,NORMAL,0.0
2026-05-10T01:55:39.687843,20.80.x.x,bb774aa63cff95f5,58498,0,NON_MAVLINK_PROBE,SCANNER,0,,09616936,NORMAL,0.0
2026-05-10T01:55:40.140791,20.80.x.x,bb774aa63cff95f5,52738,0,NON_MAVLINK_PROBE,SCANNER,0,,9e31e1c7,NORMAL,0.0
2026-05-10T02:58:50.124249,64.62.x.x,505d0728dd7c0f82,56922,0,NON_MAVLINK_PROBE,SCANNER,0,,4204db35,NORMAL,0.0
2026-05-10T03:18:22.580915,65.49.x.x,a8ed99aa8b8a2a87,46996,0,NON_MAVLINK_PROBE,SCANNER,0,,5f4fa874,NORMAL,0.0
2026-05-10T03:19:05.532957,94.232.x.x,fbf11012a5c8c0d0,55064,0,NON_MAVLINK_PROBE,SCANNER,0,,549c6568,NORMAL,0.0
2026-05-10T03:31:21.905561,205.210.x.x,8d398d9d09a41652,62952,0,NON_MAVLINK_PROBE,SCANNER,0,,82bd30ff,NORMAL,0.0
2026-05-10T03:31:21.914184,205.210.x.x,8d398d9d09a41652,62948,0,NON_MAVLINK_PROBE,SCANNER,0,,2a17ea09,NORMAL,0.0
2026-05-10T04:10:18.847375,176.65.x.x,f3ea178df3529122,58632,0,NON_MAVLINK_PROBE,SCANNER,0,,dfc13618,NORMAL,0.0
2026-05-10T04:26:25.119196,20.169.x.x,15e21d793af20695,56902,0,NON_MAVLINK_PROBE,SCANNER,0,,db5f7d82,NORMAL,0.0
2026-05-10T04:45:31.526391,94.26.x.x,9f8081d8ead0ee46,59742,0,NON_MAVLINK_PROBE,SCANNER,0,,f82c96a6,NORMAL,0.0
2026-05-10T04:51:10.199407,198.235.x.x,e5e65cd89f36e298,52024,0,NON_MAVLINK_PROBE,SCANNER,0,,9fbcd507,NORMAL,0.0
2026-05-10T05:11:34.218988,94.26.x.x,9f8081d8ead0ee46,34284,0,NON_MAVLINK_PROBE,SCANNER,0,,06698b13,NORMAL,0.0
2026-05-10T05:21:48.778907,193.8.x.x,b61ae48a91478220,40206,0,NON_MAVLINK_PROBE,SCANNER,0,,4b856d88,NORMAL,0.0
2026-05-10T05:21:49.086679,193.8.x.x,b61ae48a91478220,40222,0,NON_MAVLINK_PROBE,SCANNER,0,,b74f781b,NORMAL,0.0
2026-05-10T05:22:35.506267,85.11.x.x,fa46f56ef80fa689,52294,0,NON_MAVLINK_PROBE,SCANNER,0,,3f22211c,NORMAL,0.0
2026-05-10T05:31:05.230530,18.218.x.x,a1cedf5443bfca11,44728,0,NON_MAVLINK_PROBE,SCANNER,0,,de61a3cf,NORMAL,0.0
2026-05-10T05:31:34.426077,18.218.x.x,a1cedf5443bfca11,41068,0,NON_MAVLINK_PROBE,SCANNER,0,,5ef577fa,NORMAL,0.0
2026-05-10T05:32:57.395464,18.218.x.x,a1cedf5443bfca11,34340,0,NON_MAVLINK_PROBE,SCANNER,0,,12b25390,NORMAL,0.0
2026-05-10T05:33:36.096390,66.132.x.x,399b2761730dbb28,34994,0,NON_MAVLINK_PROBE,SCANNER,0,,03671783,NORMAL,0.0
2026-05-10T05:33:39.650812,66.132.x.x,399b2761730dbb28,35028,4,UNKNOWN_4,UNKNOWN,3,c534e8f86f5106003905,9b2b847f,NORMAL,0.2
2026-05-10T05:33:53.370835,66.132.x.x,399b2761730dbb28,33962,0,NON_MAVLINK_PROBE,SCANNER,0,,b3e26ffe,NORMAL,0.0
2026-05-10T05:35:06.612483,18.218.x.x,a1cedf5443bfca11,56108,0,NON_MAVLINK_PROBE,SCANNER,0,,9b8ea28d,NORMAL,0.0
2026-05-10T05:36:44.681526,18.218.x.x,a1cedf5443bfca11,59232,0,NON_MAVLINK_PROBE,SCANNER,0,,9007f902,NORMAL,0.0
2026-05-10T05:47:36.320443,93.123.x.x,7241acd881f52dff,33278,0,NON_MAVLINK_PROBE,SCANNER,0,,a714a89d,NORMAL,0.0
2026-05-10T07:16:45.553080,172.105.x.x,a535cfecf2cb1910,41296,0,NON_MAVLINK_PROBE,SCANNER,0,,b06e6942,NORMAL,0.0
2026-05-10T07:16:45.603930,172.105.x.x,a535cfecf2cb1910,41324,0,NON_MAVLINK_PROBE,SCANNER,0,,19e60673,NORMAL,0.0
2026-05-10T07:16:45.621251,172.105.x.x,a535cfecf2cb1910,41314,0,NON_MAVLINK_PROBE,SCANNER,0,,997e2568,NORMAL,0.0
2026-05-10T07:16:45.630295,172.105.x.x,a535cfecf2cb1910,41330,0,NON_MAVLINK_PROBE,SCANNER,0,,e324e67a,NORMAL,0.0
2026-05-10T07:16:45.631897,172.105.x.x,a535cfecf2cb1910,41278,0,NON_MAVLINK_PROBE,SCANNER,0,,2cb4de31,NORMAL,0.0
2026-05-10T07:16:45.633705,172.105.x.x,a535cfecf2cb1910,41282,0,NON_MAVLINK_PROBE,SCANNER,0,,1cd2eee4,NORMAL,0.0
2026-05-10T07:16:45.643814,172.105.x.x,a535cfecf2cb1910,41298,0,NON_MAVLINK_PROBE,SCANNER,0,,956b4af4,NORMAL,0.0
2026-05-10T07:16:55.823748,172.105.x.x,a535cfecf2cb1910,41362,0,NON_MAVLINK_PROBE,SCANNER,0,,6130728a,NORMAL,0.0
2026-05-10T07:16:55.833071,172.105.x.x,a535cfecf2cb1910,41386,0,NON_MAVLINK_PROBE,SCANNER,0,,3026cdaa,NORMAL,0.0
2026-05-10T07:16:55.834802,172.105.x.x,a535cfecf2cb1910,41394,0,NON_MAVLINK_PROBE,SCANNER,0,,bdc18be5,NORMAL,0.0
2026-05-10T07:16:55.832643,172.105.x.x,a535cfecf2cb1910,41378,0,NON_MAVLINK_PROBE,SCANNER,0,,bffd2a7d,NORMAL,0.0
2026-05-10T07:16:55.842767,172.105.x.x,a535cfecf2cb1910,41348,0,NON_MAVLINK_PROBE,SCANNER,0,,d515bd14,NORMAL,0.0
2026-05-10T07:16:55.843003,172.105.x.x,a535cfecf2cb1910,41352,0,NON_MAVLINK_PROBE,SCANNER,0,,03be3398,NORMAL,0.0
2026-05-10T07:16:55.846887,172.105.x.x,a535cfecf2cb1910,41336,0,NON_MAVLINK_PROBE,SCANNER,0,,ef37c0a6,NORMAL,0.0
2026-05-10T08:09:39.959198,185.180.x.x,3c53b11cad671f40,46904,0,NON_MAVLINK_PROBE,SCANNER,0,,9df9abd4,NORMAL,0.0
2026-05-10T08:09:46.926165,185.180.x.x,3c53b11cad671f40,54128,0,NON_MAVLINK_PROBE,SCANNER,0,,0280ba5b,NORMAL,0.0
2026-05-10T08:09:48.212053,185.180.x.x,67846e15c2413086,41362,0,NON_MAVLINK_PROBE,SCANNER,0,,a3afb5fe,NORMAL,0.0
2026-05-10T08:09:50.315697,185.180.x.x,389758d870ad7cdc,48868,0,NON_MAVLINK_PROBE,SCANNER,0,,139c5b42,NORMAL,0.0
2026-05-10T08:09:54.099952,185.180.x.x,f944ea1ece5f5a15,59120,0,NON_MAVLINK_PROBE,SCANNER,0,,3c15a68d,NORMAL,0.0
2026-05-10T08:10:05.095172,185.180.x.x,389758d870ad7cdc,47892,0,NON_MAVLINK_PROBE,SCANNER,0,,8d2a0e5f,NORMAL,0.0
2026-05-10T08:10:15.914866,185.180.x.x,67846e15c2413086,37228,0,NON_MAVLINK_PROBE,SCANNER,0,,314b7c8d,NORMAL,0.0
2026-05-10T08:10:20.189080,185.180.x.x,3c53b11cad671f40,56116,0,NON_MAVLINK_PROBE,SCANNER,0,,3e2ccd75,NORMAL,0.0
2026-05-10T08:10:21.357349,185.180.x.x,f944ea1ece5f5a15,35774,0,NON_MAVLINK_PROBE,SCANNER,0,,ef627162,NORMAL,0.0
2026-05-10T08:10:29.158500,185.180.x.x,67846e15c2413086,43058,0,NON_MAVLINK_PROBE,SCANNER,0,,eaad0843,NORMAL,0.0
2026-05-10T08:10:31.243709,185.180.x.x,3c53b11cad671f40,36828,0,NON_MAVLINK_PROBE,SCANNER,0,,8f356347,NORMAL,0.0
2026-05-10T08:33:43.570850,85.11.x.x,fa46f56ef80fa689,59262,0,NON_MAVLINK_PROBE,SCANNER,0,,3b81ebfc,NORMAL,0.0
2026-05-10T08:53:41.653405,204.76.x.x,89cc37b19d5cd37b,43780,0,NON_MAVLINK_PROBE,SCANNER,0,,592b4d8b,NORMAL,0.0
2026-05-10T09:52:18.491983,45.205.x.x,1a04c6553bb8c980,58340,0,NON_MAVLINK_PROBE,SCANNER,0,,48124328,NORMAL,0.0
2026-05-10T09:56:46.400624,193.8.x.x,6004b6d44d9e7f81,44648,0,NON_MAVLINK_PROBE,SCANNER,0,,26f3bb1c,NORMAL,0.0
2026-05-10T09:56:46.701761,193.8.x.x,6004b6d44d9e7f81,44660,0,NON_MAVLINK_PROBE,SCANNER,0,,f22b2ce7,NORMAL,0.0
2026-05-10T09:57:42.090250,193.43.x.x,745a70ab0e49439e,45750,0,NON_MAVLINK_PROBE,SCANNER,0,,9f9f138d,NORMAL,0.0
2026-05-10T10:24:47.401670,172.236.x.x,ef27f782fbdfb8cb,46184,0,NON_MAVLINK_PROBE,SCANNER,0,,ffb97cd8,NORMAL,0.0
2026-05-10T10:24:47.888754,172.236.x.x,ef27f782fbdfb8cb,64430,0,NON_MAVLINK_PROBE,SCANNER,0,,ead4e47a,NORMAL,0.0
2026-05-10T10:27:01.933090,45.194.x.x,e935b475099fcd90,58188,0,NON_MAVLINK_PROBE,SCANNER,0,,5694e87d,NORMAL,0.0
2026-05-10T10:27:02.530914,45.194.x.x,e935b475099fcd90,58190,0,NON_MAVLINK_PROBE,SCANNER,0,,92b98f45,NORMAL,0.0
2026-05-10T10:27:31.657905,45.194.x.x,e935b475099fcd90,54702,0,NON_MAVLINK_PROBE,SCANNER,0,,d3d5eb07,NORMAL,0.0
2026-05-10T10:33:19.433267,204.76.x.x,89cc37b19d5cd37b,53382,0,NON_MAVLINK_PROBE,SCANNER,0,,6dd8ee6e,NORMAL,0.0
2026-05-10T11:50:53.114089,211.175.x.x,3047bd6be9b10a70,33602,0,NON_MAVLINK_PROBE,SCANNER,0,,ed85ecbe,NORMAL,0.0
2026-05-10T11:50:58.294055,211.175.x.x,3047bd6be9b10a70,33618,0,NON_MAVLINK_PROBE,SCANNER,0,,d811f862,NORMAL,0.0
2026-05-10T11:51:03.411283,211.175.x.x,3047bd6be9b10a70,33628,0,NON_MAVLINK_PROBE,SCANNER,0,,d05bef96,NORMAL,0.0
2026-05-10T11:51:08.507451,211.175.x.x,3047bd6be9b10a70,33630,0,NON_MAVLINK_PROBE,SCANNER,0,,b8ce753a,NORMAL,0.0
2026-05-10T11:51:12.770079,211.175.x.x,3047bd6be9b10a70,33648,0,NON_MAVLINK_PROBE,SCANNER,0,,ebc58838,NORMAL,0.0
2026-05-10T12:10:39.648316,5.61.x.x,02d770ac3cc5c2c1,46372,0,NON_MAVLINK_PROBE,SCANNER,0,,b3d14619,NORMAL,0.0
2026-05-10T12:23:12.469012,20.186.x.x,95bd053565e719ff,39716,0,NON_MAVLINK_PROBE,SCANNER,0,,accce938,NORMAL,0.0
2026-05-10T12:23:12.928066,20.186.x.x,95bd053565e719ff,39718,0,NON_MAVLINK_PROBE,SCANNER,0,,67195e4f,NORMAL,0.0
2026-05-10T12:23:21.785479,85.11.x.x,fa46f56ef80fa689,44300,0,NON_MAVLINK_PROBE,SCANNER,0,,8635cebb,NORMAL,0.0
2026-05-10T12:35:35.515303,165.22.x.x,a5e2fa403d972020,27279,0,NON_MAVLINK_PROBE,SCANNER,0,,acffcad3,NORMAL,0.0
2026-05-10T12:40:58.224201,172.105.x.x,1d75bf74b0cc4a2e,40312,0,NON_MAVLINK_PROBE,SCANNER,0,,69d160ae,NORMAL,0.0
2026-05-10T12:40:58.675520,172.105.x.x,1d75bf74b0cc4a2e,35264,0,NON_MAVLINK_PROBE,SCANNER,0,,784e2e98,NORMAL,0.0
2026-05-10T12:55:41.852252,45.139.x.x,6ffc60e32f4da65f,34920,0,NON_MAVLINK_PROBE,SCANNER,0,,45499457,NORMAL,0.0
2026-05-10T13:36:12.410555,176.65.x.x,55a7b7f15fe7b86a,54594,0,NON_MAVLINK_PROBE,SCANNER,0,,1c656dfa,NORMAL,0.0
2026-05-10T13:57:16.371262,172.236.x.x,c51314d9cbdb022d,19436,0,NON_MAVLINK_PROBE,SCANNER,0,,08288ff6,NORMAL,0.0
2026-05-10T13:57:16.797529,172.236.x.x,c51314d9cbdb022d,31470,0,NON_MAVLINK_PROBE,SCANNER,0,,5cb53d9d,NORMAL,0.0
2026-05-10T14:06:31.114353,74.82.x.x,ba76bb4e9aa0889c,38564,0,NON_MAVLINK_PROBE,SCANNER,0,,60fcbeaa,NORMAL,0.0
2026-05-10T14:11:21.800987,45.153.x.x,ab51ec6d25022119,55380,0,NON_MAVLINK_PROBE,SCANNER,0,,7813adc1,NORMAL,0.0
2026-05-10T14:22:36.181985,204.76.x.x,6ea6376ca5ef6d26,2048,0,NON_MAVLINK_PROBE,SCANNER,0,,94f9e92c,NORMAL,0.0
2026-05-10T14:28:16.883105,20.84.x.x,6e4b99b41b036aa4,35510,0,NON_MAVLINK_PROBE,SCANNER,0,,c7ae5b95,NORMAL,0.0
2026-05-10T15:21:22.497847,180.244.x.x,fc94c15bdc0bfab0,60801,0,NON_MAVLINK_PROBE,SCANNER,0,,c741a057,NORMAL,0.0
2026-05-10T16:23:23.041376,85.11.x.x,fa46f56ef80fa689,44242,0,NON_MAVLINK_PROBE,SCANNER,0,,23802e76,NORMAL,0.0
2026-05-10T17:01:31.950597,157.245.x.x,45ab56374dcc3f7b,48480,0,NON_MAVLINK_PROBE,SCANNER,0,,1ff99cca,NORMAL,0.0
2026-05-10T17:01:32.047090,157.245.x.x,45ab56374dcc3f7b,43622,0,NON_MAVLINK_PROBE,SCANNER,0,,8fe3d371,NORMAL,0.0
2026-05-10T17:24:02.221646,143.110.x.x,f11a8aacaab755ae,53236,0,NON_MAVLINK_PROBE,SCANNER,0,,686756c4,NORMAL,0.0
2026-05-10T17:29:26.951755,127.0.x.x,ef2f9f91273ffdad,42530,0,NON_MAVLINK_PROBE,SCANNER,0,,03719f98,NORMAL,0.0
2026-05-10T17:34:25.309418,23.111.x.x,62d3b9c49d05acc8,53508,0,NON_MAVLINK_PROBE,SCANNER,0,,049fbc30,NORMAL,0.0
2026-05-10T17:36:33.002878,85.217.x.x,8bb3f6a85ed4fa38,58730,0,NON_MAVLINK_PROBE,SCANNER,0,,df7caf23,NORMAL,0.0
2026-05-10T17:55:41.359830,176.65.x.x,55a7b7f15fe7b86a,44038,0,NON_MAVLINK_PROBE,SCANNER,0,,8eb138f9,NORMAL,0.0
2026-05-10T18:15:18.480588,45.205.x.x,8cf65c323720a4c3,39154,0,NON_MAVLINK_PROBE,SCANNER,0,,4dd9ef94,NORMAL,0.0
2026-05-10T18:15:31.402684,45.205.x.x,8cf65c323720a4c3,39170,0,NON_MAVLINK_PROBE,SCANNER,0,,37789852,NORMAL,0.0
2026-05-10T18:15:44.102436,45.205.x.x,8cf65c323720a4c3,47746,0,NON_MAVLINK_PROBE,SCANNER,0,,de53eae7,NORMAL,0.0
2026-05-10T18:15:58.947671,45.205.x.x,8cf65c323720a4c3,39790,0,NON_MAVLINK_PROBE,SCANNER,0,,ba367f34,NORMAL,0.0
2026-05-10T18:16:13.988570,45.205.x.x,8cf65c323720a4c3,55018,0,NON_MAVLINK_PROBE,SCANNER,0,,13ab2698,NORMAL,0.0
2026-05-10T18:16:27.767428,45.205.x.x,8cf65c323720a4c3,53080,0,NON_MAVLINK_PROBE,SCANNER,0,,cbc22ec1,NORMAL,0.0
2026-05-10T18:16:41.634367,45.205.x.x,8cf65c323720a4c3,51700,0,NON_MAVLINK_PROBE,SCANNER,0,,4dde6d08,NORMAL,0.0
2026-05-10T18:36:29.556328,211.175.x.x,3047bd6be9b10a70,59960,0,NON_MAVLINK_PROBE,SCANNER,0,,ab37c85e,NORMAL,0.0
2026-05-10T18:36:34.672776,211.175.x.x,3047bd6be9b10a70,59966,0,NON_MAVLINK_PROBE,SCANNER,0,,1436ea48,NORMAL,0.0
2026-05-10T18:36:39.830923,211.175.x.x,3047bd6be9b10a70,59970,0,NON_MAVLINK_PROBE,SCANNER,0,,a73c062e,NORMAL,0.0
2026-05-10T18:36:44.949752,211.175.x.x,3047bd6be9b10a70,59972,0,NON_MAVLINK_PROBE,SCANNER,0,,6ac7211f,NORMAL,0.0
2026-05-10T18:36:47.243651,211.175.x.x,3047bd6be9b10a70,59974,0,NON_MAVLINK_PROBE,SCANNER,0,,b827b6c0,NORMAL,0.0
2026-05-10T18:40:57.507260,101.36.x.x,49a9aadd7946adbf,39420,0,NON_MAVLINK_PROBE,SCANNER,0,,733d43e6,NORMAL,0.0
2026-05-10T18:41:03.051894,111.123.x.x,b207471fb54e73e7,60652,0,NON_MAVLINK_PROBE,SCANNER,0,,d26c14ff,NORMAL,0.0
2026-05-10T18:41:15.712724,101.36.x.x,49a9aadd7946adbf,39426,0,NON_MAVLINK_PROBE,SCANNER,0,,059ca0e2,NORMAL,0.0
2026-05-10T18:41:33.911436,101.36.x.x,49a9aadd7946adbf,56218,0,NON_MAVLINK_PROBE,SCANNER,0,,1b0e3f5d,NORMAL,0.0
2026-05-10T18:41:52.068486,101.36.x.x,49a9aadd7946adbf,57644,0,NON_MAVLINK_PROBE,SCANNER,0,,b5342592,NORMAL,0.0
2026-05-10T18:42:10.230727,101.36.x.x,49a9aadd7946adbf,36910,0,NON_MAVLINK_PROBE,SCANNER,0,,3c2359ee,NORMAL,0.0
2026-05-10T18:42:28.422557,101.36.x.x,49a9aadd7946adbf,58646,0,NON_MAVLINK_PROBE,SCANNER,0,,4590868d,NORMAL,0.0
2026-05-10T18:42:46.579110,101.36.x.x,49a9aadd7946adbf,57312,0,NON_MAVLINK_PROBE,SCANNER,0,,04e5ae7c,NORMAL,0.0
2026-05-10T18:43:04.744129,101.36.x.x,49a9aadd7946adbf,57314,0,NON_MAVLINK_PROBE,SCANNER,0,,6dd09c4d,NORMAL,0.0
2026-05-10T18:43:22.915380,101.36.x.x,49a9aadd7946adbf,56642,0,NON_MAVLINK_PROBE,SCANNER,0,,974a3b65,NORMAL,0.0
2026-05-10T18:43:41.079288,101.36.x.x,49a9aadd7946adbf,48536,0,NON_MAVLINK_PROBE,SCANNER,0,,af1062af,NORMAL,0.0
2026-05-10T18:54:44.500205,176.65.x.x,f3ea178df3529122,55448,0,NON_MAVLINK_PROBE,SCANNER,0,,671f5f98,NORMAL,0.0
2026-05-10T19:03:36.118532,159.203.x.x,c0338c46515edd7f,53218,0,NON_MAVLINK_PROBE,SCANNER,0,,1a4d3f0b,NORMAL,0.0
2026-05-10T19:03:39.340311,159.203.x.x,c0338c46515edd7f,53234,0,NON_MAVLINK_PROBE,SCANNER,0,,a5320850,NORMAL,0.0
2026-05-10T19:10:56.382266,173.255.x.x,ed99490316c4b5ba,36418,0,NON_MAVLINK_PROBE,SCANNER,0,,73f38364,NORMAL,0.0
2026-05-10T19:10:56.692163,173.255.x.x,ed99490316c4b5ba,36432,0,NON_MAVLINK_PROBE,SCANNER,0,,578f8e03,NORMAL,0.0
2026-05-10T19:10:56.697282,173.255.x.x,ed99490316c4b5ba,36440,0,NON_MAVLINK_PROBE,SCANNER,0,,63171d62,NORMAL,0.0
2026-05-10T19:11:02.183351,173.255.x.x,ed99490316c4b5ba,36356,0,NON_MAVLINK_PROBE,SCANNER,0,,8edb9350,NORMAL,0.0
2026-05-10T19:11:02.740414,173.255.x.x,ed99490316c4b5ba,36396,0,NON_MAVLINK_PROBE,SCANNER,0,,4e9c4b8c,NORMAL,0.0
2026-05-10T19:11:02.761891,173.255.x.x,ed99490316c4b5ba,36386,0,NON_MAVLINK_PROBE,SCANNER,0,,81d50329,NORMAL,0.0
2026-05-10T19:11:02.761249,173.255.x.x,ed99490316c4b5ba,36406,0,NON_MAVLINK_PROBE,SCANNER,0,,39044e99,NORMAL,0.0
2026-05-10T19:11:02.760939,173.255.x.x,ed99490316c4b5ba,36408,0,NON_MAVLINK_PROBE,SCANNER,0,,70afba4e,NORMAL,0.0
2026-05-10T19:11:02.760145,173.255.x.x,ed99490316c4b5ba,36378,0,NON_MAVLINK_PROBE,SCANNER,0,,30006445,NORMAL,0.0
2026-05-10T19:11:02.766510,173.255.x.x,ed99490316c4b5ba,36362,0,NON_MAVLINK_PROBE,SCANNER,0,,7a626d2c,NORMAL,0.0
2026-05-10T19:20:25.805402,172.236.x.x,0b816b323082aec5,59100,0,NON_MAVLINK_PROBE,SCANNER,0,,6bd717bb,NORMAL,0.0
2026-05-10T19:20:26.269672,172.236.x.x,0b816b323082aec5,59102,0,NON_MAVLINK_PROBE,SCANNER,0,,5b5a071c,NORMAL,0.0
2026-05-10T19:27:36.201354,87.121.x.x,96a18b7f493391f2,54462,0,NON_MAVLINK_PROBE,SCANNER,0,,16a8bf09,NORMAL,0.0
2026-05-10T19:43:17.275926,5.61.x.x,4daa61e0b2e4ba7f,48150,0,NON_MAVLINK_PROBE,SCANNER,0,,3078a243,NORMAL,0.0
2026-05-10T19:47:54.736075,152.89.x.x,cc44b2ae3cb27931,46772,0,NON_MAVLINK_PROBE,SCANNER,0,,dbe35917,NORMAL,0.0
2026-05-10T19:48:04.750165,152.89.x.x,cc44b2ae3cb27931,64836,0,NON_MAVLINK_PROBE,SCANNER,0,,1c3792cb,NORMAL,0.0
2026-05-10T19:48:14.729581,152.89.x.x,cc44b2ae3cb27931,56048,0,NON_MAVLINK_PROBE,SCANNER,0,,c16a2070,NORMAL,0.0
2026-05-10T19:48:24.747156,152.89.x.x,cc44b2ae3cb27931,34484,0,NON_MAVLINK_PROBE,SCANNER,0,,628aaef7,NORMAL,0.0
2026-05-10T19:48:34.735460,152.89.x.x,cc44b2ae3cb27931,6942,0,NON_MAVLINK_PROBE,SCANNER,0,,cca7bd27,NORMAL,0.0
2026-05-10T19:48:44.734139,152.89.x.x,cc44b2ae3cb27931,22778,0,NON_MAVLINK_PROBE,SCANNER,0,,43556044,NORMAL,0.0
2026-05-10T19:48:49.736116,152.89.x.x,cc44b2ae3cb27931,47000,0,NON_MAVLINK_PROBE,SCANNER,0,,945807fe,NORMAL,0.0
2026-05-10T19:48:54.746333,152.89.x.x,cc44b2ae3cb27931,47012,0,NON_MAVLINK_PROBE,SCANNER,0,,528760c8,NORMAL,0.0
2026-05-10T19:57:42.191637,176.65.x.x,3caaee43e61f0c4c,38096,0,NON_MAVLINK_PROBE,SCANNER,0,,454ec163,NORMAL,0.0
2026-05-10T20:33:18.503967,172.104.x.x,0e185892e04c45d0,51967,0,NON_MAVLINK_PROBE,SCANNER,0,,b0ea73f6,NORMAL,0.0
2026-05-10T20:48:10.725364,198.235.x.x,0e9f27a5cbe3f8c5,65416,0,NON_MAVLINK_PROBE,SCANNER,0,,94e4da4b,NORMAL,0.0
2026-05-10T21:59:20.155248,212.73.x.x,fd26e51dddf58e4d,59514,0,NON_MAVLINK_PROBE,SCANNER,0,,f5468bc4,NORMAL,0.0
2026-05-10T22:07:13.798018,176.65.x.x,72eda1b58a360fd9,41368,0,NON_MAVLINK_PROBE,SCANNER,0,,7aa1a88a,NORMAL,0.0
2026-05-10T22:16:22.009372,185.91.x.x,2a2b0990dd4071ec,37228,0,NON_MAVLINK_PROBE,SCANNER,0,,bd32ccb0,NORMAL,0.0
2026-05-10T22:16:22.009065,185.91.x.x,2a2b0990dd4071ec,37336,0,NON_MAVLINK_PROBE,SCANNER,0,,04a63dab,NORMAL,0.0
2026-05-10T22:16:22.024804,185.91.x.x,2a2b0990dd4071ec,37312,0,NON_MAVLINK_PROBE,SCANNER,0,,55804bfc,NORMAL,0.0
2026-05-10T22:16:22.035272,185.91.x.x,2a2b0990dd4071ec,37284,0,NON_MAVLINK_PROBE,SCANNER,0,,f4192016,NORMAL,0.0
2026-05-10T22:16:22.046505,185.91.x.x,2a2b0990dd4071ec,37274,0,NON_MAVLINK_PROBE,SCANNER,0,,276a1235,NORMAL,0.0
2026-05-10T22:16:26.707964,185.91.x.x,2a2b0990dd4071ec,37298,0,NON_MAVLINK_PROBE,SCANNER,0,,13a87145,NORMAL,0.0
2026-05-10T22:16:26.747808,185.91.x.x,2a2b0990dd4071ec,37262,0,NON_MAVLINK_PROBE,SCANNER,0,,32a280c9,NORMAL,0.0
2026-05-10T22:16:26.758532,185.91.x.x,2a2b0990dd4071ec,37258,0,NON_MAVLINK_PROBE,SCANNER,0,,0a54acd9,NORMAL,0.0
2026-05-10T22:16:26.758217,185.91.x.x,2a2b0990dd4071ec,37326,0,NON_MAVLINK_PROBE,SCANNER,0,,f2ee7bc2,NORMAL,0.0
2026-05-10T22:16:26.761751,185.91.x.x,2a2b0990dd4071ec,37248,0,NON_MAVLINK_PROBE,SCANNER,0,,ba95c89a,NORMAL,0.0
2026-05-10T22:32:35.895510,172.234.x.x,125e0f12ef47ad3d,63432,0,NON_MAVLINK_PROBE,SCANNER,0,,31968378,NORMAL,0.0
2026-05-10T22:32:36.376075,172.234.x.x,125e0f12ef47ad3d,13850,0,NON_MAVLINK_PROBE,SCANNER,0,,e739431a,NORMAL,0.0
2026-05-10T22:34:22.736755,45.79.x.x,aafd860cf491b6f4,33711,0,NON_MAVLINK_PROBE,SCANNER,0,,1a0ca103,NORMAL,0.0
2026-05-10T22:48:43.133278,152.32.x.x,c6d6e9b6192a5e20,52708,0,NON_MAVLINK_PROBE,SCANNER,0,,5aa06bcc,NORMAL,0.0
2026-05-10T23:18:10.610936,68.183.x.x,1a491da1e94b9af9,35568,0,NON_MAVLINK_PROBE,SCANNER,0,,336fbe4a,NORMAL,0.0
2026-05-10T23:18:21.818799,68.183.x.x,1a491da1e94b9af9,40184,0,NON_MAVLINK_PROBE,SCANNER,0,,b456de01,NORMAL,0.0
2026-05-10T23:19:11.155849,68.183.x.x,1a491da1e94b9af9,40196,0,NON_MAVLINK_PROBE,SCANNER,0,,f6800ecb,NORMAL,0.0
2026-05-10T23:19:18.904331,68.183.x.x,1a491da1e94b9af9,57358,0,NON_MAVLINK_PROBE,SCANNER,0,,165cc6c8,NORMAL,0.0
2026-05-10T23:29:45.424511,205.210.x.x,c7bf19e00f4a2cb2,57482,0,NON_MAVLINK_PROBE,SCANNER,0,,b42e378a,NORMAL,0.0
2026-05-10T23:29:45.429523,205.210.x.x,c7bf19e00f4a2cb2,57472,0,NON_MAVLINK_PROBE,SCANNER,0,,56a16fe6,NORMAL,0.0
2026-05-10T23:51:55.961155,54.159.x.x,27298b1521987e53,53832,0,NON_MAVLINK_PROBE,SCANNER,0,,bd41c300,NORMAL,0.0
2026-05-11T00:30:54.838764,79.124.x.x,a3dc2bc09007bf5d,60508,0,NON_MAVLINK_PROBE,SCANNER,0,,c2feff55,NORMAL,0.0
2026-05-11T01:11:35.918330,79.124.x.x,a3dc2bc09007bf5d,33476,0,NON_MAVLINK_PROBE,SCANNER,0,,9354f09f,NORMAL,0.0
2026-05-11T01:23:43.028424,212.73.x.x,a58ea9ef76770d93,51168,0,NON_MAVLINK_PROBE,SCANNER,0,,eb735aa5,NORMAL,0.0
2026-05-11T01:23:49.469571,85.217.x.x,7f94aad730cda3a0,58500,0,NON_MAVLINK_PROBE,SCANNER,0,,cc3e45e6,NORMAL,0.0
2026-05-11T02:54:43.438758,172.105.x.x,e4ab7d8445e86add,34262,0,NON_MAVLINK_PROBE,SCANNER,0,,20aa7384,NORMAL,0.0
2026-05-11T02:54:53.451837,172.105.x.x,e4ab7d8445e86add,35118,0,NON_MAVLINK_PROBE,SCANNER,0,,d47636d1,NORMAL,0.0
2026-05-11T03:43:31.831633,47.251.x.x,4046f604df87b839,50014,0,NON_MAVLINK_PROBE,SCANNER,0,,e6f13275,NORMAL,0.0
2026-05-11T03:43:45.076460,47.251.x.x,4046f604df87b839,16950,0,NON_MAVLINK_PROBE,SCANNER,0,,0b963d49,NORMAL,0.0
2026-05-11T03:43:58.264651,47.251.x.x,4046f604df87b839,24296,0,NON_MAVLINK_PROBE,SCANNER,0,,6bb8f217,NORMAL,0.0
2026-05-11T03:44:11.480512,47.251.x.x,4046f604df87b839,49320,0,NON_MAVLINK_PROBE,SCANNER,0,,3ffe1001,NORMAL,0.0
2026-05-11T04:12:09.926999,185.91.x.x,2a2b0990dd4071ec,44348,0,NON_MAVLINK_PROBE,SCANNER,0,,fbdb71e2,NORMAL,0.0
2026-05-11T04:12:09.964510,185.91.x.x,2a2b0990dd4071ec,44250,0,NON_MAVLINK_PROBE,SCANNER,0,,f550eedf,NORMAL,0.0
2026-05-11T04:12:09.957437,185.91.x.x,2a2b0990dd4071ec,44300,0,NON_MAVLINK_PROBE,SCANNER,0,,bc011357,NORMAL,0.0
2026-05-11T04:12:09.964140,185.91.x.x,2a2b0990dd4071ec,44292,0,NON_MAVLINK_PROBE,SCANNER,0,,890faae0,NORMAL,0.0
2026-05-11T04:12:09.960317,185.91.x.x,2a2b0990dd4071ec,44284,0,NON_MAVLINK_PROBE,SCANNER,0,,5378f1a6,NORMAL,0.0
2026-05-11T04:12:09.968097,185.91.x.x,2a2b0990dd4071ec,44240,0,NON_MAVLINK_PROBE,SCANNER,0,,3b98a8ad,NORMAL,0.0
2026-05-11T04:12:14.632097,185.91.x.x,2a2b0990dd4071ec,44310,0,NON_MAVLINK_PROBE,SCANNER,0,,a689bef3,NORMAL,0.0
2026-05-11T04:12:14.636552,185.91.x.x,2a2b0990dd4071ec,44330,0,NON_MAVLINK_PROBE,SCANNER,0,,cb099a38,NORMAL,0.0
2026-05-11T04:12:14.636966,185.91.x.x,2a2b0990dd4071ec,44260,0,NON_MAVLINK_PROBE,SCANNER,0,,1092dad4,NORMAL,0.0
2026-05-11T04:12:14.638236,185.91.x.x,2a2b0990dd4071ec,44270,0,NON_MAVLINK_PROBE,SCANNER,0,,23b37306,NORMAL,0.0
2026-05-11T04:13:52.515796,202.141.x.x,eee31c8acd7b8a87,19450,0,NON_MAVLINK_PROBE,SCANNER,0,,e54c9a62,NORMAL,0.0
2026-05-11T04:32:16.430023,127.0.x.x,ef2f9f91273ffdad,35692,0,NON_MAVLINK_PROBE,SCANNER,0,,4d5762d4,NORMAL,0.0
2026-05-11T04:32:45.746384,212.73.x.x,ca1b16dc0a603b81,60612,0,NON_MAVLINK_PROBE,SCANNER,0,,20b3e305,NORMAL,0.0
2026-05-11T05:25:22.461168,64.62.x.x,19aa2e78299d2fbc,44754,0,NON_MAVLINK_PROBE,SCANNER,0,,539e9946,NORMAL,0.0
2026-05-11T05:50:13.488538,64.62.x.x,d4e2d2af3a6ec2b5,62136,0,NON_MAVLINK_PROBE,SCANNER,0,,49c86205,NORMAL,0.0
2026-05-11T05:57:42.289541,20.226.x.x,a7a12b2f72b29860,36642,0,NON_MAVLINK_PROBE,SCANNER,0,,d67b5788,NORMAL,0.0
2026-05-11T06:04:06.334136,135.237.x.x,5b850de48a638b8b,45068,0,NON_MAVLINK_PROBE,SCANNER,0,,0b29bff0,NORMAL,0.0
2026-05-11T06:04:06.882222,135.237.x.x,5b850de48a638b8b,42266,0,NON_MAVLINK_PROBE,SCANNER,0,,9dad4d27,NORMAL,0.0
2026-05-11T06:30:53.192469,18.116.x.x,5824e96b9673eccb,59602,0,NON_MAVLINK_PROBE,SCANNER,0,,1067cf36,NORMAL,0.0
2026-05-11T06:31:27.463303,18.116.x.x,5824e96b9673eccb,56122,0,NON_MAVLINK_PROBE,SCANNER,0,,256c9cfd,NORMAL,0.0
2026-05-11T06:34:27.884037,18.116.x.x,5824e96b9673eccb,49686,0,NON_MAVLINK_PROBE,SCANNER,0,,239ec2db,NORMAL,0.0
2026-05-11T06:34:47.596460,18.116.x.x,5824e96b9673eccb,34568,0,NON_MAVLINK_PROBE,SCANNER,0,,c46759ee,NORMAL,0.0
2026-05-11T06:38:07.055527,18.116.x.x,5824e96b9673eccb,51122,0,NON_MAVLINK_PROBE,SCANNER,0,,28307052,NORMAL,0.0
2026-05-11T06:39:44.933464,66.132.x.x,575d0e91b299fc4e,43086,0,NON_MAVLINK_PROBE,SCANNER,0,,e4b5fb18,NORMAL,0.0
2026-05-11T06:39:51.773971,66.132.x.x,575d0e91b299fc4e,43092,0,NON_MAVLINK_PROBE,SCANNER,0,,d411bbdf,NORMAL,0.0
2026-05-11T06:40:03.305739,66.132.x.x,575d0e91b299fc4e,6506,4,UNKNOWN_4,UNKNOWN,3,55c73004855106003905,9685126c,NORMAL,0.2
2026-05-11T06:40:38.600760,66.132.x.x,575d0e91b299fc4e,20370,0,NON_MAVLINK_PROBE,SCANNER,0,,112e7e39,NORMAL,0.0
2026-05-11T07:00:09.025141,172.105.x.x,065717cd540a9d92,59454,0,NON_MAVLINK_PROBE,SCANNER,0,,44c9fba2,NORMAL,0.0
2026-05-11T07:00:09.037644,172.105.x.x,065717cd540a9d92,59470,0,NON_MAVLINK_PROBE,SCANNER,0,,ece16da2,NORMAL,0.0
2026-05-11T07:00:09.059679,172.105.x.x,065717cd540a9d92,59434,0,NON_MAVLINK_PROBE,SCANNER,0,,05f480bd,NORMAL,0.0
2026-05-11T07:00:09.074571,172.105.x.x,065717cd540a9d92,59450,0,NON_MAVLINK_PROBE,SCANNER,0,,f79e5663,NORMAL,0.0
2026-05-11T07:00:19.231287,172.105.x.x,065717cd540a9d92,33774,0,NON_MAVLINK_PROBE,SCANNER,0,,4c92ad80,NORMAL,0.0
2026-05-11T07:00:19.230988,172.105.x.x,065717cd540a9d92,33788,0,NON_MAVLINK_PROBE,SCANNER,0,,97c77c6d,NORMAL,0.0
2026-05-11T07:00:19.242210,172.105.x.x,065717cd540a9d92,33790,0,NON_MAVLINK_PROBE,SCANNER,0,,c638968e,NORMAL,0.0
2026-05-11T07:00:19.249567,172.105.x.x,065717cd540a9d92,33778,0,NON_MAVLINK_PROBE,SCANNER,0,,c023959a,NORMAL,0.0
2026-05-11T07:31:25.714218,87.121.x.x,96a18b7f493391f2,47976,0,NON_MAVLINK_PROBE,SCANNER,0,,67246061,NORMAL,0.0
2026-05-11T07:45:28.955928,192.109.x.x,9b298e7ebc89f15b,52900,0,NON_MAVLINK_PROBE,SCANNER,0,,15d2ed1f,NORMAL,0.0
2026-05-11T09:03:08.958448,146.70.x.x,4d609e058544fcec,52170,0,NON_MAVLINK_PROBE,SCANNER,0,,d0e18379,NORMAL,0.0
2026-05-11T09:09:09.194741,71.6.x.x,9e345cf5c083279f,42742,0,NON_MAVLINK_PROBE,SCANNER,0,,a14207f8,NORMAL,0.0
2026-05-11T09:49:19.310281,172.236.x.x,ef27f782fbdfb8cb,59858,0,NON_MAVLINK_PROBE,SCANNER,0,,1d10a5ad,NORMAL,0.0
2026-05-11T09:49:19.754839,172.236.x.x,ef27f782fbdfb8cb,22334,0,NON_MAVLINK_PROBE,SCANNER,0,,40a2bcbf,NORMAL,0.0
2026-05-11T09:51:55.639555,74.82.x.x,cf286f3d9a1aab67,27996,0,NON_MAVLINK_PROBE,SCANNER,0,,19232031,NORMAL,0.0
2026-05-11T10:06:38.795278,123.9.x.x,9fb38d09b9a9a479,3144,0,NON_MAVLINK_PROBE,SCANNER,0,,bbd1aaf4,NORMAL,0.0
2026-05-11T10:06:49.494176,172.104.x.x,d3025ddde9aceb34,59946,0,NON_MAVLINK_PROBE,SCANNER,0,,70b5d956,NORMAL,0.0
2026-05-11T10:06:49.497525,172.104.x.x,d3025ddde9aceb34,59928,0,NON_MAVLINK_PROBE,SCANNER,0,,bfd6ca97,NORMAL,0.0
2026-05-11T10:06:49.513322,172.104.x.x,d3025ddde9aceb34,59954,0,NON_MAVLINK_PROBE,SCANNER,0,,583c45bf,NORMAL,0.0
2026-05-11T10:06:49.519922,172.104.x.x,d3025ddde9aceb34,59934,0,NON_MAVLINK_PROBE,SCANNER,0,,a288ed97,NORMAL,0.0
2026-05-11T10:06:59.597355,172.104.x.x,d3025ddde9aceb34,59984,0,NON_MAVLINK_PROBE,SCANNER,0,,26ff6b2f,NORMAL,0.0
2026-05-11T10:06:59.593681,172.104.x.x,d3025ddde9aceb34,59966,0,NON_MAVLINK_PROBE,SCANNER,0,,c1f7daa0,NORMAL,0.0
2026-05-11T10:06:59.628309,172.104.x.x,d3025ddde9aceb34,59978,0,NON_MAVLINK_PROBE,SCANNER,0,,20d8801a,NORMAL,0.0
2026-05-11T10:06:59.633132,172.104.x.x,d3025ddde9aceb34,60000,0,NON_MAVLINK_PROBE,SCANNER,0,,436bf834,NORMAL,0.0
2026-05-11T10:29:31.153324,223.31.x.x,4454cbcd1c41c537,56939,0,NON_MAVLINK_PROBE,SCANNER,0,,41e401cf,NORMAL,0.0
2026-05-11T11:18:12.967686,90.151.x.x,0d11f4acfa5df721,52637,0,NON_MAVLINK_PROBE,SCANNER,0,,242c027f,NORMAL,0.0
2026-05-11T11:18:18.003834,90.151.x.x,0d11f4acfa5df721,57249,0,NON_MAVLINK_PROBE,SCANNER,0,,4ee35d2e,NORMAL,0.0
2026-05-11T11:18:27.772102,90.151.x.x,0d11f4acfa5df721,65225,0,NON_MAVLINK_PROBE,SCANNER,0,,db637c8d,NORMAL,0.0
2026-05-11T11:18:28.283644,90.151.x.x,0d11f4acfa5df721,54455,0,NON_MAVLINK_PROBE,SCANNER,0,,07d22eda,NORMAL,0.0
2026-05-11T11:35:47.801919,5.61.x.x,02d770ac3cc5c2c1,22066,0,NON_MAVLINK_PROBE,SCANNER,0,,6c558741,NORMAL,0.0
2026-05-11T11:38:37.353633,127.0.x.x,ef2f9f91273ffdad,57534,0,NON_MAVLINK_PROBE,SCANNER,0,,a0df358c,NORMAL,0.0
2026-05-11T11:43:09.665416,127.0.x.x,ef2f9f91273ffdad,53316,0,NON_MAVLINK_PROBE,SCANNER,0,,979ab7c8,NORMAL,0.0
2026-05-11T11:58:39.828090,20.226.x.x,a7a12b2f72b29860,34904,0,NON_MAVLINK_PROBE,SCANNER,0,,6a4f5711,NORMAL,0.0
2026-05-11T12:38:10.135986,103.70.x.x,c2e2d353c05fedf5,16088,0,NON_MAVLINK_PROBE,SCANNER,0,,bccdabf5,NORMAL,0.0
2026-05-11T13:13:41.724851,71.6.x.x,1a5d2135066f2b5f,52006,0,NON_MAVLINK_PROBE,SCANNER,0,,81a8c18d,NORMAL,0.0
2026-05-11T13:50:22.857387,64.227.x.x,f7ba9edc4792bfec,49780,0,NON_MAVLINK_PROBE,SCANNER,0,,1e89d560,NORMAL,0.0
2026-05-11T13:51:23.065594,64.227.x.x,f7ba9edc4792bfec,36522,0,NON_MAVLINK_PROBE,SCANNER,0,,3c622b75,NORMAL,0.0
2026-05-11T14:30:33.482310,71.6.x.x,df0f5e8e7bf488af,35850,0,NON_MAVLINK_PROBE,SCANNER,0,,0f5869ba,NORMAL,0.0
2026-05-11T14:45:16.314741,23.132.x.x,3339e8df5d2d047a,33300,0,NON_MAVLINK_PROBE,SCANNER,0,,28535eb2,NORMAL,0.0
2026-05-11T16:22:46.999726,15.204.x.x,40a56a35bc07ba6f,58753,0,NON_MAVLINK_PROBE,SCANNER,0,,d9e4dc06,NORMAL,0.0
2026-05-11T17:27:39.019403,87.121.x.x,96a18b7f493391f2,60206,0,NON_MAVLINK_PROBE,SCANNER,0,,f701cda0,NORMAL,0.0
2026-05-11T17:38:51.144178,176.65.x.x,55a7b7f15fe7b86a,33278,0,NON_MAVLINK_PROBE,SCANNER,0,,10e9d8ac,NORMAL,0.0
2026-05-11T18:22:03.337439,118.194.x.x,9da7959e04e4ea33,43840,0,NON_MAVLINK_PROBE,SCANNER,0,,3573eb1e,NORMAL,0.0
2026-05-11T18:22:21.476293,118.194.x.x,9da7959e04e4ea33,43852,0,NON_MAVLINK_PROBE,SCANNER,0,,151be0b5,NORMAL,0.0
2026-05-11T18:22:39.616885,118.194.x.x,9da7959e04e4ea33,52800,0,NON_MAVLINK_PROBE,SCANNER,0,,b98fe231,NORMAL,0.0
2026-05-11T18:22:57.742188,118.194.x.x,9da7959e04e4ea33,35218,0,NON_MAVLINK_PROBE,SCANNER,0,,c4370a57,NORMAL,0.0
2026-05-11T18:23:15.939441,118.194.x.x,9da7959e04e4ea33,53176,0,NON_MAVLINK_PROBE,SCANNER,0,,e04a834a,NORMAL,0.0
2026-05-11T18:23:34.080707,118.194.x.x,9da7959e04e4ea33,51310,0,NON_MAVLINK_PROBE,SCANNER,0,,64ffb9cd,NORMAL,0.0
2026-05-11T18:23:52.213562,118.194.x.x,9da7959e04e4ea33,56520,0,NON_MAVLINK_PROBE,SCANNER,0,,880da5ff,NORMAL,0.0
2026-05-11T18:24:10.351749,118.194.x.x,9da7959e04e4ea33,45348,0,NON_MAVLINK_PROBE,SCANNER,0,,1d89775b,NORMAL,0.0
2026-05-11T18:24:28.527754,118.194.x.x,9da7959e04e4ea33,47840,0,NON_MAVLINK_PROBE,SCANNER,0,,ee361094,NORMAL,0.0
2026-05-11T18:24:34.478909,176.65.x.x,3caaee43e61f0c4c,56972,0,NON_MAVLINK_PROBE,SCANNER,0,,5e75aa7c,NORMAL,0.0
2026-05-11T18:24:46.681263,118.194.x.x,9da7959e04e4ea33,49272,0,NON_MAVLINK_PROBE,SCANNER,0,,e672bd19,NORMAL,0.0
2026-05-11T19:02:58.779016,176.65.x.x,19b5ca312db1007c,48446,0,NON_MAVLINK_PROBE,SCANNER,0,,f1795fb4,NORMAL,0.0
2026-05-11T19:32:56.395527,139.180.x.x,59cff8f7d7da944c,39768,0,NON_MAVLINK_PROBE,SCANNER,0,,25f91309,NORMAL,0.0
2026-05-11T19:39:09.425959,45.198.x.x,7db0b45618a77305,52036,0,NON_MAVLINK_PROBE,SCANNER,0,,68eb12b3,NORMAL,0.0
2026-05-11T19:51:38.615328,204.76.x.x,c804eabb0c6ba4bc,48738,0,NON_MAVLINK_PROBE,SCANNER,0,,fcb2ef90,NORMAL,0.0
2026-05-11T20:33:23.769736,185.91.x.x,2a2b0990dd4071ec,54302,0,NON_MAVLINK_PROBE,SCANNER,0,,d31db8db,NORMAL,0.0
2026-05-11T20:33:23.867452,185.91.x.x,2a2b0990dd4071ec,54262,0,NON_MAVLINK_PROBE,SCANNER,0,,c26e564f,NORMAL,0.0
2026-05-11T20:33:23.927363,185.91.x.x,2a2b0990dd4071ec,54328,0,NON_MAVLINK_PROBE,SCANNER,0,,3cbddf9c,NORMAL,0.0
2026-05-11T20:33:23.951251,185.91.x.x,2a2b0990dd4071ec,54332,0,NON_MAVLINK_PROBE,SCANNER,0,,23132ffb,NORMAL,0.0
2026-05-11T20:33:23.945620,185.91.x.x,2a2b0990dd4071ec,54344,0,NON_MAVLINK_PROBE,SCANNER,0,,fa45405b,NORMAL,0.0
2026-05-11T20:33:23.954648,185.91.x.x,2a2b0990dd4071ec,54276,0,NON_MAVLINK_PROBE,SCANNER,0,,c33a0c7b,NORMAL,0.0
2026-05-11T20:33:28.537206,185.91.x.x,2a2b0990dd4071ec,54316,0,NON_MAVLINK_PROBE,SCANNER,0,,b336047c,NORMAL,0.0
2026-05-11T20:33:28.545555,185.91.x.x,2a2b0990dd4071ec,54318,0,NON_MAVLINK_PROBE,SCANNER,0,,e0e2b29c,NORMAL,0.0
2026-05-11T20:33:28.547432,185.91.x.x,2a2b0990dd4071ec,54238,0,NON_MAVLINK_PROBE,SCANNER,0,,5d2a115d,NORMAL,0.0
2026-05-11T20:33:28.555924,185.91.x.x,2a2b0990dd4071ec,54292,0,NON_MAVLINK_PROBE,SCANNER,0,,7052a09c,NORMAL,0.0
2026-05-11T20:34:40.836367,152.32.x.x,00b9b4ea8d6a504d,37904,0,NON_MAVLINK_PROBE,SCANNER,0,,81dd8163,NORMAL,0.0
2026-05-11T20:34:43.509509,152.32.x.x,00b9b4ea8d6a504d,38686,0,NON_MAVLINK_PROBE,SCANNER,0,,30f816b3,NORMAL,0.0
2026-05-11T20:34:46.292040,152.32.x.x,00b9b4ea8d6a504d,39480,0,NON_MAVLINK_PROBE,SCANNER,0,,e9cb7a9c,NORMAL,0.0
2026-05-11T20:34:49.129716,152.32.x.x,00b9b4ea8d6a504d,40276,0,NON_MAVLINK_PROBE,SCANNER,0,,b9b0651f,NORMAL,0.0
2026-05-11T20:34:51.928678,152.32.x.x,00b9b4ea8d6a504d,41084,0,NON_MAVLINK_PROBE,SCANNER,0,,5f59bd40,NORMAL,0.0
2026-05-11T20:34:54.720614,152.32.x.x,00b9b4ea8d6a504d,41748,0,NON_MAVLINK_PROBE,SCANNER,0,,75c58cd4,NORMAL,0.0
2026-05-11T20:34:57.552500,152.32.x.x,00b9b4ea8d6a504d,42478,0,NON_MAVLINK_PROBE,SCANNER,0,,bcec50d8,NORMAL,0.0
2026-05-11T20:35:00.353764,152.32.x.x,00b9b4ea8d6a504d,43230,0,NON_MAVLINK_PROBE,SCANNER,0,,2438a75d,NORMAL,0.0
2026-05-11T20:35:03.191649,152.32.x.x,00b9b4ea8d6a504d,44316,0,NON_MAVLINK_PROBE,SCANNER,0,,ffb6d226,NORMAL,0.0
2026-05-11T20:35:05.989008,152.32.x.x,00b9b4ea8d6a504d,45064,0,NON_MAVLINK_PROBE,SCANNER,0,,06e3741f,NORMAL,0.0
2026-05-11T20:35:08.810820,152.32.x.x,00b9b4ea8d6a504d,45920,0,NON_MAVLINK_PROBE,SCANNER,0,,c98e75bb,NORMAL,0.0
2026-05-11T20:35:11.665777,152.32.x.x,00b9b4ea8d6a504d,47190,0,NON_MAVLINK_PROBE,SCANNER,0,,67c437e7,NORMAL,0.0
2026-05-11T20:35:14.432488,152.32.x.x,00b9b4ea8d6a504d,48058,0,NON_MAVLINK_PROBE,SCANNER,0,,1edd37d6,NORMAL,0.0
2026-05-11T20:35:17.185728,152.32.x.x,00b9b4ea8d6a504d,48786,0,NON_MAVLINK_PROBE,SCANNER,0,,95d2e28f,NORMAL,0.0
2026-05-11T20:35:20.338234,152.32.x.x,00b9b4ea8d6a504d,50068,0,NON_MAVLINK_PROBE,SCANNER,0,,28fdd863,NORMAL,0.0
2026-05-11T20:35:23.110313,152.32.x.x,00b9b4ea8d6a504d,51692,0,NON_MAVLINK_PROBE,SCANNER,0,,3739c508,NORMAL,0.0
2026-05-11T20:35:25.894477,152.32.x.x,00b9b4ea8d6a504d,53424,0,NON_MAVLINK_PROBE,SCANNER,0,,7f05404c,NORMAL,0.0
2026-05-11T20:35:28.668489,152.32.x.x,00b9b4ea8d6a504d,54806,0,NON_MAVLINK_PROBE,SCANNER,0,,739cce2f,NORMAL,0.0
2026-05-11T20:35:31.468741,152.32.x.x,00b9b4ea8d6a504d,55992,0,NON_MAVLINK_PROBE,SCANNER,0,,5953c274,NORMAL,0.0
2026-05-11T20:35:34.289638,152.32.x.x,00b9b4ea8d6a504d,56794,0,NON_MAVLINK_PROBE,SCANNER,0,,f685eeca,NORMAL,0.0
2026-05-11T20:35:37.128951,152.32.x.x,00b9b4ea8d6a504d,57702,0,NON_MAVLINK_PROBE,SCANNER,0,,9da8ff96,NORMAL,0.0
2026-05-11T20:35:39.916621,152.32.x.x,00b9b4ea8d6a504d,58528,0,NON_MAVLINK_PROBE,SCANNER,0,,a6ceac11,NORMAL,0.0
2026-05-11T20:35:42.700208,152.32.x.x,00b9b4ea8d6a504d,59408,0,NON_MAVLINK_PROBE,SCANNER,0,,26318939,NORMAL,0.0
2026-05-11T20:35:45.480258,152.32.x.x,00b9b4ea8d6a504d,60298,0,NON_MAVLINK_PROBE,SCANNER,0,,7f6f7147,NORMAL,0.0
2026-05-11T20:35:48.269518,152.32.x.x,00b9b4ea8d6a504d,32926,0,NON_MAVLINK_PROBE,SCANNER,0,,e679d0d7,NORMAL,0.0
2026-05-11T20:35:49.051864,87.121.x.x,399c1ea5b15fda5b,35274,0,NON_MAVLINK_PROBE,SCANNER,0,,7e06cdfa,NORMAL,0.0
2026-05-11T20:35:51.115693,152.32.x.x,00b9b4ea8d6a504d,33746,0,NON_MAVLINK_PROBE,SCANNER,0,,9f991028,NORMAL,0.0
2026-05-11T20:35:53.900521,152.32.x.x,00b9b4ea8d6a504d,34856,0,NON_MAVLINK_PROBE,SCANNER,0,,596843fe,NORMAL,0.0
2026-05-11T20:35:56.727542,152.32.x.x,00b9b4ea8d6a504d,35784,0,NON_MAVLINK_PROBE,SCANNER,0,,e3c2e97c,NORMAL,0.0
2026-05-11T20:35:59.517392,152.32.x.x,00b9b4ea8d6a504d,36570,0,NON_MAVLINK_PROBE,SCANNER,0,,2363c42a,NORMAL,0.0
2026-05-11T20:36:02.338913,152.32.x.x,00b9b4ea8d6a504d,37424,0,NON_MAVLINK_PROBE,SCANNER,0,,d16e24d7,NORMAL,0.0
2026-05-11T20:36:05.095134,152.32.x.x,00b9b4ea8d6a504d,38272,0,NON_MAVLINK_PROBE,SCANNER,0,,f2701f76,NORMAL,0.0
2026-05-11T20:36:07.871610,152.32.x.x,00b9b4ea8d6a504d,39096,0,NON_MAVLINK_PROBE,SCANNER,0,,a5acaddf,NORMAL,0.0
2026-05-11T20:36:10.704728,152.32.x.x,00b9b4ea8d6a504d,40018,0,NON_MAVLINK_PROBE,SCANNER,0,,61e0c786,NORMAL,0.0
2026-05-11T20:36:13.535467,152.32.x.x,00b9b4ea8d6a504d,40910,0,NON_MAVLINK_PROBE,SCANNER,0,,3e603816,NORMAL,0.0
2026-05-11T20:36:17.362197,152.32.x.x,00b9b4ea8d6a504d,41918,0,NON_MAVLINK_PROBE,SCANNER,0,,5f9f7098,NORMAL,0.0
2026-05-11T20:36:20.119118,152.32.x.x,00b9b4ea8d6a504d,43470,0,NON_MAVLINK_PROBE,SCANNER,0,,8a6d46c9,NORMAL,0.0
2026-05-11T20:36:22.935782,152.32.x.x,00b9b4ea8d6a504d,44172,0,NON_MAVLINK_PROBE,SCANNER,0,,21e14aea,NORMAL,0.0
2026-05-11T20:36:26.752039,152.32.x.x,00b9b4ea8d6a504d,45034,0,NON_MAVLINK_PROBE,SCANNER,0,,86a8210a,NORMAL,0.0
2026-05-11T20:36:30.547467,152.32.x.x,00b9b4ea8d6a504d,46178,0,NON_MAVLINK_PROBE,SCANNER,0,,d31b3405,NORMAL,0.0
2026-05-11T20:36:33.322541,152.32.x.x,00b9b4ea8d6a504d,47612,0,NON_MAVLINK_PROBE,SCANNER,0,,631d2963,NORMAL,0.0
2026-05-11T20:36:36.118891,152.32.x.x,00b9b4ea8d6a504d,48526,0,NON_MAVLINK_PROBE,SCANNER,0,,95bbcd7a,NORMAL,0.0
2026-05-11T20:36:38.886427,152.32.x.x,00b9b4ea8d6a504d,49450,0,NON_MAVLINK_PROBE,SCANNER,0,,0a824053,NORMAL,0.0
2026-05-11T20:36:41.678887,152.32.x.x,00b9b4ea8d6a504d,50410,0,NON_MAVLINK_PROBE,SCANNER,0,,663921e2,NORMAL,0.0
2026-05-11T20:36:44.460470,152.32.x.x,00b9b4ea8d6a504d,51228,0,NON_MAVLINK_PROBE,SCANNER,0,,d579a3f1,NORMAL,0.0
2026-05-11T20:36:47.255190,152.32.x.x,00b9b4ea8d6a504d,52188,0,NON_MAVLINK_PROBE,SCANNER,0,,1a5292d5,NORMAL,0.0
2026-05-11T20:36:50.045165,152.32.x.x,00b9b4ea8d6a504d,53086,0,NON_MAVLINK_PROBE,SCANNER,0,,37c8d89c,NORMAL,0.0
2026-05-11T20:36:52.873673,152.32.x.x,00b9b4ea8d6a504d,54054,0,NON_MAVLINK_PROBE,SCANNER,0,,3d672cc9,NORMAL,0.0
2026-05-11T20:36:55.666073,152.32.x.x,00b9b4ea8d6a504d,55000,0,NON_MAVLINK_PROBE,SCANNER,0,,6e8ac0b9,NORMAL,0.0
2026-05-11T20:36:58.500244,152.32.x.x,00b9b4ea8d6a504d,55804,0,NON_MAVLINK_PROBE,SCANNER,0,,1886d314,NORMAL,0.0
2026-05-11T20:37:01.491921,152.32.x.x,00b9b4ea8d6a504d,56664,0,NON_MAVLINK_PROBE,SCANNER,0,,f72a6b75,NORMAL,0.0
2026-05-11T20:37:04.252588,152.32.x.x,00b9b4ea8d6a504d,57554,0,NON_MAVLINK_PROBE,SCANNER,0,,9be0e6a0,NORMAL,0.0
2026-05-11T20:37:07.050470,152.32.x.x,00b9b4ea8d6a504d,58366,0,NON_MAVLINK_PROBE,SCANNER,0,,a96749ea,NORMAL,0.0
2026-05-11T20:37:09.836867,152.32.x.x,00b9b4ea8d6a504d,59076,0,NON_MAVLINK_PROBE,SCANNER,0,,39afcbb6,NORMAL,0.0
2026-05-11T20:37:12.632307,152.32.x.x,00b9b4ea8d6a504d,59946,0,NON_MAVLINK_PROBE,SCANNER,0,,4be8f726,NORMAL,0.0
2026-05-11T20:37:15.453347,152.32.x.x,00b9b4ea8d6a504d,60638,0,NON_MAVLINK_PROBE,SCANNER,0,,c469b37f,NORMAL,0.0
2026-05-11T20:37:18.224636,152.32.x.x,00b9b4ea8d6a504d,33078,0,NON_MAVLINK_PROBE,SCANNER,0,,bba219bc,NORMAL,0.0
2026-05-11T20:37:21.030444,152.32.x.x,00b9b4ea8d6a504d,33798,0,NON_MAVLINK_PROBE,SCANNER,0,,6316e798,NORMAL,0.0
2026-05-11T20:37:23.883351,152.32.x.x,00b9b4ea8d6a504d,34622,0,NON_MAVLINK_PROBE,SCANNER,0,,3a80cbdb,NORMAL,0.0
2026-05-11T20:37:26.686995,152.32.x.x,00b9b4ea8d6a504d,35556,0,NON_MAVLINK_PROBE,SCANNER,0,,90bcedc5,NORMAL,0.0
2026-05-11T20:37:29.451559,152.32.x.x,00b9b4ea8d6a504d,36368,0,NON_MAVLINK_PROBE,SCANNER,0,,c80350a3,NORMAL,0.0
2026-05-11T20:37:32.255260,152.32.x.x,00b9b4ea8d6a504d,37256,0,NON_MAVLINK_PROBE,SCANNER,0,,a7987b31,NORMAL,0.0
2026-05-11T20:37:36.140279,152.32.x.x,00b9b4ea8d6a504d,38182,0,NON_MAVLINK_PROBE,SCANNER,0,,9f648386,NORMAL,0.0
2026-05-11T20:37:38.999908,152.32.x.x,00b9b4ea8d6a504d,39460,0,NON_MAVLINK_PROBE,SCANNER,0,,d035c50a,NORMAL,0.0
2026-05-11T20:37:41.731422,152.32.x.x,00b9b4ea8d6a504d,40240,0,NON_MAVLINK_PROBE,SCANNER,0,,429bcaab,NORMAL,0.0
2026-05-11T20:37:44.507626,152.32.x.x,00b9b4ea8d6a504d,41098,0,NON_MAVLINK_PROBE,SCANNER,0,,c2dd1f78,NORMAL,0.0
2026-05-11T20:37:47.296339,152.32.x.x,00b9b4ea8d6a504d,41902,0,NON_MAVLINK_PROBE,SCANNER,0,,086379f9,NORMAL,0.0
2026-05-11T20:37:50.084372,152.32.x.x,00b9b4ea8d6a504d,42728,0,NON_MAVLINK_PROBE,SCANNER,0,,7fcee293,NORMAL,0.0
2026-05-11T20:37:52.872141,152.32.x.x,00b9b4ea8d6a504d,43630,0,NON_MAVLINK_PROBE,SCANNER,0,,2af91ebd,NORMAL,0.0
2026-05-11T20:37:55.661675,152.32.x.x,00b9b4ea8d6a504d,44470,0,NON_MAVLINK_PROBE,SCANNER,0,,598b1f66,NORMAL,0.0
2026-05-11T20:37:58.424133,152.32.x.x,00b9b4ea8d6a504d,45136,0,NON_MAVLINK_PROBE,SCANNER,0,,9e82f8c2,NORMAL,0.0
2026-05-11T20:38:01.243427,152.32.x.x,00b9b4ea8d6a504d,45824,0,NON_MAVLINK_PROBE,SCANNER,0,,0f2fcd02,NORMAL,0.0
2026-05-11T20:38:04.122736,152.32.x.x,00b9b4ea8d6a504d,46534,0,NON_MAVLINK_PROBE,SCANNER,0,,0996f9ae,NORMAL,0.0
2026-05-11T20:38:06.914814,152.32.x.x,00b9b4ea8d6a504d,47322,0,NON_MAVLINK_PROBE,SCANNER,0,,f13a6b22,NORMAL,0.0
2026-05-11T20:43:04.192722,172.105.x.x,d25a8142db3eeb0c,49466,0,NON_MAVLINK_PROBE,SCANNER,0,,7642b1bf,NORMAL,0.0
2026-05-11T20:43:04.218242,172.105.x.x,d25a8142db3eeb0c,49524,0,NON_MAVLINK_PROBE,SCANNER,0,,55329364,NORMAL,0.0
2026-05-11T20:43:04.200224,172.105.x.x,d25a8142db3eeb0c,49500,0,NON_MAVLINK_PROBE,SCANNER,0,,2a0bbed9,NORMAL,0.0
2026-05-11T20:43:04.203961,172.105.x.x,d25a8142db3eeb0c,49476,0,NON_MAVLINK_PROBE,SCANNER,0,,401a0be4,NORMAL,0.0
2026-05-11T20:43:04.208363,172.105.x.x,d25a8142db3eeb0c,49508,0,NON_MAVLINK_PROBE,SCANNER,0,,02972301,NORMAL,0.0
2026-05-11T20:43:04.213484,172.105.x.x,d25a8142db3eeb0c,49484,0,NON_MAVLINK_PROBE,SCANNER,0,,b4b07bd7,NORMAL,0.0
2026-05-11T20:43:12.076989,193.25.x.x,30c5a94ce2fcdc75,49857,0,NON_MAVLINK_PROBE,SCANNER,0,,7f58b194,NORMAL,0.0
2026-05-11T20:43:14.376308,172.105.x.x,d25a8142db3eeb0c,45212,0,NON_MAVLINK_PROBE,SCANNER,0,,6698c6a9,NORMAL,0.0
2026-05-11T20:43:14.385654,172.105.x.x,d25a8142db3eeb0c,45260,0,NON_MAVLINK_PROBE,SCANNER,0,,3b2bcc13,NORMAL,0.0
2026-05-11T20:43:14.399869,172.105.x.x,d25a8142db3eeb0c,45238,0,NON_MAVLINK_PROBE,SCANNER,0,,d857035a,NORMAL,0.0
2026-05-11T20:43:14.401047,172.105.x.x,d25a8142db3eeb0c,45222,0,NON_MAVLINK_PROBE,SCANNER,0,,066d7b0f,NORMAL,0.0
2026-05-11T20:52:33.185158,130.12.x.x,9358db51a690d798,42090,0,NON_MAVLINK_PROBE,SCANNER,0,,c7674eff,NORMAL,0.0
2026-05-11T20:52:48.550310,130.12.x.x,9358db51a690d798,45672,0,NON_MAVLINK_PROBE,SCANNER,0,,82d18559,NORMAL,0.0
2026-05-11T20:52:48.948852,130.12.x.x,9358db51a690d798,45684,0,NON_MAVLINK_PROBE,SCANNER,0,,d06d99f4,NORMAL,0.0
2026-05-11T20:52:51.071884,130.12.x.x,9358db51a690d798,45682,0,NON_MAVLINK_PROBE,SCANNER,0,,5bea2381,NORMAL,0.0
2026-05-11T20:52:53.396457,130.12.x.x,9358db51a690d798,45696,0,NON_MAVLINK_PROBE,SCANNER,0,,6afe0849,NORMAL,0.0
2026-05-11T20:52:56.871711,130.12.x.x,9358db51a690d798,44634,0,NON_MAVLINK_PROBE,SCANNER,0,,92c620f5,NORMAL,0.0
2026-05-11T20:52:57.276880,130.12.x.x,9358db51a690d798,44636,0,NON_MAVLINK_PROBE,SCANNER,0,,ba52c5de,NORMAL,0.0
2026-05-11T21:33:53.424286,45.79.x.x,fbe3b56714d8acbf,42748,0,NON_MAVLINK_PROBE,SCANNER,0,,9c7930b5,NORMAL,0.0
2026-05-11T21:55:48.731535,204.76.x.x,c804eabb0c6ba4bc,38188,0,NON_MAVLINK_PROBE,SCANNER,0,,08522a0f,NORMAL,0.0
2026-05-11T21:59:40.289090,172.236.x.x,88318e675bd29013,58392,0,NON_MAVLINK_PROBE,SCANNER,0,,21607f3c,NORMAL,0.0
2026-05-11T21:59:40.696257,172.236.x.x,88318e675bd29013,4520,0,NON_MAVLINK_PROBE,SCANNER,0,,614f55bf,NORMAL,0.0
2026-05-11T22:33:19.965106,45.33.x.x,6bc9470de6a483f5,41566,0,NON_MAVLINK_PROBE,SCANNER,0,,4409d7c4,NORMAL,0.0
2026-05-11T23:01:25.412358,85.217.x.x,15f122631b54550b,33776,0,NON_MAVLINK_PROBE,SCANNER,0,,e6cfbf58,NORMAL,0.0
2026-05-11T23:01:44.117012,127.0.x.x,ef2f9f91273ffdad,38912,0,NON_MAVLINK_PROBE,SCANNER,0,,8f24d0cc,NORMAL,0.0
2026-05-11T23:05:14.258305,14.1.x.x,bf7887a1397ccd17,28012,0,NON_MAVLINK_PROBE,SCANNER,0,,00edda10,NORMAL,0.0
2026-05-11T23:18:10.499598,5.61.x.x,4daa61e0b2e4ba7f,48978,0,NON_MAVLINK_PROBE,SCANNER,0,,2bef7584,NORMAL,0.0
2026-05-11T23:24:09.551540,204.76.x.x,c804eabb0c6ba4bc,49068,0,NON_MAVLINK_PROBE,SCANNER,0,,40731228,NORMAL,0.0
2026-05-11T23:35:55.714292,193.32.x.x,a720cf634f6e648b,59668,0,NON_MAVLINK_PROBE,SCANNER,0,,3333eb4f,NORMAL,0.0
2026-05-11T23:36:08.047832,193.32.x.x,a720cf634f6e648b,59726,0,NON_MAVLINK_PROBE,SCANNER,0,,560d7b96,NORMAL,0.0
2026-05-11T23:36:20.641586,193.32.x.x,a720cf634f6e648b,60470,0,NON_MAVLINK_PROBE,SCANNER,0,,ac064486,NORMAL,0.0
2026-05-11T23:36:32.982620,193.32.x.x,a720cf634f6e648b,33004,0,NON_MAVLINK_PROBE,SCANNER,0,,756414dc,NORMAL,0.0
2026-05-11T23:36:45.229257,193.32.x.x,a720cf634f6e648b,33626,0,NON_MAVLINK_PROBE,SCANNER,0,,a8cf95c8,NORMAL,0.0
2026-05-11T23:36:57.463196,193.32.x.x,a720cf634f6e648b,34406,0,NON_MAVLINK_PROBE,SCANNER,0,,bb936e8a,NORMAL,0.0
2026-05-11T23:37:09.759249,193.32.x.x,a720cf634f6e648b,35324,0,NON_MAVLINK_PROBE,SCANNER,0,,43df2b60,NORMAL,0.0
2026-05-11T23:58:48.630940,34.227.x.x,67e1598c2b8fa5fb,42768,0,NON_MAVLINK_PROBE,SCANNER,0,,d8cb603f,NORMAL,0.0
2026-05-12T00:17:51.792206,92.63.x.x,d3d69a66dc865704,4086,0,NON_MAVLINK_PROBE,SCANNER,0,,eeea0d07,NORMAL,0.0
2026-05-12T00:17:52.044900,92.63.x.x,d3d69a66dc865704,4102,0,NON_MAVLINK_PROBE,SCANNER,0,,be771d45,NORMAL,0.0
2026-05-12T00:27:11.458238,45.198.x.x,7db0b45618a77305,42784,0,NON_MAVLINK_PROBE,SCANNER,0,,2fdb755b,NORMAL,0.0
2026-05-12T00:32:18.683961,206.189.x.x,32b54963301db3fb,51186,0,NON_MAVLINK_PROBE,SCANNER,0,,2e3f7991,NORMAL,0.0
2026-05-12T00:32:25.767765,64.62.x.x,505d0728dd7c0f82,53834,0,NON_MAVLINK_PROBE,SCANNER,0,,3203e8c5,NORMAL,0.0
2026-05-12T00:59:23.361380,98.228.x.x,4591b9e88eabf937,58452,0,NON_MAVLINK_PROBE,SCANNER,0,,cd72fbda,NORMAL,0.0
2026-05-12T00:59:28.851554,98.228.x.x,4591b9e88eabf937,33934,0,NON_MAVLINK_PROBE,SCANNER,0,,f979fcca,NORMAL,0.0
2026-05-12T00:59:36.238060,98.228.x.x,4591b9e88eabf937,39496,0,NON_MAVLINK_PROBE,SCANNER,0,,ae39e8ed,NORMAL,0.0
2026-05-12T00:59:41.092128,98.228.x.x,4591b9e88eabf937,45594,0,NON_MAVLINK_PROBE,SCANNER,0,,4cd3206b,NORMAL,0.0
2026-05-12T01:03:24.649917,204.76.x.x,c804eabb0c6ba4bc,60352,0,NON_MAVLINK_PROBE,SCANNER,0,,a4977a59,NORMAL,0.0
2026-05-12T01:19:22.801009,79.124.x.x,a3dc2bc09007bf5d,37876,0,NON_MAVLINK_PROBE,SCANNER,0,,02a5d619,NORMAL,0.0
2026-05-12T01:49:21.980024,198.235.x.x,a344790936ce66b1,61614,0,NON_MAVLINK_PROBE,SCANNER,0,,c11f7e6f,NORMAL,0.0
2026-05-12T01:54:49.955772,79.124.x.x,a3dc2bc09007bf5d,33444,0,NON_MAVLINK_PROBE,SCANNER,0,,771c5449,NORMAL,0.0
2026-05-12T02:08:25.549121,94.183.x.x,cac248052df5d82b,48328,0,NON_MAVLINK_PROBE,SCANNER,0,,2bcb53da,NORMAL,0.0
2026-05-12T02:23:24.382415,204.76.x.x,c804eabb0c6ba4bc,51884,0,NON_MAVLINK_PROBE,SCANNER,0,,4e6a0bde,NORMAL,0.0
2026-05-12T02:39:58.179163,147.185.x.x,b34fc5787ecd226b,60796,0,NON_MAVLINK_PROBE,SCANNER,0,,a6e8c6fd,NORMAL,0.0
2026-05-12T02:39:58.183354,147.185.x.x,b34fc5787ecd226b,60784,0,NON_MAVLINK_PROBE,SCANNER,0,,aa42fe4a,NORMAL,0.0
2026-05-12T03:40:29.564343,178.83.x.x,3908cbd4212dea56,60000,0,NON_MAVLINK_PROBE,SCANNER,0,,32f9cb13,NORMAL,0.0
2026-05-12T03:58:13.653543,204.76.x.x,c804eabb0c6ba4bc,45398,0,NON_MAVLINK_PROBE,SCANNER,0,,b3cc9780,NORMAL,0.0
2026-05-12T04:26:54.319428,5.187.x.x,7c5d66f95da34862,53608,0,NON_MAVLINK_PROBE,SCANNER,0,,7dcb0ccc,NORMAL,0.0
2026-05-12T04:49:40.629413,139.59.x.x,14e1b3d1a688f13b,49186,0,NON_MAVLINK_PROBE,SCANNER,0,,e93e456b,NORMAL,0.0
2026-05-12T04:58:00.964891,3.132.x.x,89842ec7eaf93909,40900,0,NON_MAVLINK_PROBE,SCANNER,0,,27b82691,NORMAL,0.0
2026-05-12T04:58:04.018453,3.132.x.x,89842ec7eaf93909,40872,0,NON_MAVLINK_PROBE,SCANNER,0,,a7330fa9,NORMAL,0.0
2026-05-12T04:58:37.651181,3.132.x.x,89842ec7eaf93909,53360,0,NON_MAVLINK_PROBE,SCANNER,0,,96398d8f,NORMAL,0.0
2026-05-12T04:58:42.924840,223.31.x.x,4454cbcd1c41c537,59860,0,NON_MAVLINK_PROBE,SCANNER,0,,f3837746,NORMAL,0.0
2026-05-12T04:58:43.005101,127.0.x.x,ef2f9f91273ffdad,48612,0,NON_MAVLINK_PROBE,SCANNER,0,,444fd5f3,NORMAL,0.0
2026-05-12T04:58:43.204565,127.0.x.x,ef2f9f91273ffdad,48614,0,NON_MAVLINK_PROBE,SCANNER,0,,7b80ee2a,NORMAL,0.0
2026-05-12T04:59:24.302945,3.132.x.x,89842ec7eaf93909,36174,0,NON_MAVLINK_PROBE,SCANNER,0,,d7044626,NORMAL,0.0
2026-05-12T05:00:45.345531,3.132.x.x,89842ec7eaf93909,59902,0,NON_MAVLINK_PROBE,SCANNER,0,,e0e6a644,NORMAL,0.0
2026-05-12T05:19:14.926535,5.61.x.x,02d770ac3cc5c2c1,7572,0,NON_MAVLINK_PROBE,SCANNER,0,,f55365c4,NORMAL,0.0
2026-05-12T05:30:49.147415,45.198.x.x,7db0b45618a77305,39268,0,NON_MAVLINK_PROBE,SCANNER,0,,217c81a4,NORMAL,0.0
2026-05-12T05:42:21.656538,154.219.x.x,960dab580e6d3271,61000,0,NON_MAVLINK_PROBE,SCANNER,0,,eff328b5,NORMAL,0.0
2026-05-12T06:36:50.295595,204.76.x.x,c804eabb0c6ba4bc,59110,0,NON_MAVLINK_PROBE,SCANNER,0,,a1d1560b,NORMAL,0.0
2026-05-12T06:36:51.652237,47.84.x.x,c32e7009a9a3033b,16204,0,NON_MAVLINK_PROBE,SCANNER,0,,f25da7db,NORMAL,0.0
2026-05-12T06:37:04.703787,47.84.x.x,c32e7009a9a3033b,35626,0,NON_MAVLINK_PROBE,SCANNER,0,,2108f9a1,NORMAL,0.0
2026-05-12T06:37:17.756046,47.84.x.x,c32e7009a9a3033b,17860,0,NON_MAVLINK_PROBE,SCANNER,0,,a5e8c00e,NORMAL,0.0
2026-05-12T06:37:30.796918,47.84.x.x,c32e7009a9a3033b,10582,0,NON_MAVLINK_PROBE,SCANNER,0,,9e0aa78b,NORMAL,0.0
2026-05-12T06:59:51.108157,80.94.x.x,f33c463c0284d361,63486,0,NON_MAVLINK_PROBE,SCANNER,0,,e60a0a21,NORMAL,0.0
2026-05-12T07:12:29.459982,94.232.x.x,fbf11012a5c8c0d0,45660,0,NON_MAVLINK_PROBE,SCANNER,0,,ff14bedd,NORMAL,0.0
2026-05-12T07:32:52.414764,66.132.x.x,0ace7ef1952b1e8d,13370,0,NON_MAVLINK_PROBE,SCANNER,0,,9707e5b5,NORMAL,0.0
2026-05-12T07:32:57.752772,66.132.x.x,0ace7ef1952b1e8d,13398,4,UNKNOWN_4,UNKNOWN,3,aaab3fdf995106003905,0cea8280,NORMAL,0.2
2026-05-12T07:33:13.149253,66.132.x.x,0ace7ef1952b1e8d,49230,0,NON_MAVLINK_PROBE,SCANNER,0,,da6077fe,NORMAL,0.0
2026-05-12T07:57:51.961618,69.164.x.x,cd3c6b759666732b,35664,0,NON_MAVLINK_PROBE,SCANNER,0,,cdd781e9,NORMAL,0.0
2026-05-12T07:57:52.013130,69.164.x.x,cd3c6b759666732b,35674,0,NON_MAVLINK_PROBE,SCANNER,0,,988f7a45,NORMAL,0.0
2026-05-12T07:57:52.010918,69.164.x.x,cd3c6b759666732b,35696,0,NON_MAVLINK_PROBE,SCANNER,0,,e3b8dffe,NORMAL,0.0
2026-05-12T07:57:52.022148,69.164.x.x,cd3c6b759666732b,35658,0,NON_MAVLINK_PROBE,SCANNER,0,,e895c3b8,NORMAL,0.0
2026-05-12T07:57:52.025106,69.164.x.x,cd3c6b759666732b,35724,0,NON_MAVLINK_PROBE,SCANNER,0,,fb0e274e,NORMAL,0.0
2026-05-12T07:57:52.017644,69.164.x.x,cd3c6b759666732b,35712,0,NON_MAVLINK_PROBE,SCANNER,0,,b0786d25,NORMAL,0.0
2026-05-12T07:57:52.035285,69.164.x.x,cd3c6b759666732b,35686,0,NON_MAVLINK_PROBE,SCANNER,0,,cc457262,NORMAL,0.0
2026-05-12T07:58:02.226385,69.164.x.x,cd3c6b759666732b,35758,0,NON_MAVLINK_PROBE,SCANNER,0,,f80b0dd1,NORMAL,0.0
2026-05-12T07:58:02.249137,69.164.x.x,cd3c6b759666732b,35784,0,NON_MAVLINK_PROBE,SCANNER,0,,d44f0ba8,NORMAL,0.0
2026-05-12T07:58:02.251909,69.164.x.x,cd3c6b759666732b,35734,0,NON_MAVLINK_PROBE,SCANNER,0,,a7cf25ef,NORMAL,0.0
2026-05-12T07:58:02.270987,69.164.x.x,cd3c6b759666732b,35760,0,NON_MAVLINK_PROBE,SCANNER,0,,1ba43ac0,NORMAL,0.0
2026-05-12T07:58:02.271728,69.164.x.x,cd3c6b759666732b,35764,0,NON_MAVLINK_PROBE,SCANNER,0,,7a7414ff,NORMAL,0.0
2026-05-12T07:58:02.277625,69.164.x.x,cd3c6b759666732b,35770,0,NON_MAVLINK_PROBE,SCANNER,0,,3603349b,NORMAL,0.0
2026-05-12T07:58:02.279226,69.164.x.x,cd3c6b759666732b,35742,0,NON_MAVLINK_PROBE,SCANNER,0,,cad743d4,NORMAL,0.0
2026-05-12T08:24:10.239086,204.76.x.x,c804eabb0c6ba4bc,35180,0,NON_MAVLINK_PROBE,SCANNER,0,,81c0da4b,NORMAL,0.0
2026-05-12T08:48:33.719127,20.65.x.x,4d263b6757996bc8,50146,0,NON_MAVLINK_PROBE,SCANNER,0,,5cf67e11,NORMAL,0.0
2026-05-12T08:48:34.273381,20.65.x.x,4d263b6757996bc8,50154,0,NON_MAVLINK_PROBE,SCANNER,0,,b3e0ee03,NORMAL,0.0
2026-05-12T09:17:18.690853,45.156.x.x,0b988c7117e5aefa,59648,0,NON_MAVLINK_PROBE,SCANNER,0,,ae07c66a,NORMAL,0.0
2026-05-12T09:17:26.703702,45.156.x.x,33186101f6a341de,38854,0,NON_MAVLINK_PROBE,SCANNER,0,,a77114b4,NORMAL,0.0
2026-05-12T09:20:57.273581,142.248.x.x,863f19680b9f6077,41972,0,NON_MAVLINK_PROBE,SCANNER,0,,889e14b2,NORMAL,0.0
2026-05-12T09:44:02.679506,20.168.x.x,e25cccda185d0a5f,36888,0,NON_MAVLINK_PROBE,SCANNER,0,,eb087497,NORMAL,0.0
2026-05-12T09:44:03.198638,20.168.x.x,e25cccda185d0a5f,48862,0,NON_MAVLINK_PROBE,SCANNER,0,,753ac59c,NORMAL,0.0
2026-05-12T09:51:22.768750,20.55.x.x,fe21b53db1f7f3d9,44838,0,NON_MAVLINK_PROBE,SCANNER,0,,38df18dc,NORMAL,0.0
2026-05-12T09:51:23.239671,20.55.x.x,fe21b53db1f7f3d9,49618,0,NON_MAVLINK_PROBE,SCANNER,0,,911783c6,NORMAL,0.0
2026-05-12T10:04:36.027777,204.76.x.x,c804eabb0c6ba4bc,35644,0,NON_MAVLINK_PROBE,SCANNER,0,,56ab02f7,NORMAL,0.0
2026-05-12T10:13:55.677681,5.61.x.x,02d770ac3cc5c2c1,11958,0,NON_MAVLINK_PROBE,SCANNER,0,,1639f2ba,NORMAL,0.0
2026-05-12T10:28:13.490206,64.62.x.x,f4096a4b7a0754f9,41244,0,NON_MAVLINK_PROBE,SCANNER,0,,62a8ae14,NORMAL,0.0
2026-05-12T10:42:04.833320,45.198.x.x,7db0b45618a77305,52352,0,NON_MAVLINK_PROBE,SCANNER,0,,5de24d5e,NORMAL,0.0
2026-05-12T11:04:02.292897,204.76.x.x,c804eabb0c6ba4bc,54636,0,NON_MAVLINK_PROBE,SCANNER,0,,1c557a68,NORMAL,0.0
2026-05-12T11:06:54.354936,172.232.x.x,28930672c07fe243,47712,0,NON_MAVLINK_PROBE,SCANNER,0,,b43582e9,NORMAL,0.0
2026-05-12T11:07:36.098094,172.232.x.x,28930672c07fe243,38554,0,NON_MAVLINK_PROBE,SCANNER,0,,798b48ce,NORMAL,0.0
2026-05-12T11:07:41.188970,172.232.x.x,28930672c07fe243,60626,0,NON_MAVLINK_PROBE,SCANNER,0,,42da4378,NORMAL,0.0
2026-05-12T11:07:46.218141,172.232.x.x,28930672c07fe243,32992,0,NON_MAVLINK_PROBE,SCANNER,0,,1ce0a535,NORMAL,0.0
2026-05-12T11:07:51.279841,172.232.x.x,28930672c07fe243,33092,0,NON_MAVLINK_PROBE,SCANNER,0,,672f13e2,NORMAL,0.0
2026-05-12T11:07:56.321738,172.232.x.x,28930672c07fe243,51996,0,NON_MAVLINK_PROBE,SCANNER,0,,9066d2bd,NORMAL,0.0
2026-05-12T11:08:01.378610,172.232.x.x,28930672c07fe243,52062,0,NON_MAVLINK_PROBE,SCANNER,0,,a0ce9250,NORMAL,0.0
2026-05-12T11:08:06.427116,172.232.x.x,28930672c07fe243,33424,0,NON_MAVLINK_PROBE,SCANNER,0,,e4881c4e,NORMAL,0.0
2026-05-12T11:08:11.471739,172.232.x.x,28930672c07fe243,33464,0,NON_MAVLINK_PROBE,SCANNER,0,,6c773d27,NORMAL,0.0
2026-05-12T11:08:16.558760,172.232.x.x,28930672c07fe243,40586,0,NON_MAVLINK_PROBE,SCANNER,0,,02acb617,NORMAL,0.0
2026-05-12T11:08:21.592841,172.232.x.x,28930672c07fe243,40694,0,NON_MAVLINK_PROBE,SCANNER,0,,a0bbcb3b,NORMAL,0.0
2026-05-12T11:08:29.143344,172.232.x.x,28930672c07fe243,49852,0,NON_MAVLINK_PROBE,SCANNER,0,,c11166c6,NORMAL,0.0
2026-05-12T11:08:34.192837,172.232.x.x,28930672c07fe243,57104,0,NON_MAVLINK_PROBE,SCANNER,0,,683a8d13,NORMAL,0.0
2026-05-12T11:08:39.247048,172.232.x.x,28930672c07fe243,57144,0,NON_MAVLINK_PROBE,SCANNER,0,,e3c5e54e,NORMAL,0.0
2026-05-12T11:08:44.311187,172.232.x.x,28930672c07fe243,39318,0,NON_MAVLINK_PROBE,SCANNER,0,,52a93b6a,NORMAL,0.0
2026-05-12T11:08:49.369436,172.232.x.x,28930672c07fe243,39358,0,NON_MAVLINK_PROBE,SCANNER,0,,41036335,NORMAL,0.0
2026-05-12T11:08:54.408887,172.232.x.x,28930672c07fe243,53916,0,NON_MAVLINK_PROBE,SCANNER,0,,1ded704a,NORMAL,0.0
2026-05-12T11:08:59.472306,172.232.x.x,28930672c07fe243,54008,0,NON_MAVLINK_PROBE,SCANNER,0,,acd6e0fb,NORMAL,0.0
2026-05-12T11:09:04.513399,172.232.x.x,28930672c07fe243,43654,0,NON_MAVLINK_PROBE,SCANNER,0,,10a55381,NORMAL,0.0
2026-05-12T11:09:09.563374,172.232.x.x,28930672c07fe243,43768,0,NON_MAVLINK_PROBE,SCANNER,0,,0e55e4cf,NORMAL,0.0
2026-05-12T11:09:14.612940,172.232.x.x,28930672c07fe243,40880,0,NON_MAVLINK_PROBE,SCANNER,0,,ba01c63a,NORMAL,0.0
2026-05-12T11:09:22.159367,172.232.x.x,28930672c07fe243,40948,0,NON_MAVLINK_PROBE,SCANNER,0,,40cb02fb,NORMAL,0.0
2026-05-12T11:09:27.217785,172.232.x.x,28930672c07fe243,47178,0,NON_MAVLINK_PROBE,SCANNER,0,,267a5ad6,NORMAL,0.0
2026-05-12T11:09:32.271422,172.232.x.x,28930672c07fe243,47272,0,NON_MAVLINK_PROBE,SCANNER,0,,ba26b79a,NORMAL,0.0
2026-05-12T11:09:37.321369,172.232.x.x,28930672c07fe243,60020,0,NON_MAVLINK_PROBE,SCANNER,0,,c882b934,NORMAL,0.0
2026-05-12T11:09:42.377301,172.232.x.x,28930672c07fe243,60114,0,NON_MAVLINK_PROBE,SCANNER,0,,7159d73c,NORMAL,0.0
2026-05-12T11:09:47.440669,172.232.x.x,28930672c07fe243,52938,0,NON_MAVLINK_PROBE,SCANNER,0,,583220bf,NORMAL,0.0
2026-05-12T11:09:52.520211,172.232.x.x,28930672c07fe243,52958,0,NON_MAVLINK_PROBE,SCANNER,0,,09389911,NORMAL,0.0
2026-05-12T11:09:57.570206,172.232.x.x,28930672c07fe243,38896,0,NON_MAVLINK_PROBE,SCANNER,0,,8110bb5b,NORMAL,0.0
2026-05-12T11:10:02.719367,172.232.x.x,28930672c07fe243,38950,0,NON_MAVLINK_PROBE,SCANNER,0,,b06bcc1d,NORMAL,0.0
2026-05-12T11:10:07.748318,172.232.x.x,28930672c07fe243,49520,0,NON_MAVLINK_PROBE,SCANNER,0,,4efee448,NORMAL,0.0
2026-05-12T11:10:12.802085,172.232.x.x,28930672c07fe243,49582,0,NON_MAVLINK_PROBE,SCANNER,0,,9fa8f74e,NORMAL,0.0
2026-05-12T11:10:17.832846,172.232.x.x,28930672c07fe243,47080,0,NON_MAVLINK_PROBE,SCANNER,0,,232026fd,NORMAL,0.0
2026-05-12T11:10:22.873369,172.232.x.x,28930672c07fe243,47206,0,NON_MAVLINK_PROBE,SCANNER,0,,9fccd2bd,NORMAL,0.0
2026-05-12T11:10:27.965544,172.232.x.x,28930672c07fe243,44128,0,NON_MAVLINK_PROBE,SCANNER,0,,aa382f32,NORMAL,0.0
2026-05-12T11:10:32.988830,172.232.x.x,28930672c07fe243,44142,0,NON_MAVLINK_PROBE,SCANNER,0,,9c4150ae,NORMAL,0.0
2026-05-12T11:10:38.049186,172.232.x.x,28930672c07fe243,52552,0,NON_MAVLINK_PROBE,SCANNER,0,,4c4be0c0,NORMAL,0.0
2026-05-12T11:10:43.109888,172.232.x.x,28930672c07fe243,52618,0,NON_MAVLINK_PROBE,SCANNER,0,,e7023fcf,NORMAL,0.0
2026-05-12T11:10:44.118653,172.232.x.x,28930672c07fe243,58482,0,NON_MAVLINK_PROBE,SCANNER,0,,83b4be81,NORMAL,0.0
2026-05-12T11:10:44.129758,172.232.x.x,28930672c07fe243,58572,0,NON_MAVLINK_PROBE,SCANNER,0,,19c2eab8,NORMAL,0.0
2026-05-12T11:10:44.359706,172.232.x.x,28930672c07fe243,58728,0,NON_MAVLINK_PROBE,SCANNER,0,,76c4ba55,NORMAL,0.0
2026-05-12T11:10:44.667411,172.232.x.x,28930672c07fe243,58822,0,NON_MAVLINK_PROBE,SCANNER,0,,4ff64bd1,NORMAL,0.0
2026-05-12T11:10:44.852575,172.232.x.x,28930672c07fe243,58954,0,NON_MAVLINK_PROBE,SCANNER,0,,5d4c43ab,NORMAL,0.0
2026-05-12T11:10:59.395394,172.232.x.x,28930672c07fe243,58496,0,NON_MAVLINK_PROBE,SCANNER,0,,f854e0da,NORMAL,0.0
2026-05-12T11:11:04.693216,172.232.x.x,28930672c07fe243,58568,0,NON_MAVLINK_PROBE,SCANNER,0,,d8187f3f,NORMAL,0.0
2026-05-12T11:11:16.204049,172.232.x.x,28930672c07fe243,58730,0,NON_MAVLINK_PROBE,SCANNER,0,,33785db1,NORMAL,0.0
2026-05-12T11:11:16.252979,172.232.x.x,28930672c07fe243,58492,0,NON_MAVLINK_PROBE,SCANNER,0,,c03726e7,NORMAL,0.0
2026-05-12T11:11:16.227448,172.232.x.x,28930672c07fe243,58530,0,NON_MAVLINK_PROBE,SCANNER,0,,f799a7e1,NORMAL,0.0
2026-05-12T11:11:16.304917,172.232.x.x,28930672c07fe243,58560,0,NON_MAVLINK_PROBE,SCANNER,0,,c0031d8b,NORMAL,0.0
2026-05-12T11:11:16.322410,172.232.x.x,28930672c07fe243,59050,0,NON_MAVLINK_PROBE,SCANNER,0,,bd7bb675,NORMAL,0.0
2026-05-12T11:11:16.321987,172.232.x.x,28930672c07fe243,60286,0,NON_MAVLINK_PROBE,SCANNER,0,,db7f4a67,NORMAL,0.0
2026-05-12T11:11:16.323251,172.232.x.x,28930672c07fe243,58570,0,NON_MAVLINK_PROBE,SCANNER,0,,09c46091,NORMAL,0.0
2026-05-12T11:11:16.330271,172.232.x.x,28930672c07fe243,58508,0,NON_MAVLINK_PROBE,SCANNER,0,,66db589d,NORMAL,0.0
2026-05-12T11:11:16.345075,172.232.x.x,28930672c07fe243,51100,0,NON_MAVLINK_PROBE,SCANNER,0,,015addfa,NORMAL,0.0
2026-05-12T11:11:16.369213,172.232.x.x,28930672c07fe243,58522,0,NON_MAVLINK_PROBE,SCANNER,0,,536f39fc,NORMAL,0.0
2026-05-12T11:39:05.277767,66.175.x.x,ca35df4b3ee88bee,11274,0,NON_MAVLINK_PROBE,SCANNER,0,,6424188a,NORMAL,0.0
2026-05-12T11:39:05.749004,66.175.x.x,ca35df4b3ee88bee,36674,0,NON_MAVLINK_PROBE,SCANNER,0,,33b7a7d6,NORMAL,0.0
2026-05-12T11:53:51.222604,193.8.x.x,a44929ea0d2f7820,34356,0,NON_MAVLINK_PROBE,SCANNER,0,,7ab102d4,NORMAL,0.0
2026-05-12T11:53:51.601352,193.8.x.x,a44929ea0d2f7820,34372,0,NON_MAVLINK_PROBE,SCANNER,0,,5c84e177,NORMAL,0.0
2026-05-12T12:56:41.267875,204.76.x.x,c804eabb0c6ba4bc,46480,0,NON_MAVLINK_PROBE,SCANNER,0,,03e938e9,NORMAL,0.0
2026-05-12T13:07:49.638256,130.12.x.x,9358db51a690d798,40846,0,NON_MAVLINK_PROBE,SCANNER,0,,c5da378a,NORMAL,0.0
2026-05-12T13:23:29.085705,172.236.x.x,ef27f782fbdfb8cb,55506,0,NON_MAVLINK_PROBE,SCANNER,0,,c16c62c4,NORMAL,0.0
2026-05-12T13:23:29.602142,172.236.x.x,ef27f782fbdfb8cb,57710,0,NON_MAVLINK_PROBE,SCANNER,0,,d0fe4919,NORMAL,0.0
2026-05-12T13:23:37.214553,176.65.x.x,6c6d827a82cc6095,34388,0,NON_MAVLINK_PROBE,SCANNER,0,,15721efb,NORMAL,0.0
2026-05-12T13:41:56.251230,138.68.x.x,adddac31a20dc752,65015,0,NON_MAVLINK_PROBE,SCANNER,0,,c784cced,NORMAL,0.0
2026-05-12T13:48:11.549578,20.163.x.x,8407765fe16902dd,50822,0,NON_MAVLINK_PROBE,SCANNER,0,,a2509ad4,NORMAL,0.0
2026-05-12T13:48:56.147224,93.123.x.x,7241acd881f52dff,38406,0,NON_MAVLINK_PROBE,SCANNER,0,,698d2c4a,NORMAL,0.0
2026-05-12T13:52:40.717674,176.65.x.x,bc00f8e48dd54131,32806,0,NON_MAVLINK_PROBE,SCANNER,0,,9a552192,NORMAL,0.0
2026-05-12T14:18:31.568412,204.76.x.x,c804eabb0c6ba4bc,34176,0,NON_MAVLINK_PROBE,SCANNER,0,,49bb022d,NORMAL,0.0
2026-05-12T15:04:26.521265,206.189.x.x,6bf7c2ea55540a25,49994,0,NON_MAVLINK_PROBE,SCANNER,0,,712ffdac,NORMAL,0.0
2026-05-12T15:04:26.673536,206.189.x.x,6bf7c2ea55540a25,42446,0,NON_MAVLINK_PROBE,SCANNER,0,,721be0b4,NORMAL,0.0
2026-05-12T15:05:49.034143,176.65.x.x,3caaee43e61f0c4c,53884,0,NON_MAVLINK_PROBE,SCANNER,0,,6b26e02a,NORMAL,0.0
2026-05-12T15:11:42.237360,204.76.x.x,89cc37b19d5cd37b,45184,0,NON_MAVLINK_PROBE,SCANNER,0,,96b2d3cf,NORMAL,0.0
2026-05-12T15:41:22.692130,196.191.x.x,c34a9a8d3a4a9c0f,50232,0,NON_MAVLINK_PROBE,SCANNER,0,,675ea80c,NORMAL,0.0
2026-05-12T15:44:30.111432,91.92.x.x,78d759e5a430e6ef,57933,0,NON_MAVLINK_PROBE,SCANNER,0,,5a8112a6,NORMAL,0.0
2026-05-12T15:48:34.924569,172.236.x.x,1fd576bfca6e63bb,41068,0,NON_MAVLINK_PROBE,SCANNER,0,,f9d4d345,NORMAL,0.0
2026-05-12T15:48:35.353401,172.236.x.x,1fd576bfca6e63bb,56078,0,NON_MAVLINK_PROBE,SCANNER,0,,9d90169e,NORMAL,0.0
2026-05-12T15:53:00.672935,45.198.x.x,7db0b45618a77305,55158,0,NON_MAVLINK_PROBE,SCANNER,0,,e9478707,NORMAL,0.0
2026-05-12T16:04:22.622096,204.76.x.x,c804eabb0c6ba4bc,51736,0,NON_MAVLINK_PROBE,SCANNER,0,,510c5686,NORMAL,0.0
2026-05-12T16:17:05.031916,176.65.x.x,55a7b7f15fe7b86a,37504,0,NON_MAVLINK_PROBE,SCANNER,0,,7d9347a7,NORMAL,0.0
2026-05-12T16:55:37.247970,176.65.x.x,9880f1c3a55845dd,42068,0,NON_MAVLINK_PROBE,SCANNER,0,,ad00a611,NORMAL,0.0
2026-05-12T16:55:39.633642,204.76.x.x,89cc37b19d5cd37b,36230,0,NON_MAVLINK_PROBE,SCANNER,0,,2dff7070,NORMAL,0.0
2026-05-12T16:59:26.516151,122.97.x.x,777b42298449df9b,42673,0,NON_MAVLINK_PROBE,SCANNER,0,,0eac8ab9,NORMAL,0.0
2026-05-12T17:24:37.038466,47.74.x.x,cfe7d4dbb51d1de8,36344,0,NON_MAVLINK_PROBE,SCANNER,0,,03cf095e,NORMAL,0.0
2026-05-12T17:24:50.197589,47.74.x.x,cfe7d4dbb51d1de8,34434,0,NON_MAVLINK_PROBE,SCANNER,0,,9cb383b8,NORMAL,0.0
2026-05-12T17:25:04.359820,47.74.x.x,cfe7d4dbb51d1de8,55756,0,NON_MAVLINK_PROBE,SCANNER,0,,4c94cc36,NORMAL,0.0
2026-05-12T17:25:17.523848,47.74.x.x,cfe7d4dbb51d1de8,28126,0,NON_MAVLINK_PROBE,SCANNER,0,,d9b36a1a,NORMAL,0.0
2026-05-12T17:47:05.246687,64.62.x.x,19aa2e78299d2fbc,12112,0,NON_MAVLINK_PROBE,SCANNER,0,,671d0ec0,NORMAL,0.0
2026-05-12T17:51:35.099896,204.76.x.x,c804eabb0c6ba4bc,34422,0,NON_MAVLINK_PROBE,SCANNER,0,,c8694af0,NORMAL,0.0
2026-05-12T18:05:00.517560,176.65.x.x,9880f1c3a55845dd,52228,0,NON_MAVLINK_PROBE,SCANNER,0,,dc5dd643,NORMAL,0.0
2026-05-12T19:12:01.069272,204.76.x.x,c804eabb0c6ba4bc,51808,0,NON_MAVLINK_PROBE,SCANNER,0,,ec4cdcd4,NORMAL,0.0
2026-05-12T19:30:56.868651,152.32.x.x,d6d615c3e9728b05,34860,0,NON_MAVLINK_PROBE,SCANNER,0,,2e679bba,NORMAL,0.0
2026-05-12T19:31:14.980754,152.32.x.x,d6d615c3e9728b05,34876,0,NON_MAVLINK_PROBE,SCANNER,0,,543ad6ed,NORMAL,0.0
2026-05-12T19:31:33.071992,152.32.x.x,d6d615c3e9728b05,54594,0,NON_MAVLINK_PROBE,SCANNER,0,,79e0f7b1,NORMAL,0.0
2026-05-12T19:31:51.149038,152.32.x.x,d6d615c3e9728b05,36562,0,NON_MAVLINK_PROBE,SCANNER,0,,080a928f,NORMAL,0.0
2026-05-12T19:32:09.249382,152.32.x.x,d6d615c3e9728b05,49974,0,NON_MAVLINK_PROBE,SCANNER,0,,03c430ed,NORMAL,0.0
2026-05-12T19:32:27.320887,152.32.x.x,d6d615c3e9728b05,58318,0,NON_MAVLINK_PROBE,SCANNER,0,,075a7eb2,NORMAL,0.0
2026-05-12T19:32:45.395500,152.32.x.x,d6d615c3e9728b05,41362,0,NON_MAVLINK_PROBE,SCANNER,0,,05233265,NORMAL,0.0
2026-05-12T19:33:03.507264,152.32.x.x,d6d615c3e9728b05,41608,0,NON_MAVLINK_PROBE,SCANNER,0,,2368dd11,NORMAL,0.0
2026-05-12T19:33:21.599109,152.32.x.x,d6d615c3e9728b05,58134,0,NON_MAVLINK_PROBE,SCANNER,0,,e3d40231,NORMAL,0.0
2026-05-12T19:33:39.692526,152.32.x.x,d6d615c3e9728b05,35998,0,NON_MAVLINK_PROBE,SCANNER,0,,98514c1c,NORMAL,0.0
2026-05-12T19:43:18.038810,206.123.x.x,3be2886b4549a163,36392,0,NON_MAVLINK_PROBE,SCANNER,0,,fb2a384c,NORMAL,0.0
2026-05-12T19:43:18.481287,206.123.x.x,3be2886b4549a163,36406,0,NON_MAVLINK_PROBE,SCANNER,0,,4643460e,NORMAL,0.0
2026-05-12T20:19:33.597157,172.105.x.x,1d75bf74b0cc4a2e,52946,0,NON_MAVLINK_PROBE,SCANNER,0,,e642ac57,NORMAL,0.0
2026-05-12T20:19:34.165745,172.105.x.x,1d75bf74b0cc4a2e,43858,0,NON_MAVLINK_PROBE,SCANNER,0,,424ffce6,NORMAL,0.0
2026-05-12T20:43:09.540382,152.32.x.x,3667b8acafd0d77e,47420,0,NON_MAVLINK_PROBE,SCANNER,0,,70a1f66d,NORMAL,0.0
2026-05-12T20:45:27.230935,45.198.x.x,7db0b45618a77305,39254,0,NON_MAVLINK_PROBE,SCANNER,0,,aa2dacc4,NORMAL,0.0
2026-05-12T20:55:54.458070,204.76.x.x,c804eabb0c6ba4bc,46688,0,NON_MAVLINK_PROBE,SCANNER,0,,a9250c90,NORMAL,0.0
2026-05-12T21:15:39.736024,172.86.x.x,c425f1e2d00478cd,36970,0,NON_MAVLINK_PROBE,SCANNER,0,,a4e33c68,NORMAL,0.0
2026-05-12T21:57:19.114321,205.210.x.x,6e3bd0747438938c,62978,0,NON_MAVLINK_PROBE,SCANNER,0,,fc99bebb,NORMAL,0.0
2026-05-12T21:57:19.124400,205.210.x.x,6e3bd0747438938c,62972,0,NON_MAVLINK_PROBE,SCANNER,0,,9452e71d,NORMAL,0.0
2026-05-12T22:10:24.580664,178.16.x.x,70d7e4fe8d05bc4b,44684,0,NON_MAVLINK_PROBE,SCANNER,0,,269dbc11,NORMAL,0.0
2026-05-12T22:35:19.727833,204.76.x.x,c804eabb0c6ba4bc,57608,0,NON_MAVLINK_PROBE,SCANNER,0,,0f8f350f,NORMAL,0.0
2026-05-12T23:11:17.323789,147.185.x.x,f8b50bdf5288f94d,61742,0,NON_MAVLINK_PROBE,SCANNER,0,,7eae5e69,NORMAL,0.0
2026-05-12T23:34:52.864736,204.76.x.x,c804eabb0c6ba4bc,38854,0,NON_MAVLINK_PROBE,SCANNER,0,,c467f375,NORMAL,0.0
2026-05-12T23:36:04.831685,87.236.x.x,9fb0df5ff695e7e1,53383,0,NON_MAVLINK_PROBE,SCANNER,0,,b31d7a6c,NORMAL,0.0
2026-05-12T23:38:49.367820,198.235.x.x,c68963442c673fe4,56340,0,NON_MAVLINK_PROBE,SCANNER,0,,ca1a8c1b,NORMAL,0.0
2026-05-12T23:57:01.690179,98.93.x.x,85df154d8e44f7e8,37558,0,NON_MAVLINK_PROBE,SCANNER,0,,4f74cd2b,NORMAL,0.0
2026-05-13T00:09:31.763729,190.61.x.x,71614f8c7b8f2830,46638,0,NON_MAVLINK_PROBE,SCANNER,0,,fe33953b,NORMAL,0.0
2026-05-13T00:13:25.292253,143.198.x.x,750edf6bfc841954,44064,0,NON_MAVLINK_PROBE,SCANNER,0,,492cb8bc,NORMAL,0.0
2026-05-13T00:13:28.495407,143.198.x.x,750edf6bfc841954,44076,0,NON_MAVLINK_PROBE,SCANNER,0,,8574a703,NORMAL,0.0
2026-05-13T00:34:31.891497,176.65.x.x,9880f1c3a55845dd,45800,0,NON_MAVLINK_PROBE,SCANNER,0,,c800d93e,NORMAL,0.0
2026-05-13T00:55:42.157339,133.175.x.x,07ffdc3e7c837032,60879,0,NON_MAVLINK_PROBE,SCANNER,0,,52174be6,NORMAL,0.0
2026-05-13T00:57:32.756861,65.49.x.x,f5aa39682ed2eb15,20882,0,NON_MAVLINK_PROBE,SCANNER,0,,d008f61f,NORMAL,0.0
2026-05-13T01:25:27.456451,176.65.x.x,9880f1c3a55845dd,47484,0,NON_MAVLINK_PROBE,SCANNER,0,,2ece4cbd,NORMAL,0.0
2026-05-13T01:32:37.081112,204.76.x.x,c804eabb0c6ba4bc,53498,0,NON_MAVLINK_PROBE,SCANNER,0,,57fce219,NORMAL,0.0
2026-05-13T01:40:59.943298,79.124.x.x,a3dc2bc09007bf5d,60472,0,NON_MAVLINK_PROBE,SCANNER,0,,d3d1f0ba,NORMAL,0.0
2026-05-13T01:50:25.213071,91.92.x.x,78d759e5a430e6ef,54914,0,NON_MAVLINK_PROBE,SCANNER,0,,7bd7b896,NORMAL,0.0
2026-05-13T02:00:24.520785,176.65.x.x,9880f1c3a55845dd,54260,0,NON_MAVLINK_PROBE,SCANNER,0,,0400a282,NORMAL,0.0
2026-05-13T02:16:38.697431,79.124.x.x,a3dc2bc09007bf5d,38998,0,NON_MAVLINK_PROBE,SCANNER,0,,0877389e,NORMAL,0.0
2026-05-13T02:17:29.728095,45.198.x.x,7db0b45618a77305,41814,0,NON_MAVLINK_PROBE,SCANNER,0,,d95e12e6,NORMAL,0.0
2026-05-13T02:30:59.779510,125.41.x.x,b375f887b68fe7de,34571,0,NON_MAVLINK_PROBE,SCANNER,0,,bb2ca691,NORMAL,0.0
2026-05-13T02:32:55.177140,91.92.x.x,78d759e5a430e6ef,64049,0,NON_MAVLINK_PROBE,SCANNER,0,,ae3ada4f,NORMAL,0.0
2026-05-13T02:46:35.950914,204.76.x.x,c804eabb0c6ba4bc,48882,0,NON_MAVLINK_PROBE,SCANNER,0,,2bb9e36e,NORMAL,0.0
2026-05-13T02:47:31.422226,172.239.x.x,b36fdd5b744700ff,34526,0,NON_MAVLINK_PROBE,SCANNER,0,,4a959505,NORMAL,0.0
2026-05-13T02:47:31.426862,172.239.x.x,b36fdd5b744700ff,34532,0,NON_MAVLINK_PROBE,SCANNER,0,,264878e5,NORMAL,0.0
2026-05-13T02:47:41.404166,172.239.x.x,b36fdd5b744700ff,34536,0,NON_MAVLINK_PROBE,SCANNER,0,,bd349fae,NORMAL,0.0
2026-05-13T02:47:41.823501,172.239.x.x,b36fdd5b744700ff,55230,0,NON_MAVLINK_PROBE,SCANNER,0,,ba94a500,NORMAL,0.0
2026-05-13T02:47:51.815122,172.239.x.x,b36fdd5b744700ff,59010,0,NON_MAVLINK_PROBE,SCANNER,0,,844c05b8,NORMAL,0.0
2026-05-13T02:47:52.253761,172.239.x.x,b36fdd5b744700ff,40856,0,NON_MAVLINK_PROBE,SCANNER,0,,ca6a241c,NORMAL,0.0
2026-05-13T02:48:02.260130,172.239.x.x,b36fdd5b744700ff,40870,0,NON_MAVLINK_PROBE,SCANNER,0,,063df5ae,NORMAL,0.0
2026-05-13T03:52:00.524675,176.65.x.x,9880f1c3a55845dd,45294,0,NON_MAVLINK_PROBE,SCANNER,0,,630cd7cf,NORMAL,0.0
2026-05-13T03:59:45.627901,184.105.x.x,c01aa365feb809c6,10684,0,NON_MAVLINK_PROBE,SCANNER,0,,c1c9f677,NORMAL,0.0
2026-05-13T04:23:02.634573,176.65.x.x,9880f1c3a55845dd,57144,0,NON_MAVLINK_PROBE,SCANNER,0,,ee13f461,NORMAL,0.0
2026-05-13T04:25:36.807432,3.130.x.x,df7aa93c9c5b5b54,49122,0,NON_MAVLINK_PROBE,SCANNER,0,,e0fa8103,NORMAL,0.0
2026-05-13T04:26:32.491974,3.130.x.x,df7aa93c9c5b5b54,49578,0,NON_MAVLINK_PROBE,SCANNER,0,,3b5acb63,NORMAL,0.0
2026-05-13T04:28:12.378652,3.130.x.x,df7aa93c9c5b5b54,38816,0,NON_MAVLINK_PROBE,SCANNER,0,,ed4741a8,NORMAL,0.0
2026-05-13T04:29:51.794905,3.130.x.x,df7aa93c9c5b5b54,37646,0,NON_MAVLINK_PROBE,SCANNER,0,,ac0e0fbc,NORMAL,0.0
2026-05-13T04:31:38.736408,3.130.x.x,df7aa93c9c5b5b54,55958,0,NON_MAVLINK_PROBE,SCANNER,0,,c788fa23,NORMAL,0.0
2026-05-13T04:43:01.753604,204.76.x.x,c804eabb0c6ba4bc,48762,0,NON_MAVLINK_PROBE,SCANNER,0,,82baf149,NORMAL,0.0
2026-05-13T05:20:41.822273,185.100.x.x,61b862dc6e351f74,60162,0,NON_MAVLINK_PROBE,SCANNER,0,,4bd1cc89,NORMAL,0.0
2026-05-13T05:25:41.238348,176.65.x.x,9880f1c3a55845dd,59122,0,NON_MAVLINK_PROBE,SCANNER,0,,94bb032c,NORMAL,0.0
2026-05-13T05:33:38.757701,176.65.x.x,9880f1c3a55845dd,50072,0,NON_MAVLINK_PROBE,SCANNER,0,,1bedc3be,NORMAL,0.0
2026-05-13T05:41:57.064736,5.61.x.x,02d770ac3cc5c2c1,32196,0,NON_MAVLINK_PROBE,SCANNER,0,,fe733dfb,NORMAL,0.0
2026-05-13T05:42:31.808436,223.31.x.x,4454cbcd1c41c537,49776,0,NON_MAVLINK_PROBE,SCANNER,0,,cdc092bd,NORMAL,0.0
2026-05-13T05:45:43.684001,204.76.x.x,c804eabb0c6ba4bc,55768,0,NON_MAVLINK_PROBE,SCANNER,0,,0e80c882,NORMAL,0.0
2026-05-13T05:52:00.768605,176.65.x.x,9880f1c3a55845dd,59398,0,NON_MAVLINK_PROBE,SCANNER,0,,087a269f,NORMAL,0.0
2026-05-13T05:59:48.209349,66.240.x.x,14a5d28fc1ae71bc,43050,0,NON_MAVLINK_PROBE,SCANNER,0,,20bdedab,NORMAL,0.0
2026-05-13T05:59:50.591056,66.240.x.x,14a5d28fc1ae71bc,43644,0,NON_MAVLINK_PROBE,SCANNER,0,,56896ec1,NORMAL,0.0
2026-05-13T05:59:51.496965,66.240.x.x,14a5d28fc1ae71bc,44470,0,NON_MAVLINK_PROBE,SCANNER,0,,571c52a1,NORMAL,0.0
2026-05-13T05:59:53.224835,66.240.x.x,14a5d28fc1ae71bc,43986,0,NON_MAVLINK_PROBE,SCANNER,0,,24df9781,NORMAL,0.0
2026-05-13T06:18:25.600046,5.187.x.x,7c5d66f95da34862,6418,0,NON_MAVLINK_PROBE,SCANNER,0,,a045d3de,NORMAL,0.0
2026-05-13T06:24:08.821032,66.240.x.x,14a5d28fc1ae71bc,39182,0,NON_MAVLINK_PROBE,SCANNER,0,,6ecc37a7,NORMAL,0.0
2026-05-13T06:27:03.348872,20.65.x.x,cb751380c2c3049b,58502,0,NON_MAVLINK_PROBE,SCANNER,0,,2458ab33,NORMAL,0.0
2026-05-13T07:00:30.373258,45.198.x.x,7db0b45618a77305,42528,0,NON_MAVLINK_PROBE,SCANNER,0,,6e386f22,NORMAL,0.0
2026-05-13T07:13:28.858032,176.65.x.x,9880f1c3a55845dd,52864,0,NON_MAVLINK_PROBE,SCANNER,0,,f2cf98f0,NORMAL,0.0
2026-05-13T07:17:00.459073,64.62.x.x,6fc4f9175854b645,22808,0,NON_MAVLINK_PROBE,SCANNER,0,,c3274e95,NORMAL,0.0
2026-05-13T07:22:51.256273,204.76.x.x,c804eabb0c6ba4bc,47276,0,NON_MAVLINK_PROBE,SCANNER,0,,8e5d1364,NORMAL,0.0
2026-05-13T07:58:39.366041,130.12.x.x,ad1a1d352a800c18,55076,0,NON_MAVLINK_PROBE,SCANNER,0,,82014e58,NORMAL,0.0
2026-05-13T08:04:50.598689,198.235.x.x,f538f85860315271,65448,0,NON_MAVLINK_PROBE,SCANNER,0,,f5e09293,NORMAL,0.0
2026-05-13T08:16:50.517046,45.198.x.x,7db0b45618a77305,40240,0,NON_MAVLINK_PROBE,SCANNER,0,,58be5257,NORMAL,0.0
2026-05-13T08:35:49.568650,66.132.x.x,69242599cd82a5a8,62052,0,NON_MAVLINK_PROBE,SCANNER,0,,31891fc2,NORMAL,0.0
2026-05-13T08:36:01.267092,66.132.x.x,69242599cd82a5a8,12662,0,NON_MAVLINK_PROBE,SCANNER,0,,09305fef,NORMAL,0.0
2026-05-13T08:36:14.731214,66.132.x.x,69242599cd82a5a8,23394,0,NON_MAVLINK_PROBE,SCANNER,0,,0ffe9ffe,NORMAL,0.0
2026-05-13T08:56:53.354046,66.240.x.x,14a5d28fc1ae71bc,57188,0,NON_MAVLINK_PROBE,SCANNER,0,,160613ff,NORMAL,0.0
2026-05-13T09:06:46.350231,204.76.x.x,c804eabb0c6ba4bc,54278,0,NON_MAVLINK_PROBE,SCANNER,0,,81c0668e,NORMAL,0.0
2026-05-13T09:11:43.455765,64.227.x.x,13c52e0d30d6c4e5,55738,0,NON_MAVLINK_PROBE,SCANNER,0,,dffb446f,NORMAL,0.0
2026-05-13T09:11:43.529355,64.227.x.x,13c52e0d30d6c4e5,55754,0,NON_MAVLINK_PROBE,SCANNER,0,,f1460c73,NORMAL,0.0
2026-05-13T09:11:43.633600,64.227.x.x,13c52e0d30d6c4e5,53546,0,NON_MAVLINK_PROBE,SCANNER,0,,d95737ce,NORMAL,0.0
2026-05-13T09:11:43.641372,64.227.x.x,13c52e0d30d6c4e5,53530,0,NON_MAVLINK_PROBE,SCANNER,0,,81393549,NORMAL,0.0
2026-05-13T09:11:53.708769,64.227.x.x,13c52e0d30d6c4e5,53560,0,NON_MAVLINK_PROBE,SCANNER,0,,ba8f1de1,NORMAL,0.0
2026-05-13T09:11:54.108183,64.227.x.x,13c52e0d30d6c4e5,55762,0,NON_MAVLINK_PROBE,SCANNER,0,,96b83fa0,NORMAL,0.0
2026-05-13T09:11:54.110677,64.227.x.x,13c52e0d30d6c4e5,55758,0,NON_MAVLINK_PROBE,SCANNER,0,,84a9aa17,NORMAL,0.0
2026-05-13T09:11:54.114424,64.227.x.x,13c52e0d30d6c4e5,53576,0,NON_MAVLINK_PROBE,SCANNER,0,,1c152a9b,NORMAL,0.0
2026-05-13T09:19:49.711116,3.129.x.x,e3111d802ac43609,56874,0,NON_MAVLINK_PROBE,SCANNER,0,,6b5f8f8b,NORMAL,0.0
2026-05-13T09:19:50.059405,3.129.x.x,e3111d802ac43609,35878,0,NON_MAVLINK_PROBE,SCANNER,0,,099e0a65,NORMAL,0.0
2026-05-13T09:21:09.925029,91.196.x.x,37076a5191b027aa,55389,0,NON_MAVLINK_PROBE,SCANNER,0,,50c0d788,NORMAL,0.0
2026-05-13T09:21:13.160750,91.196.x.x,37076a5191b027aa,60481,0,NON_MAVLINK_PROBE,SCANNER,0,,748b16c4,NORMAL,0.0
2026-05-13T09:22:27.229657,3.129.x.x,e3111d802ac43609,36760,0,NON_MAVLINK_PROBE,SCANNER,0,,f853cc59,NORMAL,0.0
2026-05-13T09:23:23.861302,3.129.x.x,e3111d802ac43609,47816,0,NON_MAVLINK_PROBE,SCANNER,0,,8d84e8f6,NORMAL,0.0
2026-05-13T09:25:01.751726,3.129.x.x,e3111d802ac43609,36824,0,NON_MAVLINK_PROBE,SCANNER,0,,8f2ef3d6,NORMAL,0.0
2026-05-13T09:46:01.085629,176.65.x.x,9880f1c3a55845dd,33008,0,NON_MAVLINK_PROBE,SCANNER,0,,6267d124,NORMAL,0.0
2026-05-13T09:55:01.482476,130.12.x.x,ad1a1d352a800c18,53796,0,NON_MAVLINK_PROBE,SCANNER,0,,a8238c22,NORMAL,0.0
2026-05-13T10:18:50.339288,176.65.x.x,1c233f18e373798e,16022,0,NON_MAVLINK_PROBE,SCANNER,0,,1305b32f,NORMAL,0.0
2026-05-13T10:40:34.795092,176.65.x.x,9880f1c3a55845dd,36602,0,NON_MAVLINK_PROBE,SCANNER,0,,587153f6,NORMAL,0.0
2026-05-13T10:42:43.875008,173.197.x.x,cf512e18b3994563,51300,0,NON_MAVLINK_PROBE,SCANNER,0,,2c909460,NORMAL,0.0
2026-05-13T10:43:46.244235,173.197.x.x,cf512e18b3994563,60948,0,NON_MAVLINK_PROBE,SCANNER,0,,42772878,NORMAL,0.0
2026-05-13T10:44:37.630453,173.197.x.x,cf512e18b3994563,58236,0,NON_MAVLINK_PROBE,SCANNER,0,,f4dcaee7,NORMAL,0.0
2026-05-13T10:45:12.137928,173.197.x.x,cf512e18b3994563,56781,0,NON_MAVLINK_PROBE,SCANNER,0,,f8f1039a,NORMAL,0.0
2026-05-13T10:52:11.051980,127.0.x.x,ef2f9f91273ffdad,44432,0,NON_MAVLINK_PROBE,SCANNER,0,,40baa517,NORMAL,0.0
2026-05-13T10:52:50.010588,204.76.x.x,c804eabb0c6ba4bc,46058,0,NON_MAVLINK_PROBE,SCANNER,0,,3d140fe1,NORMAL,0.0
2026-05-13T10:59:54.942278,64.62.x.x,6bb2302deddb0328,26550,0,NON_MAVLINK_PROBE,SCANNER,0,,13ea462d,NORMAL,0.0
2026-05-13T11:07:58.711707,205.210.x.x,68f2aa4c96b41f57,58810,0,NON_MAVLINK_PROBE,SCANNER,0,,9e2898f3,NORMAL,0.0
2026-05-13T11:18:41.500693,71.6.x.x,df0f5e8e7bf488af,33528,0,NON_MAVLINK_PROBE,SCANNER,0,,876967f0,NORMAL,0.0
2026-05-13T11:28:06.939816,176.65.x.x,5e6f96c4996c84f9,58808,0,NON_MAVLINK_PROBE,SCANNER,0,,070d9499,NORMAL,0.0
2026-05-13T11:30:43.532297,176.65.x.x,9880f1c3a55845dd,58596,0,NON_MAVLINK_PROBE,SCANNER,0,,43c742ed,NORMAL,0.0
2026-05-13T11:41:42.550860,91.92.x.x,78d759e5a430e6ef,63759,0,NON_MAVLINK_PROBE,SCANNER,0,,7b36ad7b,NORMAL,0.0
2026-05-13T11:50:12.121733,71.6.x.x,df0f5e8e7bf488af,38330,0,NON_MAVLINK_PROBE,SCANNER,0,,1ed04982,NORMAL,0.0
2026-05-13T11:52:49.591793,204.76.x.x,c804eabb0c6ba4bc,44700,0,NON_MAVLINK_PROBE,SCANNER,0,,9e8ef2f0,NORMAL,0.0
2026-05-13T12:11:54.730539,71.6.x.x,df0f5e8e7bf488af,43768,0,NON_MAVLINK_PROBE,SCANNER,0,,5a6c5b46,NORMAL,0.0
2026-05-13T12:16:15.001985,45.205.x.x,8cf65c323720a4c3,53740,0,NON_MAVLINK_PROBE,SCANNER,0,,ea09b7e1,NORMAL,0.0
2026-05-13T12:16:28.092327,45.205.x.x,8cf65c323720a4c3,60116,0,NON_MAVLINK_PROBE,SCANNER,0,,41f8ed3b,NORMAL,0.0
2026-05-13T12:16:41.062499,45.205.x.x,8cf65c323720a4c3,37270,0,NON_MAVLINK_PROBE,SCANNER,0,,2164eabf,NORMAL,0.0
2026-05-13T12:16:54.598615,45.205.x.x,8cf65c323720a4c3,54202,0,NON_MAVLINK_PROBE,SCANNER,0,,99d243b3,NORMAL,0.0
2026-05-13T12:17:08.778382,45.205.x.x,8cf65c323720a4c3,41972,0,NON_MAVLINK_PROBE,SCANNER,0,,34c40d68,NORMAL,0.0
2026-05-13T12:17:21.293965,45.205.x.x,8cf65c323720a4c3,57828,0,NON_MAVLINK_PROBE,SCANNER,0,,2b538a4c,NORMAL,0.0
2026-05-13T12:17:35.462896,45.205.x.x,8cf65c323720a4c3,44830,0,NON_MAVLINK_PROBE,SCANNER,0,,d6e149b3,NORMAL,0.0
2026-05-13T12:24:05.223650,93.152.x.x,d165d6481056767d,51154,0,NON_MAVLINK_PROBE,SCANNER,0,,e9865f1c,NORMAL,0.0
2026-05-13T12:24:05.670982,93.152.x.x,d165d6481056767d,51158,0,NON_MAVLINK_PROBE,SCANNER,0,,20c1db6c,NORMAL,0.0
2026-05-13T12:25:47.183139,45.198.x.x,7db0b45618a77305,39642,0,NON_MAVLINK_PROBE,SCANNER,0,,43fdc423,NORMAL,0.0
2026-05-13T12:25:57.239135,91.92.x.x,78d759e5a430e6ef,58179,0,NON_MAVLINK_PROBE,SCANNER,0,,17cebf05,NORMAL,0.0
2026-05-13T12:33:54.020880,47.254.x.x,baced772aa8bd80e,41516,0,NON_MAVLINK_PROBE,SCANNER,0,,fb0f53ce,NORMAL,0.0
2026-05-13T12:34:07.238933,47.254.x.x,baced772aa8bd80e,25970,0,NON_MAVLINK_PROBE,SCANNER,0,,10e07372,NORMAL,0.0
2026-05-13T12:34:20.468087,47.254.x.x,baced772aa8bd80e,14468,0,NON_MAVLINK_PROBE,SCANNER,0,,af7a114c,NORMAL,0.0
2026-05-13T12:34:33.716994,47.254.x.x,baced772aa8bd80e,29120,0,NON_MAVLINK_PROBE,SCANNER,0,,2768fc66,NORMAL,0.0
2026-05-13T12:34:46.947347,47.254.x.x,baced772aa8bd80e,22176,0,NON_MAVLINK_PROBE,SCANNER,0,,549b71d9,NORMAL,0.0
2026-05-13T12:35:00.289052,47.254.x.x,baced772aa8bd80e,32312,0,NON_MAVLINK_PROBE,SCANNER,0,,24bdf267,NORMAL,0.0
2026-05-13T12:35:04.623056,71.6.x.x,df0f5e8e7bf488af,47386,0,NON_MAVLINK_PROBE,SCANNER,0,,32d3af66,NORMAL,0.0
2026-05-13T12:35:07.201587,71.6.x.x,df0f5e8e7bf488af,49090,0,NON_MAVLINK_PROBE,SCANNER,0,,2d1c190a,NORMAL,0.0
2026-05-13T12:35:07.211450,71.6.x.x,df0f5e8e7bf488af,49954,0,NON_MAVLINK_PROBE,SCANNER,0,,58f3fdf9,NORMAL,0.0
2026-05-13T12:35:08.000276,71.6.x.x,df0f5e8e7bf488af,48324,0,NON_MAVLINK_PROBE,SCANNER,0,,b8d451b5,NORMAL,0.0
2026-05-13T12:35:13.403609,47.254.x.x,baced772aa8bd80e,45424,0,NON_MAVLINK_PROBE,SCANNER,0,,51d13730,NORMAL,0.0
2026-05-13T12:35:26.699251,47.254.x.x,baced772aa8bd80e,55612,0,NON_MAVLINK_PROBE,SCANNER,0,,4bcddcd2,NORMAL,0.0
2026-05-13T12:38:55.253985,5.61.x.x,02d770ac3cc5c2c1,42418,0,NON_MAVLINK_PROBE,SCANNER,0,,e0684da7,NORMAL,0.0
2026-05-13T12:42:01.341650,69.5.x.x,ed59720b9ce0fe25,3118,0,NON_MAVLINK_PROBE,SCANNER,0,,3e5a0ba8,NORMAL,0.0
2026-05-13T12:42:35.994999,69.5.x.x,49d6c6e40e0cb2ce,44134,0,NON_MAVLINK_PROBE,SCANNER,0,,57bac656,NORMAL,0.0
2026-05-13T12:52:21.047657,83.140.x.x,79ea4b95b04776cf,36750,0,NON_MAVLINK_PROBE,SCANNER,0,,4b7cbb3c,NORMAL,0.0
2026-05-13T12:52:21.436850,83.140.x.x,79ea4b95b04776cf,44288,0,NON_MAVLINK_PROBE,SCANNER,0,,a6afd7c8,NORMAL,0.0
2026-05-13T12:52:31.398477,146.247.x.x,bbd7522517925b2f,40819,0,NON_MAVLINK_PROBE,SCANNER,0,,e780358e,NORMAL,0.0
2026-05-13T12:52:32.073143,83.140.x.x,79ea4b95b04776cf,47682,0,NON_MAVLINK_PROBE,SCANNER,0,,d0bb482e,NORMAL,0.0
2026-05-13T12:52:32.496558,83.140.x.x,79ea4b95b04776cf,47694,0,NON_MAVLINK_PROBE,SCANNER,0,,f99a47d0,NORMAL,0.0
2026-05-13T12:52:42.406454,83.140.x.x,8ec5648163bde277,42379,0,NON_MAVLINK_PROBE,SCANNER,0,,4737fe85,NORMAL,0.0
2026-05-13T13:01:26.985987,93.123.x.x,764db62964d2bb05,50938,0,NON_MAVLINK_PROBE,SCANNER,0,,923db6c2,NORMAL,0.0
2026-05-13T13:14:41.408648,45.153.x.x,0b28fdd13c52a535,60150,0,NON_MAVLINK_PROBE,SCANNER,0,,f68fd45c,NORMAL,0.0
2026-05-13T13:33:24.104720,185.150.x.x,414e65f300c22e61,50452,0,NON_MAVLINK_PROBE,SCANNER,0,,b50d3068,NORMAL,0.0
2026-05-13T13:33:24.108585,185.150.x.x,414e65f300c22e61,50468,0,NON_MAVLINK_PROBE,SCANNER,0,,1f8f7b9a,NORMAL,0.0
2026-05-13T13:33:24.737778,185.150.x.x,414e65f300c22e61,50484,0,NON_MAVLINK_PROBE,SCANNER,0,,23a12597,NORMAL,0.0
2026-05-13T13:33:24.806887,185.150.x.x,414e65f300c22e61,50494,0,NON_MAVLINK_PROBE,SCANNER,0,,fde2fd89,NORMAL,0.0
2026-05-13T13:33:25.511766,185.150.x.x,414e65f300c22e61,50504,0,NON_MAVLINK_PROBE,SCANNER,0,,127d99ec,NORMAL,0.0
2026-05-13T13:33:25.517332,185.150.x.x,414e65f300c22e61,50514,0,NON_MAVLINK_PROBE,SCANNER,0,,de4a346f,NORMAL,0.0
2026-05-13T13:33:25.599919,185.150.x.x,414e65f300c22e61,50502,0,NON_MAVLINK_PROBE,SCANNER,0,,44ea8e20,NORMAL,0.0
2026-05-13T13:33:25.694485,185.150.x.x,414e65f300c22e61,50528,0,NON_MAVLINK_PROBE,SCANNER,0,,f9ff2471,NORMAL,0.0
2026-05-13T13:33:26.479402,185.150.x.x,414e65f300c22e61,50552,0,NON_MAVLINK_PROBE,SCANNER,0,,fec27134,NORMAL,0.0
2026-05-13T13:33:26.495320,185.150.x.x,414e65f300c22e61,50542,0,NON_MAVLINK_PROBE,SCANNER,0,,e16a9065,NORMAL,0.0
2026-05-13T13:33:26.686213,185.150.x.x,414e65f300c22e61,50566,0,NON_MAVLINK_PROBE,SCANNER,0,,08327927,NORMAL,0.0
2026-05-13T13:33:26.688270,185.150.x.x,414e65f300c22e61,50556,0,NON_MAVLINK_PROBE,SCANNER,0,,633cc7e4,NORMAL,0.0
2026-05-13T13:33:26.885357,185.150.x.x,414e65f300c22e61,45230,0,NON_MAVLINK_PROBE,SCANNER,0,,b8b5f954,NORMAL,0.0
2026-05-13T13:33:26.901073,185.150.x.x,414e65f300c22e61,45214,0,NON_MAVLINK_PROBE,SCANNER,0,,386d3499,NORMAL,0.0
2026-05-13T13:33:26.940832,185.150.x.x,414e65f300c22e61,45252,0,NON_MAVLINK_PROBE,SCANNER,0,,f2073570,NORMAL,0.0
2026-05-13T13:33:26.949765,185.150.x.x,414e65f300c22e61,45244,0,NON_MAVLINK_PROBE,SCANNER,0,,f2b1433d,NORMAL,0.0
2026-05-13T13:33:27.303604,185.150.x.x,414e65f300c22e61,45266,0,NON_MAVLINK_PROBE,SCANNER,0,,c5b7c921,NORMAL,0.0
2026-05-13T13:33:27.307130,185.150.x.x,414e65f300c22e61,45232,0,NON_MAVLINK_PROBE,SCANNER,0,,6e766e1e,NORMAL,0.0
2026-05-13T13:33:27.556292,185.150.x.x,414e65f300c22e61,45300,0,NON_MAVLINK_PROBE,SCANNER,0,,e8d7b31c,NORMAL,0.0
2026-05-13T13:33:27.869059,185.150.x.x,414e65f300c22e61,45314,0,NON_MAVLINK_PROBE,SCANNER,0,,7f8681ec,NORMAL,0.0
2026-05-13T13:33:27.917715,185.150.x.x,414e65f300c22e61,45324,0,NON_MAVLINK_PROBE,SCANNER,0,,e21384cc,NORMAL,0.0
2026-05-13T13:33:28.951906,185.150.x.x,414e65f300c22e61,45342,0,NON_MAVLINK_PROBE,SCANNER,0,,d4d748fe,NORMAL,0.0
2026-05-13T13:33:28.973446,185.150.x.x,414e65f300c22e61,45338,0,NON_MAVLINK_PROBE,SCANNER,0,,da5bbc20,NORMAL,0.0
2026-05-13T13:33:29.041712,185.150.x.x,414e65f300c22e61,45348,0,NON_MAVLINK_PROBE,SCANNER,0,,5f71f651,NORMAL,0.0
2026-05-13T13:33:29.269528,185.150.x.x,414e65f300c22e61,45352,0,NON_MAVLINK_PROBE,SCANNER,0,,3a0439fd,NORMAL,0.0
2026-05-13T13:33:29.636836,185.150.x.x,414e65f300c22e61,45354,0,NON_MAVLINK_PROBE,SCANNER,0,,12d7fc13,NORMAL,0.0
2026-05-13T13:33:29.719814,185.150.x.x,414e65f300c22e61,45362,0,NON_MAVLINK_PROBE,SCANNER,0,,eb61acc1,NORMAL,0.0
2026-05-13T13:33:29.777524,185.150.x.x,414e65f300c22e61,45374,0,NON_MAVLINK_PROBE,SCANNER,0,,e20b64d2,NORMAL,0.0
2026-05-13T13:33:29.815336,185.150.x.x,414e65f300c22e61,45358,0,NON_MAVLINK_PROBE,SCANNER,0,,ca3a85ad,NORMAL,0.0
2026-05-13T13:36:04.057570,31.14.x.x,10eb994e0c08afe3,7290,0,NON_MAVLINK_PROBE,SCANNER,0,,03a767d0,NORMAL,0.0
2026-05-13T13:36:48.853210,69.5.x.x,9d86008b9603c62a,31412,0,NON_MAVLINK_PROBE,SCANNER,0,,de9f5f50,NORMAL,0.0
2026-05-13T13:39:29.409364,204.76.x.x,c804eabb0c6ba4bc,47548,0,NON_MAVLINK_PROBE,SCANNER,0,,e251e6ab,NORMAL,0.0
2026-05-13T13:39:55.441227,45.198.x.x,7db0b45618a77305,56734,0,NON_MAVLINK_PROBE,SCANNER,0,,6f80598f,NORMAL,0.0
2026-05-13T13:42:05.494729,66.240.x.x,14a5d28fc1ae71bc,43174,0,NON_MAVLINK_PROBE,SCANNER,0,,15ef9e18,NORMAL,0.0
2026-05-13T13:57:37.234380,69.5.x.x,b299f8807c98e452,11006,0,NON_MAVLINK_PROBE,SCANNER,0,,19e1da48,NORMAL,0.0
2026-05-13T13:58:21.885392,69.5.x.x,2987516e85b504e8,24058,0,NON_MAVLINK_PROBE,SCANNER,0,,be2193cd,NORMAL,0.0
2026-05-13T14:39:31.857224,74.82.x.x,cf286f3d9a1aab67,34334,0,NON_MAVLINK_PROBE,SCANNER,0,,c6ac0c3f,NORMAL,0.0
2026-05-13T14:41:22.248874,176.65.x.x,3caaee43e61f0c4c,43272,0,NON_MAVLINK_PROBE,SCANNER,0,,05b3b17e,NORMAL,0.0
2026-05-13T14:44:33.097536,204.76.x.x,c804eabb0c6ba4bc,47498,0,NON_MAVLINK_PROBE,SCANNER,0,,0ef74950,NORMAL,0.0
2026-05-13T14:49:58.931508,20.98.x.x,e457c7d08f999605,56936,0,NON_MAVLINK_PROBE,SCANNER,0,,549436e6,NORMAL,0.0
2026-05-13T14:49:59.426359,20.98.x.x,e457c7d08f999605,60112,0,NON_MAVLINK_PROBE,SCANNER,0,,319962ac,NORMAL,0.0
2026-05-13T14:50:24.739230,204.76.x.x,89cc37b19d5cd37b,37812,0,NON_MAVLINK_PROBE,SCANNER,0,,027add88,NORMAL,0.0
2026-05-13T14:54:08.284623,45.142.x.x,d64285cf35e0aea9,40738,0,NON_MAVLINK_PROBE,SCANNER,0,,62f542a9,NORMAL,0.0
2026-05-13T15:13:36.340021,176.65.x.x,55a7b7f15fe7b86a,38128,0,NON_MAVLINK_PROBE,SCANNER,0,,21b1c5c0,NORMAL,0.0
2026-05-13T15:16:07.928490,91.92.x.x,78d759e5a430e6ef,54278,0,NON_MAVLINK_PROBE,SCANNER,0,,408d92bb,NORMAL,0.0
2026-05-13T15:48:43.621726,176.65.x.x,e7884f4887563b62,34826,0,NON_MAVLINK_PROBE,SCANNER,0,,f7ba95d7,NORMAL,0.0
2026-05-13T15:48:53.765038,176.65.x.x,e7884f4887563b62,61594,0,NON_MAVLINK_PROBE,SCANNER,0,,7540b78c,NORMAL,0.0
2026-05-13T15:55:54.446064,165.154.x.x,809bdceff1b01d8f,50204,0,NON_MAVLINK_PROBE,SCANNER,0,,86da2482,NORMAL,0.0
2026-05-13T15:55:57.142127,165.154.x.x,809bdceff1b01d8f,50884,0,NON_MAVLINK_PROBE,SCANNER,0,,f34f1299,NORMAL,0.0
2026-05-13T15:55:59.970995,165.154.x.x,809bdceff1b01d8f,51556,0,NON_MAVLINK_PROBE,SCANNER,0,,edfa945b,NORMAL,0.0
2026-05-13T15:56:02.765090,165.154.x.x,809bdceff1b01d8f,52348,0,NON_MAVLINK_PROBE,SCANNER,0,,d6735139,NORMAL,0.0
2026-05-13T15:56:05.550932,165.154.x.x,809bdceff1b01d8f,53026,0,NON_MAVLINK_PROBE,SCANNER,0,,ecdf356a,NORMAL,0.0
2026-05-13T15:56:08.347852,165.154.x.x,809bdceff1b01d8f,53692,0,NON_MAVLINK_PROBE,SCANNER,0,,30cfa07e,NORMAL,0.0
2026-05-13T15:56:11.165290,165.154.x.x,809bdceff1b01d8f,54356,0,NON_MAVLINK_PROBE,SCANNER,0,,48abcfd0,NORMAL,0.0
2026-05-13T15:56:13.954676,165.154.x.x,809bdceff1b01d8f,55150,0,NON_MAVLINK_PROBE,SCANNER,0,,ebfec45d,NORMAL,0.0
2026-05-13T15:56:16.771089,165.154.x.x,809bdceff1b01d8f,55780,0,NON_MAVLINK_PROBE,SCANNER,0,,e6be40fe,NORMAL,0.0
2026-05-13T15:56:19.573637,165.154.x.x,809bdceff1b01d8f,56418,0,NON_MAVLINK_PROBE,SCANNER,0,,1aefa931,NORMAL,0.0
2026-05-13T15:56:22.353622,165.154.x.x,809bdceff1b01d8f,57148,0,NON_MAVLINK_PROBE,SCANNER,0,,58eb350e,NORMAL,0.0
2026-05-13T15:56:25.223853,165.154.x.x,809bdceff1b01d8f,57858,0,NON_MAVLINK_PROBE,SCANNER,0,,ae0f3be0,NORMAL,0.0
2026-05-13T15:56:27.985656,165.154.x.x,809bdceff1b01d8f,58478,0,NON_MAVLINK_PROBE,SCANNER,0,,9716fda8,NORMAL,0.0
2026-05-13T15:56:30.745210,165.154.x.x,809bdceff1b01d8f,59164,0,NON_MAVLINK_PROBE,SCANNER,0,,fbfae71c,NORMAL,0.0
2026-05-13T15:56:33.543839,165.154.x.x,809bdceff1b01d8f,59820,0,NON_MAVLINK_PROBE,SCANNER,0,,66b8f14d,NORMAL,0.0
2026-05-13T15:56:36.342706,165.154.x.x,809bdceff1b01d8f,60470,0,NON_MAVLINK_PROBE,SCANNER,0,,b8c7d79e,NORMAL,0.0
2026-05-13T15:56:39.140106,165.154.x.x,809bdceff1b01d8f,32852,0,NON_MAVLINK_PROBE,SCANNER,0,,a6feee4e,NORMAL,0.0
2026-05-13T15:56:41.947973,165.154.x.x,809bdceff1b01d8f,33582,0,NON_MAVLINK_PROBE,SCANNER,0,,1f42c74d,NORMAL,0.0
2026-05-13T15:56:44.727189,165.154.x.x,809bdceff1b01d8f,34138,0,NON_MAVLINK_PROBE,SCANNER,0,,c6db2269,NORMAL,0.0
2026-05-13T15:56:47.534709,165.154.x.x,809bdceff1b01d8f,34784,0,NON_MAVLINK_PROBE,SCANNER,0,,83b4b40e,NORMAL,0.0
2026-05-13T15:56:50.350959,165.154.x.x,809bdceff1b01d8f,35398,0,NON_MAVLINK_PROBE,SCANNER,0,,12e6bf4f,NORMAL,0.0
2026-05-13T15:56:53.170884,165.154.x.x,809bdceff1b01d8f,36116,0,NON_MAVLINK_PROBE,SCANNER,0,,26b33c76,NORMAL,0.0
2026-05-13T15:56:55.987255,165.154.x.x,809bdceff1b01d8f,36760,0,NON_MAVLINK_PROBE,SCANNER,0,,4b3189e0,NORMAL,0.0
2026-05-13T15:56:58.810883,165.154.x.x,809bdceff1b01d8f,37568,0,NON_MAVLINK_PROBE,SCANNER,0,,d1685433,NORMAL,0.0
2026-05-13T15:57:01.575632,165.154.x.x,809bdceff1b01d8f,38326,0,NON_MAVLINK_PROBE,SCANNER,0,,4a7425e1,NORMAL,0.0
2026-05-13T15:57:04.340750,165.154.x.x,809bdceff1b01d8f,38994,0,NON_MAVLINK_PROBE,SCANNER,0,,2e7651a0,NORMAL,0.0
2026-05-13T15:57:07.163556,165.154.x.x,809bdceff1b01d8f,39698,0,NON_MAVLINK_PROBE,SCANNER,0,,9075db3a,NORMAL,0.0
2026-05-13T15:57:09.928020,165.154.x.x,809bdceff1b01d8f,40350,0,NON_MAVLINK_PROBE,SCANNER,0,,881540f3,NORMAL,0.0
2026-05-13T15:57:12.718244,165.154.x.x,809bdceff1b01d8f,41044,0,NON_MAVLINK_PROBE,SCANNER,0,,2466e4ce,NORMAL,0.0
2026-05-13T15:57:15.494604,165.154.x.x,809bdceff1b01d8f,41658,0,NON_MAVLINK_PROBE,SCANNER,0,,86db5f0a,NORMAL,0.0
2026-05-13T15:57:18.269561,165.154.x.x,809bdceff1b01d8f,42324,0,NON_MAVLINK_PROBE,SCANNER,0,,fb5cd502,NORMAL,0.0
2026-05-13T15:57:21.155679,165.154.x.x,809bdceff1b01d8f,42974,0,NON_MAVLINK_PROBE,SCANNER,0,,83a78430,NORMAL,0.0
2026-05-13T15:57:23.895915,165.154.x.x,809bdceff1b01d8f,43638,0,NON_MAVLINK_PROBE,SCANNER,0,,717c11b9,NORMAL,0.0
2026-05-13T15:57:26.707147,165.154.x.x,809bdceff1b01d8f,44274,0,NON_MAVLINK_PROBE,SCANNER,0,,09d4149e,NORMAL,0.0
2026-05-13T15:57:29.505041,165.154.x.x,809bdceff1b01d8f,44960,0,NON_MAVLINK_PROBE,SCANNER,0,,416bd382,NORMAL,0.0
2026-05-13T15:57:32.276799,165.154.x.x,809bdceff1b01d8f,45622,0,NON_MAVLINK_PROBE,SCANNER,0,,c05836df,NORMAL,0.0
2026-05-13T15:57:35.125166,165.154.x.x,809bdceff1b01d8f,46350,0,NON_MAVLINK_PROBE,SCANNER,0,,1454d4a9,NORMAL,0.0
2026-05-13T15:57:37.907034,165.154.x.x,809bdceff1b01d8f,46988,0,NON_MAVLINK_PROBE,SCANNER,0,,c2d61b25,NORMAL,0.0
2026-05-13T15:57:40.794954,165.154.x.x,809bdceff1b01d8f,47676,0,NON_MAVLINK_PROBE,SCANNER,0,,9c8d8667,NORMAL,0.0
2026-05-13T15:57:43.544595,165.154.x.x,809bdceff1b01d8f,48290,0,NON_MAVLINK_PROBE,SCANNER,0,,8694c71e,NORMAL,0.0
2026-05-13T15:57:46.317512,165.154.x.x,809bdceff1b01d8f,49098,0,NON_MAVLINK_PROBE,SCANNER,0,,9a37b80b,NORMAL,0.0
2026-05-13T15:57:49.091969,165.154.x.x,809bdceff1b01d8f,49832,0,NON_MAVLINK_PROBE,SCANNER,0,,20958614,NORMAL,0.0
2026-05-13T15:57:51.864587,165.154.x.x,809bdceff1b01d8f,50560,0,NON_MAVLINK_PROBE,SCANNER,0,,6a5d8675,NORMAL,0.0
2026-05-13T15:57:54.707061,165.154.x.x,809bdceff1b01d8f,51302,0,NON_MAVLINK_PROBE,SCANNER,0,,daf62902,NORMAL,0.0
2026-05-13T15:57:57.503821,165.154.x.x,809bdceff1b01d8f,52048,0,NON_MAVLINK_PROBE,SCANNER,0,,1f0409af,NORMAL,0.0
2026-05-13T15:58:00.285080,165.154.x.x,809bdceff1b01d8f,52700,0,NON_MAVLINK_PROBE,SCANNER,0,,cc62d4c2,NORMAL,0.0
2026-05-13T15:58:03.164066,165.154.x.x,809bdceff1b01d8f,53458,0,NON_MAVLINK_PROBE,SCANNER,0,,eed73d54,NORMAL,0.0
2026-05-13T15:58:05.951073,165.154.x.x,809bdceff1b01d8f,54214,0,NON_MAVLINK_PROBE,SCANNER,0,,f3d2ba44,NORMAL,0.0
2026-05-13T15:58:08.770100,165.154.x.x,809bdceff1b01d8f,54900,0,NON_MAVLINK_PROBE,SCANNER,0,,5d44d34a,NORMAL,0.0
2026-05-13T15:58:11.544143,165.154.x.x,809bdceff1b01d8f,55574,0,NON_MAVLINK_PROBE,SCANNER,0,,30d0482b,NORMAL,0.0
2026-05-13T15:58:14.374290,165.154.x.x,809bdceff1b01d8f,56236,0,NON_MAVLINK_PROBE,SCANNER,0,,fd100d8f,NORMAL,0.0
2026-05-13T15:58:17.139002,165.154.x.x,809bdceff1b01d8f,56850,0,NON_MAVLINK_PROBE,SCANNER,0,,4f1307bc,NORMAL,0.0
2026-05-13T15:58:19.940312,165.154.x.x,809bdceff1b01d8f,57460,0,NON_MAVLINK_PROBE,SCANNER,0,,4211766f,NORMAL,0.0
2026-05-13T15:58:22.753467,165.154.x.x,809bdceff1b01d8f,58112,0,NON_MAVLINK_PROBE,SCANNER,0,,608ebd66,NORMAL,0.0
2026-05-13T15:58:25.501881,165.154.x.x,809bdceff1b01d8f,58796,0,NON_MAVLINK_PROBE,SCANNER,0,,f051212a,NORMAL,0.0
2026-05-13T15:58:28.285354,165.154.x.x,809bdceff1b01d8f,59502,0,NON_MAVLINK_PROBE,SCANNER,0,,946956d9,NORMAL,0.0
2026-05-13T15:58:31.071631,165.154.x.x,809bdceff1b01d8f,60134,0,NON_MAVLINK_PROBE,SCANNER,0,,24a128cd,NORMAL,0.0
2026-05-13T15:58:33.881456,165.154.x.x,809bdceff1b01d8f,60810,0,NON_MAVLINK_PROBE,SCANNER,0,,8ffa3d95,NORMAL,0.0
2026-05-13T15:58:36.678086,165.154.x.x,809bdceff1b01d8f,33224,0,NON_MAVLINK_PROBE,SCANNER,0,,71d58463,NORMAL,0.0
2026-05-13T15:58:39.488449,165.154.x.x,809bdceff1b01d8f,33872,0,NON_MAVLINK_PROBE,SCANNER,0,,fb230f8b,NORMAL,0.0
2026-05-13T15:58:42.357351,165.154.x.x,809bdceff1b01d8f,34474,0,NON_MAVLINK_PROBE,SCANNER,0,,6afa364e,NORMAL,0.0
2026-05-13T15:58:45.139430,165.154.x.x,809bdceff1b01d8f,35056,0,NON_MAVLINK_PROBE,SCANNER,0,,1f02fb03,NORMAL,0.0
2026-05-13T15:58:47.949980,165.154.x.x,809bdceff1b01d8f,35714,0,NON_MAVLINK_PROBE,SCANNER,0,,86709217,NORMAL,0.0
2026-05-13T15:58:50.740592,165.154.x.x,809bdceff1b01d8f,36356,0,NON_MAVLINK_PROBE,SCANNER,0,,7e3f1f66,NORMAL,0.0
2026-05-13T15:58:53.550761,165.154.x.x,809bdceff1b01d8f,37210,0,NON_MAVLINK_PROBE,SCANNER,0,,03537d44,NORMAL,0.0
2026-05-13T15:58:56.404092,165.154.x.x,809bdceff1b01d8f,37922,0,NON_MAVLINK_PROBE,SCANNER,0,,420309e8,NORMAL,0.0
2026-05-13T15:58:59.215636,165.154.x.x,809bdceff1b01d8f,38570,0,NON_MAVLINK_PROBE,SCANNER,0,,7fc57a63,NORMAL,0.0
2026-05-13T15:59:02.018623,165.154.x.x,809bdceff1b01d8f,39606,0,NON_MAVLINK_PROBE,SCANNER,0,,11d0c946,NORMAL,0.0
2026-05-13T15:59:04.847427,165.154.x.x,809bdceff1b01d8f,40674,0,NON_MAVLINK_PROBE,SCANNER,0,,97c56575,NORMAL,0.0
2026-05-13T15:59:07.617461,165.154.x.x,809bdceff1b01d8f,41412,0,NON_MAVLINK_PROBE,SCANNER,0,,b5f1bb40,NORMAL,0.0
2026-05-13T15:59:11.579223,165.154.x.x,809bdceff1b01d8f,42240,0,NON_MAVLINK_PROBE,SCANNER,0,,b5e7eb09,NORMAL,0.0
2026-05-13T15:59:15.203030,165.154.x.x,809bdceff1b01d8f,43332,0,NON_MAVLINK_PROBE,SCANNER,0,,c311c111,NORMAL,0.0
2026-05-13T15:59:17.994486,165.154.x.x,809bdceff1b01d8f,44882,0,NON_MAVLINK_PROBE,SCANNER,0,,89e61666,NORMAL,0.0
2026-05-13T16:08:32.025935,204.76.x.x,c804eabb0c6ba4bc,48696,0,NON_MAVLINK_PROBE,SCANNER,0,,fcacd59f,NORMAL,0.0
2026-05-13T16:12:42.776725,103.149.x.x,5725bfe1a423d54c,50823,0,NON_MAVLINK_PROBE,SCANNER,0,,c42a5f03,NORMAL,0.0
2026-05-13T16:27:09.328524,130.12.x.x,ad1a1d352a800c18,53554,0,NON_MAVLINK_PROBE,SCANNER,0,,c0970820,NORMAL,0.0
2026-05-13T16:34:56.762871,50.116.x.x,9bad4b5117680e51,50890,0,NON_MAVLINK_PROBE,SCANNER,0,,c2905a14,NORMAL,0.0
2026-05-13T16:36:51.559395,103.149.x.x,5725bfe1a423d54c,63466,0,NON_MAVLINK_PROBE,SCANNER,0,,dd0f3e6a,NORMAL,0.0
2026-05-13T16:37:42.391912,65.49.x.x,c366b9fa285e0465,49038,0,NON_MAVLINK_PROBE,SCANNER,0,,f2d5b529,NORMAL,0.0
2026-05-13T16:44:30.268745,204.76.x.x,89cc37b19d5cd37b,58322,0,NON_MAVLINK_PROBE,SCANNER,0,,31db6c23,NORMAL,0.0
2026-05-13T16:45:51.376227,176.65.x.x,e7884f4887563b62,55662,0,NON_MAVLINK_PROBE,SCANNER,0,,3a1a530d,NORMAL,0.0
2026-05-13T16:46:01.554249,176.65.x.x,e7884f4887563b62,14766,0,NON_MAVLINK_PROBE,SCANNER,0,,191943e4,NORMAL,0.0
2026-05-13T17:01:16.295685,103.149.x.x,5725bfe1a423d54c,59708,0,NON_MAVLINK_PROBE,SCANNER,0,,daa1a7b7,NORMAL,0.0
2026-05-13T17:26:12.855712,103.149.x.x,5725bfe1a423d54c,55959,0,NON_MAVLINK_PROBE,SCANNER,0,,e9c25e9e,NORMAL,0.0
2026-05-13T17:29:04.023630,71.6.x.x,b40ce84d0ba39368,45032,0,NON_MAVLINK_PROBE,SCANNER,0,,dd7aae72,NORMAL,0.0
2026-05-13T17:29:04.312574,71.6.x.x,b40ce84d0ba39368,40950,0,NON_MAVLINK_PROBE,SCANNER,0,,7bef10c7,NORMAL,0.0
2026-05-13T17:29:04.493743,71.6.x.x,b40ce84d0ba39368,47444,0,NON_MAVLINK_PROBE,SCANNER,0,,6adef569,NORMAL,0.0
2026-05-13T17:29:04.798805,71.6.x.x,b40ce84d0ba39368,55788,0,NON_MAVLINK_PROBE,SCANNER,0,,a7f426ec,NORMAL,0.0
2026-05-13T17:29:18.039815,71.6.x.x,b40ce84d0ba39368,46532,0,NON_MAVLINK_PROBE,SCANNER,0,,f39abd5d,NORMAL,0.0
2026-05-13T17:29:18.055346,71.6.x.x,b40ce84d0ba39368,33626,0,NON_MAVLINK_PROBE,SCANNER,0,,3151247a,NORMAL,0.0
2026-05-13T17:29:18.065988,71.6.x.x,b40ce84d0ba39368,43828,0,NON_MAVLINK_PROBE,SCANNER,0,,b32de13b,NORMAL,0.0
2026-05-13T17:29:18.068047,71.6.x.x,b40ce84d0ba39368,35648,0,NON_MAVLINK_PROBE,SCANNER,0,,36aefd8e,NORMAL,0.0
2026-05-13T17:29:23.283349,71.6.x.x,b40ce84d0ba39368,59378,0,NON_MAVLINK_PROBE,SCANNER,0,,cd918e5c,NORMAL,0.0
2026-05-13T17:29:23.284561,71.6.x.x,b40ce84d0ba39368,42814,0,NON_MAVLINK_PROBE,SCANNER,0,,6aa38121,NORMAL,0.0
2026-05-13T17:29:23.297994,71.6.x.x,b40ce84d0ba39368,46902,0,NON_MAVLINK_PROBE,SCANNER,0,,3ec04555,NORMAL,0.0
2026-05-13T17:29:23.297571,71.6.x.x,b40ce84d0ba39368,41600,0,NON_MAVLINK_PROBE,SCANNER,0,,f2ecb90b,NORMAL,0.0
2026-05-13T17:29:28.486843,71.6.x.x,b40ce84d0ba39368,42816,0,NON_MAVLINK_PROBE,SCANNER,0,,c29e86e4,NORMAL,0.0
2026-05-13T17:29:28.523982,71.6.x.x,b40ce84d0ba39368,46904,0,NON_MAVLINK_PROBE,SCANNER,0,,c4828447,NORMAL,0.0
2026-05-13T17:29:28.523531,71.6.x.x,b40ce84d0ba39368,59390,0,NON_MAVLINK_PROBE,SCANNER,0,,db947546,NORMAL,0.0
2026-05-13T17:29:28.532009,71.6.x.x,b40ce84d0ba39368,41610,0,NON_MAVLINK_PROBE,SCANNER,0,,7f9d2828,NORMAL,0.0
2026-05-13T17:29:33.809108,71.6.x.x,b40ce84d0ba39368,44170,0,NON_MAVLINK_PROBE,SCANNER,0,,3b344abc,NORMAL,0.0
2026-05-13T17:29:33.812455,71.6.x.x,b40ce84d0ba39368,52302,0,NON_MAVLINK_PROBE,SCANNER,0,,2310571f,NORMAL,0.0
2026-05-13T17:29:33.815542,71.6.x.x,b40ce84d0ba39368,60648,0,NON_MAVLINK_PROBE,SCANNER,0,,d963818a,NORMAL,0.0
2026-05-13T17:29:33.829596,71.6.x.x,b40ce84d0ba39368,59736,0,NON_MAVLINK_PROBE,SCANNER,0,,92795104,NORMAL,0.0
2026-05-13T17:29:39.013685,71.6.x.x,b40ce84d0ba39368,60650,0,NON_MAVLINK_PROBE,SCANNER,0,,73a8b576,NORMAL,0.0
2026-05-13T17:29:39.013270,71.6.x.x,b40ce84d0ba39368,44174,0,NON_MAVLINK_PROBE,SCANNER,0,,ddc98f85,NORMAL,0.0
2026-05-13T17:29:39.019833,71.6.x.x,b40ce84d0ba39368,52308,0,NON_MAVLINK_PROBE,SCANNER,0,,f1b5cde2,NORMAL,0.0
2026-05-13T17:29:39.035787,71.6.x.x,b40ce84d0ba39368,59740,0,NON_MAVLINK_PROBE,SCANNER,0,,f9851bfa,NORMAL,0.0
2026-05-13T17:29:44.258209,71.6.x.x,b40ce84d0ba39368,58600,0,NON_MAVLINK_PROBE,SCANNER,0,,a45a5ff7,NORMAL,0.0
2026-05-13T17:29:44.257045,71.6.x.x,b40ce84d0ba39368,46824,0,NON_MAVLINK_PROBE,SCANNER,0,,f52a62c3,NORMAL,0.0
2026-05-13T17:29:44.262527,71.6.x.x,b40ce84d0ba39368,60896,0,NON_MAVLINK_PROBE,SCANNER,0,,a1c37213,NORMAL,0.0
2026-05-13T17:29:44.267783,71.6.x.x,b40ce84d0ba39368,37046,0,NON_MAVLINK_PROBE,SCANNER,0,,76af4e5f,NORMAL,0.0
2026-05-13T17:29:49.516100,71.6.x.x,b40ce84d0ba39368,60904,0,NON_MAVLINK_PROBE,SCANNER,0,,b8a91856,NORMAL,0.0
2026-05-13T17:29:49.517704,71.6.x.x,b40ce84d0ba39368,58604,0,NON_MAVLINK_PROBE,SCANNER,0,,261a9077,NORMAL,0.0
2026-05-13T17:29:49.532923,71.6.x.x,b40ce84d0ba39368,46826,0,NON_MAVLINK_PROBE,SCANNER,0,,a7c2c387,NORMAL,0.0
2026-05-13T17:29:49.543111,71.6.x.x,b40ce84d0ba39368,37052,0,NON_MAVLINK_PROBE,SCANNER,0,,5b82ceb7,NORMAL,0.0
2026-05-13T17:29:54.651734,71.6.x.x,b40ce84d0ba39368,53032,0,NON_MAVLINK_PROBE,SCANNER,0,,4b58baa3,NORMAL,0.0
2026-05-13T17:29:54.680077,71.6.x.x,b40ce84d0ba39368,37238,0,NON_MAVLINK_PROBE,SCANNER,0,,43f88502,NORMAL,0.0
2026-05-13T17:29:57.197539,71.6.x.x,b40ce84d0ba39368,46018,0,NON_MAVLINK_PROBE,SCANNER,0,,18eb8f73,NORMAL,0.0
2026-05-13T17:29:57.212561,71.6.x.x,b40ce84d0ba39368,46166,0,NON_MAVLINK_PROBE,SCANNER,0,,b8137340,NORMAL,0.0
2026-05-13T17:29:59.898840,71.6.x.x,b40ce84d0ba39368,53048,0,NON_MAVLINK_PROBE,SCANNER,0,,8f96fe9d,NORMAL,0.0
2026-05-13T17:30:02.792293,71.6.x.x,b40ce84d0ba39368,34606,0,NON_MAVLINK_PROBE,SCANNER,0,,21cdb4ad,NORMAL,0.0
2026-05-13T17:30:02.797782,71.6.x.x,b40ce84d0ba39368,37248,0,NON_MAVLINK_PROBE,SCANNER,0,,a0477b55,NORMAL,0.0
2026-05-13T17:30:02.809222,71.6.x.x,b40ce84d0ba39368,49426,0,NON_MAVLINK_PROBE,SCANNER,0,,5331219b,NORMAL,0.0
2026-05-13T17:30:08.065986,71.6.x.x,b40ce84d0ba39368,49432,0,NON_MAVLINK_PROBE,SCANNER,0,,4717032f,NORMAL,0.0
2026-05-13T17:30:08.084170,71.6.x.x,b40ce84d0ba39368,34620,0,NON_MAVLINK_PROBE,SCANNER,0,,58eef439,NORMAL,0.0
2026-05-13T17:30:08.113181,71.6.x.x,b40ce84d0ba39368,33994,0,NON_MAVLINK_PROBE,SCANNER,0,,e7ac5aea,NORMAL,0.0
2026-05-13T17:30:08.115189,71.6.x.x,b40ce84d0ba39368,41554,0,NON_MAVLINK_PROBE,SCANNER,0,,23014e30,NORMAL,0.0
2026-05-13T17:30:13.173614,71.6.x.x,b40ce84d0ba39368,35544,0,NON_MAVLINK_PROBE,SCANNER,0,,339dde7c,NORMAL,0.0
2026-05-13T17:30:13.206221,71.6.x.x,b40ce84d0ba39368,49526,0,NON_MAVLINK_PROBE,SCANNER,0,,218809a9,NORMAL,0.0
2026-05-13T17:30:13.207193,71.6.x.x,b40ce84d0ba39368,43690,0,NON_MAVLINK_PROBE,SCANNER,0,,8d41fe11,NORMAL,0.0
2026-05-13T17:30:13.211406,71.6.x.x,b40ce84d0ba39368,34720,0,NON_MAVLINK_PROBE,SCANNER,0,,e5e34570,NORMAL,0.0
2026-05-13T17:30:18.331486,71.6.x.x,b40ce84d0ba39368,35550,0,NON_MAVLINK_PROBE,SCANNER,0,,bb5a7302,NORMAL,0.0
2026-05-13T17:30:18.339598,71.6.x.x,b40ce84d0ba39368,34734,0,NON_MAVLINK_PROBE,SCANNER,0,,fb3596f9,NORMAL,0.0
2026-05-13T17:30:18.333292,71.6.x.x,b40ce84d0ba39368,49536,0,NON_MAVLINK_PROBE,SCANNER,0,,5ebb6fef,NORMAL,0.0
2026-05-13T17:30:23.476771,71.6.x.x,b40ce84d0ba39368,50982,0,NON_MAVLINK_PROBE,SCANNER,0,,ae5c8374,NORMAL,0.0
2026-05-13T17:30:23.489232,71.6.x.x,b40ce84d0ba39368,33692,0,NON_MAVLINK_PROBE,SCANNER,0,,a8453529,NORMAL,0.0
2026-05-13T17:30:28.655983,71.6.x.x,b40ce84d0ba39368,50996,0,NON_MAVLINK_PROBE,SCANNER,0,,aec1d6b8,NORMAL,0.0
2026-05-13T17:30:29.872960,71.6.x.x,b40ce84d0ba39368,49288,0,NON_MAVLINK_PROBE,SCANNER,0,,ed8e7263,NORMAL,0.0
2026-05-13T17:30:29.915942,71.6.x.x,b40ce84d0ba39368,46380,0,NON_MAVLINK_PROBE,SCANNER,0,,1337989c,NORMAL,0.0
2026-05-13T17:30:29.905740,71.6.x.x,b40ce84d0ba39368,55176,0,NON_MAVLINK_PROBE,SCANNER,0,,12598c4a,NORMAL,0.0
2026-05-13T17:30:29.939704,71.6.x.x,b40ce84d0ba39368,45918,0,NON_MAVLINK_PROBE,SCANNER,0,,ea2a325c,NORMAL,0.0
2026-05-13T17:36:12.684333,45.198.x.x,7db0b45618a77305,39248,0,NON_MAVLINK_PROBE,SCANNER,0,,f0a9bff0,NORMAL,0.0
2026-05-13T17:38:38.631965,45.79.x.x,e259006ed454fbf8,46875,0,NON_MAVLINK_PROBE,SCANNER,0,,cad765e3,NORMAL,0.0
2026-05-13T17:39:48.265048,45.79.x.x,fbe3b56714d8acbf,54930,0,NON_MAVLINK_PROBE,SCANNER,0,,d8d673ce,NORMAL,0.0
2026-05-13T17:50:53.439614,103.149.x.x,5725bfe1a423d54c,52193,0,NON_MAVLINK_PROBE,SCANNER,0,,27035068,NORMAL,0.0
2026-05-13T17:56:19.520938,118.193.x.x,baf8e2d5a1002faf,58354,0,NON_MAVLINK_PROBE,SCANNER,0,,2169769f,NORMAL,0.0
2026-05-13T17:56:37.718511,118.193.x.x,baf8e2d5a1002faf,58358,0,NON_MAVLINK_PROBE,SCANNER,0,,a1c32c23,NORMAL,0.0
2026-05-13T17:56:46.107902,134.209.x.x,9bc53ca985004f58,44446,0,NON_MAVLINK_PROBE,SCANNER,0,,db735b83,NORMAL,0.0
2026-05-13T17:56:46.241106,134.209.x.x,9bc53ca985004f58,43144,0,NON_MAVLINK_PROBE,SCANNER,0,,c47c1214,NORMAL,0.0
2026-05-13T17:56:46.972663,134.209.x.x,9bc53ca985004f58,44450,0,NON_MAVLINK_PROBE,SCANNER,0,,0bb6fc3c,NORMAL,0.0
2026-05-13T17:56:47.039965,134.209.x.x,9bc53ca985004f58,43156,0,NON_MAVLINK_PROBE,SCANNER,0,,1506c0d2,NORMAL,0.0
2026-05-13T17:56:47.756619,134.209.x.x,9bc53ca985004f58,44466,0,NON_MAVLINK_PROBE,SCANNER,0,,99133d6e,NORMAL,0.0
2026-05-13T17:56:47.849054,134.209.x.x,9bc53ca985004f58,43172,0,NON_MAVLINK_PROBE,SCANNER,0,,816af813,NORMAL,0.0
2026-05-13T17:56:48.569045,134.209.x.x,9bc53ca985004f58,44482,0,NON_MAVLINK_PROBE,SCANNER,0,,eebebe7a,NORMAL,0.0
2026-05-13T17:56:48.621611,134.209.x.x,9bc53ca985004f58,43174,0,NON_MAVLINK_PROBE,SCANNER,0,,31e4be92,NORMAL,0.0
2026-05-13T17:56:49.350785,134.209.x.x,9bc53ca985004f58,44498,0,NON_MAVLINK_PROBE,SCANNER,0,,84ff30ae,NORMAL,0.0
2026-05-13T17:56:49.400357,134.209.x.x,9bc53ca985004f58,43188,0,NON_MAVLINK_PROBE,SCANNER,0,,d764220a,NORMAL,0.0
2026-05-13T17:56:50.137502,134.209.x.x,9bc53ca985004f58,44510,0,NON_MAVLINK_PROBE,SCANNER,0,,6254fd39,NORMAL,0.0
2026-05-13T17:56:50.181434,134.209.x.x,9bc53ca985004f58,43192,0,NON_MAVLINK_PROBE,SCANNER,0,,e00fa0a6,NORMAL,0.0
2026-05-13T17:56:50.964214,134.209.x.x,9bc53ca985004f58,44526,0,NON_MAVLINK_PROBE,SCANNER,0,,6b91fabe,NORMAL,0.0
2026-05-13T17:56:50.987457,134.209.x.x,9bc53ca985004f58,43204,0,NON_MAVLINK_PROBE,SCANNER,0,,cc71c562,NORMAL,0.0
2026-05-13T17:56:51.698109,134.209.x.x,9bc53ca985004f58,44534,0,NON_MAVLINK_PROBE,SCANNER,0,,755eef78,NORMAL,0.0
2026-05-13T17:56:51.761218,134.209.x.x,9bc53ca985004f58,43216,0,NON_MAVLINK_PROBE,SCANNER,0,,c8e478b5,NORMAL,0.0
2026-05-13T17:56:52.484519,134.209.x.x,9bc53ca985004f58,35652,0,NON_MAVLINK_PROBE,SCANNER,0,,0c4e61e5,NORMAL,0.0
2026-05-13T17:56:52.603094,134.209.x.x,9bc53ca985004f58,42398,0,NON_MAVLINK_PROBE,SCANNER,0,,22473c48,NORMAL,0.0
2026-05-13T17:56:53.294862,134.209.x.x,9bc53ca985004f58,35656,0,NON_MAVLINK_PROBE,SCANNER,0,,bea0a62d,NORMAL,0.0
2026-05-13T17:56:53.384004,134.209.x.x,9bc53ca985004f58,42404,0,NON_MAVLINK_PROBE,SCANNER,0,,823ece18,NORMAL,0.0
2026-05-13T17:56:55.986379,118.193.x.x,baf8e2d5a1002faf,37544,0,NON_MAVLINK_PROBE,SCANNER,0,,f4026e1d,NORMAL,0.0
2026-05-13T17:57:14.228974,118.193.x.x,baf8e2d5a1002faf,51896,0,NON_MAVLINK_PROBE,SCANNER,0,,be78899f,NORMAL,0.0
2026-05-13T17:57:32.401974,118.193.x.x,baf8e2d5a1002faf,48290,0,NON_MAVLINK_PROBE,SCANNER,0,,09a818b6,NORMAL,0.0
2026-05-13T17:57:50.609971,118.193.x.x,baf8e2d5a1002faf,58104,0,NON_MAVLINK_PROBE,SCANNER,0,,18f24574,NORMAL,0.0
2026-05-13T17:58:07.133403,18.97.x.x,c6684d6b383d3541,35582,0,NON_MAVLINK_PROBE,SCANNER,0,,0153a142,NORMAL,0.0
2026-05-13T17:58:07.617787,18.97.x.x,c6684d6b383d3541,52096,0,NON_MAVLINK_PROBE,SCANNER,0,,457033d4,NORMAL,0.0
2026-05-13T17:58:08.818479,118.193.x.x,baf8e2d5a1002faf,41904,0,NON_MAVLINK_PROBE,SCANNER,0,,dd3f785c,NORMAL,0.0
2026-05-13T17:58:26.996697,118.193.x.x,baf8e2d5a1002faf,51446,0,NON_MAVLINK_PROBE,SCANNER,0,,6220a8b2,NORMAL,0.0
2026-05-13T17:58:45.234854,118.193.x.x,baf8e2d5a1002faf,45844,0,NON_MAVLINK_PROBE,SCANNER,0,,5a9b61b0,NORMAL,0.0
2026-05-13T17:59:03.400612,118.193.x.x,baf8e2d5a1002faf,46156,0,NON_MAVLINK_PROBE,SCANNER,0,,53613982,NORMAL,0.0
2026-05-13T17:59:07.926761,18.97.x.x,c6684d6b383d3541,52104,0,NON_MAVLINK_PROBE,SCANNER,0,,6ee5386d,NORMAL,0.0
2026-05-13T17:59:08.674544,18.97.x.x,c6684d6b383d3541,45288,0,NON_MAVLINK_PROBE,SCANNER,0,,aa2a289a,NORMAL,0.0
2026-05-13T17:59:09.168668,18.97.x.x,c6684d6b383d3541,45214,0,NON_MAVLINK_PROBE,SCANNER,0,,52c7dab2,NORMAL,0.0
2026-05-13T17:59:09.723188,18.97.x.x,c6684d6b383d3541,45218,0,NON_MAVLINK_PROBE,SCANNER,0,,66f31ed4,NORMAL,0.0
2026-05-13T17:59:21.587488,118.193.x.x,baf8e2d5a1002faf,44252,0,NON_MAVLINK_PROBE,SCANNER,0,,fead3ca6,NORMAL,0.0
2026-05-13T17:59:39.806641,118.193.x.x,baf8e2d5a1002faf,52210,0,NON_MAVLINK_PROBE,SCANNER,0,,6e57b31d,NORMAL,0.0
2026-05-13T18:03:32.443463,130.12.x.x,ad1a1d352a800c18,59566,0,NON_MAVLINK_PROBE,SCANNER,0,,97c3b129,NORMAL,0.0
2026-05-13T18:04:20.795441,45.205.x.x,1a04c6553bb8c980,41448,0,NON_MAVLINK_PROBE,SCANNER,0,,cf46fd9a,NORMAL,0.0
2026-05-13T18:08:54.464879,152.32.x.x,e912fed399031b05,44112,0,NON_MAVLINK_PROBE,SCANNER,0,,0b6d0017,NORMAL,0.0
2026-05-13T18:09:13.562159,152.32.x.x,e912fed399031b05,44128,0,NON_MAVLINK_PROBE,SCANNER,0,,f92b60ba,NORMAL,0.0
2026-05-13T18:09:31.634835,152.32.x.x,e912fed399031b05,54810,0,NON_MAVLINK_PROBE,SCANNER,0,,f034fb65,NORMAL,0.0
2026-05-13T18:09:50.766118,152.32.x.x,e912fed399031b05,33756,0,NON_MAVLINK_PROBE,SCANNER,0,,c31d833f,NORMAL,0.0
2026-05-13T18:10:09.861632,152.32.x.x,e912fed399031b05,56786,0,NON_MAVLINK_PROBE,SCANNER,0,,7f8b2476,NORMAL,0.0
2026-05-13T18:10:28.000367,152.32.x.x,e912fed399031b05,34182,0,NON_MAVLINK_PROBE,SCANNER,0,,f18693b1,NORMAL,0.0
2026-05-13T18:10:47.079920,152.32.x.x,e912fed399031b05,32806,0,NON_MAVLINK_PROBE,SCANNER,0,,2f56a70a,NORMAL,0.0
2026-05-13T18:11:05.307285,152.32.x.x,e912fed399031b05,34886,0,NON_MAVLINK_PROBE,SCANNER,0,,17ccf54b,NORMAL,0.0
2026-05-13T18:11:23.363992,152.32.x.x,e912fed399031b05,49282,0,NON_MAVLINK_PROBE,SCANNER,0,,d0e25686,NORMAL,0.0
2026-05-13T18:11:41.517747,152.32.x.x,e912fed399031b05,52558,0,NON_MAVLINK_PROBE,SCANNER,0,,221a8d77,NORMAL,0.0
2026-05-13T18:16:01.250110,176.65.x.x,55a7b7f15fe7b86a,44200,0,NON_MAVLINK_PROBE,SCANNER,0,,e8ae21a0,NORMAL,0.0
2026-05-13T18:16:17.330602,103.149.x.x,5725bfe1a423d54c,64817,0,NON_MAVLINK_PROBE,SCANNER,0,,f7b01d74,NORMAL,0.0
2026-05-13T18:18:51.530139,137.184.x.x,7cb748bd444068fe,34366,0,NON_MAVLINK_PROBE,SCANNER,0,,f9f842f0,NORMAL,0.0
2026-05-13T18:18:51.535944,137.184.x.x,7cb748bd444068fe,33394,0,NON_MAVLINK_PROBE,SCANNER,0,,697eceed,NORMAL,0.0
2026-05-13T18:18:51.538444,137.184.x.x,7cb748bd444068fe,33410,0,NON_MAVLINK_PROBE,SCANNER,0,,f6899a04,NORMAL,0.0
2026-05-13T18:18:51.550405,137.184.x.x,7cb748bd444068fe,34380,0,NON_MAVLINK_PROBE,SCANNER,0,,b6e8115b,NORMAL,0.0
2026-05-13T18:19:01.737508,137.184.x.x,7cb748bd444068fe,33428,0,NON_MAVLINK_PROBE,SCANNER,0,,f7669d18,NORMAL,0.0
2026-05-13T18:19:01.766351,137.184.x.x,7cb748bd444068fe,33424,0,NON_MAVLINK_PROBE,SCANNER,0,,dad12c16,NORMAL,0.0
2026-05-13T18:19:01.772823,137.184.x.x,7cb748bd444068fe,34390,0,NON_MAVLINK_PROBE,SCANNER,0,,6e22b564,NORMAL,0.0
2026-05-13T18:19:01.781067,137.184.x.x,7cb748bd444068fe,34398,0,NON_MAVLINK_PROBE,SCANNER,0,,48f71421,NORMAL,0.0
2026-05-13T18:36:09.679061,45.198.x.x,7db0b45618a77305,58650,0,NON_MAVLINK_PROBE,SCANNER,0,,2dffbf38,NORMAL,0.0
2026-05-13T18:41:36.303566,103.149.x.x,5725bfe1a423d54c,61065,0,NON_MAVLINK_PROBE,SCANNER,0,,a4e9dc0a,NORMAL,0.0
2026-05-13T18:43:04.488123,64.62.x.x,6bb2302deddb0328,6788,0,NON_MAVLINK_PROBE,SCANNER,0,,c9b785c5,NORMAL,0.0
2026-05-13T18:52:37.058788,176.65.x.x,72741f65975f89b2,54918,0,NON_MAVLINK_PROBE,SCANNER,0,,a68c8523,NORMAL,0.0
2026-05-13T18:58:48.914715,64.62.x.x,d4e2d2af3a6ec2b5,5150,0,NON_MAVLINK_PROBE,SCANNER,0,,283fe6dc,NORMAL,0.0
2026-05-13T18:58:53.323701,45.79.x.x,fbe3b56714d8acbf,49631,0,NON_MAVLINK_PROBE,SCANNER,0,,b6034380,NORMAL,0.0
2026-05-13T18:59:37.113415,64.89.x.x,444f37938c56acc4,10462,0,NON_MAVLINK_PROBE,SCANNER,0,,ecb01f4a,NORMAL,0.0
2026-05-13T19:05:50.513287,45.79.x.x,87cbcc5c6343ef1c,36432,0,NON_MAVLINK_PROBE,SCANNER,0,,ec73c2e6,NORMAL,0.0
2026-05-13T19:06:51.983125,103.149.x.x,5725bfe1a423d54c,57307,0,NON_MAVLINK_PROBE,SCANNER,0,,0739dbb6,NORMAL,0.0
2026-05-13T19:10:26.405587,185.91.x.x,2a2b0990dd4071ec,37610,0,NON_MAVLINK_PROBE,SCANNER,0,,36e3c9e7,NORMAL,0.0
2026-05-13T19:10:26.419464,185.91.x.x,2a2b0990dd4071ec,37594,0,NON_MAVLINK_PROBE,SCANNER,0,,c3979eb3,NORMAL,0.0
2026-05-13T19:10:26.424936,185.91.x.x,2a2b0990dd4071ec,37574,0,NON_MAVLINK_PROBE,SCANNER,0,,14255e1f,NORMAL,0.0
2026-05-13T19:10:26.430739,185.91.x.x,2a2b0990dd4071ec,37528,0,NON_MAVLINK_PROBE,SCANNER,0,,3884e353,NORMAL,0.0
2026-05-13T19:10:26.431310,185.91.x.x,2a2b0990dd4071ec,37570,0,NON_MAVLINK_PROBE,SCANNER,0,,89a09140,NORMAL,0.0
2026-05-13T19:10:31.080321,185.91.x.x,2a2b0990dd4071ec,37612,0,NON_MAVLINK_PROBE,SCANNER,0,,3f7e132d,NORMAL,0.0
2026-05-13T19:10:31.129143,185.91.x.x,2a2b0990dd4071ec,37554,0,NON_MAVLINK_PROBE,SCANNER,0,,8bec4df3,NORMAL,0.0
2026-05-13T19:10:31.132937,185.91.x.x,2a2b0990dd4071ec,37582,0,NON_MAVLINK_PROBE,SCANNER,0,,dbeca5f8,NORMAL,0.0
2026-05-13T19:10:31.157746,185.91.x.x,2a2b0990dd4071ec,37542,0,NON_MAVLINK_PROBE,SCANNER,0,,de8caf7e,NORMAL,0.0
2026-05-13T19:10:31.160393,185.91.x.x,2a2b0990dd4071ec,37564,0,NON_MAVLINK_PROBE,SCANNER,0,,d003f380,NORMAL,0.0
2026-05-13T19:26:05.072538,45.153.x.x,0b28fdd13c52a535,52996,0,NON_MAVLINK_PROBE,SCANNER,0,,5f94d847,NORMAL,0.0
2026-05-13T19:30:17.513462,204.76.x.x,c804eabb0c6ba4bc,53514,0,NON_MAVLINK_PROBE,SCANNER,0,,ab0911cc,NORMAL,0.0
2026-05-13T19:31:53.881560,103.149.x.x,5725bfe1a423d54c,53549,0,NON_MAVLINK_PROBE,SCANNER,0,,83ec6a0b,NORMAL,0.0
2026-05-13T19:33:09.923165,101.36.x.x,ac94647e43f0010c,64022,0,NON_MAVLINK_PROBE,SCANNER,0,,006682be,NORMAL,0.0
2026-05-13T19:33:12.126399,101.36.x.x,ac94647e43f0010c,64454,0,NON_MAVLINK_PROBE,SCANNER,0,,cabff753,NORMAL,0.0
2026-05-13T19:33:15.327955,101.36.x.x,ac94647e43f0010c,65248,0,NON_MAVLINK_PROBE,SCANNER,0,,a511ed8e,NORMAL,0.0
2026-05-13T19:33:15.467625,101.36.x.x,ac94647e43f0010c,65396,0,NON_MAVLINK_PROBE,SCANNER,0,,c2e0abfe,NORMAL,0.0
2026-05-13T19:33:15.628550,101.36.x.x,ac94647e43f0010c,65436,0,NON_MAVLINK_PROBE,SCANNER,0,,b4f071b1,NORMAL,0.0
2026-05-13T19:33:15.784618,101.36.x.x,ac94647e43f0010c,65450,0,NON_MAVLINK_PROBE,SCANNER,0,,639867e9,NORMAL,0.0
2026-05-13T19:33:23.811170,101.36.x.x,ac94647e43f0010c,65464,0,NON_MAVLINK_PROBE,SCANNER,0,,772cf64e,NORMAL,0.0
2026-05-13T19:33:31.796346,101.36.x.x,ac94647e43f0010c,3626,0,NON_MAVLINK_PROBE,SCANNER,0,,914f7336,NORMAL,0.0
2026-05-13T19:33:39.831265,101.36.x.x,ac94647e43f0010c,6724,0,NON_MAVLINK_PROBE,SCANNER,0,,ea38a220,NORMAL,0.0
2026-05-13T19:33:40.014140,101.36.x.x,ac94647e43f0010c,9098,0,NON_MAVLINK_PROBE,SCANNER,0,,5bc88a0a,NORMAL,0.0
2026-05-13T19:33:40.435651,101.36.x.x,ac94647e43f0010c,9136,0,NON_MAVLINK_PROBE,SCANNER,0,,239d9df3,NORMAL,0.0
2026-05-13T19:33:48.169215,101.36.x.x,ac94647e43f0010c,9164,0,NON_MAVLINK_PROBE,SCANNER,0,,bf311764,NORMAL,0.0
2026-05-13T19:33:48.328439,101.36.x.x,ac94647e43f0010c,11044,0,NON_MAVLINK_PROBE,SCANNER,0,,dbb4694e,NORMAL,0.0
2026-05-13T19:33:48.661689,101.36.x.x,ac94647e43f0010c,11080,0,NON_MAVLINK_PROBE,SCANNER,0,,00c83202,NORMAL,0.0
2026-05-13T19:33:48.898408,101.36.x.x,ac94647e43f0010c,11138,0,NON_MAVLINK_PROBE,SCANNER,0,,4e6315ae,NORMAL,0.0
2026-05-13T19:39:19.874409,5.61.x.x,02d770ac3cc5c2c1,43128,0,NON_MAVLINK_PROBE,SCANNER,0,,c94305d8,NORMAL,0.0
2026-05-13T19:50:38.436783,47.250.x.x,4ab84631c473ce20,41114,0,NON_MAVLINK_PROBE,SCANNER,0,,4f983a49,NORMAL,0.0
2026-05-13T19:50:51.521364,47.250.x.x,4ab84631c473ce20,18934,0,NON_MAVLINK_PROBE,SCANNER,0,,bba17292,NORMAL,0.0
2026-05-13T19:51:04.564657,47.250.x.x,4ab84631c473ce20,45266,0,NON_MAVLINK_PROBE,SCANNER,0,,105c35db,NORMAL,0.0
2026-05-13T19:51:17.589710,47.250.x.x,4ab84631c473ce20,13824,0,NON_MAVLINK_PROBE,SCANNER,0,,d1815914,NORMAL,0.0
2026-05-13T19:56:57.157491,103.149.x.x,5725bfe1a423d54c,49788,0,NON_MAVLINK_PROBE,SCANNER,0,,def00fc0,NORMAL,0.0
2026-05-13T20:34:34.206263,45.135.x.x,9eaf44d2128ee499,51602,0,NON_MAVLINK_PROBE,SCANNER,0,,f68df139,NORMAL,0.0
2026-05-13T20:39:26.265147,205.210.x.x,117d968428c3012f,56858,0,NON_MAVLINK_PROBE,SCANNER,0,,53a65c24,NORMAL,0.0
2026-05-13T20:49:41.275995,204.76.x.x,c804eabb0c6ba4bc,43524,0,NON_MAVLINK_PROBE,SCANNER,0,,50aec598,NORMAL,0.0
2026-05-13T20:51:51.243897,45.33.x.x,09f682892d1f44dd,59942,0,NON_MAVLINK_PROBE,SCANNER,0,,1cb39964,NORMAL,0.0
2026-05-13T21:17:23.133643,79.124.x.x,a3dc2bc09007bf5d,59290,0,NON_MAVLINK_PROBE,SCANNER,0,,a578257f,NORMAL,0.0
2026-05-13T21:48:29.256340,206.189.x.x,2738a5f51e7919ec,59024,0,NON_MAVLINK_PROBE,SCANNER,0,,f6d38932,NORMAL,0.0
2026-05-13T21:52:49.065423,90.151.x.x,0d11f4acfa5df721,62085,0,NON_MAVLINK_PROBE,SCANNER,0,,5dc652b2,NORMAL,0.0
2026-05-13T21:52:54.135421,90.151.x.x,0d11f4acfa5df721,59713,0,NON_MAVLINK_PROBE,SCANNER,0,,80c7fa4a,NORMAL,0.0
2026-05-13T21:53:03.772315,90.151.x.x,0d11f4acfa5df721,7821,0,NON_MAVLINK_PROBE,SCANNER,0,,6b79af38,NORMAL,0.0
2026-05-13T21:53:04.264630,90.151.x.x,0d11f4acfa5df721,15671,0,NON_MAVLINK_PROBE,SCANNER,0,,e213b600,NORMAL,0.0
2026-05-13T21:57:06.737483,176.65.x.x,9880f1c3a55845dd,41232,0,NON_MAVLINK_PROBE,SCANNER,0,,6e3eb97c,NORMAL,0.0
2026-05-13T22:02:14.370625,176.65.x.x,9880f1c3a55845dd,60416,0,NON_MAVLINK_PROBE,SCANNER,0,,17a66ea1,NORMAL,0.0
2026-05-13T22:04:06.501174,185.91.x.x,2a2b0990dd4071ec,45208,0,NON_MAVLINK_PROBE,SCANNER,0,,153c00bd,NORMAL,0.0
2026-05-13T22:04:06.508033,185.91.x.x,2a2b0990dd4071ec,45242,0,NON_MAVLINK_PROBE,SCANNER,0,,28bfbd00,NORMAL,0.0
2026-05-13T22:04:06.529229,185.91.x.x,2a2b0990dd4071ec,45160,0,NON_MAVLINK_PROBE,SCANNER,0,,d97857ee,NORMAL,0.0
2026-05-13T22:04:06.542788,185.91.x.x,2a2b0990dd4071ec,45252,0,NON_MAVLINK_PROBE,SCANNER,0,,e0d411e2,NORMAL,0.0
2026-05-13T22:04:06.555254,185.91.x.x,2a2b0990dd4071ec,45238,0,NON_MAVLINK_PROBE,SCANNER,0,,7d197877,NORMAL,0.0
2026-05-13T22:04:11.125034,185.91.x.x,2a2b0990dd4071ec,45172,0,NON_MAVLINK_PROBE,SCANNER,0,,33f4503c,NORMAL,0.0
2026-05-13T22:04:11.126553,185.91.x.x,2a2b0990dd4071ec,45266,0,NON_MAVLINK_PROBE,SCANNER,0,,96c546f9,NORMAL,0.0
2026-05-13T22:04:11.138618,185.91.x.x,2a2b0990dd4071ec,45194,0,NON_MAVLINK_PROBE,SCANNER,0,,4a947a6a,NORMAL,0.0
2026-05-13T22:04:11.147432,185.91.x.x,2a2b0990dd4071ec,45268,0,NON_MAVLINK_PROBE,SCANNER,0,,0fca7a6b,NORMAL,0.0
2026-05-13T22:04:11.154577,185.91.x.x,2a2b0990dd4071ec,45176,0,NON_MAVLINK_PROBE,SCANNER,0,,b8d6a660,NORMAL,0.0
2026-05-13T22:10:23.558764,152.32.x.x,3667b8acafd0d77e,57552,0,NON_MAVLINK_PROBE,SCANNER,0,,4d9c6068,NORMAL,0.0
2026-05-13T22:28:43.522614,45.79.x.x,c31f641dc3ebbb0f,48955,0,NON_MAVLINK_PROBE,SCANNER,0,,830ddee8,NORMAL,0.0
2026-05-13T22:29:52.738458,45.198.x.x,7db0b45618a77305,46562,0,NON_MAVLINK_PROBE,SCANNER,0,,b7768fd1,NORMAL,0.0
2026-05-13T22:33:27.152387,50.116.x.x,9bad4b5117680e51,54630,0,NON_MAVLINK_PROBE,SCANNER,0,,39ab4f5d,NORMAL,0.0
2026-05-13T22:34:20.776111,204.76.x.x,c804eabb0c6ba4bc,39540,0,NON_MAVLINK_PROBE,SCANNER,0,,8cb2464b,NORMAL,0.0
2026-05-13T23:22:34.368137,185.91.x.x,2a2b0990dd4071ec,35382,0,NON_MAVLINK_PROBE,SCANNER,0,,53559ac6,NORMAL,0.0
2026-05-13T23:22:34.388984,185.91.x.x,2a2b0990dd4071ec,35360,0,NON_MAVLINK_PROBE,SCANNER,0,,f99b0d5e,NORMAL,0.0
2026-05-13T23:22:34.384203,185.91.x.x,2a2b0990dd4071ec,35356,0,NON_MAVLINK_PROBE,SCANNER,0,,2a187516,NORMAL,0.0
2026-05-13T23:22:34.377646,185.91.x.x,2a2b0990dd4071ec,35430,0,NON_MAVLINK_PROBE,SCANNER,0,,55fcbadb,NORMAL,0.0
2026-05-13T23:22:34.409424,185.91.x.x,2a2b0990dd4071ec,35342,0,NON_MAVLINK_PROBE,SCANNER,0,,56a04f58,NORMAL,0.0
2026-05-13T23:22:39.110066,185.91.x.x,2a2b0990dd4071ec,35434,0,NON_MAVLINK_PROBE,SCANNER,0,,e72c9c70,NORMAL,0.0
2026-05-13T23:22:39.097395,185.91.x.x,2a2b0990dd4071ec,35450,0,NON_MAVLINK_PROBE,SCANNER,0,,a9d5dde2,NORMAL,0.0
2026-05-13T23:22:39.105376,185.91.x.x,2a2b0990dd4071ec,35344,0,NON_MAVLINK_PROBE,SCANNER,0,,7c9659dc,NORMAL,0.0
2026-05-13T23:22:39.121567,185.91.x.x,2a2b0990dd4071ec,35336,0,NON_MAVLINK_PROBE,SCANNER,0,,2f3747cb,NORMAL,0.0
2026-05-13T23:22:39.149254,185.91.x.x,2a2b0990dd4071ec,35414,0,NON_MAVLINK_PROBE,SCANNER,0,,e9f3e005,NORMAL,0.0
2026-05-13T23:36:35.913904,178.83.x.x,23aae2f23f8043bf,60000,0,NON_MAVLINK_PROBE,SCANNER,0,,f2f63113,NORMAL,0.0
2026-05-13T23:45:25.144598,45.156.x.x,352e59e59048472f,37996,0,NON_MAVLINK_PROBE,SCANNER,0,,671b0f28,NORMAL,0.0
2026-05-13T23:45:32.822394,45.156.x.x,9fb649157bcc36ba,56902,0,NON_MAVLINK_PROBE,SCANNER,0,,7523331c,NORMAL,0.0
2026-05-13T23:45:44.418933,45.156.x.x,2d50d331308c87b5,60300,0,NON_MAVLINK_PROBE,SCANNER,0,,32824b5c,NORMAL,0.0
2026-05-13T23:45:47.957061,45.156.x.x,9fb649157bcc36ba,33736,0,NON_MAVLINK_PROBE,SCANNER,0,,62f63950,NORMAL,0.0
2026-05-13T23:45:55.804872,45.156.x.x,9fb649157bcc36ba,33742,0,NON_MAVLINK_PROBE,SCANNER,0,,29e6510d,NORMAL,0.0
2026-05-13T23:45:59.455634,45.156.x.x,2d50d331308c87b5,57514,0,NON_MAVLINK_PROBE,SCANNER,0,,caa22a13,NORMAL,0.0
2026-05-13T23:46:08.618097,45.156.x.x,de35b30d3b05301c,37696,0,NON_MAVLINK_PROBE,SCANNER,0,,dd9e7e4d,NORMAL,0.0
2026-05-13T23:46:11.054097,45.156.x.x,9fb649157bcc36ba,60206,0,NON_MAVLINK_PROBE,SCANNER,0,,8466bbd7,NORMAL,0.0
2026-05-13T23:46:11.700743,45.156.x.x,2d50d331308c87b5,52664,0,NON_MAVLINK_PROBE,SCANNER,0,,947bf3a7,NORMAL,0.0
2026-05-13T23:46:17.413866,45.156.x.x,de35b30d3b05301c,51792,0,NON_MAVLINK_PROBE,SCANNER,0,,eabc9b39,NORMAL,0.0
2026-05-13T23:46:17.992131,45.156.x.x,9fb649157bcc36ba,60216,0,NON_MAVLINK_PROBE,SCANNER,0,,ea774354,NORMAL,0.0
2026-05-13T23:56:50.552563,45.198.x.x,7db0b45618a77305,35160,0,NON_MAVLINK_PROBE,SCANNER,0,,9837e875,NORMAL,0.0
2026-05-14T00:02:51.299102,204.76.x.x,c804eabb0c6ba4bc,35408,0,NON_MAVLINK_PROBE,SCANNER,0,,bca06952,NORMAL,0.0
2026-05-14T00:04:51.859694,176.65.x.x,1c233f18e373798e,31512,0,NON_MAVLINK_PROBE,SCANNER,0,,5d3c76ae,NORMAL,0.0
2026-05-14T00:08:26.128200,35.171.x.x,2895b7a5d20ad3d2,43784,0,NON_MAVLINK_PROBE,SCANNER,0,,e65f7acc,NORMAL,0.0
2026-05-14T00:18:48.119462,176.65.x.x,9880f1c3a55845dd,34840,0,NON_MAVLINK_PROBE,SCANNER,0,,9ddccf0c,NORMAL,0.0
2026-05-14T00:25:15.305299,176.65.x.x,9880f1c3a55845dd,33202,0,NON_MAVLINK_PROBE,SCANNER,0,,21617e15,NORMAL,0.0
2026-05-14T00:26:38.267263,94.232.x.x,fbf11012a5c8c0d0,41204,0,NON_MAVLINK_PROBE,SCANNER,0,,199f4266,NORMAL,0.0
2026-05-14T00:33:32.589200,69.164.x.x,9e9c13113bf8c643,58032,0,NON_MAVLINK_PROBE,SCANNER,0,,f6b97f28,NORMAL,0.0
2026-05-14T00:33:34.699304,45.79.x.x,486bc90fdc7ccd30,58897,0,NON_MAVLINK_PROBE,SCANNER,0,,4480f21a,NORMAL,0.0
2026-05-14T00:33:35.685609,127.0.x.x,ef2f9f91273ffdad,39004,0,NON_MAVLINK_PROBE,SCANNER,0,,bcd460df,NORMAL,0.0
2026-05-14T00:50:53.096175,136.114.x.x,0231d44f54d058cb,13386,0,NON_MAVLINK_PROBE,SCANNER,0,,9cac173e,NORMAL,0.0
2026-05-14T00:51:41.088743,39.96.x.x,77a81b86c3ee771e,60802,0,NON_MAVLINK_PROBE,SCANNER,0,,1f5bfcb7,NORMAL,0.0
2026-05-14T00:51:52.982311,39.96.x.x,77a81b86c3ee771e,36076,0,NON_MAVLINK_PROBE,SCANNER,0,,bff8c66b,NORMAL,0.0
2026-05-14T00:53:58.142002,207.154.x.x,d9f94fd2a9d266ea,60198,0,NON_MAVLINK_PROBE,SCANNER,0,,1a0e9e35,NORMAL,0.0
2026-05-14T00:54:01.324413,207.154.x.x,d9f94fd2a9d266ea,59000,0,NON_MAVLINK_PROBE,SCANNER,0,,0cb491e2,NORMAL,0.0
2026-05-14T00:55:54.816674,47.245.x.x,dfe944b84087e2a1,19470,0,NON_MAVLINK_PROBE,SCANNER,0,,53c781b7,NORMAL,0.0
2026-05-14T00:56:07.973063,47.245.x.x,dfe944b84087e2a1,34830,0,NON_MAVLINK_PROBE,SCANNER,0,,132b2e24,NORMAL,0.0
2026-05-14T00:56:21.130204,47.245.x.x,dfe944b84087e2a1,57862,0,NON_MAVLINK_PROBE,SCANNER,0,,b4b1fdfc,NORMAL,0.0
2026-05-14T00:56:34.283436,47.245.x.x,dfe944b84087e2a1,51498,0,NON_MAVLINK_PROBE,SCANNER,0,,ff515278,NORMAL,0.0
2026-05-14T00:56:47.454526,47.245.x.x,dfe944b84087e2a1,38010,0,NON_MAVLINK_PROBE,SCANNER,0,,ea78db3a,NORMAL,0.0
2026-05-14T00:57:00.596711,47.245.x.x,dfe944b84087e2a1,41492,0,NON_MAVLINK_PROBE,SCANNER,0,,9244d145,NORMAL,0.0
2026-05-14T00:57:13.750101,47.245.x.x,dfe944b84087e2a1,37926,0,NON_MAVLINK_PROBE,SCANNER,0,,7ad0bba4,NORMAL,0.0
2026-05-14T00:57:26.914955,47.245.x.x,dfe944b84087e2a1,50746,0,NON_MAVLINK_PROBE,SCANNER,0,,4ba5a80f,NORMAL,0.0
2026-05-14T00:57:40.048054,47.245.x.x,dfe944b84087e2a1,35668,0,NON_MAVLINK_PROBE,SCANNER,0,,402f0c3a,NORMAL,0.0
2026-05-14T00:57:53.195701,47.245.x.x,dfe944b84087e2a1,21414,0,NON_MAVLINK_PROBE,SCANNER,0,,adb1589c,NORMAL,0.0
2026-05-14T00:58:34.493391,130.12.x.x,ad1a1d352a800c18,34904,0,NON_MAVLINK_PROBE,SCANNER,0,,c4307aeb,NORMAL,0.0
2026-05-14T01:10:12.842109,205.210.x.x,5a208c93cf9622ad,57628,0,NON_MAVLINK_PROBE,SCANNER,0,,76c6c1d3,NORMAL,0.0
2026-05-14T01:10:12.863754,205.210.x.x,5a208c93cf9622ad,57622,0,NON_MAVLINK_PROBE,SCANNER,0,,6a5634f4,NORMAL,0.0
2026-05-14T01:19:57.575904,65.49.x.x,bf6d5ab66efe3d53,32062,0,NON_MAVLINK_PROBE,SCANNER,0,,7eb16c83,NORMAL,0.0
2026-05-14T01:38:21.830652,127.0.x.x,ef2f9f91273ffdad,59432,0,NON_MAVLINK_PROBE,SCANNER,0,,86ec1593,NORMAL,0.0
2026-05-14T01:38:37.455496,45.33.x.x,6bc9470de6a483f5,44371,0,NON_MAVLINK_PROBE,SCANNER,0,,9e7972f1,NORMAL,0.0
2026-05-14T01:39:45.042337,45.33.x.x,953fdb6c5e422720,44085,0,NON_MAVLINK_PROBE,SCANNER,0,,2fc0789f,NORMAL,0.0
2026-05-14T01:42:33.275079,167.99.x.x,917e9642bb06c5c1,47596,0,NON_MAVLINK_PROBE,SCANNER,0,,ca3c7fff,NORMAL,0.0
2026-05-14T01:42:36.427736,167.99.x.x,917e9642bb06c5c1,47606,0,NON_MAVLINK_PROBE,SCANNER,0,,7faa6558,NORMAL,0.0
2026-05-14T01:49:35.481316,82.151.x.x,b971e145774165f5,54874,0,NON_MAVLINK_PROBE,SCANNER,0,,73265266,NORMAL,0.0
2026-05-14T01:50:03.277369,204.76.x.x,c804eabb0c6ba4bc,41370,0,NON_MAVLINK_PROBE,SCANNER,0,,5c852ff9,NORMAL,0.0
2026-05-14T02:05:34.732206,147.185.x.x,6640a50b17c29f7d,53262,0,NON_MAVLINK_PROBE,SCANNER,0,,61595dbd,NORMAL,0.0
2026-05-14T02:09:01.052113,79.124.x.x,a3dc2bc09007bf5d,49532,0,NON_MAVLINK_PROBE,SCANNER,0,,d50a3d62,NORMAL,0.0
2026-05-14T02:36:30.380149,176.65.x.x,231b2332032de53e,24070,0,NON_MAVLINK_PROBE,SCANNER,0,,92ced8d4,NORMAL,0.0
2026-05-14T02:41:05.360284,79.124.x.x,a3dc2bc09007bf5d,36454,0,NON_MAVLINK_PROBE,SCANNER,0,,c1ef1902,NORMAL,0.0
2026-05-14T02:49:32.353368,130.12.x.x,ad1a1d352a800c18,51706,0,NON_MAVLINK_PROBE,SCANNER,0,,9d77b578,NORMAL,0.0
2026-05-14T03:03:32.400671,204.76.x.x,c804eabb0c6ba4bc,46906,0,NON_MAVLINK_PROBE,SCANNER,0,,8ccb5b6b,NORMAL,0.0
2026-05-14T03:07:24.445381,167.94.x.x,a788099c6e1df261,48210,0,NON_MAVLINK_PROBE,SCANNER,0,,96abfb95,NORMAL,0.0
2026-05-14T03:07:27.663110,167.94.x.x,a788099c6e1df261,5230,4,UNKNOWN_4,UNKNOWN,3,cd6a6b65be5106003905,f654c8ea,NORMAL,0.2
2026-05-14T03:07:40.877961,167.94.x.x,a788099c6e1df261,5240,0,NON_MAVLINK_PROBE,SCANNER,0,,6a34e2a2,NORMAL,0.0
2026-05-14T03:09:21.527064,217.60.x.x,02df158b8833d0ac,46066,0,NON_MAVLINK_PROBE,SCANNER,0,,caeaff20,NORMAL,0.0
2026-05-14T03:22:43.479812,176.120.x.x,c3186bdf9face4bf,63130,0,NON_MAVLINK_PROBE,SCANNER,0,,dea95f16,NORMAL,0.0
2026-05-14T03:26:56.583182,5.61.x.x,02d770ac3cc5c2c1,40874,0,NON_MAVLINK_PROBE,SCANNER,0,,b88cde04,NORMAL,0.0
2026-05-14T03:33:35.226228,20.169.x.x,c5a0ac6144a7252a,43698,0,NON_MAVLINK_PROBE,SCANNER,0,,1a69f46b,NORMAL,0.0
2026-05-14T03:33:35.711494,20.169.x.x,c5a0ac6144a7252a,33480,0,NON_MAVLINK_PROBE,SCANNER,0,,b224bd1a,NORMAL,0.0
2026-05-14T03:34:31.612159,91.92.x.x,78d759e5a430e6ef,62929,0,NON_MAVLINK_PROBE,SCANNER,0,,3b1750fe,NORMAL,0.0
2026-05-14T03:35:37.696655,45.198.x.x,7db0b45618a77305,43910,0,NON_MAVLINK_PROBE,SCANNER,0,,501db985,NORMAL,0.0
2026-05-14T03:47:25.766156,65.49.x.x,0c8a80d1e2f915c4,55088,0,NON_MAVLINK_PROBE,SCANNER,0,,ce413fb8,NORMAL,0.0
2026-05-14T03:56:34.435818,94.183.x.x,cac248052df5d82b,58426,0,NON_MAVLINK_PROBE,SCANNER,0,,eac9c102,NORMAL,0.0
2026-05-14T04:04:52.603895,175.206.x.x,4af63ab2013598bc,43021,0,NON_MAVLINK_PROBE,SCANNER,0,,3da22eb4,NORMAL,0.0
2026-05-14T04:04:53.384940,175.206.x.x,4af63ab2013598bc,43018,0,NON_MAVLINK_PROBE,SCANNER,0,,724ba38e,NORMAL,0.0
2026-05-14T04:04:54.926206,175.206.x.x,4af63ab2013598bc,43028,0,NON_MAVLINK_PROBE,SCANNER,0,,ea4d51c5,NORMAL,0.0
2026-05-14T04:04:57.652118,175.206.x.x,4af63ab2013598bc,43035,0,NON_MAVLINK_PROBE,SCANNER,0,,182828d2,NORMAL,0.0
2026-05-14T04:05:00.447515,175.206.x.x,4af63ab2013598bc,43042,0,NON_MAVLINK_PROBE,SCANNER,0,,56fd43a2,NORMAL,0.0
2026-05-14T04:07:03.484310,16.58.x.x,09ea7c1bce3720fb,48150,0,NON_MAVLINK_PROBE,SCANNER,0,,8bd21d54,NORMAL,0.0
2026-05-14T04:07:14.636878,16.58.x.x,09ea7c1bce3720fb,35104,0,NON_MAVLINK_PROBE,SCANNER,0,,5b9ae93b,NORMAL,0.0
2026-05-14T04:10:38.310476,16.58.x.x,09ea7c1bce3720fb,60652,0,NON_MAVLINK_PROBE,SCANNER,0,,cfaee496,NORMAL,0.0
2026-05-14T04:11:15.328676,16.58.x.x,09ea7c1bce3720fb,58862,0,NON_MAVLINK_PROBE,SCANNER,0,,03b27405,NORMAL,0.0
2026-05-14T04:12:54.271873,154.219.x.x,960dab580e6d3271,45204,0,NON_MAVLINK_PROBE,SCANNER,0,,8a39f8bd,NORMAL,0.0
2026-05-14T04:13:52.848073,16.58.x.x,09ea7c1bce3720fb,45220,0,NON_MAVLINK_PROBE,SCANNER,0,,a2f8d8fa,NORMAL,0.0
2026-05-14T04:21:05.127251,147.185.x.x,e90d75ea8d0b1e57,59526,0,NON_MAVLINK_PROBE,SCANNER,0,,4635e9ba,NORMAL,0.0
2026-05-14T04:22:21.447449,64.62.x.x,19aa2e78299d2fbc,47066,0,NON_MAVLINK_PROBE,SCANNER,0,,9d544239,NORMAL,0.0
2026-05-14T04:32:21.812559,35.216.x.x,ae8442f33dd73136,38360,0,NON_MAVLINK_PROBE,SCANNER,0,,ad7b8694,NORMAL,0.0
2026-05-14T04:33:31.618105,165.154.x.x,21668a5676677782,50444,0,NON_MAVLINK_PROBE,SCANNER,0,,b8e36c97,NORMAL,0.0
2026-05-14T04:33:50.125171,165.154.x.x,21668a5676677782,50450,0,NON_MAVLINK_PROBE,SCANNER,0,,a0ac15b7,NORMAL,0.0
2026-05-14T04:34:08.692606,165.154.x.x,21668a5676677782,46308,0,NON_MAVLINK_PROBE,SCANNER,0,,f78c57a8,NORMAL,0.0
2026-05-14T04:34:27.196526,165.154.x.x,21668a5676677782,47900,0,NON_MAVLINK_PROBE,SCANNER,0,,e85b566f,NORMAL,0.0
2026-05-14T04:34:41.422824,35.216.x.x,3fbb2e69b4dc4d61,46950,0,NON_MAVLINK_PROBE,SCANNER,0,,e4778576,NORMAL,0.0
2026-05-14T04:34:45.731493,165.154.x.x,21668a5676677782,41568,0,NON_MAVLINK_PROBE,SCANNER,0,,9242f8e9,NORMAL,0.0
2026-05-14T04:34:46.606792,35.216.x.x,3fbb2e69b4dc4d61,46956,0,NON_MAVLINK_PROBE,SCANNER,0,,d735b56f,NORMAL,0.0
2026-05-14T04:35:04.312474,165.154.x.x,21668a5676677782,42230,0,NON_MAVLINK_PROBE,SCANNER,0,,f8ea45d9,NORMAL,0.0
2026-05-14T04:35:22.774944,165.154.x.x,21668a5676677782,38276,0,NON_MAVLINK_PROBE,SCANNER,0,,78b8b416,NORMAL,0.0
2026-05-14T04:35:41.320856,165.154.x.x,21668a5676677782,56612,0,NON_MAVLINK_PROBE,SCANNER,0,,f1c4f0fd,NORMAL,0.0
2026-05-14T04:35:59.806629,165.154.x.x,21668a5676677782,58830,0,NON_MAVLINK_PROBE,SCANNER,0,,d4672696,NORMAL,0.0
2026-05-14T04:36:18.332536,165.154.x.x,21668a5676677782,42460,0,NON_MAVLINK_PROBE,SCANNER,0,,9c85003b,NORMAL,0.0
2026-05-14T04:43:10.993022,160.119.x.x,a2681a6b9783168e,38680,0,NON_MAVLINK_PROBE,SCANNER,0,,6395d33c,NORMAL,0.0
2026-05-14T04:43:11.392543,160.119.x.x,a2681a6b9783168e,38688,0,NON_MAVLINK_PROBE,SCANNER,0,,2b60ded8,NORMAL,0.0
2026-05-14T04:43:58.365780,111.40.x.x,03ea283d6ade5692,37906,0,NON_MAVLINK_PROBE,SCANNER,0,,50ddee5e,NORMAL,0.0
2026-05-14T04:48:33.776073,159.223.x.x,5c6b5ecebe363777,49034,0,NON_MAVLINK_PROBE,SCANNER,0,,6b0a0e84,NORMAL,0.0
2026-05-14T04:48:33.784060,159.223.x.x,5c6b5ecebe363777,49042,0,NON_MAVLINK_PROBE,SCANNER,0,,ecfdd3f0,NORMAL,0.0
2026-05-14T04:48:33.781375,159.223.x.x,5c6b5ecebe363777,35998,0,NON_MAVLINK_PROBE,SCANNER,0,,77dd3327,NORMAL,0.0
2026-05-14T04:48:33.791053,159.223.x.x,5c6b5ecebe363777,35996,0,NON_MAVLINK_PROBE,SCANNER,0,,6a66b54d,NORMAL,0.0
2026-05-14T04:48:44.018104,159.223.x.x,5c6b5ecebe363777,36012,0,NON_MAVLINK_PROBE,SCANNER,0,,3c5cddd2,NORMAL,0.0
2026-05-14T04:48:44.060420,159.223.x.x,5c6b5ecebe363777,36022,0,NON_MAVLINK_PROBE,SCANNER,0,,e3619fc3,NORMAL,0.0
2026-05-14T04:48:44.060051,159.223.x.x,5c6b5ecebe363777,49068,0,NON_MAVLINK_PROBE,SCANNER,0,,35e61403,NORMAL,0.0
2026-05-14T04:48:44.063545,159.223.x.x,5c6b5ecebe363777,49054,0,NON_MAVLINK_PROBE,SCANNER,0,,7d1fb1c9,NORMAL,0.0
2026-05-14T04:49:03.323184,160.119.x.x,a2681a6b9783168e,41828,0,NON_MAVLINK_PROBE,SCANNER,0,,ea05695e,NORMAL,0.0
2026-05-14T04:53:25.724990,45.198.x.x,7db0b45618a77305,50028,0,NON_MAVLINK_PROBE,SCANNER,0,,3498494f,NORMAL,0.0
2026-05-14T05:09:00.377428,151.245.x.x,518d26dd4dee99dd,38518,0,NON_MAVLINK_PROBE,SCANNER,0,,1785b703,NORMAL,0.0
2026-05-14T05:09:37.343328,3.131.x.x,33a4e31c62c5a2fe,40656,0,NON_MAVLINK_PROBE,SCANNER,0,,671148e4,NORMAL,0.0
2026-05-14T05:09:55.658025,3.131.x.x,33a4e31c62c5a2fe,48608,0,NON_MAVLINK_PROBE,SCANNER,0,,ab06198f,NORMAL,0.0
2026-05-14T05:12:45.309855,3.131.x.x,33a4e31c62c5a2fe,50316,0,NON_MAVLINK_PROBE,SCANNER,0,,4be4b517,NORMAL,0.0
2026-05-14T05:12:48.279134,204.76.x.x,c804eabb0c6ba4bc,51472,0,NON_MAVLINK_PROBE,SCANNER,0,,7794bbbc,NORMAL,0.0
2026-05-14T05:14:23.004808,3.131.x.x,33a4e31c62c5a2fe,52794,0,NON_MAVLINK_PROBE,SCANNER,0,,b15f8d92,NORMAL,0.0
2026-05-14T05:16:35.322016,3.131.x.x,33a4e31c62c5a2fe,57868,0,NON_MAVLINK_PROBE,SCANNER,0,,b1bbcf5e,NORMAL,0.0
2026-05-14T05:38:53.022592,160.119.x.x,a2681a6b9783168e,54644,0,NON_MAVLINK_PROBE,SCANNER,0,,9810e19e,NORMAL,0.0
2026-05-14T06:08:26.089870,206.81.x.x,788e921f4a8cfabb,46858,0,NON_MAVLINK_PROBE,SCANNER,0,,29f49c31,NORMAL,0.0
2026-05-14T06:17:20.621613,85.11.x.x,1c67ed080ce09331,48042,0,NON_MAVLINK_PROBE,SCANNER,0,,095e15da,NORMAL,0.0
2026-05-14T06:17:21.001453,85.11.x.x,1c67ed080ce09331,48054,0,NON_MAVLINK_PROBE,SCANNER,0,,03a7fe8c,NORMAL,0.0
2026-05-14T06:23:55.664558,147.185.x.x,ebdf6291c1b906a3,59946,0,NON_MAVLINK_PROBE,SCANNER,0,,29adff57,NORMAL,0.0
2026-05-14T06:23:55.672611,147.185.x.x,ebdf6291c1b906a3,59948,0,NON_MAVLINK_PROBE,SCANNER,0,,246f9c15,NORMAL,0.0
2026-05-14T06:29:50.922254,45.79.x.x,2b7bda7f70e9dd65,31060,0,NON_MAVLINK_PROBE,SCANNER,0,,ca7a52b3,NORMAL,0.0
2026-05-14T06:29:51.318981,45.79.x.x,2b7bda7f70e9dd65,54622,0,NON_MAVLINK_PROBE,SCANNER,0,,0124853d,NORMAL,0.0
2026-05-14T06:40:24.355857,185.56.x.x,6b4ded641ee45b6d,12362,0,NON_MAVLINK_PROBE,SCANNER,0,,86ed42f9,NORMAL,0.0
2026-05-14T06:49:27.981492,204.76.x.x,c804eabb0c6ba4bc,56534,0,NON_MAVLINK_PROBE,SCANNER,0,,7cf76ea4,NORMAL,0.0
2026-05-14T06:57:49.436260,205.210.x.x,e20e35a17da121cd,59418,0,NON_MAVLINK_PROBE,SCANNER,0,,4089644b,NORMAL,0.0
2026-05-14T07:04:11.099448,198.235.x.x,62937dfff0db23f5,61944,0,NON_MAVLINK_PROBE,SCANNER,0,,a0f001ba,NORMAL,0.0
2026-05-14T07:04:11.108367,198.235.x.x,62937dfff0db23f5,61958,0,NON_MAVLINK_PROBE,SCANNER,0,,eff4c3a2,NORMAL,0.0
2026-05-14T07:41:40.543706,16.147.x.x,958f676d00cc326e,41310,0,NON_MAVLINK_PROBE,SCANNER,0,,fddfa493,NORMAL,0.0
2026-05-14T07:52:42.829459,66.132.x.x,9aa9132f7eb45ec4,34424,0,NON_MAVLINK_PROBE,SCANNER,0,,39d4cf62,NORMAL,0.0
2026-05-14T07:52:53.570270,66.132.x.x,9aa9132f7eb45ec4,3040,0,NON_MAVLINK_PROBE,SCANNER,0,,f6163c9a,NORMAL,0.0
2026-05-14T07:53:02.506667,66.132.x.x,9aa9132f7eb45ec4,46990,4,UNKNOWN_4,UNKNOWN,3,32d6bb62c25106003905,94d55580,NORMAL,0.2
2026-05-14T07:53:34.104777,66.132.x.x,9aa9132f7eb45ec4,26278,0,NON_MAVLINK_PROBE,SCANNER,0,,0a66cb9c,NORMAL,0.0
2026-05-14T07:55:59.853283,3.129.x.x,e3111d802ac43609,37022,0,NON_MAVLINK_PROBE,SCANNER,0,,a2c29b3d,NORMAL,0.0
2026-05-14T07:56:07.073524,3.129.x.x,e3111d802ac43609,33604,0,NON_MAVLINK_PROBE,SCANNER,0,,67e42a6d,NORMAL,0.0
2026-05-14T07:56:22.930148,176.65.x.x,9880f1c3a55845dd,59834,0,NON_MAVLINK_PROBE,SCANNER,0,,b4b82851,NORMAL,0.0
2026-05-14T07:58:55.831787,3.129.x.x,e3111d802ac43609,52152,0,NON_MAVLINK_PROBE,SCANNER,0,,b411aab2,NORMAL,0.0
2026-05-14T08:00:17.915062,3.129.x.x,e3111d802ac43609,54554,0,NON_MAVLINK_PROBE,SCANNER,0,,ece63486,NORMAL,0.0
2026-05-14T08:01:56.004254,3.129.x.x,e3111d802ac43609,37444,0,NON_MAVLINK_PROBE,SCANNER,0,,4bb45d18,NORMAL,0.0
2026-05-14T08:05:52.539334,152.32.x.x,6ffbda4226dc7bdf,40672,0,NON_MAVLINK_PROBE,SCANNER,0,,79f4cf1d,NORMAL,0.0
2026-05-14T08:06:10.920978,152.32.x.x,6ffbda4226dc7bdf,40674,0,NON_MAVLINK_PROBE,SCANNER,0,,e460429a,NORMAL,0.0
2026-05-14T08:06:30.131772,152.32.x.x,6ffbda4226dc7bdf,42334,0,NON_MAVLINK_PROBE,SCANNER,0,,f36d4635,NORMAL,0.0
2026-05-14T08:06:48.277933,152.32.x.x,6ffbda4226dc7bdf,52222,0,NON_MAVLINK_PROBE,SCANNER,0,,d2a7cce5,NORMAL,0.0
2026-05-14T08:07:06.454768,152.32.x.x,6ffbda4226dc7bdf,52802,0,NON_MAVLINK_PROBE,SCANNER,0,,9fc66b32,NORMAL,0.0
2026-05-14T08:07:24.619216,152.32.x.x,6ffbda4226dc7bdf,53912,0,NON_MAVLINK_PROBE,SCANNER,0,,592db497,NORMAL,0.0
2026-05-14T08:07:42.730769,152.32.x.x,6ffbda4226dc7bdf,52492,0,NON_MAVLINK_PROBE,SCANNER,0,,d7d9c6b7,NORMAL,0.0
2026-05-14T08:08:00.934549,152.32.x.x,6ffbda4226dc7bdf,48614,0,NON_MAVLINK_PROBE,SCANNER,0,,e9b6e15b,NORMAL,0.0
2026-05-14T08:08:19.136542,152.32.x.x,6ffbda4226dc7bdf,44326,0,NON_MAVLINK_PROBE,SCANNER,0,,6bd9913f,NORMAL,0.0
2026-05-14T08:08:37.302296,152.32.x.x,6ffbda4226dc7bdf,44894,0,NON_MAVLINK_PROBE,SCANNER,0,,5c51b109,NORMAL,0.0
2026-05-14T08:08:55.427005,152.32.x.x,6ffbda4226dc7bdf,49660,0,NON_MAVLINK_PROBE,SCANNER,0,,82f5f45f,NORMAL,0.0
2026-05-14T08:09:13.603769,152.32.x.x,6ffbda4226dc7bdf,33650,0,NON_MAVLINK_PROBE,SCANNER,0,,89b3771b,NORMAL,0.0
2026-05-14T08:18:40.075814,160.119.x.x,a2681a6b9783168e,54826,0,NON_MAVLINK_PROBE,SCANNER,0,,1ae4bc0c,NORMAL,0.0
2026-05-14T08:41:37.421296,35.241.x.x,d7d38ba27a8dd2ad,43402,0,NON_MAVLINK_PROBE,SCANNER,0,,e1ab463c,NORMAL,0.0
2026-05-14T08:50:35.070349,147.182.x.x,340673428ccdfe31,36002,0,NON_MAVLINK_PROBE,SCANNER,0,,57579911,NORMAL,0.0
2026-05-14T08:51:58.043578,45.198.x.x,7db0b45618a77305,41084,0,NON_MAVLINK_PROBE,SCANNER,0,,47c91979,NORMAL,0.0
2026-05-14T08:54:53.268847,176.65.x.x,9880f1c3a55845dd,41670,0,NON_MAVLINK_PROBE,SCANNER,0,,53443df8,NORMAL,0.0
2026-05-14T08:57:13.640061,147.182.x.x,340673428ccdfe31,53690,0,NON_MAVLINK_PROBE,SCANNER,0,,0a1a73de,NORMAL,0.0
2026-05-14T09:02:45.909871,163.172.x.x,466657e6c037abd6,51100,0,NON_MAVLINK_PROBE,SCANNER,0,,1f5d4ffb,NORMAL,0.0
2026-05-14T09:05:33.605108,176.65.x.x,fda2510dd8c0cf3c,47862,0,NON_MAVLINK_PROBE,SCANNER,0,,da5ddc44,NORMAL,0.0
2026-05-14T09:06:22.579327,176.65.x.x,fda2510dd8c0cf3c,47956,0,NON_MAVLINK_PROBE,SCANNER,0,,23aed658,NORMAL,0.0
2026-05-14T09:06:22.624642,176.65.x.x,fda2510dd8c0cf3c,47898,0,NON_MAVLINK_PROBE,SCANNER,0,,217dff47,NORMAL,0.0
2026-05-14T09:06:22.642973,176.65.x.x,fda2510dd8c0cf3c,47872,0,NON_MAVLINK_PROBE,SCANNER,0,,c4764a7c,NORMAL,0.0
2026-05-14T09:06:22.645137,176.65.x.x,fda2510dd8c0cf3c,47868,0,NON_MAVLINK_PROBE,SCANNER,0,,1061118a,NORMAL,0.0
2026-05-14T09:06:22.663869,176.65.x.x,fda2510dd8c0cf3c,47908,0,NON_MAVLINK_PROBE,SCANNER,0,,d2fd3f8f,NORMAL,0.0
2026-05-14T09:06:22.649778,176.65.x.x,fda2510dd8c0cf3c,47892,0,NON_MAVLINK_PROBE,SCANNER,0,,abf45887,NORMAL,0.0
2026-05-14T09:06:22.669027,176.65.x.x,fda2510dd8c0cf3c,47864,0,NON_MAVLINK_PROBE,SCANNER,0,,73a8371b,NORMAL,0.0
2026-05-14T09:06:22.673475,176.65.x.x,fda2510dd8c0cf3c,47886,0,NON_MAVLINK_PROBE,SCANNER,0,,7897b06c,NORMAL,0.0
2026-05-14T09:06:22.676379,176.65.x.x,fda2510dd8c0cf3c,47928,0,NON_MAVLINK_PROBE,SCANNER,0,,1b08d0d1,NORMAL,0.0
2026-05-14T09:09:37.393463,160.119.x.x,a2681a6b9783168e,46812,0,NON_MAVLINK_PROBE,SCANNER,0,,a0c916d1,NORMAL,0.0
2026-05-14T09:15:24.044308,130.12.x.x,ad1a1d352a800c18,34148,0,NON_MAVLINK_PROBE,SCANNER,0,,7fefe548,NORMAL,0.0
2026-05-14T09:22:40.735671,185.91.x.x,2a2b0990dd4071ec,53332,0,NON_MAVLINK_PROBE,SCANNER,0,,32539bc3,NORMAL,0.0
2026-05-14T09:22:40.741357,185.91.x.x,2a2b0990dd4071ec,53390,0,NON_MAVLINK_PROBE,SCANNER,0,,9fca1ea0,NORMAL,0.0
2026-05-14T09:22:40.800298,185.91.x.x,2a2b0990dd4071ec,53362,0,NON_MAVLINK_PROBE,SCANNER,0,,cbc84669,NORMAL,0.0
2026-05-14T09:22:40.805387,185.91.x.x,2a2b0990dd4071ec,53368,0,NON_MAVLINK_PROBE,SCANNER,0,,08f14115,NORMAL,0.0
2026-05-14T09:22:40.811723,185.91.x.x,2a2b0990dd4071ec,53412,0,NON_MAVLINK_PROBE,SCANNER,0,,29f39a6f,NORMAL,0.0
2026-05-14T09:22:45.375563,185.91.x.x,2a2b0990dd4071ec,53396,0,NON_MAVLINK_PROBE,SCANNER,0,,9870de3b,NORMAL,0.0
2026-05-14T09:22:45.361292,185.91.x.x,2a2b0990dd4071ec,53334,0,NON_MAVLINK_PROBE,SCANNER,0,,145c9c38,NORMAL,0.0
2026-05-14T09:22:45.383556,185.91.x.x,2a2b0990dd4071ec,53378,0,NON_MAVLINK_PROBE,SCANNER,0,,1be7a466,NORMAL,0.0
2026-05-14T09:22:45.402144,185.91.x.x,2a2b0990dd4071ec,53348,0,NON_MAVLINK_PROBE,SCANNER,0,,cd64f885,NORMAL,0.0
2026-05-14T09:22:45.404873,185.91.x.x,2a2b0990dd4071ec,53370,0,NON_MAVLINK_PROBE,SCANNER,0,,6045a463,NORMAL,0.0
2026-05-14T09:29:14.491004,45.135.x.x,9eaf44d2128ee499,50440,0,NON_MAVLINK_PROBE,SCANNER,0,,c5e4da57,NORMAL,0.0
2026-05-14T09:33:27.012673,66.132.x.x,0cba1a5d5a989e1d,14748,0,NON_MAVLINK_PROBE,SCANNER,0,,2654eb0a,NORMAL,0.0
2026-05-14T09:33:32.302538,66.132.x.x,0cba1a5d5a989e1d,14334,4,UNKNOWN_4,UNKNOWN,3,7aa122cac35106003905,1ddd22c4,NORMAL,0.2
2026-05-14T09:33:46.889603,66.132.x.x,0cba1a5d5a989e1d,14362,0,NON_MAVLINK_PROBE,SCANNER,0,,99ea1ece,NORMAL,0.0
2026-05-14T09:34:02.091279,204.76.x.x,c804eabb0c6ba4bc,49390,0,NON_MAVLINK_PROBE,SCANNER,0,,9128476a,NORMAL,0.0
2026-05-14T09:47:39.425211,45.198.x.x,7db0b45618a77305,58578,0,NON_MAVLINK_PROBE,SCANNER,0,,a91386f2,NORMAL,0.0
2026-05-14T09:58:03.833191,80.94.x.x,f33c463c0284d361,64197,0,NON_MAVLINK_PROBE,SCANNER,0,,76fd96e0,NORMAL,0.0
2026-05-14T09:59:13.977115,47.251.x.x,38c03d46d2e5016b,59754,0,NON_MAVLINK_PROBE,SCANNER,0,,768f1f77,NORMAL,0.0
2026-05-14T09:59:27.245015,47.251.x.x,38c03d46d2e5016b,49838,0,NON_MAVLINK_PROBE,SCANNER,0,,1a3cc87f,NORMAL,0.0
2026-05-14T09:59:40.429541,47.251.x.x,38c03d46d2e5016b,22736,0,NON_MAVLINK_PROBE,SCANNER,0,,99715489,NORMAL,0.0
2026-05-14T09:59:53.643607,47.251.x.x,38c03d46d2e5016b,11052,0,NON_MAVLINK_PROBE,SCANNER,0,,dd954784,NORMAL,0.0
2026-05-14T10:05:30.780765,176.65.x.x,231b2332032de53e,59250,0,NON_MAVLINK_PROBE,SCANNER,0,,07daa34c,NORMAL,0.0
2026-05-14T10:13:42.869432,135.237.x.x,df2f5fa4c8623988,51228,0,NON_MAVLINK_PROBE,SCANNER,0,,a2d62546,NORMAL,0.0
2026-05-14T10:33:00.869588,176.65.x.x,9880f1c3a55845dd,33686,0,NON_MAVLINK_PROBE,SCANNER,0,,ac3efe15,NORMAL,0.0
2026-05-14T10:41:02.748079,176.65.x.x,9880f1c3a55845dd,42544,0,NON_MAVLINK_PROBE,SCANNER,0,,941c88b2,NORMAL,0.0
2026-05-14T10:53:50.339420,204.76.x.x,c804eabb0c6ba4bc,37096,0,NON_MAVLINK_PROBE,SCANNER,0,,49cb9775,NORMAL,0.0
2026-05-14T10:57:57.777348,80.94.x.x,f33c463c0284d361,64416,0,NON_MAVLINK_PROBE,SCANNER,0,,ba521f48,NORMAL,0.0
2026-05-14T11:04:36.727744,130.12.x.x,ad1a1d352a800c18,37506,0,NON_MAVLINK_PROBE,SCANNER,0,,2435a4d8,NORMAL,0.0
2026-05-14T11:05:45.577685,152.32.x.x,3d6fcc7562dd89b6,24660,0,NON_MAVLINK_PROBE,SCANNER,0,,8a339921,NORMAL,0.0
2026-05-14T11:05:47.736789,152.32.x.x,3d6fcc7562dd89b6,25578,0,NON_MAVLINK_PROBE,SCANNER,0,,92aa5ee4,NORMAL,0.0
2026-05-14T11:05:50.916384,152.32.x.x,3d6fcc7562dd89b6,27482,0,NON_MAVLINK_PROBE,SCANNER,0,,f6897222,NORMAL,0.0
2026-05-14T11:05:51.078923,152.32.x.x,3d6fcc7562dd89b6,28172,0,NON_MAVLINK_PROBE,SCANNER,0,,912026e2,NORMAL,0.0
2026-05-14T11:05:59.099247,152.32.x.x,3d6fcc7562dd89b6,28256,0,NON_MAVLINK_PROBE,SCANNER,0,,a53ad9ea,NORMAL,0.0
2026-05-14T11:05:59.267535,152.32.x.x,3d6fcc7562dd89b6,31746,0,NON_MAVLINK_PROBE,SCANNER,0,,4dda569b,NORMAL,0.0
2026-05-14T11:06:07.233069,152.32.x.x,3d6fcc7562dd89b6,31824,0,NON_MAVLINK_PROBE,SCANNER,0,,db4ad97d,NORMAL,0.0
2026-05-14T11:06:07.392457,152.32.x.x,3d6fcc7562dd89b6,35160,0,NON_MAVLINK_PROBE,SCANNER,0,,986e4414,NORMAL,0.0
2026-05-14T11:06:07.542941,152.32.x.x,3d6fcc7562dd89b6,35222,0,NON_MAVLINK_PROBE,SCANNER,0,,bbf23f0a,NORMAL,0.0
2026-05-14T11:06:07.727228,152.32.x.x,3d6fcc7562dd89b6,35302,0,NON_MAVLINK_PROBE,SCANNER,0,,dcc65176,NORMAL,0.0
2026-05-14T11:06:07.878882,152.32.x.x,3d6fcc7562dd89b6,35358,0,NON_MAVLINK_PROBE,SCANNER,0,,da3767b5,NORMAL,0.0
2026-05-14T11:06:08.104015,152.32.x.x,3d6fcc7562dd89b6,35406,0,NON_MAVLINK_PROBE,SCANNER,0,,656df1a3,NORMAL,0.0
2026-05-14T11:06:16.039758,152.32.x.x,3d6fcc7562dd89b6,35460,0,NON_MAVLINK_PROBE,SCANNER,0,,259a5e39,NORMAL,0.0
2026-05-14T11:06:16.231118,152.32.x.x,3d6fcc7562dd89b6,38590,0,NON_MAVLINK_PROBE,SCANNER,0,,0b9eea0b,NORMAL,0.0
2026-05-14T11:06:16.397413,152.32.x.x,3d6fcc7562dd89b6,38636,0,NON_MAVLINK_PROBE,SCANNER,0,,90d494e3,NORMAL,0.0
2026-05-14T11:06:16.729437,152.32.x.x,3d6fcc7562dd89b6,38708,0,HEARTBEAT,RECON,1,,2bc1e965,NORMAL,0.2
2026-05-14T11:06:16.883399,152.32.x.x,3d6fcc7562dd89b6,38708,0,HEARTBEAT,RECON,1,,2bc1e965,NORMAL,0.4
2026-05-14T11:06:17.090985,152.32.x.x,3d6fcc7562dd89b6,38708,0,HEARTBEAT,RECON,1,,2bc1e965,NORMAL,0.6
2026-05-14T11:08:19.953850,103.59.x.x,aa4b67141a8b26dd,57814,0,NON_MAVLINK_PROBE,SCANNER,0,,a50e5536,NORMAL,0.0
2026-05-14T11:08:26.590191,176.65.x.x,5ef874716788ff08,40806,0,NON_MAVLINK_PROBE,SCANNER,0,,c2932f61,NORMAL,0.0
2026-05-14T11:18:37.306486,185.91.x.x,2a2b0990dd4071ec,33436,0,NON_MAVLINK_PROBE,SCANNER,0,,ddb8de3e,NORMAL,0.0
2026-05-14T11:18:37.303229,185.91.x.x,2a2b0990dd4071ec,33344,0,NON_MAVLINK_PROBE,SCANNER,0,,c4935d9e,NORMAL,0.0
2026-05-14T11:18:37.307482,185.91.x.x,2a2b0990dd4071ec,33368,0,NON_MAVLINK_PROBE,SCANNER,0,,f81cb52b,NORMAL,0.0
2026-05-14T11:18:37.317615,185.91.x.x,2a2b0990dd4071ec,33330,0,NON_MAVLINK_PROBE,SCANNER,0,,15cd377c,NORMAL,0.0
2026-05-14T11:18:37.320413,185.91.x.x,2a2b0990dd4071ec,33356,0,NON_MAVLINK_PROBE,SCANNER,0,,9c4d2ee7,NORMAL,0.0
2026-05-14T11:18:37.326335,185.91.x.x,2a2b0990dd4071ec,33396,0,NON_MAVLINK_PROBE,SCANNER,0,,0f99de95,NORMAL,0.0
2026-05-14T11:18:41.900320,185.91.x.x,2a2b0990dd4071ec,33378,0,NON_MAVLINK_PROBE,SCANNER,0,,5af4371d,NORMAL,0.0
2026-05-14T11:18:41.914033,185.91.x.x,2a2b0990dd4071ec,33388,0,NON_MAVLINK_PROBE,SCANNER,0,,e9b19dd4,NORMAL,0.0
2026-05-14T11:18:41.924666,185.91.x.x,2a2b0990dd4071ec,33424,0,NON_MAVLINK_PROBE,SCANNER,0,,42e79f35,NORMAL,0.0
2026-05-14T11:18:41.924207,185.91.x.x,2a2b0990dd4071ec,33386,0,NON_MAVLINK_PROBE,SCANNER,0,,90fd3123,NORMAL,0.0
2026-05-14T11:20:00.276295,176.65.x.x,231b2332032de53e,26356,0,NON_MAVLINK_PROBE,SCANNER,0,,97b5885a,NORMAL,0.0
2026-05-14T11:21:09.845295,47.251.x.x,8f2bc71a0ea04027,30094,0,NON_MAVLINK_PROBE,SCANNER,0,,ef0f9030,NORMAL,0.0
2026-05-14T11:21:23.050917,47.251.x.x,8f2bc71a0ea04027,40302,0,NON_MAVLINK_PROBE,SCANNER,0,,17824b74,NORMAL,0.0
2026-05-14T11:21:36.281490,47.251.x.x,8f2bc71a0ea04027,57288,0,NON_MAVLINK_PROBE,SCANNER,0,,338fb1ff,NORMAL,0.0
2026-05-14T11:21:49.493785,47.251.x.x,8f2bc71a0ea04027,16714,0,NON_MAVLINK_PROBE,SCANNER,0,,7d05ed0f,NORMAL,0.0
2026-05-14T11:24:37.442292,69.5.x.x,bb441d3378af15f5,33443,0,NON_MAVLINK_PROBE,SCANNER,0,,ea572c48,NORMAL,0.0
2026-05-14T11:25:54.845075,213.166.x.x,6facff33e31d0c0d,43525,0,NON_MAVLINK_PROBE,SCANNER,0,,5d865589,NORMAL,0.0
2026-05-14T11:26:16.839369,80.66.x.x,e2beb78c1934d766,65311,0,NON_MAVLINK_PROBE,SCANNER,0,,501b3ff8,NORMAL,0.0
2026-05-14T11:27:22.297114,69.5.x.x,a3d0ada9861966c0,13866,0,NON_MAVLINK_PROBE,SCANNER,0,,ff4c1fd4,NORMAL,0.0
2026-05-14T11:39:51.195300,69.5.x.x,eb1717d15ad05cda,63408,0,NON_MAVLINK_PROBE,SCANNER,0,,70f106b2,NORMAL,0.0
2026-05-14T11:47:54.348231,20.65.x.x,557b4362dcf9be7a,59866,0,NON_MAVLINK_PROBE,SCANNER,0,,8e49398d,NORMAL,0.0
2026-05-14T11:47:54.830520,20.65.x.x,557b4362dcf9be7a,59882,0,NON_MAVLINK_PROBE,SCANNER,0,,c040f9f2,NORMAL,0.0
2026-05-14T11:48:22.203136,69.5.x.x,6a6afb4d9030a7c1,2094,0,NON_MAVLINK_PROBE,SCANNER,0,,1623cdd3,NORMAL,0.0
2026-05-14T11:48:59.423220,165.232.x.x,5be1042441c66c92,49092,0,NON_MAVLINK_PROBE,SCANNER,0,,59296b8b,NORMAL,0.0
2026-05-14T11:48:59.420749,165.232.x.x,5be1042441c66c92,49104,0,NON_MAVLINK_PROBE,SCANNER,0,,1c6c2e4c,NORMAL,0.0
2026-05-14T11:48:59.444987,165.232.x.x,5be1042441c66c92,49094,0,NON_MAVLINK_PROBE,SCANNER,0,,99e18c01,NORMAL,0.0
2026-05-14T11:48:59.458155,165.232.x.x,5be1042441c66c92,41070,0,NON_MAVLINK_PROBE,SCANNER,0,,b2d95bfb,NORMAL,0.0
2026-05-14T11:48:59.457548,165.232.x.x,5be1042441c66c92,41078,0,NON_MAVLINK_PROBE,SCANNER,0,,c64164ff,NORMAL,0.0
2026-05-14T11:48:59.459116,165.232.x.x,5be1042441c66c92,41066,0,NON_MAVLINK_PROBE,SCANNER,0,,d32a2af5,NORMAL,0.0
2026-05-14T11:49:09.531883,165.232.x.x,5be1042441c66c92,44386,0,NON_MAVLINK_PROBE,SCANNER,0,,953fe816,NORMAL,0.0
2026-05-14T11:49:09.534665,165.232.x.x,5be1042441c66c92,44380,0,NON_MAVLINK_PROBE,SCANNER,0,,dd559e2a,NORMAL,0.0
2026-05-14T11:49:09.542992,165.232.x.x,5be1042441c66c92,42838,0,NON_MAVLINK_PROBE,SCANNER,0,,cd3726d2,NORMAL,0.0
2026-05-14T11:49:09.557185,165.232.x.x,5be1042441c66c92,42842,0,NON_MAVLINK_PROBE,SCANNER,0,,bcf37537,NORMAL,0.0
2026-05-14T11:59:04.108087,162.198.x.x,4eff116511be634e,48720,0,NON_MAVLINK_PROBE,SCANNER,0,,201cddf1,NORMAL,0.0
2026-05-14T11:59:09.082240,162.198.x.x,4eff116511be634e,48726,0,NON_MAVLINK_PROBE,SCANNER,0,,75c2bab4,NORMAL,0.0
2026-05-14T11:59:14.155821,162.198.x.x,4eff116511be634e,58558,0,NON_MAVLINK_PROBE,SCANNER,0,,402c0dd2,NORMAL,0.0
2026-05-14T11:59:19.085641,162.198.x.x,4eff116511be634e,58574,0,NON_MAVLINK_PROBE,SCANNER,0,,0a849e1e,NORMAL,0.0
2026-05-14T12:03:26.393188,69.5.x.x,ebf667a4a3b65486,15390,0,NON_MAVLINK_PROBE,SCANNER,0,,c0683f5c,NORMAL,0.0
2026-05-14T12:15:43.292322,176.65.x.x,9880f1c3a55845dd,51640,0,NON_MAVLINK_PROBE,SCANNER,0,,8c8ae018,NORMAL,0.0
2026-05-14T12:21:55.534075,172.236.x.x,f21343d5fcd150e3,43452,0,NON_MAVLINK_PROBE,SCANNER,0,,30b24eee,NORMAL,0.0
2026-05-14T12:21:55.975389,172.236.x.x,f21343d5fcd150e3,24646,0,NON_MAVLINK_PROBE,SCANNER,0,,5d1c1699,NORMAL,0.0
2026-05-14T12:33:55.013670,212.73.x.x,a6c752401faf5aa3,53470,0,NON_MAVLINK_PROBE,SCANNER,0,,322142ed,NORMAL,0.0
2026-05-14T12:34:21.644746,185.226.x.x,11d79d27a35f10c3,59290,0,NON_MAVLINK_PROBE,SCANNER,0,,93196b78,NORMAL,0.0
2026-05-14T12:34:30.437753,185.226.x.x,4ed2f924c0631977,38020,0,NON_MAVLINK_PROBE,SCANNER,0,,c07aaffc,NORMAL,0.0
2026-05-14T12:34:35.979721,185.226.x.x,31be033d90df87fb,43552,0,NON_MAVLINK_PROBE,SCANNER,0,,58638490,NORMAL,0.0
2026-05-14T12:34:36.682037,212.73.x.x,0a66abde7a8ee6ce,49340,0,NON_MAVLINK_PROBE,SCANNER,0,,bd461382,NORMAL,0.0
2026-05-14T12:34:46.255253,185.226.x.x,4ed2f924c0631977,33068,0,NON_MAVLINK_PROBE,SCANNER,0,,22ea5173,NORMAL,0.0
2026-05-14T12:34:48.991421,212.73.x.x,208250f69cf04207,34128,0,NON_MAVLINK_PROBE,SCANNER,0,,3fbe4453,NORMAL,0.0
2026-05-14T12:34:49.849014,185.226.x.x,31be033d90df87fb,49232,0,NON_MAVLINK_PROBE,SCANNER,0,,9f3fc38b,NORMAL,0.0
2026-05-14T12:34:53.230534,185.226.x.x,11d79d27a35f10c3,58678,0,NON_MAVLINK_PROBE,SCANNER,0,,bcbfdd51,NORMAL,0.0
2026-05-14T12:34:55.043396,185.226.x.x,4ed2f924c0631977,60206,0,NON_MAVLINK_PROBE,SCANNER,0,,68eac2d1,NORMAL,0.0
2026-05-14T12:35:04.646345,212.73.x.x,208250f69cf04207,52916,0,NON_MAVLINK_PROBE,SCANNER,0,,71281b37,NORMAL,0.0
2026-05-14T12:35:05.396594,185.226.x.x,324a36d91a4bed0f,51478,0,NON_MAVLINK_PROBE,SCANNER,0,,4b90ecd2,NORMAL,0.0
2026-05-14T12:35:14.543195,185.226.x.x,324a36d91a4bed0f,43092,0,NON_MAVLINK_PROBE,SCANNER,0,,4cd4416a,NORMAL,0.0
2026-05-14T12:35:18.956091,185.226.x.x,31be033d90df87fb,56190,0,NON_MAVLINK_PROBE,SCANNER,0,,b5851c1b,NORMAL,0.0
2026-05-14T12:35:20.028975,185.226.x.x,4ed2f924c0631977,38710,0,NON_MAVLINK_PROBE,SCANNER,0,,6bcf1cd0,NORMAL,0.0
2026-05-14T12:35:26.439445,185.226.x.x,324a36d91a4bed0f,35312,0,NON_MAVLINK_PROBE,SCANNER,0,,7150d5f2,NORMAL,0.0
2026-05-14T12:35:26.861373,185.226.x.x,31be033d90df87fb,49568,0,NON_MAVLINK_PROBE,SCANNER,0,,ddba5f6f,NORMAL,0.0
2026-05-14T12:39:11.597350,212.73.x.x,d4aade294d28d4b8,43258,0,NON_MAVLINK_PROBE,SCANNER,0,,e150ac3d,NORMAL,0.0
2026-05-14T12:47:40.110726,176.65.x.x,3caaee43e61f0c4c,49268,0,NON_MAVLINK_PROBE,SCANNER,0,,05c23ffa,NORMAL,0.0
2026-05-14T12:51:54.987799,47.88.x.x,a121ec49af8a2941,35024,0,NON_MAVLINK_PROBE,SCANNER,0,,f46eafb9,NORMAL,0.0
2026-05-14T12:52:08.201316,47.88.x.x,a121ec49af8a2941,24380,0,NON_MAVLINK_PROBE,SCANNER,0,,2a4daa8c,NORMAL,0.0
2026-05-14T12:52:21.465350,47.88.x.x,a121ec49af8a2941,35326,0,NON_MAVLINK_PROBE,SCANNER,0,,f71f13a7,NORMAL,0.0
2026-05-14T12:52:34.701529,47.88.x.x,a121ec49af8a2941,28684,0,NON_MAVLINK_PROBE,SCANNER,0,,4975ac7f,NORMAL,0.0
2026-05-14T12:52:47.920720,47.88.x.x,a121ec49af8a2941,44318,0,NON_MAVLINK_PROBE,SCANNER,0,,a7b9d7d9,NORMAL,0.0
2026-05-14T12:53:01.165970,47.88.x.x,a121ec49af8a2941,53616,0,NON_MAVLINK_PROBE,SCANNER,0,,86be978e,NORMAL,0.0
2026-05-14T12:53:14.362089,47.88.x.x,a121ec49af8a2941,30308,0,NON_MAVLINK_PROBE,SCANNER,0,,4c53d888,NORMAL,0.0
2026-05-14T12:53:27.601692,47.88.x.x,a121ec49af8a2941,26340,0,NON_MAVLINK_PROBE,SCANNER,0,,d2070b02,NORMAL,0.0
2026-05-14T12:53:40.823244,47.88.x.x,a121ec49af8a2941,13092,0,NON_MAVLINK_PROBE,SCANNER,0,,ceda9466,NORMAL,0.0
2026-05-14T12:53:54.044001,47.88.x.x,a121ec49af8a2941,41094,0,NON_MAVLINK_PROBE,SCANNER,0,,73705f4a,NORMAL,0.0
2026-05-14T12:55:03.677454,91.92.x.x,78d759e5a430e6ef,58567,0,NON_MAVLINK_PROBE,SCANNER,0,,4de0a720,NORMAL,0.0
2026-05-14T13:09:52.333847,45.202.x.x,64231be83da20a5d,43996,0,NON_MAVLINK_PROBE,SCANNER,0,,148da18e,NORMAL,0.0
2026-05-14T13:21:48.035775,45.198.x.x,7db0b45618a77305,40218,0,NON_MAVLINK_PROBE,SCANNER,0,,38aaa792,NORMAL,0.0
2026-05-14T13:31:03.545192,71.6.x.x,e644f8f0a6d25a3c,40662,0,NON_MAVLINK_PROBE,SCANNER,0,,c698ca37,NORMAL,0.0
2026-05-14T13:32:39.407693,159.223.x.x,c6e49390facb0755,61013,0,NON_MAVLINK_PROBE,SCANNER,0,,49ddb71b,NORMAL,0.0
2026-05-14T13:32:50.559342,159.223.x.x,c6e49390facb0755,20525,0,NON_MAVLINK_PROBE,SCANNER,0,,44c6ddea,NORMAL,0.0
2026-05-14T13:32:55.731898,159.223.x.x,c6e49390facb0755,14815,0,NON_MAVLINK_PROBE,SCANNER,0,,f1e894a6,NORMAL,0.0
2026-05-14T13:33:00.897933,159.223.x.x,c6e49390facb0755,9137,0,NON_MAVLINK_PROBE,SCANNER,0,,cd34a5e4,NORMAL,0.0
2026-05-14T13:33:06.013756,159.223.x.x,c6e49390facb0755,14909,0,NON_MAVLINK_PROBE,SCANNER,0,,c525da98,NORMAL,0.0
2026-05-14T13:33:11.201677,159.223.x.x,c6e49390facb0755,25951,0,NON_MAVLINK_PROBE,SCANNER,0,,faae34ca,NORMAL,0.0
2026-05-14T13:33:16.382529,159.223.x.x,c6e49390facb0755,9561,0,NON_MAVLINK_PROBE,SCANNER,0,,9e473d05,NORMAL,0.0
2026-05-14T13:33:21.557759,159.223.x.x,c6e49390facb0755,2991,0,NON_MAVLINK_PROBE,SCANNER,0,,093f3177,NORMAL,0.0
2026-05-14T13:33:26.727644,159.223.x.x,c6e49390facb0755,6655,0,NON_MAVLINK_PROBE,SCANNER,0,,a4c9573e,NORMAL,0.0
2026-05-14T13:33:31.929739,159.223.x.x,c6e49390facb0755,9669,0,NON_MAVLINK_PROBE,SCANNER,0,,5882b050,NORMAL,0.0
2026-05-14T13:33:39.565510,159.223.x.x,c6e49390facb0755,16669,0,NON_MAVLINK_PROBE,SCANNER,0,,1244e132,NORMAL,0.0
2026-05-14T13:33:44.738510,159.223.x.x,c6e49390facb0755,14679,0,NON_MAVLINK_PROBE,SCANNER,0,,c9a0672d,NORMAL,0.0
2026-05-14T13:33:49.859222,159.223.x.x,c6e49390facb0755,9449,0,NON_MAVLINK_PROBE,SCANNER,0,,0874aa87,NORMAL,0.0
2026-05-14T13:33:55.050383,159.223.x.x,c6e49390facb0755,6631,0,NON_MAVLINK_PROBE,SCANNER,0,,ead38bbb,NORMAL,0.0
2026-05-14T13:34:00.172942,159.223.x.x,c6e49390facb0755,7287,0,NON_MAVLINK_PROBE,SCANNER,0,,db5e6fee,NORMAL,0.0
2026-05-14T13:34:05.308100,159.223.x.x,c6e49390facb0755,23283,0,NON_MAVLINK_PROBE,SCANNER,0,,13a1d305,NORMAL,0.0
2026-05-14T13:34:12.952360,159.223.x.x,c6e49390facb0755,2229,0,NON_MAVLINK_PROBE,SCANNER,0,,2f5365a9,NORMAL,0.0
2026-05-14T13:37:59.314153,20.163.x.x,c61b780862a91704,48672,0,NON_MAVLINK_PROBE,SCANNER,0,,4f4ccb32,NORMAL,0.0
2026-05-14T13:38:00.798168,20.163.x.x,c61b780862a91704,43716,0,NON_MAVLINK_PROBE,SCANNER,0,,8fe065b0,NORMAL,0.0
2026-05-14T13:38:02.293696,20.163.x.x,c61b780862a91704,43728,0,NON_MAVLINK_PROBE,SCANNER,0,,cda05bab,NORMAL,0.0
2026-05-14T13:38:03.789254,20.163.x.x,c61b780862a91704,43742,0,NON_MAVLINK_PROBE,SCANNER,0,,409fc348,NORMAL,0.0
2026-05-14T13:38:05.245623,20.163.x.x,c61b780862a91704,43746,0,NON_MAVLINK_PROBE,SCANNER,0,,9cd354eb,NORMAL,0.0
2026-05-14T13:38:06.724993,20.163.x.x,c61b780862a91704,43748,0,NON_MAVLINK_PROBE,SCANNER,0,,82f1aea7,NORMAL,0.0
2026-05-14T13:38:09.202425,20.163.x.x,c61b780862a91704,43752,0,NON_MAVLINK_PROBE,SCANNER,0,,81c87401,NORMAL,0.0
2026-05-14T13:38:10.702816,20.163.x.x,c61b780862a91704,44984,0,NON_MAVLINK_PROBE,SCANNER,0,,17997360,NORMAL,0.0
2026-05-14T13:38:12.182286,20.163.x.x,c61b780862a91704,44990,0,NON_MAVLINK_PROBE,SCANNER,0,,164884f4,NORMAL,0.0
2026-05-14T13:38:13.666160,20.163.x.x,c61b780862a91704,44992,0,NON_MAVLINK_PROBE,SCANNER,0,,763c5c24,NORMAL,0.0
2026-05-14T13:44:22.172673,176.65.x.x,55a7b7f15fe7b86a,41048,0,NON_MAVLINK_PROBE,SCANNER,0,,79b83ba7,NORMAL,0.0
2026-05-14T13:55:50.799948,91.92.x.x,78d759e5a430e6ef,58861,0,NON_MAVLINK_PROBE,SCANNER,0,,17ca118e,NORMAL,0.0
2026-05-14T13:59:59.551390,5.61.x.x,02d770ac3cc5c2c1,36196,0,NON_MAVLINK_PROBE,SCANNER,0,,3ec6e0f5,NORMAL,0.0
2026-05-14T14:01:42.674448,204.76.x.x,c804eabb0c6ba4bc,33944,0,NON_MAVLINK_PROBE,SCANNER,0,,7514dfad,NORMAL,0.0
2026-05-14T14:04:08.135022,80.94.x.x,5124050f5a3f8ea6,62736,0,NON_MAVLINK_PROBE,SCANNER,0,,41615e14,NORMAL,0.0
2026-05-14T14:04:34.020259,80.94.x.x,5124050f5a3f8ea6,63992,0,NON_MAVLINK_PROBE,SCANNER,0,,6d227a56,NORMAL,0.0
2026-05-14T14:10:01.602383,137.184.x.x,b8351c85db8b1335,56208,0,NON_MAVLINK_PROBE,SCANNER,0,,e540ccdc,NORMAL,0.0
2026-05-14T14:10:04.816081,137.184.x.x,b8351c85db8b1335,35776,0,NON_MAVLINK_PROBE,SCANNER,0,,8e0563b4,NORMAL,0.0
2026-05-14T14:11:14.072412,64.62.x.x,bf2fd9a6a621b282,52452,0,NON_MAVLINK_PROBE,SCANNER,0,,e93f7ab9,NORMAL,0.0
2026-05-14T14:20:28.047360,80.94.x.x,5124050f5a3f8ea6,64059,0,NON_MAVLINK_PROBE,SCANNER,0,,e4267984,NORMAL,0.0
2026-05-14T14:20:33.051085,176.65.x.x,9880f1c3a55845dd,53170,0,NON_MAVLINK_PROBE,SCANNER,0,,fc4bea5e,NORMAL,0.0
2026-05-14T14:40:58.030441,157.245.x.x,40f7f2cdd051be4a,50640,0,NON_MAVLINK_PROBE,SCANNER,0,,9eb968c4,NORMAL,0.0
2026-05-14T14:41:08.532688,157.245.x.x,40f7f2cdd051be4a,58630,0,NON_MAVLINK_PROBE,SCANNER,0,,33444848,NORMAL,0.0
2026-05-14T14:41:38.960205,111.123.x.x,b207471fb54e73e7,41426,0,NON_MAVLINK_PROBE,SCANNER,0,,83c2c566,NORMAL,0.0
2026-05-14T14:51:32.903074,20.240.x.x,c12c07c6eb576a14,43790,0,NON_MAVLINK_PROBE,SCANNER,0,,5c05df05,NORMAL,0.0
2026-05-14T14:57:12.703432,65.49.x.x,c227fcc20408ecb1,18748,0,NON_MAVLINK_PROBE,SCANNER,0,,44f406ba,NORMAL,0.0
2026-05-14T14:57:54.491800,65.49.x.x,d1c3612419a0f9ab,18454,0,NON_MAVLINK_PROBE,SCANNER,0,,ba4308cc,NORMAL,0.0
2026-05-14T14:59:53.648955,45.198.x.x,7db0b45618a77305,33666,0,NON_MAVLINK_PROBE,SCANNER,0,,8624720f,NORMAL,0.0
2026-05-14T15:05:33.385633,93.123.x.x,764db62964d2bb05,35370,0,NON_MAVLINK_PROBE,SCANNER,0,,47f376a9,NORMAL,0.0
2026-05-14T15:10:30.497147,80.94.x.x,5124050f5a3f8ea6,64181,0,NON_MAVLINK_PROBE,SCANNER,0,,36479492,NORMAL,0.0
2026-05-14T15:10:57.925921,80.94.x.x,5124050f5a3f8ea6,63076,0,NON_MAVLINK_PROBE,SCANNER,0,,b0eae0b6,NORMAL,0.0
2026-05-14T15:14:46.681713,103.149.x.x,5725bfe1a423d54c,56301,0,NON_MAVLINK_PROBE,SCANNER,0,,bcb12748,NORMAL,0.0
2026-05-14T15:20:34.475596,103.149.x.x,5725bfe1a423d54c,64004,0,NON_MAVLINK_PROBE,SCANNER,0,,d835ebba,NORMAL,0.0
2026-05-14T15:24:57.227708,47.250.x.x,5a3eebb07be084df,23808,0,NON_MAVLINK_PROBE,SCANNER,0,,d5b81857,NORMAL,0.0
2026-05-14T15:25:10.239937,47.250.x.x,5a3eebb07be084df,33272,0,NON_MAVLINK_PROBE,SCANNER,0,,53763f88,NORMAL,0.0
2026-05-14T15:25:23.323190,47.250.x.x,5a3eebb07be084df,42320,0,NON_MAVLINK_PROBE,SCANNER,0,,3d4cfc1c,NORMAL,0.0
2026-05-14T15:25:36.385592,47.250.x.x,5a3eebb07be084df,44390,0,NON_MAVLINK_PROBE,SCANNER,0,,76485e2f,NORMAL,0.0
2026-05-14T15:25:49.452934,47.250.x.x,5a3eebb07be084df,31782,0,NON_MAVLINK_PROBE,SCANNER,0,,db254163,NORMAL,0.0
2026-05-14T15:26:02.516229,47.250.x.x,5a3eebb07be084df,57332,0,NON_MAVLINK_PROBE,SCANNER,0,,a1d240c6,NORMAL,0.0
2026-05-14T15:26:15.529916,47.250.x.x,5a3eebb07be084df,59008,0,NON_MAVLINK_PROBE,SCANNER,0,,b588cd6f,NORMAL,0.0
2026-05-14T15:26:23.727548,103.149.x.x,5725bfe1a423d54c,55332,0,NON_MAVLINK_PROBE,SCANNER,0,,f75eb860,NORMAL,0.0
2026-05-14T15:26:28.626838,47.250.x.x,5a3eebb07be084df,47516,0,NON_MAVLINK_PROBE,SCANNER,0,,25c6c00f,NORMAL,0.0
2026-05-14T15:26:41.648563,47.250.x.x,5a3eebb07be084df,28448,0,NON_MAVLINK_PROBE,SCANNER,0,,8a4461f4,NORMAL,0.0
2026-05-14T15:26:54.678294,47.250.x.x,5a3eebb07be084df,39870,0,NON_MAVLINK_PROBE,SCANNER,0,,51499a83,NORMAL,0.0
2026-05-14T15:27:28.937056,80.94.x.x,5124050f5a3f8ea6,63725,0,NON_MAVLINK_PROBE,SCANNER,0,,7990f49e,NORMAL,0.0
2026-05-14T15:32:14.071186,103.149.x.x,5725bfe1a423d54c,63038,0,NON_MAVLINK_PROBE,SCANNER,0,,86cd7fbb,NORMAL,0.0
2026-05-14T15:37:17.289781,103.77.x.x,422674d62ba1a360,34060,0,NON_MAVLINK_PROBE,SCANNER,0,,4b22db57,NORMAL,0.0
2026-05-14T15:38:03.761378,103.149.x.x,5725bfe1a423d54c,54365,0,NON_MAVLINK_PROBE,SCANNER,0,,4c9fd992,NORMAL,0.0
2026-05-14T15:43:52.878524,103.149.x.x,5725bfe1a423d54c,62069,0,NON_MAVLINK_PROBE,SCANNER,0,,c50fc72b,NORMAL,0.0
2026-05-14T15:44:21.284536,91.92.x.x,78d759e5a430e6ef,51427,0,NON_MAVLINK_PROBE,SCANNER,0,,97fd4efd,NORMAL,0.0
2026-05-14T15:49:41.389644,103.149.x.x,5725bfe1a423d54c,53397,0,NON_MAVLINK_PROBE,SCANNER,0,,146fcf99,NORMAL,0.0
2026-05-14T15:55:17.394963,176.65.x.x,9880f1c3a55845dd,35892,0,NON_MAVLINK_PROBE,SCANNER,0,,40d0ec19,NORMAL,0.0
2026-05-14T15:55:30.324339,103.149.x.x,5725bfe1a423d54c,61102,0,NON_MAVLINK_PROBE,SCANNER,0,,d9f38388,NORMAL,0.0
2026-05-14T16:01:20.878223,103.149.x.x,5725bfe1a423d54c,52429,0,NON_MAVLINK_PROBE,SCANNER,0,,84b104de,NORMAL,0.0
2026-05-14T16:07:10.980724,103.149.x.x,5725bfe1a423d54c,60136,0,NON_MAVLINK_PROBE,SCANNER,0,,6dfa4b6a,NORMAL,0.0
2026-05-14T16:08:12.847987,94.183.x.x,cac248052df5d82b,48170,0,NON_MAVLINK_PROBE,SCANNER,0,,e00050aa,NORMAL,0.0
2026-05-14T16:10:26.145468,104.131.x.x,07f313bba831f133,52390,0,NON_MAVLINK_PROBE,SCANNER,0,,9479f854,NORMAL,0.0
2026-05-14T16:10:26.181344,104.131.x.x,07f313bba831f133,52380,0,NON_MAVLINK_PROBE,SCANNER,0,,e2b9e0bc,NORMAL,0.0
2026-05-14T16:10:26.213699,104.131.x.x,07f313bba831f133,35500,0,NON_MAVLINK_PROBE,SCANNER,0,,73812d69,NORMAL,0.0
2026-05-14T16:10:26.228126,104.131.x.x,07f313bba831f133,35484,0,NON_MAVLINK_PROBE,SCANNER,0,,e88620e2,NORMAL,0.0
2026-05-14T16:10:36.423632,104.131.x.x,07f313bba831f133,57220,0,NON_MAVLINK_PROBE,SCANNER,0,,6b66370c,NORMAL,0.0
2026-05-14T16:10:36.440223,104.131.x.x,07f313bba831f133,57214,0,NON_MAVLINK_PROBE,SCANNER,0,,ff58f2b0,NORMAL,0.0
2026-05-14T16:10:36.445611,104.131.x.x,07f313bba831f133,52210,0,NON_MAVLINK_PROBE,SCANNER,0,,afe164b8,NORMAL,0.0
2026-05-14T16:10:36.455702,104.131.x.x,07f313bba831f133,52212,0,NON_MAVLINK_PROBE,SCANNER,0,,d10cad88,NORMAL,0.0
2026-05-14T16:18:31.495210,80.94.x.x,5124050f5a3f8ea6,62966,0,NON_MAVLINK_PROBE,SCANNER,0,,96572188,NORMAL,0.0
2026-05-14T16:18:59.921358,80.94.x.x,5124050f5a3f8ea6,63754,0,NON_MAVLINK_PROBE,SCANNER,0,,53ba75f7,NORMAL,0.0
2026-05-14T16:23:43.012866,212.73.x.x,16dc31468fa4778c,51768,0,NON_MAVLINK_PROBE,SCANNER,0,,2cc86f8c,NORMAL,0.0
2026-05-14T16:24:00.838532,212.73.x.x,c9dc4e52d5e835b8,47510,0,NON_MAVLINK_PROBE,SCANNER,0,,ddcdf4cc,NORMAL,0.0
2026-05-14T16:27:16.552352,45.202.x.x,d14177b8b76f6cce,35462,0,NON_MAVLINK_PROBE,SCANNER,0,,69786c36,NORMAL,0.0
2026-05-14T16:27:57.691896,91.231.x.x,67f342b979d86ae4,39203,0,NON_MAVLINK_PROBE,SCANNER,0,,e0484451,NORMAL,0.0
2026-05-14T16:28:00.813418,91.231.x.x,ee41e601ecd4164b,53297,0,NON_MAVLINK_PROBE,SCANNER,0,,1aa4f1e9,NORMAL,0.0
2026-05-14T16:28:42.626412,212.73.x.x,722e9d2a2533bad4,49942,0,NON_MAVLINK_PROBE,SCANNER,0,,a11c3cbe,NORMAL,0.0
2026-05-14T16:29:07.349075,176.65.x.x,9880f1c3a55845dd,57298,0,NON_MAVLINK_PROBE,SCANNER,0,,34c2d8eb,NORMAL,0.0
2026-05-14T16:29:38.369623,212.73.x.x,19544850705bf8c2,40948,0,NON_MAVLINK_PROBE,SCANNER,0,,b8e5a951,NORMAL,0.0
2026-05-14T16:45:34.763502,46.101.x.x,45bdd44b55dbb160,59300,0,NON_MAVLINK_PROBE,SCANNER,0,,3408444b,NORMAL,0.0
2026-05-14T16:45:37.885391,46.101.x.x,45bdd44b55dbb160,59310,0,NON_MAVLINK_PROBE,SCANNER,0,,fc70c0d3,NORMAL,0.0
2026-05-14T17:04:01.577098,65.49.x.x,f5aa39682ed2eb15,4608,0,NON_MAVLINK_PROBE,SCANNER,0,,fed27087,NORMAL,0.0
2026-05-14T17:05:00.282170,45.33.x.x,f3a794f211760886,12214,0,NON_MAVLINK_PROBE,SCANNER,0,,68fb11b8,NORMAL,0.0
2026-05-14T17:05:00.704717,45.33.x.x,f3a794f211760886,55570,0,NON_MAVLINK_PROBE,SCANNER,0,,3ef6caa9,NORMAL,0.0
2026-05-14T17:11:52.029467,176.65.x.x,3caaee43e61f0c4c,40344,0,NON_MAVLINK_PROBE,SCANNER,0,,38111e7a,NORMAL,0.0
2026-05-14T17:29:16.410785,66.167.x.x,24c236af0bd4dc6a,50049,0,NON_MAVLINK_PROBE,SCANNER,0,,294e97f1,NORMAL,0.0
2026-05-14T17:31:00.789230,204.76.x.x,c804eabb0c6ba4bc,57154,0,NON_MAVLINK_PROBE,SCANNER,0,,59ccdf3e,NORMAL,0.0
2026-05-14T17:42:01.405719,130.12.x.x,ad1a1d352a800c18,42268,0,NON_MAVLINK_PROBE,SCANNER,0,,de084129,NORMAL,0.0
2026-05-14T17:52:45.567470,35.145.x.x,1670f7355f546bd8,46400,0,NON_MAVLINK_PROBE,SCANNER,0,,f481b25b,NORMAL,0.0
2026-05-14T17:56:26.125922,199.45.x.x,f1c99af2fc4851e0,55702,0,NON_MAVLINK_PROBE,SCANNER,0,,551951ae,NORMAL,0.0
2026-05-14T17:56:34.479481,199.45.x.x,f1c99af2fc4851e0,58458,4,UNKNOWN_4,UNKNOWN,3,588c23d1ca5106003905,e7a61fbe,NORMAL,0.2
2026-05-14T17:56:41.431956,152.32.x.x,cecbbb6f4e9a329c,39206,0,NON_MAVLINK_PROBE,SCANNER,0,,80e111e2,NORMAL,0.0
2026-05-14T17:56:48.593508,199.45.x.x,f1c99af2fc4851e0,56458,0,NON_MAVLINK_PROBE,SCANNER,0,,6f34c4fb,NORMAL,0.0
2026-05-14T17:56:59.491021,152.32.x.x,cecbbb6f4e9a329c,39214,0,NON_MAVLINK_PROBE,SCANNER,0,,304092a5,NORMAL,0.0
2026-05-14T17:57:17.633428,152.32.x.x,cecbbb6f4e9a329c,32982,0,NON_MAVLINK_PROBE,SCANNER,0,,2cc7e3cf,NORMAL,0.0
2026-05-14T17:57:35.697633,152.32.x.x,cecbbb6f4e9a329c,39904,0,NON_MAVLINK_PROBE,SCANNER,0,,3a4065c3,NORMAL,0.0
2026-05-14T17:57:53.769436,152.32.x.x,cecbbb6f4e9a329c,46782,0,NON_MAVLINK_PROBE,SCANNER,0,,7bee0119,NORMAL,0.0
2026-05-14T17:58:11.841752,152.32.x.x,cecbbb6f4e9a329c,38586,0,NON_MAVLINK_PROBE,SCANNER,0,,0b1d5a75,NORMAL,0.0
2026-05-14T17:58:29.905239,152.32.x.x,cecbbb6f4e9a329c,33056,0,NON_MAVLINK_PROBE,SCANNER,0,,b280d35c,NORMAL,0.0
2026-05-14T17:58:47.973949,152.32.x.x,cecbbb6f4e9a329c,48580,0,NON_MAVLINK_PROBE,SCANNER,0,,2851876f,NORMAL,0.0
2026-05-14T17:59:06.057514,152.32.x.x,cecbbb6f4e9a329c,42336,0,NON_MAVLINK_PROBE,SCANNER,0,,48775186,NORMAL,0.0
2026-05-14T17:59:24.118572,152.32.x.x,cecbbb6f4e9a329c,41056,0,NON_MAVLINK_PROBE,SCANNER,0,,f07f3f7d,NORMAL,0.0
2026-05-14T17:59:28.685483,91.92.x.x,78d759e5a430e6ef,62910,0,NON_MAVLINK_PROBE,SCANNER,0,,a62100d6,NORMAL,0.0
2026-05-14T17:59:42.193855,152.32.x.x,cecbbb6f4e9a329c,49414,0,NON_MAVLINK_PROBE,SCANNER,0,,6e93e453,NORMAL,0.0
2026-05-14T18:00:00.301177,152.32.x.x,cecbbb6f4e9a329c,58462,0,NON_MAVLINK_PROBE,SCANNER,0,,cea0d198,NORMAL,0.0
2026-05-14T18:04:23.605103,65.49.x.x,c227fcc20408ecb1,11874,0,NON_MAVLINK_PROBE,SCANNER,0,,f1d9201c,NORMAL,0.0
2026-05-14T18:06:38.779702,176.65.x.x,9880f1c3a55845dd,47234,0,NON_MAVLINK_PROBE,SCANNER,0,,f4618442,NORMAL,0.0
2026-05-14T18:08:58.745213,147.182.x.x,340673428ccdfe31,42264,0,NON_MAVLINK_PROBE,SCANNER,0,,ff8bcb49,NORMAL,0.0
2026-05-14T18:08:59.242173,147.182.x.x,340673428ccdfe31,42272,0,NON_MAVLINK_PROBE,SCANNER,0,,97ad7740,NORMAL,0.0
2026-05-14T18:09:27.284748,165.154.x.x,5d0e7434101e7fdd,55140,0,NON_MAVLINK_PROBE,SCANNER,0,,ab60016a,NORMAL,0.0
2026-05-14T18:09:45.569093,165.154.x.x,5d0e7434101e7fdd,55146,0,NON_MAVLINK_PROBE,SCANNER,0,,caac34cb,NORMAL,0.0
2026-05-14T18:10:03.955805,165.154.x.x,5d0e7434101e7fdd,60440,0,NON_MAVLINK_PROBE,SCANNER,0,,4d3d306c,NORMAL,0.0
2026-05-14T18:10:22.414791,165.154.x.x,5d0e7434101e7fdd,42700,0,NON_MAVLINK_PROBE,SCANNER,0,,a040657b,NORMAL,0.0
2026-05-14T18:10:40.623991,165.154.x.x,5d0e7434101e7fdd,55144,0,NON_MAVLINK_PROBE,SCANNER,0,,7047b441,NORMAL,0.0
2026-05-14T18:10:59.028409,165.154.x.x,5d0e7434101e7fdd,35516,0,NON_MAVLINK_PROBE,SCANNER,0,,b83c1589,NORMAL,0.0
2026-05-14T18:11:17.318669,165.154.x.x,5d0e7434101e7fdd,47304,0,NON_MAVLINK_PROBE,SCANNER,0,,14843bc9,NORMAL,0.0
2026-05-14T18:11:35.624234,165.154.x.x,5d0e7434101e7fdd,35426,0,NON_MAVLINK_PROBE,SCANNER,0,,6f44b3d8,NORMAL,0.0
2026-05-14T18:11:54.012466,165.154.x.x,5d0e7434101e7fdd,44310,0,NON_MAVLINK_PROBE,SCANNER,0,,e4a6c00a,NORMAL,0.0
2026-05-14T18:12:12.321729,165.154.x.x,5d0e7434101e7fdd,44170,0,NON_MAVLINK_PROBE,SCANNER,0,,6a17876d,NORMAL,0.0
2026-05-14T18:22:23.233562,8.216.x.x,13d1aa9e6cd9ed37,47782,0,NON_MAVLINK_PROBE,SCANNER,0,,2ea4cbcb,NORMAL,0.0
2026-05-14T18:22:36.312142,8.216.x.x,13d1aa9e6cd9ed37,42834,0,NON_MAVLINK_PROBE,SCANNER,0,,64cd578a,NORMAL,0.0
2026-05-14T18:22:49.436806,8.216.x.x,13d1aa9e6cd9ed37,52644,0,NON_MAVLINK_PROBE,SCANNER,0,,1684c890,NORMAL,0.0
2026-05-14T18:23:02.606734,8.216.x.x,13d1aa9e6cd9ed37,28142,0,NON_MAVLINK_PROBE,SCANNER,0,,74a227cb,NORMAL,0.0
2026-05-14T18:23:05.024651,205.210.x.x,8182579880d2a164,62378,0,NON_MAVLINK_PROBE,SCANNER,0,,3592f3e3,NORMAL,0.0
2026-05-14T18:23:15.727963,8.216.x.x,13d1aa9e6cd9ed37,14858,0,NON_MAVLINK_PROBE,SCANNER,0,,ff67b140,NORMAL,0.0
2026-05-14T18:23:28.847223,8.216.x.x,13d1aa9e6cd9ed37,25176,0,NON_MAVLINK_PROBE,SCANNER,0,,a8045b31,NORMAL,0.0
2026-05-14T18:23:42.000944,8.216.x.x,13d1aa9e6cd9ed37,25352,0,NON_MAVLINK_PROBE,SCANNER,0,,48576c6e,NORMAL,0.0
2026-05-14T18:23:55.079240,8.216.x.x,13d1aa9e6cd9ed37,17100,0,NON_MAVLINK_PROBE,SCANNER,0,,bf0b2eaa,NORMAL,0.0
2026-05-14T18:24:37.044499,130.12.x.x,ad1a1d352a800c18,39950,0,NON_MAVLINK_PROBE,SCANNER,0,,a17172fc,NORMAL,0.0
2026-05-14T18:36:48.242255,147.182.x.x,340673428ccdfe31,39288,0,NON_MAVLINK_PROBE,SCANNER,0,,cd85db33,NORMAL,0.0
2026-05-14T18:36:48.763865,147.182.x.x,340673428ccdfe31,39302,0,NON_MAVLINK_PROBE,SCANNER,0,,4517b1ca,NORMAL,0.0
2026-05-14T18:37:41.106921,45.202.x.x,d14177b8b76f6cce,49334,0,NON_MAVLINK_PROBE,SCANNER,0,,0529f2da,NORMAL,0.0
2026-05-14T18:40:25.168471,45.33.x.x,6bc9470de6a483f5,50679,0,NON_MAVLINK_PROBE,SCANNER,0,,419accaf,NORMAL,0.0
2026-05-14T18:43:23.973295,185.91.x.x,2a2b0990dd4071ec,41500,0,NON_MAVLINK_PROBE,SCANNER,0,,f6fa61ca,NORMAL,0.0
2026-05-14T18:43:23.980791,185.91.x.x,2a2b0990dd4071ec,41488,0,NON_MAVLINK_PROBE,SCANNER,0,,cbb050a7,NORMAL,0.0
2026-05-14T18:43:24.007013,185.91.x.x,2a2b0990dd4071ec,41468,0,NON_MAVLINK_PROBE,SCANNER,0,,bb2337fb,NORMAL,0.0
2026-05-14T18:43:24.008315,185.91.x.x,2a2b0990dd4071ec,41462,0,NON_MAVLINK_PROBE,SCANNER,0,,f13b65d6,NORMAL,0.0
2026-05-14T18:43:24.038235,185.91.x.x,2a2b0990dd4071ec,41394,0,NON_MAVLINK_PROBE,SCANNER,0,,015710ad,NORMAL,0.0
2026-05-14T18:43:24.039791,185.91.x.x,2a2b0990dd4071ec,41450,0,NON_MAVLINK_PROBE,SCANNER,0,,12565085,NORMAL,0.0
2026-05-14T18:43:24.597927,185.91.x.x,2a2b0990dd4071ec,41510,0,NON_MAVLINK_PROBE,SCANNER,0,,1f1870e4,NORMAL,0.0
2026-05-14T18:43:28.488634,185.91.x.x,2a2b0990dd4071ec,41478,0,NON_MAVLINK_PROBE,SCANNER,0,,8ebd7b1f,NORMAL,0.0
2026-05-14T18:43:28.499812,185.91.x.x,2a2b0990dd4071ec,41438,0,NON_MAVLINK_PROBE,SCANNER,0,,321ea668,NORMAL,0.0
2026-05-14T18:43:28.496120,185.91.x.x,2a2b0990dd4071ec,41426,0,NON_MAVLINK_PROBE,SCANNER,0,,52d0d2cb,NORMAL,0.0
2026-05-14T18:43:28.506073,185.91.x.x,2a2b0990dd4071ec,41420,0,NON_MAVLINK_PROBE,SCANNER,0,,6f3d34e7,NORMAL,0.0
2026-05-14T18:47:09.244624,89.187.x.x,44c569fe82b3c9d2,43915,0,NON_MAVLINK_PROBE,SCANNER,0,,92723cc9,NORMAL,0.0
2026-05-14T18:50:37.556023,205.210.x.x,a8346df7c02c0d6b,52398,0,NON_MAVLINK_PROBE,SCANNER,0,,a82421c0,NORMAL,0.0
2026-05-14T18:55:43.484350,45.198.x.x,7db0b45618a77305,49442,0,NON_MAVLINK_PROBE,SCANNER,0,,bfc319c3,NORMAL,0.0
2026-05-14T18:58:39.185156,127.0.x.x,ef2f9f91273ffdad,40568,0,NON_MAVLINK_PROBE,SCANNER,0,,094c489d,NORMAL,0.0
2026-05-14T18:58:40.224992,85.217.x.x,3fb68f1a7eb17ba3,53878,0,NON_MAVLINK_PROBE,SCANNER,0,,298bba9b,NORMAL,0.0
2026-05-14T19:03:34.573108,204.76.x.x,c804eabb0c6ba4bc,51866,0,NON_MAVLINK_PROBE,SCANNER,0,,23381810,NORMAL,0.0
2026-05-14T19:05:40.100388,147.182.x.x,340673428ccdfe31,33088,0,NON_MAVLINK_PROBE,SCANNER,0,,79094746,NORMAL,0.0
2026-05-14T19:05:41.616598,147.182.x.x,340673428ccdfe31,33094,0,NON_MAVLINK_PROBE,SCANNER,0,,57abd1aa,NORMAL,0.0
2026-05-14T19:11:50.281782,176.65.x.x,8ecb668eed5ac938,49330,0,NON_MAVLINK_PROBE,SCANNER,0,,38452df5,NORMAL,0.0
2026-05-14T19:18:57.337098,147.182.x.x,340673428ccdfe31,59424,0,NON_MAVLINK_PROBE,SCANNER,0,,41532d70,NORMAL,0.0
2026-05-14T19:18:57.885580,147.182.x.x,340673428ccdfe31,59436,0,NON_MAVLINK_PROBE,SCANNER,0,,65e9342a,NORMAL,0.0
2026-05-14T19:36:31.052663,147.182.x.x,340673428ccdfe31,35172,0,NON_MAVLINK_PROBE,SCANNER,0,,8c03704e,NORMAL,0.0
2026-05-14T19:40:08.128325,205.210.x.x,66547dbaa247da02,53237,0,NON_MAVLINK_PROBE,SCANNER,0,,bec13230,NORMAL,0.0
2026-05-14T19:48:32.669667,161.35.x.x,93d96ccca201e4e8,39760,0,NON_MAVLINK_PROBE,SCANNER,0,,aa7b7778,NORMAL,0.0
2026-05-14T19:48:32.686771,161.35.x.x,93d96ccca201e4e8,39750,0,NON_MAVLINK_PROBE,SCANNER,0,,84255832,NORMAL,0.0
2026-05-14T19:48:32.699683,161.35.x.x,93d96ccca201e4e8,53900,0,NON_MAVLINK_PROBE,SCANNER,0,,4a1631d8,NORMAL,0.0
2026-05-14T19:48:32.705518,161.35.x.x,93d96ccca201e4e8,53884,0,NON_MAVLINK_PROBE,SCANNER,0,,60bc26f2,NORMAL,0.0
2026-05-14T19:48:42.907838,161.35.x.x,93d96ccca201e4e8,53916,0,NON_MAVLINK_PROBE,SCANNER,0,,deef8d99,NORMAL,0.0
2026-05-14T19:48:43.044162,161.35.x.x,93d96ccca201e4e8,39770,0,NON_MAVLINK_PROBE,SCANNER,0,,43f71b06,NORMAL,0.0
2026-05-14T19:48:43.057600,161.35.x.x,93d96ccca201e4e8,53918,0,NON_MAVLINK_PROBE,SCANNER,0,,a7fcc634,NORMAL,0.0
2026-05-14T19:48:43.063572,161.35.x.x,93d96ccca201e4e8,39784,0,NON_MAVLINK_PROBE,SCANNER,0,,f353a5ab,NORMAL,0.0
2026-05-14T19:51:17.074415,65.49.x.x,e64e0e90499d1fdb,13364,0,NON_MAVLINK_PROBE,SCANNER,0,,515c9ec4,NORMAL,0.0
2026-05-14T19:55:13.885597,45.198.x.x,7db0b45618a77305,57842,0,NON_MAVLINK_PROBE,SCANNER,0,,a20b2c65,NORMAL,0.0
2026-05-14T19:57:13.354467,66.132.x.x,b54ba3aac8404fef,32180,0,NON_MAVLINK_PROBE,SCANNER,0,,3f8d8dbc,NORMAL,0.0
2026-05-14T19:57:14.383669,66.132.x.x,b54ba3aac8404fef,32204,0,NON_MAVLINK_PROBE,SCANNER,0,,134fabf5,NORMAL,0.0
2026-05-14T19:57:19.830582,66.132.x.x,b54ba3aac8404fef,32234,0,NON_MAVLINK_PROBE,SCANNER,0,,ced795b9,NORMAL,0.0
2026-05-14T19:57:33.516809,66.132.x.x,b54ba3aac8404fef,29476,0,NON_MAVLINK_PROBE,SCANNER,0,,5003c315,NORMAL,0.0
2026-05-14T19:57:48.811260,66.132.x.x,b54ba3aac8404fef,55068,0,NON_MAVLINK_PROBE,SCANNER,0,,704a9103,NORMAL,0.0
2026-05-14T20:03:55.821464,66.228.x.x,ad4d26a4dedfb5a5,37934,0,NON_MAVLINK_PROBE,SCANNER,0,,a80fd296,NORMAL,0.0
2026-05-14T20:03:56.295114,66.228.x.x,ad4d26a4dedfb5a5,40820,0,NON_MAVLINK_PROBE,SCANNER,0,,8ee37473,NORMAL,0.0
2026-05-14T20:16:01.102567,93.123.x.x,7241acd881f52dff,42042,0,NON_MAVLINK_PROBE,SCANNER,0,,6157dec2,NORMAL,0.0
2026-05-14T20:26:25.963979,147.182.x.x,340673428ccdfe31,55908,0,NON_MAVLINK_PROBE,SCANNER,0,,675f28f6,NORMAL,0.0
2026-05-14T20:29:01.870969,198.235.x.x,56256fa7107dc59d,60578,0,NON_MAVLINK_PROBE,SCANNER,0,,1ec0ac35,NORMAL,0.0
2026-05-14T20:30:26.749374,176.65.x.x,9880f1c3a55845dd,56560,0,NON_MAVLINK_PROBE,SCANNER,0,,e2175f17,NORMAL,0.0
2026-05-14T20:37:09.068834,45.79.x.x,1bc88b580d255894,37772,0,NON_MAVLINK_PROBE,SCANNER,0,,1b7302bc,NORMAL,0.0
2026-05-14T20:49:34.997532,176.65.x.x,55a7b7f15fe7b86a,41176,0,NON_MAVLINK_PROBE,SCANNER,0,,0edcb37a,NORMAL,0.0
2026-05-14T20:50:53.798742,204.76.x.x,c804eabb0c6ba4bc,52014,0,NON_MAVLINK_PROBE,SCANNER,0,,4ca75d78,NORMAL,0.0
2026-05-14T20:51:26.766498,172.234.x.x,497fc1ae9366b94f,27746,0,NON_MAVLINK_PROBE,SCANNER,0,,c09afaa8,NORMAL,0.0
2026-05-14T20:51:27.185763,172.234.x.x,497fc1ae9366b94f,33812,0,NON_MAVLINK_PROBE,SCANNER,0,,104a08d8,NORMAL,0.0
2026-05-14T21:20:24.084640,176.65.x.x,72741f65975f89b2,34912,0,NON_MAVLINK_PROBE,SCANNER,0,,e5906d1b,NORMAL,0.0
2026-05-14T21:23:27.409697,212.132.x.x,40b1135a676d2d20,44416,0,NON_MAVLINK_PROBE,SCANNER,0,,9ae2d11b,NORMAL,0.0
2026-05-14T21:23:27.890472,212.132.x.x,40b1135a676d2d20,44420,0,NON_MAVLINK_PROBE,SCANNER,0,,cc7117b4,NORMAL,0.0
2026-05-14T21:34:51.462136,45.79.x.x,aafd860cf491b6f4,38391,0,NON_MAVLINK_PROBE,SCANNER,0,,735d1f2d,NORMAL,0.0
2026-05-14T21:36:45.236539,185.242.x.x,33dc1795fb750a95,42626,0,NON_MAVLINK_PROBE,SCANNER,0,,655b3f0f,NORMAL,0.0
2026-05-14T21:40:14.240707,20.163.x.x,1f25d2b93ab8b4ca,57618,0,NON_MAVLINK_PROBE,SCANNER,0,,b7d2827a,NORMAL,0.0
2026-05-14T21:40:14.725278,20.163.x.x,1f25d2b93ab8b4ca,43832,0,NON_MAVLINK_PROBE,SCANNER,0,,28e73e99,NORMAL,0.0
2026-05-14T21:48:15.765617,79.124.x.x,a3dc2bc09007bf5d,45614,0,NON_MAVLINK_PROBE,SCANNER,0,,0f3d911c,NORMAL,0.0
2026-05-14T22:10:54.092508,176.65.x.x,9880f1c3a55845dd,48268,0,NON_MAVLINK_PROBE,SCANNER,0,,d4822337,NORMAL,0.0
2026-05-14T22:15:30.382562,45.135.x.x,9eaf44d2128ee499,45146,0,NON_MAVLINK_PROBE,SCANNER,0,,1f199097,NORMAL,0.0
2026-05-14T22:18:42.652658,20.102.x.x,8afb0b45371d3870,46626,0,NON_MAVLINK_PROBE,SCANNER,0,,04a1d59b,NORMAL,0.0
2026-05-14T22:18:43.156875,20.102.x.x,8afb0b45371d3870,58644,0,NON_MAVLINK_PROBE,SCANNER,0,,ebca704c,NORMAL,0.0
2026-05-14T22:24:12.286250,50.3.x.x,4545aa88433e4206,53589,0,NON_MAVLINK_PROBE,SCANNER,0,,5efb9e07,NORMAL,0.0
2026-05-14T22:24:29.172701,50.3.x.x,4545aa88433e4206,63010,0,NON_MAVLINK_PROBE,SCANNER,0,,432d82b7,NORMAL,0.0
2026-05-14T22:26:25.139400,204.76.x.x,c804eabb0c6ba4bc,44062,0,NON_MAVLINK_PROBE,SCANNER,0,,c9596d7f,NORMAL,0.0
2026-05-14T22:32:36.329158,45.79.x.x,d0a1e9eafbed515a,44800,0,NON_MAVLINK_PROBE,SCANNER,0,,e3e18aec,NORMAL,0.0
2026-05-14T22:44:57.907811,176.65.x.x,9880f1c3a55845dd,33602,0,NON_MAVLINK_PROBE,SCANNER,0,,66702ea7,NORMAL,0.0
2026-05-14T22:48:05.232166,107.189.x.x,85b8b091e4e91a1d,22706,0,NON_MAVLINK_PROBE,SCANNER,0,,ee911d6c,NORMAL,0.0
2026-05-14T22:48:05.243201,185.150.x.x,0899ad263bc5947f,47258,0,NON_MAVLINK_PROBE,SCANNER,0,,4a537c9c,NORMAL,0.0
2026-05-14T22:48:05.246230,45.84.x.x,7eae8003d7c9a839,26417,0,NON_MAVLINK_PROBE,SCANNER,0,,f0fd7c76,NORMAL,0.0
2026-05-14T22:48:05.594987,185.150.x.x,0899ad263bc5947f,47264,0,NON_MAVLINK_PROBE,SCANNER,0,,1029bad6,NORMAL,0.0
2026-05-14T22:48:05.671436,107.189.x.x,85b8b091e4e91a1d,22722,0,NON_MAVLINK_PROBE,SCANNER,0,,50cbfc8d,NORMAL,0.0
2026-05-14T22:48:05.757853,45.84.x.x,7eae8003d7c9a839,26429,0,NON_MAVLINK_PROBE,SCANNER,0,,17bb475f,NORMAL,0.0
2026-05-14T22:48:06.094643,185.150.x.x,0899ad263bc5947f,47272,0,NON_MAVLINK_PROBE,SCANNER,0,,ba699699,NORMAL,0.0
2026-05-14T22:48:06.157426,107.189.x.x,85b8b091e4e91a1d,22736,0,NON_MAVLINK_PROBE,SCANNER,0,,1e3bd897,NORMAL,0.0
2026-05-14T22:48:06.205912,45.84.x.x,7eae8003d7c9a839,26445,0,NON_MAVLINK_PROBE,SCANNER,0,,a4bfcc36,NORMAL,0.0
2026-05-14T22:48:06.574737,185.150.x.x,0899ad263bc5947f,47288,0,NON_MAVLINK_PROBE,SCANNER,0,,bf6940bc,NORMAL,0.0
2026-05-14T22:48:06.776461,107.189.x.x,85b8b091e4e91a1d,22738,0,NON_MAVLINK_PROBE,SCANNER,0,,2de84c69,NORMAL,0.0
2026-05-14T22:48:06.814173,45.84.x.x,7eae8003d7c9a839,26447,0,NON_MAVLINK_PROBE,SCANNER,0,,aa22fb77,NORMAL,0.0
2026-05-14T22:48:07.151721,185.150.x.x,0899ad263bc5947f,47294,0,NON_MAVLINK_PROBE,SCANNER,0,,cc8632e5,NORMAL,0.0
2026-05-14T22:48:07.231473,45.84.x.x,7eae8003d7c9a839,26453,0,NON_MAVLINK_PROBE,SCANNER,0,,9b31d20d,NORMAL,0.0
2026-05-14T22:48:07.409854,107.189.x.x,85b8b091e4e91a1d,22742,0,NON_MAVLINK_PROBE,SCANNER,0,,c0fc2a07,NORMAL,0.0
2026-05-14T22:48:07.584855,185.150.x.x,0899ad263bc5947f,47304,0,NON_MAVLINK_PROBE,SCANNER,0,,61ab8c3a,NORMAL,0.0
2026-05-14T22:48:07.762050,45.84.x.x,7eae8003d7c9a839,26457,0,NON_MAVLINK_PROBE,SCANNER,0,,43cf5545,NORMAL,0.0
2026-05-14T22:48:08.005293,107.189.x.x,85b8b091e4e91a1d,35242,0,NON_MAVLINK_PROBE,SCANNER,0,,b629aa43,NORMAL,0.0
2026-05-14T22:48:08.181041,185.150.x.x,0899ad263bc5947f,47316,0,NON_MAVLINK_PROBE,SCANNER,0,,4003a758,NORMAL,0.0
2026-05-14T22:48:08.266516,45.84.x.x,7eae8003d7c9a839,26459,0,NON_MAVLINK_PROBE,SCANNER,0,,2b6f020b,NORMAL,0.0
2026-05-14T22:48:08.619302,185.150.x.x,0899ad263bc5947f,47328,0,NON_MAVLINK_PROBE,SCANNER,0,,d43eac3f,NORMAL,0.0
2026-05-14T22:48:08.638865,107.189.x.x,85b8b091e4e91a1d,35256,0,NON_MAVLINK_PROBE,SCANNER,0,,2af0a3dd,NORMAL,0.0
2026-05-14T22:48:08.684235,45.84.x.x,7eae8003d7c9a839,26489,0,NON_MAVLINK_PROBE,SCANNER,0,,7343a3ac,NORMAL,0.0
2026-05-14T22:48:09.143039,45.84.x.x,7eae8003d7c9a839,26505,0,NON_MAVLINK_PROBE,SCANNER,0,,bb09f700,NORMAL,0.0
2026-05-14T22:48:09.154943,107.189.x.x,85b8b091e4e91a1d,35264,0,NON_MAVLINK_PROBE,SCANNER,0,,89100ac4,NORMAL,0.0
2026-05-14T22:48:09.368958,185.150.x.x,0899ad263bc5947f,47344,0,NON_MAVLINK_PROBE,SCANNER,0,,d9d9ab50,NORMAL,0.0
2026-05-14T22:48:09.542960,45.84.x.x,7eae8003d7c9a839,26515,0,NON_MAVLINK_PROBE,SCANNER,0,,73283b88,NORMAL,0.0
2026-05-14T22:48:10.039451,107.189.x.x,85b8b091e4e91a1d,35280,0,NON_MAVLINK_PROBE,SCANNER,0,,82a47a7e,NORMAL,0.0
2026-05-14T22:48:10.464868,185.150.x.x,0899ad263bc5947f,47352,0,NON_MAVLINK_PROBE,SCANNER,0,,c5c6e719,NORMAL,0.0
2026-05-14T22:48:10.526482,45.84.x.x,7eae8003d7c9a839,22367,0,NON_MAVLINK_PROBE,SCANNER,0,,4be2161c,NORMAL,0.0
2026-05-14T22:48:10.530532,107.189.x.x,85b8b091e4e91a1d,35288,0,NON_MAVLINK_PROBE,SCANNER,0,,ee1629cd,NORMAL,0.0
2026-05-14T22:48:10.539054,185.150.x.x,0899ad263bc5947f,47368,0,NON_MAVLINK_PROBE,SCANNER,0,,3fbe1322,NORMAL,0.0
2026-05-14T22:48:10.808756,107.189.x.x,85b8b091e4e91a1d,35294,0,NON_MAVLINK_PROBE,SCANNER,0,,9fbec606,NORMAL,0.0
2026-05-14T22:48:10.860136,185.150.x.x,0899ad263bc5947f,47384,0,NON_MAVLINK_PROBE,SCANNER,0,,8f32383d,NORMAL,0.0
2026-05-14T22:48:10.954816,45.84.x.x,7eae8003d7c9a839,22383,0,NON_MAVLINK_PROBE,SCANNER,0,,504d602b,NORMAL,0.0
2026-05-14T22:48:11.318517,185.150.x.x,0899ad263bc5947f,47400,0,NON_MAVLINK_PROBE,SCANNER,0,,7c551206,NORMAL,0.0
2026-05-14T22:48:11.385354,107.189.x.x,85b8b091e4e91a1d,35296,0,NON_MAVLINK_PROBE,SCANNER,0,,4c6e06b3,NORMAL,0.0
2026-05-14T22:48:11.425869,45.84.x.x,7eae8003d7c9a839,22389,0,NON_MAVLINK_PROBE,SCANNER,0,,637fafcf,NORMAL,0.0
2026-05-14T22:48:11.821375,185.150.x.x,0899ad263bc5947f,47412,0,NON_MAVLINK_PROBE,SCANNER,0,,4cd39206,NORMAL,0.0
2026-05-14T22:48:11.876581,45.84.x.x,7eae8003d7c9a839,22399,0,NON_MAVLINK_PROBE,SCANNER,0,,fc389670,NORMAL,0.0
2026-05-14T22:48:12.083908,107.189.x.x,85b8b091e4e91a1d,35308,0,NON_MAVLINK_PROBE,SCANNER,0,,2ee8c6c5,NORMAL,0.0
2026-05-14T22:48:12.359865,185.150.x.x,0899ad263bc5947f,47418,0,NON_MAVLINK_PROBE,SCANNER,0,,fd7c3374,NORMAL,0.0
2026-05-14T22:48:12.479369,45.84.x.x,7eae8003d7c9a839,22407,0,NON_MAVLINK_PROBE,SCANNER,0,,9477b600,NORMAL,0.0
2026-05-14T22:48:12.657467,107.189.x.x,85b8b091e4e91a1d,35322,0,NON_MAVLINK_PROBE,SCANNER,0,,61512b50,NORMAL,0.0
2026-05-14T22:48:12.971701,185.150.x.x,0899ad263bc5947f,47424,0,NON_MAVLINK_PROBE,SCANNER,0,,27348a66,NORMAL,0.0
2026-05-14T22:48:13.003763,45.84.x.x,7eae8003d7c9a839,22417,0,NON_MAVLINK_PROBE,SCANNER,0,,7ce08843,NORMAL,0.0
2026-05-14T22:48:13.285531,107.189.x.x,85b8b091e4e91a1d,35330,0,NON_MAVLINK_PROBE,SCANNER,0,,329d0ddf,NORMAL,0.0
2026-05-14T22:48:13.479557,185.150.x.x,0899ad263bc5947f,40344,0,NON_MAVLINK_PROBE,SCANNER,0,,7544c7dd,NORMAL,0.0
2026-05-14T22:48:13.485213,45.84.x.x,7eae8003d7c9a839,22427,0,NON_MAVLINK_PROBE,SCANNER,0,,bb93a7b0,NORMAL,0.0
2026-05-14T22:48:13.607713,107.189.x.x,85b8b091e4e91a1d,35346,0,NON_MAVLINK_PROBE,SCANNER,0,,82c47bc6,NORMAL,0.0
2026-05-14T22:48:13.868140,185.150.x.x,0899ad263bc5947f,40358,0,NON_MAVLINK_PROBE,SCANNER,0,,a4e8776e,NORMAL,0.0
2026-05-14T22:48:14.038158,45.84.x.x,7eae8003d7c9a839,22441,0,NON_MAVLINK_PROBE,SCANNER,0,,560601c1,NORMAL,0.0
2026-05-14T22:48:14.220023,107.189.x.x,85b8b091e4e91a1d,35352,0,NON_MAVLINK_PROBE,SCANNER,0,,058a051f,NORMAL,0.0
2026-05-14T22:48:14.397485,185.150.x.x,0899ad263bc5947f,40372,0,NON_MAVLINK_PROBE,SCANNER,0,,54dea5e6,NORMAL,0.0
2026-05-14T22:48:14.416729,45.84.x.x,7eae8003d7c9a839,22453,0,NON_MAVLINK_PROBE,SCANNER,0,,9d8589bb,NORMAL,0.0
2026-05-14T22:48:15.157172,107.189.x.x,85b8b091e4e91a1d,35362,0,NON_MAVLINK_PROBE,SCANNER,0,,871a1c2d,NORMAL,0.0
2026-05-14T22:48:15.163471,185.150.x.x,0899ad263bc5947f,40382,0,NON_MAVLINK_PROBE,SCANNER,0,,b2d7dba6,NORMAL,0.0
2026-05-14T22:48:15.168361,45.84.x.x,7eae8003d7c9a839,22461,0,NON_MAVLINK_PROBE,SCANNER,0,,f2f36e90,NORMAL,0.0
2026-05-14T22:48:15.496619,185.150.x.x,0899ad263bc5947f,40398,0,NON_MAVLINK_PROBE,SCANNER,0,,027987b0,NORMAL,0.0
2026-05-14T22:48:15.687739,107.189.x.x,85b8b091e4e91a1d,35366,0,NON_MAVLINK_PROBE,SCANNER,0,,8eecba64,NORMAL,0.0
2026-05-14T22:48:15.712015,45.84.x.x,7eae8003d7c9a839,22463,0,NON_MAVLINK_PROBE,SCANNER,0,,a41e357d,NORMAL,0.0
2026-05-14T22:48:15.957498,107.189.x.x,85b8b091e4e91a1d,35382,0,NON_MAVLINK_PROBE,SCANNER,0,,c5dcc4e5,NORMAL,0.0
2026-05-14T22:48:16.020896,185.150.x.x,0899ad263bc5947f,40410,0,NON_MAVLINK_PROBE,SCANNER,0,,5f8b128e,NORMAL,0.0
2026-05-14T22:48:16.178537,45.84.x.x,7eae8003d7c9a839,22473,0,NON_MAVLINK_PROBE,SCANNER,0,,2e6bbba3,NORMAL,0.0
2026-05-14T22:48:16.568205,185.150.x.x,0899ad263bc5947f,40420,0,NON_MAVLINK_PROBE,SCANNER,0,,852c8e5b,NORMAL,0.0
2026-05-14T22:48:16.591214,107.189.x.x,85b8b091e4e91a1d,35386,0,NON_MAVLINK_PROBE,SCANNER,0,,0efb2f02,NORMAL,0.0
2026-05-14T22:48:16.656798,45.84.x.x,7eae8003d7c9a839,22479,0,NON_MAVLINK_PROBE,SCANNER,0,,3dc62884,NORMAL,0.0
2026-05-14T22:48:17.067382,107.189.x.x,85b8b091e4e91a1d,35392,0,NON_MAVLINK_PROBE,SCANNER,0,,f2eb93de,NORMAL,0.0
2026-05-14T22:48:17.092175,185.150.x.x,0899ad263bc5947f,40428,0,NON_MAVLINK_PROBE,SCANNER,0,,44b39272,NORMAL,0.0
2026-05-14T22:48:17.463636,45.84.x.x,7eae8003d7c9a839,22481,0,NON_MAVLINK_PROBE,SCANNER,0,,63d1388f,NORMAL,0.0
2026-05-14T22:48:17.605092,185.150.x.x,0899ad263bc5947f,40442,0,NON_MAVLINK_PROBE,SCANNER,0,,fe50319f,NORMAL,0.0
2026-05-14T22:48:17.668613,107.189.x.x,85b8b091e4e91a1d,56584,0,NON_MAVLINK_PROBE,SCANNER,0,,d3a16cdb,NORMAL,0.0
2026-05-14T22:48:17.855833,45.84.x.x,7eae8003d7c9a839,22495,0,NON_MAVLINK_PROBE,SCANNER,0,,75343e0a,NORMAL,0.0
2026-05-14T22:48:18.028673,185.150.x.x,0899ad263bc5947f,40456,0,NON_MAVLINK_PROBE,SCANNER,0,,b327bbc6,NORMAL,0.0
2026-05-14T22:48:18.157273,107.189.x.x,85b8b091e4e91a1d,56592,0,NON_MAVLINK_PROBE,SCANNER,0,,1f8d384b,NORMAL,0.0
2026-05-14T22:48:18.386830,45.84.x.x,7eae8003d7c9a839,22497,0,NON_MAVLINK_PROBE,SCANNER,0,,6cd55d1e,NORMAL,0.0
2026-05-14T22:48:18.517135,185.150.x.x,0899ad263bc5947f,40470,0,NON_MAVLINK_PROBE,SCANNER,0,,e50ae410,NORMAL,0.0
2026-05-14T22:48:18.766855,107.189.x.x,85b8b091e4e91a1d,56604,0,NON_MAVLINK_PROBE,SCANNER,0,,6ddba9b8,NORMAL,0.0
2026-05-14T22:48:19.009257,185.150.x.x,0899ad263bc5947f,40476,0,NON_MAVLINK_PROBE,SCANNER,0,,4ddf5ee4,NORMAL,0.0
2026-05-14T22:48:19.013416,45.84.x.x,7eae8003d7c9a839,22511,0,NON_MAVLINK_PROBE,SCANNER,0,,6253e7f4,NORMAL,0.0
2026-05-14T22:48:19.735220,45.84.x.x,7eae8003d7c9a839,22527,0,NON_MAVLINK_PROBE,SCANNER,0,,e74a3ece,NORMAL,0.0
2026-05-14T22:48:19.740696,107.189.x.x,85b8b091e4e91a1d,56616,0,NON_MAVLINK_PROBE,SCANNER,0,,13d91d2d,NORMAL,0.0
2026-05-14T22:48:19.741018,185.150.x.x,0899ad263bc5947f,40492,0,NON_MAVLINK_PROBE,SCANNER,0,,eec66fc9,NORMAL,0.0
2026-05-14T22:48:19.935854,107.189.x.x,85b8b091e4e91a1d,56632,0,NON_MAVLINK_PROBE,SCANNER,0,,da5e2853,NORMAL,0.0
2026-05-14T22:48:19.987975,185.150.x.x,0899ad263bc5947f,40500,0,NON_MAVLINK_PROBE,SCANNER,0,,47d98ecb,NORMAL,0.0
2026-05-14T22:48:20.027202,45.84.x.x,7eae8003d7c9a839,44107,0,NON_MAVLINK_PROBE,SCANNER,0,,faf1367a,NORMAL,0.0
2026-05-14T22:48:20.512420,185.150.x.x,0899ad263bc5947f,40502,0,NON_MAVLINK_PROBE,SCANNER,0,,503d1855,NORMAL,0.0
2026-05-14T22:48:20.626226,107.189.x.x,85b8b091e4e91a1d,56640,0,NON_MAVLINK_PROBE,SCANNER,0,,7c98ba51,NORMAL,0.0
2026-05-14T22:48:20.637233,45.84.x.x,7eae8003d7c9a839,44119,0,NON_MAVLINK_PROBE,SCANNER,0,,471d4b32,NORMAL,0.0
2026-05-14T22:48:20.935003,185.150.x.x,0899ad263bc5947f,40516,0,NON_MAVLINK_PROBE,SCANNER,0,,2731939e,NORMAL,0.0
2026-05-14T22:48:21.070060,45.84.x.x,7eae8003d7c9a839,44129,0,NON_MAVLINK_PROBE,SCANNER,0,,d69bc42e,NORMAL,0.0
2026-05-14T22:48:21.120310,107.189.x.x,85b8b091e4e91a1d,56642,0,NON_MAVLINK_PROBE,SCANNER,0,,9df178b3,NORMAL,0.0
2026-05-14T22:48:21.568786,185.150.x.x,0899ad263bc5947f,40528,0,NON_MAVLINK_PROBE,SCANNER,0,,796b6f3b,NORMAL,0.0
2026-05-14T22:48:21.724756,45.84.x.x,7eae8003d7c9a839,44139,0,NON_MAVLINK_PROBE,SCANNER,0,,b61c52cb,NORMAL,0.0
2026-05-14T22:48:21.725750,107.189.x.x,85b8b091e4e91a1d,56650,0,NON_MAVLINK_PROBE,SCANNER,0,,fbed5b4d,NORMAL,0.0
2026-05-14T22:48:21.971364,185.150.x.x,0899ad263bc5947f,40536,0,NON_MAVLINK_PROBE,SCANNER,0,,48373d0f,NORMAL,0.0
2026-05-14T22:48:22.065281,107.189.x.x,85b8b091e4e91a1d,56658,0,NON_MAVLINK_PROBE,SCANNER,0,,5c53df17,NORMAL,0.0
2026-05-14T22:48:22.221264,45.84.x.x,7eae8003d7c9a839,44153,0,NON_MAVLINK_PROBE,SCANNER,0,,3f064ad1,NORMAL,0.0
2026-05-14T22:48:22.447139,185.150.x.x,0899ad263bc5947f,40544,0,NON_MAVLINK_PROBE,SCANNER,0,,009313e7,NORMAL,0.0
2026-05-14T22:48:22.534381,107.189.x.x,85b8b091e4e91a1d,56670,0,NON_MAVLINK_PROBE,SCANNER,0,,026beb51,NORMAL,0.0
2026-05-14T22:48:22.813489,45.84.x.x,7eae8003d7c9a839,44155,0,NON_MAVLINK_PROBE,SCANNER,0,,2ce49028,NORMAL,0.0
2026-05-14T22:48:22.954613,185.150.x.x,0899ad263bc5947f,40550,0,NON_MAVLINK_PROBE,SCANNER,0,,cbef8948,NORMAL,0.0
2026-05-14T22:48:23.030959,107.189.x.x,85b8b091e4e91a1d,56684,0,NON_MAVLINK_PROBE,SCANNER,0,,d7381f6e,NORMAL,0.0
2026-05-14T22:48:23.295412,45.84.x.x,7eae8003d7c9a839,44157,0,NON_MAVLINK_PROBE,SCANNER,0,,a9313ebc,NORMAL,0.0
2026-05-14T22:48:23.470498,185.150.x.x,0899ad263bc5947f,39824,0,NON_MAVLINK_PROBE,SCANNER,0,,a9dd8c5c,NORMAL,0.0
2026-05-14T22:48:24.207251,107.189.x.x,85b8b091e4e91a1d,56700,0,NON_MAVLINK_PROBE,SCANNER,0,,256f2f5b,NORMAL,0.0
2026-05-14T22:48:24.217089,45.84.x.x,7eae8003d7c9a839,44159,0,NON_MAVLINK_PROBE,SCANNER,0,,fd2b93b3,NORMAL,0.0
2026-05-14T22:48:24.229000,185.150.x.x,0899ad263bc5947f,39830,0,NON_MAVLINK_PROBE,SCANNER,0,,0e272120,NORMAL,0.0
2026-05-14T22:48:24.378974,45.84.x.x,7eae8003d7c9a839,44175,0,NON_MAVLINK_PROBE,SCANNER,0,,b7fd27d0,NORMAL,0.0
2026-05-14T22:48:24.534616,107.189.x.x,85b8b091e4e91a1d,56710,0,NON_MAVLINK_PROBE,SCANNER,0,,3b724f81,NORMAL,0.0
2026-05-14T22:48:24.856243,45.84.x.x,7eae8003d7c9a839,44177,0,NON_MAVLINK_PROBE,SCANNER,0,,5f322ae1,NORMAL,0.0
2026-05-14T22:48:25.113359,185.150.x.x,0899ad263bc5947f,39844,0,NON_MAVLINK_PROBE,SCANNER,0,,67aa69ea,NORMAL,0.0
2026-05-14T22:48:25.197944,107.189.x.x,85b8b091e4e91a1d,56722,0,NON_MAVLINK_PROBE,SCANNER,0,,ae8496fc,NORMAL,0.0
2026-05-14T22:48:25.395898,45.84.x.x,7eae8003d7c9a839,44179,0,NON_MAVLINK_PROBE,SCANNER,0,,cf612ac5,NORMAL,0.0
2026-05-14T22:48:25.875902,107.189.x.x,85b8b091e4e91a1d,56738,0,NON_MAVLINK_PROBE,SCANNER,0,,d06027b1,NORMAL,0.0
2026-05-14T22:48:25.913068,185.150.x.x,0899ad263bc5947f,39848,0,NON_MAVLINK_PROBE,SCANNER,0,,4992cdcc,NORMAL,0.0
2026-05-14T22:48:25.944083,45.84.x.x,7eae8003d7c9a839,44187,0,NON_MAVLINK_PROBE,SCANNER,0,,0ad01b20,NORMAL,0.0
2026-05-14T22:48:26.264128,107.189.x.x,85b8b091e4e91a1d,56750,0,NON_MAVLINK_PROBE,SCANNER,0,,e7d15fe4,NORMAL,0.0
2026-05-14T22:48:26.356944,185.150.x.x,0899ad263bc5947f,39854,0,NON_MAVLINK_PROBE,SCANNER,0,,08ae6f8f,NORMAL,0.0
2026-05-14T22:48:26.369007,45.84.x.x,7eae8003d7c9a839,44197,0,NON_MAVLINK_PROBE,SCANNER,0,,83d14d03,NORMAL,0.0
2026-05-14T22:48:26.871788,107.189.x.x,85b8b091e4e91a1d,56756,0,NON_MAVLINK_PROBE,SCANNER,0,,7d3f84cd,NORMAL,0.0
2026-05-14T22:48:26.884297,45.84.x.x,7eae8003d7c9a839,44199,0,NON_MAVLINK_PROBE,SCANNER,0,,6392bda6,NORMAL,0.0
2026-05-14T22:48:27.033484,185.150.x.x,0899ad263bc5947f,39858,0,NON_MAVLINK_PROBE,SCANNER,0,,b0070cae,NORMAL,0.0
2026-05-14T22:48:27.333384,107.189.x.x,85b8b091e4e91a1d,56762,0,NON_MAVLINK_PROBE,SCANNER,0,,e41b0f3b,NORMAL,0.0
2026-05-14T22:48:27.445305,45.84.x.x,7eae8003d7c9a839,44203,0,NON_MAVLINK_PROBE,SCANNER,0,,ea243ebb,NORMAL,0.0
2026-05-14T22:48:27.736958,185.150.x.x,0899ad263bc5947f,39870,0,NON_MAVLINK_PROBE,SCANNER,0,,6006c098,NORMAL,0.0
2026-05-14T22:48:27.852543,45.84.x.x,7eae8003d7c9a839,44207,0,NON_MAVLINK_PROBE,SCANNER,0,,859f33d5,NORMAL,0.0
2026-05-14T22:48:27.957410,107.189.x.x,85b8b091e4e91a1d,34410,0,NON_MAVLINK_PROBE,SCANNER,0,,f380dd88,NORMAL,0.0
2026-05-14T22:48:28.624446,45.84.x.x,7eae8003d7c9a839,44219,0,NON_MAVLINK_PROBE,SCANNER,0,,42ea2158,NORMAL,0.0
2026-05-14T22:48:28.634050,185.150.x.x,0899ad263bc5947f,39878,0,NON_MAVLINK_PROBE,SCANNER,0,,3ecb070c,NORMAL,0.0
2026-05-14T22:48:28.652439,107.189.x.x,85b8b091e4e91a1d,34422,0,NON_MAVLINK_PROBE,SCANNER,0,,4b9374a7,NORMAL,0.0
2026-05-14T22:48:28.994196,107.189.x.x,85b8b091e4e91a1d,34434,0,NON_MAVLINK_PROBE,SCANNER,0,,2f966377,NORMAL,0.0
2026-05-14T22:48:29.006080,185.150.x.x,0899ad263bc5947f,39892,0,NON_MAVLINK_PROBE,SCANNER,0,,037d60d8,NORMAL,0.0
2026-05-14T22:48:29.030829,45.84.x.x,7eae8003d7c9a839,44223,0,NON_MAVLINK_PROBE,SCANNER,0,,8b52702d,NORMAL,0.0
2026-05-14T22:48:29.502973,107.189.x.x,85b8b091e4e91a1d,34436,0,NON_MAVLINK_PROBE,SCANNER,0,,75340223,NORMAL,0.0
2026-05-14T22:48:29.576714,45.84.x.x,7eae8003d7c9a839,44229,0,NON_MAVLINK_PROBE,SCANNER,0,,964c29c1,NORMAL,0.0
2026-05-14T22:48:29.677874,185.150.x.x,0899ad263bc5947f,39902,0,NON_MAVLINK_PROBE,SCANNER,0,,9b8b07b1,NORMAL,0.0
2026-05-14T22:48:29.998229,107.189.x.x,85b8b091e4e91a1d,34444,0,NON_MAVLINK_PROBE,SCANNER,0,,95fde53b,NORMAL,0.0
2026-05-14T22:48:30.048365,45.84.x.x,7eae8003d7c9a839,61889,0,NON_MAVLINK_PROBE,SCANNER,0,,8e58b68f,NORMAL,0.0
2026-05-14T22:48:30.379954,185.150.x.x,0899ad263bc5947f,39916,0,NON_MAVLINK_PROBE,SCANNER,0,,4e59037f,NORMAL,0.0
2026-05-14T22:48:30.883532,107.189.x.x,85b8b091e4e91a1d,34448,0,NON_MAVLINK_PROBE,SCANNER,0,,7a1b1c7c,NORMAL,0.0
2026-05-14T22:48:30.888827,45.84.x.x,7eae8003d7c9a839,61899,0,NON_MAVLINK_PROBE,SCANNER,0,,cbf75703,NORMAL,0.0
2026-05-14T22:48:31.065539,185.150.x.x,0899ad263bc5947f,39918,0,NON_MAVLINK_PROBE,SCANNER,0,,ca98cff0,NORMAL,0.0
2026-05-14T22:48:31.282221,107.189.x.x,85b8b091e4e91a1d,34456,0,NON_MAVLINK_PROBE,SCANNER,0,,75d98381,NORMAL,0.0
2026-05-14T22:48:31.421274,45.84.x.x,7eae8003d7c9a839,61907,0,NON_MAVLINK_PROBE,SCANNER,0,,c9cbed25,NORMAL,0.0
2026-05-14T22:48:31.727010,185.150.x.x,0899ad263bc5947f,39928,0,NON_MAVLINK_PROBE,SCANNER,0,,69af814b,NORMAL,0.0
2026-05-14T22:48:31.886393,45.84.x.x,7eae8003d7c9a839,61917,0,NON_MAVLINK_PROBE,SCANNER,0,,678bdf6d,NORMAL,0.0
2026-05-14T22:48:31.958130,107.189.x.x,85b8b091e4e91a1d,34462,0,NON_MAVLINK_PROBE,SCANNER,0,,91d14ac7,NORMAL,0.0
2026-05-14T22:48:32.413096,185.150.x.x,0899ad263bc5947f,39930,0,NON_MAVLINK_PROBE,SCANNER,0,,2c368c13,NORMAL,0.0
2026-05-14T22:48:32.424622,45.84.x.x,7eae8003d7c9a839,61933,0,NON_MAVLINK_PROBE,SCANNER,0,,14aa496b,NORMAL,0.0
2026-05-14T22:48:32.740044,107.189.x.x,85b8b091e4e91a1d,34472,0,NON_MAVLINK_PROBE,SCANNER,0,,dd7b4b96,NORMAL,0.0
2026-05-14T22:48:33.047741,45.84.x.x,7eae8003d7c9a839,61949,0,NON_MAVLINK_PROBE,SCANNER,0,,4400f874,NORMAL,0.0
2026-05-14T22:48:33.052393,185.150.x.x,0899ad263bc5947f,39944,0,NON_MAVLINK_PROBE,SCANNER,0,,35ef9ad6,NORMAL,0.0
2026-05-14T22:48:33.191154,107.189.x.x,85b8b091e4e91a1d,34480,0,NON_MAVLINK_PROBE,SCANNER,0,,8e5fcd3c,NORMAL,0.0
2026-05-14T22:48:33.442362,45.84.x.x,7eae8003d7c9a839,61955,0,NON_MAVLINK_PROBE,SCANNER,0,,a0fe99ba,NORMAL,0.0
2026-05-14T22:48:33.736755,185.150.x.x,0899ad263bc5947f,56744,0,NON_MAVLINK_PROBE,SCANNER,0,,ac7ab63e,NORMAL,0.0
2026-05-14T22:48:33.868518,107.189.x.x,85b8b091e4e91a1d,34496,0,NON_MAVLINK_PROBE,SCANNER,0,,9547cad3,NORMAL,0.0
2026-05-14T22:48:34.044641,45.84.x.x,7eae8003d7c9a839,61971,0,NON_MAVLINK_PROBE,SCANNER,0,,b38e21c8,NORMAL,0.0
2026-05-14T22:48:34.389690,107.189.x.x,85b8b091e4e91a1d,34510,0,NON_MAVLINK_PROBE,SCANNER,0,,3c8168ed,NORMAL,0.0
2026-05-14T22:48:34.439026,185.150.x.x,0899ad263bc5947f,56760,0,NON_MAVLINK_PROBE,SCANNER,0,,b6d1acb4,NORMAL,0.0
2026-05-14T22:48:34.588657,45.84.x.x,7eae8003d7c9a839,61983,0,NON_MAVLINK_PROBE,SCANNER,0,,6f41fd9b,NORMAL,0.0
2026-05-14T22:48:35.330928,45.84.x.x,7eae8003d7c9a839,61999,0,NON_MAVLINK_PROBE,SCANNER,0,,84f47f1d,NORMAL,0.0
2026-05-14T22:48:35.333374,185.150.x.x,0899ad263bc5947f,56766,0,NON_MAVLINK_PROBE,SCANNER,0,,709b3f58,NORMAL,0.0
2026-05-14T22:48:35.336065,107.189.x.x,85b8b091e4e91a1d,34526,0,NON_MAVLINK_PROBE,SCANNER,0,,195b6c5b,NORMAL,0.0
2026-05-14T22:48:35.576187,45.84.x.x,7eae8003d7c9a839,62007,0,NON_MAVLINK_PROBE,SCANNER,0,,a7ff45ba,NORMAL,0.0
2026-05-14T22:48:35.653462,107.189.x.x,85b8b091e4e91a1d,34530,0,NON_MAVLINK_PROBE,SCANNER,0,,194aad07,NORMAL,0.0
2026-05-14T22:48:35.704069,185.150.x.x,0899ad263bc5947f,56778,0,NON_MAVLINK_PROBE,SCANNER,0,,9204c1db,NORMAL,0.0
2026-05-14T22:48:36.077700,107.189.x.x,85b8b091e4e91a1d,34534,0,NON_MAVLINK_PROBE,SCANNER,0,,9ae77145,NORMAL,0.0
2026-05-14T22:48:36.097700,45.84.x.x,7eae8003d7c9a839,62015,0,NON_MAVLINK_PROBE,SCANNER,0,,1a0a5764,NORMAL,0.0
2026-05-14T22:48:36.374499,185.150.x.x,0899ad263bc5947f,56786,0,NON_MAVLINK_PROBE,SCANNER,0,,b1211649,NORMAL,0.0
2026-05-14T22:48:36.473085,107.189.x.x,85b8b091e4e91a1d,34542,0,NON_MAVLINK_PROBE,SCANNER,0,,c519fecb,NORMAL,0.0
2026-05-14T22:48:36.518994,45.84.x.x,7eae8003d7c9a839,62021,0,NON_MAVLINK_PROBE,SCANNER,0,,92654dd0,NORMAL,0.0
2026-05-14T22:48:37.284278,45.84.x.x,7eae8003d7c9a839,62025,0,NON_MAVLINK_PROBE,SCANNER,0,,0f70f036,NORMAL,0.0
2026-05-14T22:48:37.307470,185.150.x.x,0899ad263bc5947f,56794,0,NON_MAVLINK_PROBE,SCANNER,0,,31c5b768,NORMAL,0.0
2026-05-14T22:48:37.314891,107.189.x.x,85b8b091e4e91a1d,34548,0,NON_MAVLINK_PROBE,SCANNER,0,,22845a18,NORMAL,0.0
2026-05-14T22:48:37.446312,45.84.x.x,7eae8003d7c9a839,62029,0,NON_MAVLINK_PROBE,SCANNER,0,,30a993b7,NORMAL,0.0
2026-05-14T22:48:38.003524,185.150.x.x,0899ad263bc5947f,56798,0,NON_MAVLINK_PROBE,SCANNER,0,,f1bc146c,NORMAL,0.0
2026-05-14T22:48:38.017097,45.84.x.x,7eae8003d7c9a839,62031,0,NON_MAVLINK_PROBE,SCANNER,0,,6310aaa7,NORMAL,0.0
2026-05-14T22:48:38.023368,107.189.x.x,85b8b091e4e91a1d,12388,0,NON_MAVLINK_PROBE,SCANNER,0,,64608356,NORMAL,0.0
2026-05-14T22:48:38.298341,185.150.x.x,0899ad263bc5947f,56804,0,NON_MAVLINK_PROBE,SCANNER,0,,39990b92,NORMAL,0.0
2026-05-14T22:48:38.409126,107.189.x.x,85b8b091e4e91a1d,12404,0,NON_MAVLINK_PROBE,SCANNER,0,,8ceaa20c,NORMAL,0.0
2026-05-14T22:48:38.498890,45.84.x.x,7eae8003d7c9a839,62043,0,NON_MAVLINK_PROBE,SCANNER,0,,d9fceef0,NORMAL,0.0
2026-05-14T22:48:38.941436,185.150.x.x,0899ad263bc5947f,56808,0,NON_MAVLINK_PROBE,SCANNER,0,,d5ebe1eb,NORMAL,0.0
2026-05-14T22:48:39.093548,45.84.x.x,7eae8003d7c9a839,62059,0,NON_MAVLINK_PROBE,SCANNER,0,,09c37f04,NORMAL,0.0
2026-05-14T22:48:39.130266,107.189.x.x,85b8b091e4e91a1d,12418,0,NON_MAVLINK_PROBE,SCANNER,0,,f5f297d9,NORMAL,0.0
2026-05-14T22:48:39.767019,107.189.x.x,85b8b091e4e91a1d,12434,0,NON_MAVLINK_PROBE,SCANNER,0,,f460e994,NORMAL,0.0
2026-05-14T22:48:39.776747,45.84.x.x,7eae8003d7c9a839,62063,0,NON_MAVLINK_PROBE,SCANNER,0,,5b98ed32,NORMAL,0.0
2026-05-14T22:48:39.778860,185.150.x.x,0899ad263bc5947f,56818,0,NON_MAVLINK_PROBE,SCANNER,0,,566b7fe2,NORMAL,0.0
2026-05-14T22:48:40.047151,45.84.x.x,7eae8003d7c9a839,5907,0,NON_MAVLINK_PROBE,SCANNER,0,,59a5022c,NORMAL,0.0
2026-05-14T22:48:40.242626,107.189.x.x,85b8b091e4e91a1d,12440,0,NON_MAVLINK_PROBE,SCANNER,0,,9c423d59,NORMAL,0.0
2026-05-14T22:48:40.268011,185.150.x.x,0899ad263bc5947f,56824,0,NON_MAVLINK_PROBE,SCANNER,0,,3c6c7837,NORMAL,0.0
2026-05-14T22:48:40.588599,45.84.x.x,7eae8003d7c9a839,5919,0,NON_MAVLINK_PROBE,SCANNER,0,,47e3db8c,NORMAL,0.0
2026-05-14T22:48:40.751586,185.150.x.x,0899ad263bc5947f,56838,0,NON_MAVLINK_PROBE,SCANNER,0,,f03a1f2a,NORMAL,0.0
2026-05-14T22:48:40.754684,107.189.x.x,85b8b091e4e91a1d,12452,0,NON_MAVLINK_PROBE,SCANNER,0,,f37c2398,NORMAL,0.0
2026-05-14T22:48:41.151513,45.84.x.x,7eae8003d7c9a839,5929,0,NON_MAVLINK_PROBE,SCANNER,0,,b265aad0,NORMAL,0.0
2026-05-14T22:48:41.346444,107.189.x.x,85b8b091e4e91a1d,12460,0,NON_MAVLINK_PROBE,SCANNER,0,,0762b160,NORMAL,0.0
2026-05-14T22:48:41.359215,185.150.x.x,0899ad263bc5947f,56852,0,NON_MAVLINK_PROBE,SCANNER,0,,6580124f,NORMAL,0.0
2026-05-14T22:48:41.834266,45.84.x.x,7eae8003d7c9a839,5937,0,NON_MAVLINK_PROBE,SCANNER,0,,2135be2a,NORMAL,0.0
2026-05-14T22:48:41.842077,107.189.x.x,85b8b091e4e91a1d,12476,0,NON_MAVLINK_PROBE,SCANNER,0,,20993a8b,NORMAL,0.0
2026-05-14T22:48:41.961199,185.150.x.x,0899ad263bc5947f,56860,0,NON_MAVLINK_PROBE,SCANNER,0,,6419414b,NORMAL,0.0
2026-05-14T22:48:42.091376,45.84.x.x,7eae8003d7c9a839,5939,0,NON_MAVLINK_PROBE,SCANNER,0,,3e352c93,NORMAL,0.0
2026-05-14T22:48:42.413582,107.189.x.x,85b8b091e4e91a1d,12484,0,NON_MAVLINK_PROBE,SCANNER,0,,2dae6e8d,NORMAL,0.0
2026-05-14T22:48:42.539645,185.150.x.x,0899ad263bc5947f,56864,0,NON_MAVLINK_PROBE,SCANNER,0,,bc9f45ca,NORMAL,0.0
2026-05-14T22:48:42.625492,45.84.x.x,7eae8003d7c9a839,5943,0,NON_MAVLINK_PROBE,SCANNER,0,,6e6b9c30,NORMAL,0.0
2026-05-14T22:48:42.998695,107.189.x.x,85b8b091e4e91a1d,12498,0,NON_MAVLINK_PROBE,SCANNER,0,,9dda1a9c,NORMAL,0.0
2026-05-14T22:48:43.104882,185.150.x.x,0899ad263bc5947f,56870,0,NON_MAVLINK_PROBE,SCANNER,0,,54a38e02,NORMAL,0.0
2026-05-14T22:48:43.192777,45.84.x.x,7eae8003d7c9a839,5957,0,NON_MAVLINK_PROBE,SCANNER,0,,d4c1bb63,NORMAL,0.0
2026-05-14T22:48:43.734052,107.189.x.x,85b8b091e4e91a1d,12504,0,NON_MAVLINK_PROBE,SCANNER,0,,fa203980,NORMAL,0.0
2026-05-14T22:48:43.788842,185.150.x.x,0899ad263bc5947f,53808,0,NON_MAVLINK_PROBE,SCANNER,0,,ba838095,NORMAL,0.0
2026-05-14T22:48:43.795211,45.84.x.x,7eae8003d7c9a839,5963,0,NON_MAVLINK_PROBE,SCANNER,0,,e74b2c3d,NORMAL,0.0
2026-05-14T22:48:44.093091,107.189.x.x,85b8b091e4e91a1d,12508,0,NON_MAVLINK_PROBE,SCANNER,0,,7e66183a,NORMAL,0.0
2026-05-14T22:48:44.235970,45.84.x.x,7eae8003d7c9a839,5973,0,NON_MAVLINK_PROBE,SCANNER,0,,c18da446,NORMAL,0.0
2026-05-14T22:48:44.322712,185.150.x.x,0899ad263bc5947f,53820,0,NON_MAVLINK_PROBE,SCANNER,0,,03314e86,NORMAL,0.0
2026-05-14T22:48:44.608396,107.189.x.x,85b8b091e4e91a1d,12522,0,NON_MAVLINK_PROBE,SCANNER,0,,6ec2d64e,NORMAL,0.0
2026-05-14T22:48:44.721154,45.84.x.x,7eae8003d7c9a839,5985,0,NON_MAVLINK_PROBE,SCANNER,0,,c9500653,NORMAL,0.0
2026-05-14T22:48:44.817413,185.150.x.x,0899ad263bc5947f,53836,0,NON_MAVLINK_PROBE,SCANNER,0,,bf0ee8d0,NORMAL,0.0
2026-05-14T22:48:45.223209,45.84.x.x,7eae8003d7c9a839,5991,0,NON_MAVLINK_PROBE,SCANNER,0,,8b713b1c,NORMAL,0.0
2026-05-14T22:48:45.254931,107.189.x.x,85b8b091e4e91a1d,12528,0,NON_MAVLINK_PROBE,SCANNER,0,,51d439aa,NORMAL,0.0
2026-05-14T22:48:45.410795,185.150.x.x,0899ad263bc5947f,53842,0,NON_MAVLINK_PROBE,SCANNER,0,,f3cb93ba,NORMAL,0.0
2026-05-14T22:48:45.777668,45.84.x.x,7eae8003d7c9a839,5993,0,NON_MAVLINK_PROBE,SCANNER,0,,cc96546b,NORMAL,0.0
2026-05-14T22:48:45.897693,107.189.x.x,85b8b091e4e91a1d,12544,0,NON_MAVLINK_PROBE,SCANNER,0,,9037b260,NORMAL,0.0
2026-05-14T22:48:45.925247,185.150.x.x,0899ad263bc5947f,53854,0,NON_MAVLINK_PROBE,SCANNER,0,,5af994e7,NORMAL,0.0
2026-05-14T22:48:46.209337,45.84.x.x,7eae8003d7c9a839,5997,0,NON_MAVLINK_PROBE,SCANNER,0,,4edd00a8,NORMAL,0.0
2026-05-14T22:48:46.548123,107.189.x.x,85b8b091e4e91a1d,12546,0,NON_MAVLINK_PROBE,SCANNER,0,,2775c44d,NORMAL,0.0
2026-05-14T22:48:46.613313,185.150.x.x,0899ad263bc5947f,53868,0,NON_MAVLINK_PROBE,SCANNER,0,,40163ad6,NORMAL,0.0
2026-05-14T22:48:46.692561,45.84.x.x,7eae8003d7c9a839,6011,0,NON_MAVLINK_PROBE,SCANNER,0,,0ca259f1,NORMAL,0.0
2026-05-14T22:48:46.959662,107.189.x.x,85b8b091e4e91a1d,12554,0,NON_MAVLINK_PROBE,SCANNER,0,,4b6165a8,NORMAL,0.0
2026-05-14T22:48:47.206635,185.150.x.x,0899ad263bc5947f,53870,0,NON_MAVLINK_PROBE,SCANNER,0,,eeb3ab18,NORMAL,0.0
2026-05-14T22:48:47.325866,45.84.x.x,7eae8003d7c9a839,6021,0,NON_MAVLINK_PROBE,SCANNER,0,,40b2096d,NORMAL,0.0
2026-05-14T22:48:47.468408,107.189.x.x,85b8b091e4e91a1d,52154,0,NON_MAVLINK_PROBE,SCANNER,0,,7e450cf0,NORMAL,0.0
2026-05-14T22:48:47.867803,185.150.x.x,0899ad263bc5947f,53880,0,NON_MAVLINK_PROBE,SCANNER,0,,c28ed2de,NORMAL,0.0
2026-05-14T22:48:47.880466,45.84.x.x,7eae8003d7c9a839,6037,0,NON_MAVLINK_PROBE,SCANNER,0,,b307869a,NORMAL,0.0
2026-05-14T22:48:48.150282,107.189.x.x,85b8b091e4e91a1d,52166,0,NON_MAVLINK_PROBE,SCANNER,0,,f785c3af,NORMAL,0.0
2026-05-14T22:48:48.255950,45.84.x.x,7eae8003d7c9a839,6053,0,NON_MAVLINK_PROBE,SCANNER,0,,64e4383f,NORMAL,0.0
2026-05-14T22:48:48.391472,185.150.x.x,0899ad263bc5947f,53882,0,NON_MAVLINK_PROBE,SCANNER,0,,4283cc3d,NORMAL,0.0
2026-05-14T22:48:48.669139,45.84.x.x,7eae8003d7c9a839,6059,0,NON_MAVLINK_PROBE,SCANNER,0,,a48127a4,NORMAL,0.0
2026-05-14T22:48:48.715330,107.189.x.x,85b8b091e4e91a1d,52178,0,NON_MAVLINK_PROBE,SCANNER,0,,aff6da9d,NORMAL,0.0
2026-05-14T22:48:49.094378,185.150.x.x,0899ad263bc5947f,53884,0,NON_MAVLINK_PROBE,SCANNER,0,,08e307af,NORMAL,0.0
2026-05-14T22:48:49.286088,45.84.x.x,7eae8003d7c9a839,6069,0,NON_MAVLINK_PROBE,SCANNER,0,,55515a5e,NORMAL,0.0
2026-05-14T22:48:49.289241,107.189.x.x,85b8b091e4e91a1d,52186,0,NON_MAVLINK_PROBE,SCANNER,0,,ed1e3c74,NORMAL,0.0
2026-05-14T22:48:49.825647,45.84.x.x,7eae8003d7c9a839,6085,0,NON_MAVLINK_PROBE,SCANNER,0,,249c3e2e,NORMAL,0.0
2026-05-14T22:48:49.927354,185.150.x.x,0899ad263bc5947f,53896,0,NON_MAVLINK_PROBE,SCANNER,0,,cee1889e,NORMAL,0.0
2026-05-14T22:48:49.984841,107.189.x.x,85b8b091e4e91a1d,52194,0,NON_MAVLINK_PROBE,SCANNER,0,,2e99625c,NORMAL,0.0
2026-05-14T22:48:50.294050,45.84.x.x,7eae8003d7c9a839,4501,0,NON_MAVLINK_PROBE,SCANNER,0,,5bea8e98,NORMAL,0.0
2026-05-14T22:48:50.384523,185.150.x.x,0899ad263bc5947f,53910,0,NON_MAVLINK_PROBE,SCANNER,0,,dcd6746d,NORMAL,0.0
2026-05-14T22:48:50.641569,107.189.x.x,85b8b091e4e91a1d,52206,0,NON_MAVLINK_PROBE,SCANNER,0,,9efbdf07,NORMAL,0.0
2026-05-14T22:48:50.882159,45.84.x.x,7eae8003d7c9a839,4505,0,NON_MAVLINK_PROBE,SCANNER,0,,4cde8a10,NORMAL,0.0
2026-05-14T22:48:50.967047,107.189.x.x,85b8b091e4e91a1d,52216,0,NON_MAVLINK_PROBE,SCANNER,0,,be608e65,NORMAL,0.0
2026-05-14T22:48:51.104945,185.150.x.x,0899ad263bc5947f,53916,0,NON_MAVLINK_PROBE,SCANNER,0,,ca97cb72,NORMAL,0.0
2026-05-14T22:48:51.484709,45.84.x.x,7eae8003d7c9a839,4517,0,NON_MAVLINK_PROBE,SCANNER,0,,fca6d2b4,NORMAL,0.0
2026-05-14T22:48:51.536283,107.189.x.x,85b8b091e4e91a1d,52226,0,NON_MAVLINK_PROBE,SCANNER,0,,825d3834,NORMAL,0.0
2026-05-14T22:48:51.841774,185.150.x.x,0899ad263bc5947f,53924,0,NON_MAVLINK_PROBE,SCANNER,0,,73b588cc,NORMAL,0.0
2026-05-14T22:48:51.921716,45.84.x.x,7eae8003d7c9a839,4533,0,NON_MAVLINK_PROBE,SCANNER,0,,c12ced3d,NORMAL,0.0
2026-05-14T22:48:52.145445,107.189.x.x,85b8b091e4e91a1d,52238,0,NON_MAVLINK_PROBE,SCANNER,0,,910a70b2,NORMAL,0.0
2026-05-14T22:48:52.292602,185.150.x.x,0899ad263bc5947f,53926,0,NON_MAVLINK_PROBE,SCANNER,0,,42582b05,NORMAL,0.0
2026-05-14T22:48:52.357405,45.84.x.x,7eae8003d7c9a839,4545,0,NON_MAVLINK_PROBE,SCANNER,0,,31c87178,NORMAL,0.0
2026-05-14T22:48:52.690239,107.189.x.x,85b8b091e4e91a1d,52242,0,NON_MAVLINK_PROBE,SCANNER,0,,fecb706c,NORMAL,0.0
2026-05-14T22:48:52.791651,185.150.x.x,0899ad263bc5947f,53930,0,NON_MAVLINK_PROBE,SCANNER,0,,4a38e9c6,NORMAL,0.0
2026-05-14T22:48:52.883546,45.84.x.x,7eae8003d7c9a839,4547,0,NON_MAVLINK_PROBE,SCANNER,0,,cd940821,NORMAL,0.0
2026-05-14T22:48:53.275987,107.189.x.x,85b8b091e4e91a1d,52248,0,NON_MAVLINK_PROBE,SCANNER,0,,2bf36314,NORMAL,0.0
2026-05-14T22:48:53.368271,45.84.x.x,7eae8003d7c9a839,4557,0,NON_MAVLINK_PROBE,SCANNER,0,,294f729e,NORMAL,0.0
2026-05-14T22:48:53.369301,185.150.x.x,0899ad263bc5947f,36424,0,NON_MAVLINK_PROBE,SCANNER,0,,dca87769,NORMAL,0.0
2026-05-14T22:48:54.186588,45.84.x.x,7eae8003d7c9a839,4565,0,NON_MAVLINK_PROBE,SCANNER,0,,9fa47071,NORMAL,0.0
2026-05-14T22:48:54.209539,107.189.x.x,85b8b091e4e91a1d,52254,0,NON_MAVLINK_PROBE,SCANNER,0,,c59f0b7d,NORMAL,0.0
2026-05-14T22:48:54.233299,185.150.x.x,0899ad263bc5947f,36436,0,NON_MAVLINK_PROBE,SCANNER,0,,2d20b882,NORMAL,0.0
2026-05-14T22:48:54.464200,45.84.x.x,7eae8003d7c9a839,4575,0,NON_MAVLINK_PROBE,SCANNER,0,,8318b517,NORMAL,0.0
2026-05-14T22:48:54.495422,107.189.x.x,85b8b091e4e91a1d,52270,0,NON_MAVLINK_PROBE,SCANNER,0,,63e5dcae,NORMAL,0.0
2026-05-14T22:48:54.728584,185.150.x.x,0899ad263bc5947f,36442,0,NON_MAVLINK_PROBE,SCANNER,0,,f37ab958,NORMAL,0.0
2026-05-14T22:48:54.998303,45.84.x.x,7eae8003d7c9a839,4589,0,NON_MAVLINK_PROBE,SCANNER,0,,aca88c91,NORMAL,0.0
2026-05-14T22:48:55.007814,107.189.x.x,85b8b091e4e91a1d,52282,0,NON_MAVLINK_PROBE,SCANNER,0,,bde9f370,NORMAL,0.0
2026-05-14T22:48:55.449272,185.150.x.x,0899ad263bc5947f,36452,0,NON_MAVLINK_PROBE,SCANNER,0,,2accfbb9,NORMAL,0.0
2026-05-14T22:48:55.538083,45.84.x.x,7eae8003d7c9a839,4599,0,NON_MAVLINK_PROBE,SCANNER,0,,6ccfe0c9,NORMAL,0.0
2026-05-14T22:48:55.599591,107.189.x.x,85b8b091e4e91a1d,52290,0,NON_MAVLINK_PROBE,SCANNER,0,,97fa6b8f,NORMAL,0.0
2026-05-14T22:48:56.024309,45.84.x.x,7eae8003d7c9a839,4613,0,NON_MAVLINK_PROBE,SCANNER,0,,f3f53ff2,NORMAL,0.0
2026-05-14T22:48:56.025677,185.150.x.x,0899ad263bc5947f,36468,0,NON_MAVLINK_PROBE,SCANNER,0,,a26a49e6,NORMAL,0.0
2026-05-14T22:48:56.072840,107.189.x.x,85b8b091e4e91a1d,52298,0,NON_MAVLINK_PROBE,SCANNER,0,,2cb7c32a,NORMAL,0.0
2026-05-14T22:48:56.519023,45.84.x.x,7eae8003d7c9a839,4621,0,NON_MAVLINK_PROBE,SCANNER,0,,b7a688ed,NORMAL,0.0
2026-05-14T22:48:56.659721,107.189.x.x,85b8b091e4e91a1d,52310,0,NON_MAVLINK_PROBE,SCANNER,0,,5886f3cf,NORMAL,0.0
2026-05-14T22:48:56.820606,185.150.x.x,0899ad263bc5947f,36476,0,NON_MAVLINK_PROBE,SCANNER,0,,0ccfabb8,NORMAL,0.0
2026-05-14T22:48:57.006577,45.84.x.x,7eae8003d7c9a839,4629,0,NON_MAVLINK_PROBE,SCANNER,0,,2661faf7,NORMAL,0.0
2026-05-14T22:48:57.288561,107.189.x.x,85b8b091e4e91a1d,52314,0,NON_MAVLINK_PROBE,SCANNER,0,,89f9a446,NORMAL,0.0
2026-05-14T22:48:57.433063,45.84.x.x,7eae8003d7c9a839,4633,0,NON_MAVLINK_PROBE,SCANNER,0,,a5780462,NORMAL,0.0
2026-05-14T22:48:57.533158,185.150.x.x,0899ad263bc5947f,36492,0,NON_MAVLINK_PROBE,SCANNER,0,,5b0c21eb,NORMAL,0.0
2026-05-14T22:48:57.666030,107.189.x.x,85b8b091e4e91a1d,60006,0,NON_MAVLINK_PROBE,SCANNER,0,,f230df86,NORMAL,0.0
2026-05-14T22:48:57.914470,45.84.x.x,7eae8003d7c9a839,4645,0,NON_MAVLINK_PROBE,SCANNER,0,,f6833c5a,NORMAL,0.0
2026-05-14T22:48:58.115434,185.150.x.x,0899ad263bc5947f,36494,0,NON_MAVLINK_PROBE,SCANNER,0,,ff0d6057,NORMAL,0.0
2026-05-14T22:48:58.206001,107.189.x.x,85b8b091e4e91a1d,60022,0,NON_MAVLINK_PROBE,SCANNER,0,,c0e05c08,NORMAL,0.0
2026-05-14T22:48:58.339282,45.84.x.x,7eae8003d7c9a839,4657,0,NON_MAVLINK_PROBE,SCANNER,0,,f9e793b8,NORMAL,0.0
2026-05-14T22:48:58.987974,185.150.x.x,0899ad263bc5947f,36506,0,NON_MAVLINK_PROBE,SCANNER,0,,ce9b0c52,NORMAL,0.0
2026-05-14T22:48:59.053404,45.84.x.x,7eae8003d7c9a839,4663,0,NON_MAVLINK_PROBE,SCANNER,0,,99d14b1e,NORMAL,0.0
2026-05-14T22:48:59.075112,107.189.x.x,85b8b091e4e91a1d,60034,0,NON_MAVLINK_PROBE,SCANNER,0,,9862cb7c,NORMAL,0.0
2026-05-14T22:48:59.305334,185.150.x.x,0899ad263bc5947f,36520,0,NON_MAVLINK_PROBE,SCANNER,0,,7072c7c7,NORMAL,0.0
2026-05-14T22:48:59.388252,45.84.x.x,7eae8003d7c9a839,4673,0,NON_MAVLINK_PROBE,SCANNER,0,,76856209,NORMAL,0.0
2026-05-14T22:48:59.481358,107.189.x.x,85b8b091e4e91a1d,60046,0,NON_MAVLINK_PROBE,SCANNER,0,,9efe7f55,NORMAL,0.0
2026-05-14T22:49:00.017632,185.150.x.x,0899ad263bc5947f,36534,0,NON_MAVLINK_PROBE,SCANNER,0,,4618f8d5,NORMAL,0.0
2026-05-14T22:49:00.131867,45.84.x.x,7eae8003d7c9a839,5851,0,NON_MAVLINK_PROBE,SCANNER,0,,674e8aa3,NORMAL,0.0
2026-05-14T22:49:00.182778,107.189.x.x,85b8b091e4e91a1d,60048,0,NON_MAVLINK_PROBE,SCANNER,0,,37907143,NORMAL,0.0
2026-05-14T22:49:00.424152,185.150.x.x,0899ad263bc5947f,36542,0,NON_MAVLINK_PROBE,SCANNER,0,,84d264aa,NORMAL,0.0
2026-05-14T22:49:00.432397,45.84.x.x,7eae8003d7c9a839,5861,0,NON_MAVLINK_PROBE,SCANNER,0,,d88ce4ce,NORMAL,0.0
2026-05-14T22:49:00.672979,107.189.x.x,85b8b091e4e91a1d,60062,0,NON_MAVLINK_PROBE,SCANNER,0,,a088d53e,NORMAL,0.0
2026-05-14T22:49:00.903363,45.84.x.x,7eae8003d7c9a839,5865,0,NON_MAVLINK_PROBE,SCANNER,0,,a63076ff,NORMAL,0.0
2026-05-14T22:49:01.011771,185.150.x.x,0899ad263bc5947f,36558,0,NON_MAVLINK_PROBE,SCANNER,0,,ce404f2e,NORMAL,0.0
2026-05-14T22:49:01.366620,107.189.x.x,85b8b091e4e91a1d,60066,0,NON_MAVLINK_PROBE,SCANNER,0,,d551c21b,NORMAL,0.0
2026-05-14T22:49:01.430016,45.84.x.x,7eae8003d7c9a839,5871,0,NON_MAVLINK_PROBE,SCANNER,0,,2110e2f4,NORMAL,0.0
2026-05-14T22:49:01.677762,185.150.x.x,0899ad263bc5947f,36574,0,NON_MAVLINK_PROBE,SCANNER,0,,1cea56bf,NORMAL,0.0
2026-05-14T22:49:01.859051,107.189.x.x,85b8b091e4e91a1d,60076,0,NON_MAVLINK_PROBE,SCANNER,0,,3755c8eb,NORMAL,0.0
2026-05-14T22:49:02.032406,45.84.x.x,7eae8003d7c9a839,5887,0,NON_MAVLINK_PROBE,SCANNER,0,,bf41976a,NORMAL,0.0
2026-05-14T22:49:02.259724,107.189.x.x,85b8b091e4e91a1d,60086,0,NON_MAVLINK_PROBE,SCANNER,0,,72c9eca8,NORMAL,0.0
2026-05-14T22:49:02.294110,185.150.x.x,0899ad263bc5947f,36586,0,NON_MAVLINK_PROBE,SCANNER,0,,d1c74e78,NORMAL,0.0
2026-05-14T22:49:02.416988,45.84.x.x,7eae8003d7c9a839,5899,0,NON_MAVLINK_PROBE,SCANNER,0,,1523b9a2,NORMAL,0.0
2026-05-14T22:49:02.867629,107.189.x.x,85b8b091e4e91a1d,60100,0,NON_MAVLINK_PROBE,SCANNER,0,,67bea68e,NORMAL,0.0
2026-05-14T22:49:03.012759,45.84.x.x,7eae8003d7c9a839,5905,0,NON_MAVLINK_PROBE,SCANNER,0,,3fa04668,NORMAL,0.0
2026-05-14T22:49:03.017210,185.150.x.x,0899ad263bc5947f,36594,0,NON_MAVLINK_PROBE,SCANNER,0,,261b86cb,NORMAL,0.0
2026-05-14T22:49:03.423219,107.189.x.x,85b8b091e4e91a1d,60108,0,NON_MAVLINK_PROBE,SCANNER,0,,1a787257,NORMAL,0.0
2026-05-14T22:49:03.675719,45.84.x.x,7eae8003d7c9a839,5917,0,NON_MAVLINK_PROBE,SCANNER,0,,69ce95d1,NORMAL,0.0
2026-05-14T22:49:03.695811,185.150.x.x,0899ad263bc5947f,33982,0,NON_MAVLINK_PROBE,SCANNER,0,,21e60ef5,NORMAL,0.0
2026-05-14T22:49:04.186730,45.84.x.x,7eae8003d7c9a839,5921,0,NON_MAVLINK_PROBE,SCANNER,0,,58643d6d,NORMAL,0.0
2026-05-14T22:49:04.272707,185.150.x.x,0899ad263bc5947f,33994,0,NON_MAVLINK_PROBE,SCANNER,0,,0ec4b5dd,NORMAL,0.0
2026-05-14T22:49:04.276424,107.189.x.x,85b8b091e4e91a1d,60120,0,NON_MAVLINK_PROBE,SCANNER,0,,bb1f5c72,NORMAL,0.0
2026-05-14T22:49:04.479762,45.84.x.x,7eae8003d7c9a839,5927,0,NON_MAVLINK_PROBE,SCANNER,0,,2227c500,NORMAL,0.0
2026-05-14T22:49:04.612019,193.24.x.x,41940b363aecdf6e,51452,0,NON_MAVLINK_PROBE,SCANNER,0,,0c961593,NORMAL,0.0
2026-05-14T22:49:04.721784,107.189.x.x,85b8b091e4e91a1d,60128,0,NON_MAVLINK_PROBE,SCANNER,0,,c9019136,NORMAL,0.0
2026-05-14T22:49:04.751947,185.150.x.x,0899ad263bc5947f,34006,0,NON_MAVLINK_PROBE,SCANNER,0,,03d7b373,NORMAL,0.0
2026-05-14T22:49:04.802088,193.24.x.x,41940b363aecdf6e,53634,0,NON_MAVLINK_PROBE,SCANNER,0,,adf27a01,NORMAL,0.0
2026-05-14T22:49:04.813318,193.24.x.x,41940b363aecdf6e,41474,0,NON_MAVLINK_PROBE,SCANNER,0,,6601d9f0,NORMAL,0.0
2026-05-14T22:49:05.120143,45.84.x.x,7eae8003d7c9a839,5941,0,NON_MAVLINK_PROBE,SCANNER,0,,500729e0,NORMAL,0.0
2026-05-14T22:49:05.383951,107.189.x.x,85b8b091e4e91a1d,60134,0,NON_MAVLINK_PROBE,SCANNER,0,,d603b658,NORMAL,0.0
2026-05-14T22:49:05.630151,185.150.x.x,0899ad263bc5947f,34020,0,NON_MAVLINK_PROBE,SCANNER,0,,47f99e10,NORMAL,0.0
2026-05-14T22:49:05.630494,45.84.x.x,7eae8003d7c9a839,5949,0,NON_MAVLINK_PROBE,SCANNER,0,,328cfe96,NORMAL,0.0
2026-05-14T22:49:05.867705,107.189.x.x,85b8b091e4e91a1d,60138,0,NON_MAVLINK_PROBE,SCANNER,0,,195dda0e,NORMAL,0.0
2026-05-14T22:49:06.360732,45.84.x.x,7eae8003d7c9a839,5955,0,NON_MAVLINK_PROBE,SCANNER,0,,4bfd6deb,NORMAL,0.0
2026-05-14T22:49:06.390136,185.150.x.x,0899ad263bc5947f,34028,0,NON_MAVLINK_PROBE,SCANNER,0,,81dd6edc,NORMAL,0.0
2026-05-14T22:49:06.399689,107.189.x.x,85b8b091e4e91a1d,60146,0,NON_MAVLINK_PROBE,SCANNER,0,,c3aedaa8,NORMAL,0.0
2026-05-14T22:49:06.575665,45.84.x.x,7eae8003d7c9a839,5961,0,NON_MAVLINK_PROBE,SCANNER,0,,d12931ad,NORMAL,0.0
2026-05-14T22:49:06.878743,185.150.x.x,0899ad263bc5947f,34034,0,NON_MAVLINK_PROBE,SCANNER,0,,1bf82a7e,NORMAL,0.0
2026-05-14T22:49:07.002098,107.189.x.x,85b8b091e4e91a1d,60160,0,NON_MAVLINK_PROBE,SCANNER,0,,cc896408,NORMAL,0.0
2026-05-14T22:49:07.297216,45.84.x.x,7eae8003d7c9a839,5977,0,NON_MAVLINK_PROBE,SCANNER,0,,bab60f11,NORMAL,0.0
2026-05-14T22:49:07.377157,107.189.x.x,85b8b091e4e91a1d,60174,0,NON_MAVLINK_PROBE,SCANNER,0,,089a96f7,NORMAL,0.0
2026-05-14T22:49:07.460588,185.150.x.x,0899ad263bc5947f,34040,0,NON_MAVLINK_PROBE,SCANNER,0,,0dc5759e,NORMAL,0.0
2026-05-14T22:49:07.748805,45.84.x.x,7eae8003d7c9a839,5981,0,NON_MAVLINK_PROBE,SCANNER,0,,7c97b59b,NORMAL,0.0
2026-05-14T22:49:07.965947,107.189.x.x,85b8b091e4e91a1d,57462,0,NON_MAVLINK_PROBE,SCANNER,0,,4a649606,NORMAL,0.0
2026-05-14T22:49:08.157902,185.150.x.x,0899ad263bc5947f,34052,0,NON_MAVLINK_PROBE,SCANNER,0,,acee7b6c,NORMAL,0.0
2026-05-14T22:49:08.317629,45.84.x.x,7eae8003d7c9a839,5985,0,NON_MAVLINK_PROBE,SCANNER,0,,54136f01,NORMAL,0.0
2026-05-14T22:49:08.699335,45.84.x.x,7eae8003d7c9a839,5999,0,NON_MAVLINK_PROBE,SCANNER,0,,6d53c82b,NORMAL,0.0
2026-05-14T22:49:08.704068,107.189.x.x,85b8b091e4e91a1d,57468,0,NON_MAVLINK_PROBE,SCANNER,0,,01826ddd,NORMAL,0.0
2026-05-14T22:49:08.875067,185.150.x.x,0899ad263bc5947f,34066,0,NON_MAVLINK_PROBE,SCANNER,0,,8685e52f,NORMAL,0.0
2026-05-14T22:49:09.124410,107.189.x.x,85b8b091e4e91a1d,57478,0,NON_MAVLINK_PROBE,SCANNER,0,,28569c30,NORMAL,0.0
2026-05-14T22:49:09.291177,45.84.x.x,7eae8003d7c9a839,6015,0,NON_MAVLINK_PROBE,SCANNER,0,,38ca03c0,NORMAL,0.0
2026-05-14T22:49:09.484431,185.150.x.x,0899ad263bc5947f,34074,0,NON_MAVLINK_PROBE,SCANNER,0,,cbd95cfb,NORMAL,0.0
2026-05-14T22:49:09.586287,107.189.x.x,85b8b091e4e91a1d,57482,0,NON_MAVLINK_PROBE,SCANNER,0,,f64b6607,NORMAL,0.0
2026-05-14T22:49:09.595634,45.84.x.x,7eae8003d7c9a839,6025,0,NON_MAVLINK_PROBE,SCANNER,0,,c5e0d399,NORMAL,0.0
2026-05-14T22:49:10.073450,185.150.x.x,0899ad263bc5947f,34090,0,NON_MAVLINK_PROBE,SCANNER,0,,117d2863,NORMAL,0.0
2026-05-14T22:49:10.086634,45.84.x.x,7eae8003d7c9a839,2977,0,NON_MAVLINK_PROBE,SCANNER,0,,e31e643d,NORMAL,0.0
2026-05-14T22:49:10.320122,107.189.x.x,85b8b091e4e91a1d,57484,0,NON_MAVLINK_PROBE,SCANNER,0,,8f919a4b,NORMAL,0.0
2026-05-14T22:49:10.613100,185.150.x.x,0899ad263bc5947f,34096,0,NON_MAVLINK_PROBE,SCANNER,0,,14731b31,NORMAL,0.0
2026-05-14T22:49:10.647371,45.84.x.x,7eae8003d7c9a839,2989,0,NON_MAVLINK_PROBE,SCANNER,0,,efc4848a,NORMAL,0.0
2026-05-14T22:49:11.029186,107.189.x.x,85b8b091e4e91a1d,57498,0,NON_MAVLINK_PROBE,SCANNER,0,,3d9f7bd6,NORMAL,0.0
2026-05-14T22:49:11.176798,185.150.x.x,0899ad263bc5947f,34102,0,NON_MAVLINK_PROBE,SCANNER,0,,a8761960,NORMAL,0.0
2026-05-14T22:49:11.177243,45.84.x.x,7eae8003d7c9a839,2997,0,NON_MAVLINK_PROBE,SCANNER,0,,79aa38ec,NORMAL,0.0
2026-05-14T22:49:11.443433,107.189.x.x,85b8b091e4e91a1d,57508,0,NON_MAVLINK_PROBE,SCANNER,0,,cf0452d4,NORMAL,0.0
2026-05-14T22:49:11.705734,45.84.x.x,7eae8003d7c9a839,3009,0,NON_MAVLINK_PROBE,SCANNER,0,,0b00c7a1,NORMAL,0.0
2026-05-14T22:49:11.840167,185.150.x.x,0899ad263bc5947f,34114,0,NON_MAVLINK_PROBE,SCANNER,0,,dd5274aa,NORMAL,0.0
2026-05-14T22:49:12.187091,45.84.x.x,7eae8003d7c9a839,3011,0,NON_MAVLINK_PROBE,SCANNER,0,,520dba67,NORMAL,0.0
2026-05-14T22:49:12.203386,107.189.x.x,85b8b091e4e91a1d,57520,0,NON_MAVLINK_PROBE,SCANNER,0,,3269f775,NORMAL,0.0
2026-05-14T22:49:12.474257,185.150.x.x,0899ad263bc5947f,34116,0,NON_MAVLINK_PROBE,SCANNER,0,,701146b2,NORMAL,0.0
2026-05-14T22:49:12.544169,45.84.x.x,7eae8003d7c9a839,3017,0,NON_MAVLINK_PROBE,SCANNER,0,,561d7313,NORMAL,0.0
2026-05-14T22:49:12.627903,107.189.x.x,85b8b091e4e91a1d,57528,0,NON_MAVLINK_PROBE,SCANNER,0,,de73e344,NORMAL,0.0
2026-05-14T22:49:12.967702,45.84.x.x,7eae8003d7c9a839,3027,0,NON_MAVLINK_PROBE,SCANNER,0,,b6df7447,NORMAL,0.0
2026-05-14T22:49:12.977579,185.150.x.x,0899ad263bc5947f,34120,0,NON_MAVLINK_PROBE,SCANNER,0,,7c1c5eb2,NORMAL,0.0
2026-05-14T22:49:13.443840,107.189.x.x,85b8b091e4e91a1d,57538,0,NON_MAVLINK_PROBE,SCANNER,0,,5f4b7136,NORMAL,0.0
2026-05-14T22:49:13.468452,45.84.x.x,7eae8003d7c9a839,3039,0,NON_MAVLINK_PROBE,SCANNER,0,,361e1ed7,NORMAL,0.0
2026-05-14T22:49:13.528939,185.150.x.x,0899ad263bc5947f,48350,0,NON_MAVLINK_PROBE,SCANNER,0,,e5b2d271,NORMAL,0.0
2026-05-14T22:49:13.902731,107.189.x.x,85b8b091e4e91a1d,57552,0,NON_MAVLINK_PROBE,SCANNER,0,,8dc970d2,NORMAL,0.0
2026-05-14T22:49:14.003277,45.84.x.x,7eae8003d7c9a839,3055,0,NON_MAVLINK_PROBE,SCANNER,0,,3f21325a,NORMAL,0.0
2026-05-14T22:49:14.123227,185.150.x.x,0899ad263bc5947f,48356,0,NON_MAVLINK_PROBE,SCANNER,0,,6a3256f0,NORMAL,0.0
2026-05-14T22:49:14.414191,107.189.x.x,85b8b091e4e91a1d,57562,0,NON_MAVLINK_PROBE,SCANNER,0,,bb2233b1,NORMAL,0.0
2026-05-14T22:49:14.482550,45.84.x.x,7eae8003d7c9a839,3061,0,NON_MAVLINK_PROBE,SCANNER,0,,262dcb03,NORMAL,0.0
2026-05-14T22:49:14.578479,185.150.x.x,0899ad263bc5947f,48368,0,NON_MAVLINK_PROBE,SCANNER,0,,750a9209,NORMAL,0.0
2026-05-14T22:49:15.105029,45.84.x.x,7eae8003d7c9a839,3075,0,NON_MAVLINK_PROBE,SCANNER,0,,4c8bb8e9,NORMAL,0.0
2026-05-14T22:49:15.154883,107.189.x.x,85b8b091e4e91a1d,57566,0,NON_MAVLINK_PROBE,SCANNER,0,,779fbfeb,NORMAL,0.0
2026-05-14T22:49:15.257510,185.150.x.x,0899ad263bc5947f,48382,0,NON_MAVLINK_PROBE,SCANNER,0,,879d8c8e,NORMAL,0.0
2026-05-14T22:49:15.491753,45.84.x.x,7eae8003d7c9a839,3077,0,NON_MAVLINK_PROBE,SCANNER,0,,3b2fc9f3,NORMAL,0.0
2026-05-14T22:49:15.641022,107.189.x.x,85b8b091e4e91a1d,57574,0,NON_MAVLINK_PROBE,SCANNER,0,,b91f64ed,NORMAL,0.0
2026-05-14T22:49:15.980616,185.150.x.x,0899ad263bc5947f,48390,0,NON_MAVLINK_PROBE,SCANNER,0,,6c9d1b68,NORMAL,0.0
2026-05-14T22:49:15.995748,45.84.x.x,7eae8003d7c9a839,3079,0,NON_MAVLINK_PROBE,SCANNER,0,,83edfe2c,NORMAL,0.0
2026-05-14T22:49:16.256542,107.189.x.x,85b8b091e4e91a1d,57580,0,NON_MAVLINK_PROBE,SCANNER,0,,68187560,NORMAL,0.0
2026-05-14T22:49:16.531521,45.84.x.x,7eae8003d7c9a839,3087,0,NON_MAVLINK_PROBE,SCANNER,0,,818a6178,NORMAL,0.0
2026-05-14T22:49:16.620385,185.150.x.x,0899ad263bc5947f,48404,0,NON_MAVLINK_PROBE,SCANNER,0,,f5b93eca,NORMAL,0.0
2026-05-14T22:49:16.768968,107.189.x.x,85b8b091e4e91a1d,57590,0,NON_MAVLINK_PROBE,SCANNER,0,,fd129563,NORMAL,0.0
2026-05-14T22:49:16.949528,45.84.x.x,7eae8003d7c9a839,3095,0,NON_MAVLINK_PROBE,SCANNER,0,,4b83470c,NORMAL,0.0
2026-05-14T22:49:17.306437,185.150.x.x,0899ad263bc5947f,48410,0,NON_MAVLINK_PROBE,SCANNER,0,,dcec4bfc,NORMAL,0.0
2026-05-14T22:49:17.430185,107.189.x.x,85b8b091e4e91a1d,57594,0,NON_MAVLINK_PROBE,SCANNER,0,,603dde85,NORMAL,0.0
2026-05-14T22:49:17.438351,45.84.x.x,7eae8003d7c9a839,3097,0,NON_MAVLINK_PROBE,SCANNER,0,,d072de38,NORMAL,0.0
2026-05-14T22:49:17.847034,185.150.x.x,0899ad263bc5947f,48412,0,NON_MAVLINK_PROBE,SCANNER,0,,397940f6,NORMAL,0.0
2026-05-14T22:49:17.958612,45.84.x.x,7eae8003d7c9a839,3109,0,NON_MAVLINK_PROBE,SCANNER,0,,e86f2eb4,NORMAL,0.0
2026-05-14T22:49:18.024531,107.189.x.x,85b8b091e4e91a1d,51030,0,NON_MAVLINK_PROBE,SCANNER,0,,7356b120,NORMAL,0.0
2026-05-14T22:49:18.579394,45.84.x.x,7eae8003d7c9a839,3123,0,NON_MAVLINK_PROBE,SCANNER,0,,9ad8b62b,NORMAL,0.0
2026-05-14T22:49:18.629891,185.150.x.x,0899ad263bc5947f,48426,0,NON_MAVLINK_PROBE,SCANNER,0,,5d2cbd39,NORMAL,0.0
2026-05-14T22:49:18.644287,107.189.x.x,85b8b091e4e91a1d,51046,0,NON_MAVLINK_PROBE,SCANNER,0,,563ef184,NORMAL,0.0
2026-05-14T22:49:18.818747,45.84.x.x,7eae8003d7c9a839,3125,0,NON_MAVLINK_PROBE,SCANNER,0,,6e1c0a45,NORMAL,0.0
2026-05-14T22:49:19.168726,185.150.x.x,0899ad263bc5947f,48440,0,NON_MAVLINK_PROBE,SCANNER,0,,2021a374,NORMAL,0.0
2026-05-14T22:49:19.199855,107.189.x.x,85b8b091e4e91a1d,51062,0,NON_MAVLINK_PROBE,SCANNER,0,,b2aa9bb6,NORMAL,0.0
2026-05-14T22:49:19.424365,45.84.x.x,7eae8003d7c9a839,3127,0,NON_MAVLINK_PROBE,SCANNER,0,,80b97671,NORMAL,0.0
2026-05-14T22:49:19.845499,185.150.x.x,0899ad263bc5947f,48448,0,NON_MAVLINK_PROBE,SCANNER,0,,ee7b2660,NORMAL,0.0
2026-05-14T22:49:19.957403,107.189.x.x,85b8b091e4e91a1d,51074,0,NON_MAVLINK_PROBE,SCANNER,0,,a00027fc,NORMAL,0.0
2026-05-14T22:49:19.985409,45.84.x.x,7eae8003d7c9a839,42255,0,NON_MAVLINK_PROBE,SCANNER,0,,18f58ec3,NORMAL,0.0
2026-05-14T22:49:20.484520,185.150.x.x,0899ad263bc5947f,48454,0,NON_MAVLINK_PROBE,SCANNER,0,,e40af206,NORMAL,0.0
2026-05-14T22:49:20.489256,107.189.x.x,85b8b091e4e91a1d,51080,0,NON_MAVLINK_PROBE,SCANNER,0,,93e69882,NORMAL,0.0
2026-05-14T22:49:20.515234,45.84.x.x,7eae8003d7c9a839,42269,0,NON_MAVLINK_PROBE,SCANNER,0,,8dfe0f16,NORMAL,0.0
2026-05-14T22:49:20.737982,107.189.x.x,85b8b091e4e91a1d,51096,0,NON_MAVLINK_PROBE,SCANNER,0,,5659e55b,NORMAL,0.0
2026-05-14T22:49:20.914193,185.150.x.x,0899ad263bc5947f,48460,0,NON_MAVLINK_PROBE,SCANNER,0,,1d7eb4c0,NORMAL,0.0
2026-05-14T22:49:20.922735,45.84.x.x,7eae8003d7c9a839,42271,0,NON_MAVLINK_PROBE,SCANNER,0,,7b7240e5,NORMAL,0.0
2026-05-14T22:49:21.452613,107.189.x.x,85b8b091e4e91a1d,51098,0,NON_MAVLINK_PROBE,SCANNER,0,,77bcf2a7,NORMAL,0.0
2026-05-14T22:49:21.509751,45.84.x.x,7eae8003d7c9a839,42285,0,NON_MAVLINK_PROBE,SCANNER,0,,e7a6737d,NORMAL,0.0
2026-05-14T22:49:21.547804,185.150.x.x,0899ad263bc5947f,48470,0,NON_MAVLINK_PROBE,SCANNER,0,,1d228fa0,NORMAL,0.0
2026-05-14T22:49:21.969455,107.189.x.x,85b8b091e4e91a1d,51102,0,NON_MAVLINK_PROBE,SCANNER,0,,169df896,NORMAL,0.0
2026-05-14T22:49:21.971258,45.84.x.x,7eae8003d7c9a839,42295,0,NON_MAVLINK_PROBE,SCANNER,0,,203f8ca1,NORMAL,0.0
2026-05-14T22:49:22.106975,185.150.x.x,0899ad263bc5947f,48474,0,NON_MAVLINK_PROBE,SCANNER,0,,fbdd1315,NORMAL,0.0
2026-05-14T22:49:22.438339,107.189.x.x,85b8b091e4e91a1d,51114,0,NON_MAVLINK_PROBE,SCANNER,0,,21649000,NORMAL,0.0
2026-05-14T22:49:22.460449,45.84.x.x,7eae8003d7c9a839,42299,0,NON_MAVLINK_PROBE,SCANNER,0,,deabc2d4,NORMAL,0.0
2026-05-14T22:49:22.677929,185.150.x.x,0899ad263bc5947f,48482,0,NON_MAVLINK_PROBE,SCANNER,0,,27959be1,NORMAL,0.0
2026-05-14T22:49:22.860568,107.189.x.x,85b8b091e4e91a1d,51128,0,NON_MAVLINK_PROBE,SCANNER,0,,040072be,NORMAL,0.0
2026-05-14T22:49:22.860926,45.84.x.x,7eae8003d7c9a839,42311,0,NON_MAVLINK_PROBE,SCANNER,0,,0ead0dcc,NORMAL,0.0
2026-05-14T22:49:23.202868,185.150.x.x,0899ad263bc5947f,48484,0,NON_MAVLINK_PROBE,SCANNER,0,,ee8c2a1b,NORMAL,0.0
2026-05-14T22:49:23.409032,45.84.x.x,7eae8003d7c9a839,42321,0,NON_MAVLINK_PROBE,SCANNER,0,,f9be42b6,NORMAL,0.0
2026-05-14T22:49:23.424905,107.189.x.x,85b8b091e4e91a1d,51134,0,NON_MAVLINK_PROBE,SCANNER,0,,2c11a78c,NORMAL,0.0
2026-05-14T22:49:24.033099,45.84.x.x,7eae8003d7c9a839,42333,0,NON_MAVLINK_PROBE,SCANNER,0,,4b08a7a1,NORMAL,0.0
2026-05-14T22:49:24.032797,107.189.x.x,85b8b091e4e91a1d,51144,0,NON_MAVLINK_PROBE,SCANNER,0,,a61318d1,NORMAL,0.0
2026-05-14T22:49:24.037019,185.150.x.x,0899ad263bc5947f,55130,0,NON_MAVLINK_PROBE,SCANNER,0,,dd82ae22,NORMAL,0.0
2026-05-14T22:49:24.564846,45.84.x.x,7eae8003d7c9a839,42347,0,NON_MAVLINK_PROBE,SCANNER,0,,571afc55,NORMAL,0.0
2026-05-14T22:49:24.569415,107.189.x.x,85b8b091e4e91a1d,51156,0,NON_MAVLINK_PROBE,SCANNER,0,,dbe67592,NORMAL,0.0
2026-05-14T22:49:24.588146,185.150.x.x,0899ad263bc5947f,55140,0,NON_MAVLINK_PROBE,SCANNER,0,,66952df3,NORMAL,0.0
2026-05-14T22:49:25.034809,107.189.x.x,85b8b091e4e91a1d,51164,0,NON_MAVLINK_PROBE,SCANNER,0,,1fa79ecf,NORMAL,0.0
2026-05-14T22:49:25.061154,45.84.x.x,7eae8003d7c9a839,42361,0,NON_MAVLINK_PROBE,SCANNER,0,,5f4f3a25,NORMAL,0.0
2026-05-14T22:49:25.095792,185.150.x.x,0899ad263bc5947f,55148,0,NON_MAVLINK_PROBE,SCANNER,0,,3612cd14,NORMAL,0.0
2026-05-14T22:49:25.697443,45.84.x.x,7eae8003d7c9a839,42369,0,NON_MAVLINK_PROBE,SCANNER,0,,5d29d90c,NORMAL,0.0
2026-05-14T22:49:25.720511,107.189.x.x,85b8b091e4e91a1d,51180,0,NON_MAVLINK_PROBE,SCANNER,0,,be12a1d1,NORMAL,0.0
2026-05-14T22:49:25.729533,185.150.x.x,0899ad263bc5947f,55154,0,NON_MAVLINK_PROBE,SCANNER,0,,115e169f,NORMAL,0.0
2026-05-14T22:49:26.030268,45.84.x.x,7eae8003d7c9a839,42373,0,NON_MAVLINK_PROBE,SCANNER,0,,5985f973,NORMAL,0.0
2026-05-14T22:49:26.213400,185.150.x.x,0899ad263bc5947f,55158,0,NON_MAVLINK_PROBE,SCANNER,0,,3a62904e,NORMAL,0.0
2026-05-14T22:49:26.218926,107.189.x.x,85b8b091e4e91a1d,51190,0,NON_MAVLINK_PROBE,SCANNER,0,,eb786909,NORMAL,0.0
2026-05-14T22:49:26.457035,45.84.x.x,7eae8003d7c9a839,42383,0,NON_MAVLINK_PROBE,SCANNER,0,,f2321d52,NORMAL,0.0
2026-05-14T22:49:26.718510,107.189.x.x,85b8b091e4e91a1d,51198,0,NON_MAVLINK_PROBE,SCANNER,0,,7e1baf4e,NORMAL,0.0
2026-05-14T22:49:26.773394,185.150.x.x,0899ad263bc5947f,55164,0,NON_MAVLINK_PROBE,SCANNER,0,,4da2be75,NORMAL,0.0
2026-05-14T22:49:27.005721,45.84.x.x,7eae8003d7c9a839,42395,0,NON_MAVLINK_PROBE,SCANNER,0,,9b23f459,NORMAL,0.0
2026-05-14T22:49:27.332384,107.189.x.x,85b8b091e4e91a1d,51210,0,NON_MAVLINK_PROBE,SCANNER,0,,9382389c,NORMAL,0.0
2026-05-14T22:49:27.394469,45.84.x.x,7eae8003d7c9a839,42409,0,NON_MAVLINK_PROBE,SCANNER,0,,c600e37c,NORMAL,0.0
2026-05-14T22:49:27.455579,185.150.x.x,0899ad263bc5947f,55172,0,NON_MAVLINK_PROBE,SCANNER,0,,ead6ef0c,NORMAL,0.0
2026-05-14T22:49:27.960466,107.189.x.x,85b8b091e4e91a1d,21282,0,NON_MAVLINK_PROBE,SCANNER,0,,ed14fd7b,NORMAL,0.0
2026-05-14T22:49:27.987620,45.84.x.x,7eae8003d7c9a839,42423,0,NON_MAVLINK_PROBE,SCANNER,0,,54deb3e5,NORMAL,0.0
2026-05-14T22:49:28.043454,185.150.x.x,0899ad263bc5947f,55186,0,NON_MAVLINK_PROBE,SCANNER,0,,99c74066,NORMAL,0.0
2026-05-14T22:49:28.531024,107.189.x.x,85b8b091e4e91a1d,21294,0,NON_MAVLINK_PROBE,SCANNER,0,,25085560,NORMAL,0.0
2026-05-14T22:49:28.536543,45.84.x.x,7eae8003d7c9a839,42435,0,NON_MAVLINK_PROBE,SCANNER,0,,d8728310,NORMAL,0.0
2026-05-14T22:49:28.557613,185.150.x.x,0899ad263bc5947f,55192,0,NON_MAVLINK_PROBE,SCANNER,0,,5dedd60a,NORMAL,0.0
2026-05-14T22:49:28.978288,45.84.x.x,7eae8003d7c9a839,42437,0,NON_MAVLINK_PROBE,SCANNER,0,,3be3b13b,NORMAL,0.0
2026-05-14T22:49:29.015888,107.189.x.x,85b8b091e4e91a1d,21310,0,NON_MAVLINK_PROBE,SCANNER,0,,5416a59e,NORMAL,0.0
2026-05-14T22:49:29.119068,185.150.x.x,0899ad263bc5947f,55204,0,NON_MAVLINK_PROBE,SCANNER,0,,ae6a42ac,NORMAL,0.0
2026-05-14T22:49:29.434969,107.189.x.x,85b8b091e4e91a1d,21318,0,NON_MAVLINK_PROBE,SCANNER,0,,e00513c6,NORMAL,0.0
2026-05-14T22:49:29.503407,45.84.x.x,7eae8003d7c9a839,42451,0,NON_MAVLINK_PROBE,SCANNER,0,,fdb0a712,NORMAL,0.0
2026-05-14T22:49:29.722713,185.150.x.x,0899ad263bc5947f,55208,0,NON_MAVLINK_PROBE,SCANNER,0,,d1600457,NORMAL,0.0
2026-05-14T22:49:30.050096,45.84.x.x,7eae8003d7c9a839,37327,0,NON_MAVLINK_PROBE,SCANNER,0,,759b86c1,NORMAL,0.0
2026-05-14T22:49:30.135557,107.189.x.x,85b8b091e4e91a1d,21322,0,NON_MAVLINK_PROBE,SCANNER,0,,08b3246e,NORMAL,0.0
2026-05-14T22:49:30.355664,185.150.x.x,0899ad263bc5947f,55222,0,NON_MAVLINK_PROBE,SCANNER,0,,d042f881,NORMAL,0.0
2026-05-14T22:49:30.604750,45.84.x.x,7eae8003d7c9a839,37339,0,NON_MAVLINK_PROBE,SCANNER,0,,02182ee6,NORMAL,0.0
2026-05-14T22:49:30.654820,107.189.x.x,85b8b091e4e91a1d,21326,0,NON_MAVLINK_PROBE,SCANNER,0,,d32294a5,NORMAL,0.0
2026-05-14T22:49:30.862017,185.150.x.x,0899ad263bc5947f,55226,0,NON_MAVLINK_PROBE,SCANNER,0,,6343f11b,NORMAL,0.0
2026-05-14T22:49:31.172669,45.84.x.x,7eae8003d7c9a839,37355,0,NON_MAVLINK_PROBE,SCANNER,0,,487eaf10,NORMAL,0.0
2026-05-14T22:49:31.185932,107.189.x.x,85b8b091e4e91a1d,21338,0,NON_MAVLINK_PROBE,SCANNER,0,,2a791293,NORMAL,0.0
2026-05-14T22:49:31.519954,45.84.x.x,7eae8003d7c9a839,37357,0,NON_MAVLINK_PROBE,SCANNER,0,,c0465d3b,NORMAL,0.0
2026-05-14T22:49:31.772108,185.150.x.x,0899ad263bc5947f,55240,0,NON_MAVLINK_PROBE,SCANNER,0,,660c218d,NORMAL,0.0
2026-05-14T22:49:31.785057,107.189.x.x,85b8b091e4e91a1d,21354,0,NON_MAVLINK_PROBE,SCANNER,0,,cfe94bc5,NORMAL,0.0
2026-05-14T22:49:32.122934,45.84.x.x,7eae8003d7c9a839,37361,0,NON_MAVLINK_PROBE,SCANNER,0,,427c1701,NORMAL,0.0
2026-05-14T22:49:32.293148,107.189.x.x,85b8b091e4e91a1d,21368,0,NON_MAVLINK_PROBE,SCANNER,0,,bbe6c973,NORMAL,0.0
2026-05-14T22:49:32.412942,185.150.x.x,0899ad263bc5947f,55252,0,NON_MAVLINK_PROBE,SCANNER,0,,3a469cc3,NORMAL,0.0
2026-05-14T22:49:32.713097,45.84.x.x,7eae8003d7c9a839,37373,0,NON_MAVLINK_PROBE,SCANNER,0,,24c86028,NORMAL,0.0
2026-05-14T22:49:32.804748,107.189.x.x,85b8b091e4e91a1d,21380,0,NON_MAVLINK_PROBE,SCANNER,0,,dfd895c4,NORMAL,0.0
2026-05-14T22:49:32.877888,185.150.x.x,0899ad263bc5947f,55254,0,NON_MAVLINK_PROBE,SCANNER,0,,c9e7da4f,NORMAL,0.0
2026-05-14T22:49:33.193393,45.84.x.x,7eae8003d7c9a839,37377,0,NON_MAVLINK_PROBE,SCANNER,0,,e989367d,NORMAL,0.0
2026-05-14T22:49:33.294226,107.189.x.x,85b8b091e4e91a1d,21384,0,NON_MAVLINK_PROBE,SCANNER,0,,c02ee73c,NORMAL,0.0
2026-05-14T22:49:33.419148,185.150.x.x,0899ad263bc5947f,46616,0,NON_MAVLINK_PROBE,SCANNER,0,,8ca2e327,NORMAL,0.0
2026-05-14T22:49:33.835268,45.84.x.x,7eae8003d7c9a839,37381,0,NON_MAVLINK_PROBE,SCANNER,0,,82c00f55,NORMAL,0.0
2026-05-14T22:49:33.914908,107.189.x.x,85b8b091e4e91a1d,21392,0,NON_MAVLINK_PROBE,SCANNER,0,,e2693202,NORMAL,0.0
2026-05-14T22:49:34.132429,185.150.x.x,0899ad263bc5947f,46618,0,NON_MAVLINK_PROBE,SCANNER,0,,4cf482f9,NORMAL,0.0
2026-05-14T22:49:34.166162,45.84.x.x,7eae8003d7c9a839,37391,0,NON_MAVLINK_PROBE,SCANNER,0,,8dea904b,NORMAL,0.0
2026-05-14T22:49:34.479386,107.189.x.x,85b8b091e4e91a1d,21396,0,NON_MAVLINK_PROBE,SCANNER,0,,16d66174,NORMAL,0.0
2026-05-14T22:49:34.605950,45.84.x.x,7eae8003d7c9a839,37397,0,NON_MAVLINK_PROBE,SCANNER,0,,06e17f0e,NORMAL,0.0
2026-05-14T22:49:34.681928,185.150.x.x,0899ad263bc5947f,46626,0,NON_MAVLINK_PROBE,SCANNER,0,,f3ab8e9a,NORMAL,0.0
2026-05-14T22:49:35.078968,45.84.x.x,7eae8003d7c9a839,37401,0,NON_MAVLINK_PROBE,SCANNER,0,,ce2bc591,NORMAL,0.0
2026-05-14T22:49:35.129951,107.189.x.x,85b8b091e4e91a1d,21398,0,NON_MAVLINK_PROBE,SCANNER,0,,ca0688b3,NORMAL,0.0
2026-05-14T22:49:35.353067,185.150.x.x,0899ad263bc5947f,46636,0,NON_MAVLINK_PROBE,SCANNER,0,,518439dd,NORMAL,0.0
2026-05-14T22:49:35.651163,45.84.x.x,7eae8003d7c9a839,37407,0,NON_MAVLINK_PROBE,SCANNER,0,,22161671,NORMAL,0.0
2026-05-14T22:49:35.674072,107.189.x.x,85b8b091e4e91a1d,21412,0,NON_MAVLINK_PROBE,SCANNER,0,,8aff3b55,NORMAL,0.0
2026-05-14T22:49:36.017764,185.150.x.x,0899ad263bc5947f,46650,0,NON_MAVLINK_PROBE,SCANNER,0,,4f7e3168,NORMAL,0.0
2026-05-14T22:49:36.120979,45.84.x.x,7eae8003d7c9a839,37417,0,NON_MAVLINK_PROBE,SCANNER,0,,0ab92f60,NORMAL,0.0
2026-05-14T22:49:36.200224,107.189.x.x,85b8b091e4e91a1d,21418,0,NON_MAVLINK_PROBE,SCANNER,0,,1eb08eb3,NORMAL,0.0
2026-05-14T22:49:36.619943,45.84.x.x,7eae8003d7c9a839,37425,0,NON_MAVLINK_PROBE,SCANNER,0,,24aefec5,NORMAL,0.0
2026-05-14T22:49:36.768419,185.150.x.x,0899ad263bc5947f,46666,0,NON_MAVLINK_PROBE,SCANNER,0,,5ef73e51,NORMAL,0.0
2026-05-14T22:49:36.780871,107.189.x.x,85b8b091e4e91a1d,21426,0,NON_MAVLINK_PROBE,SCANNER,0,,6d336c2b,NORMAL,0.0
2026-05-14T22:49:37.148066,45.84.x.x,7eae8003d7c9a839,37435,0,NON_MAVLINK_PROBE,SCANNER,0,,e3b45d2b,NORMAL,0.0
2026-05-14T22:49:37.377718,185.150.x.x,0899ad263bc5947f,46674,0,NON_MAVLINK_PROBE,SCANNER,0,,399a4e24,NORMAL,0.0
2026-05-14T22:49:37.380165,107.189.x.x,85b8b091e4e91a1d,21438,0,NON_MAVLINK_PROBE,SCANNER,0,,c568ad14,NORMAL,0.0
2026-05-14T22:49:37.594327,45.84.x.x,7eae8003d7c9a839,37449,0,NON_MAVLINK_PROBE,SCANNER,0,,8ade38d9,NORMAL,0.0
2026-05-14T22:49:37.896740,107.189.x.x,85b8b091e4e91a1d,25798,0,NON_MAVLINK_PROBE,SCANNER,0,,8ecfe640,NORMAL,0.0
2026-05-14T22:49:37.971443,185.150.x.x,0899ad263bc5947f,46690,0,NON_MAVLINK_PROBE,SCANNER,0,,e1f0f5c6,NORMAL,0.0
2026-05-14T22:49:38.177854,45.84.x.x,7eae8003d7c9a839,37463,0,NON_MAVLINK_PROBE,SCANNER,0,,bdd32724,NORMAL,0.0
2026-05-14T22:49:38.448409,107.189.x.x,85b8b091e4e91a1d,25800,0,NON_MAVLINK_PROBE,SCANNER,0,,3f5e9332,NORMAL,0.0
2026-05-14T22:49:38.610490,45.84.x.x,7eae8003d7c9a839,37465,0,NON_MAVLINK_PROBE,SCANNER,0,,260c6120,NORMAL,0.0
2026-05-14T22:49:38.625868,185.150.x.x,0899ad263bc5947f,46698,0,NON_MAVLINK_PROBE,SCANNER,0,,be13cecf,NORMAL,0.0
2026-05-14T22:49:39.052060,107.189.x.x,85b8b091e4e91a1d,25804,0,NON_MAVLINK_PROBE,SCANNER,0,,74fba062,NORMAL,0.0
2026-05-14T22:49:39.070277,45.84.x.x,7eae8003d7c9a839,37471,0,NON_MAVLINK_PROBE,SCANNER,0,,fe220e6f,NORMAL,0.0
2026-05-14T22:49:39.139998,185.150.x.x,0899ad263bc5947f,46706,0,NON_MAVLINK_PROBE,SCANNER,0,,a797fe82,NORMAL,0.0
2026-05-14T22:49:39.551210,107.189.x.x,85b8b091e4e91a1d,25806,0,NON_MAVLINK_PROBE,SCANNER,0,,e1a0c2ce,NORMAL,0.0
2026-05-14T22:49:39.711409,45.84.x.x,7eae8003d7c9a839,37485,0,NON_MAVLINK_PROBE,SCANNER,0,,d7b232ea,NORMAL,0.0
2026-05-14T22:49:39.780901,185.150.x.x,0899ad263bc5947f,46716,0,NON_MAVLINK_PROBE,SCANNER,0,,13654542,NORMAL,0.0
2026-05-14T22:49:40.035320,107.189.x.x,85b8b091e4e91a1d,25808,0,NON_MAVLINK_PROBE,SCANNER,0,,d14e8ccf,NORMAL,0.0
2026-05-14T22:49:40.113387,45.84.x.x,7eae8003d7c9a839,7549,0,NON_MAVLINK_PROBE,SCANNER,0,,807bb6be,NORMAL,0.0
2026-05-14T22:49:40.252733,185.150.x.x,0899ad263bc5947f,46722,0,NON_MAVLINK_PROBE,SCANNER,0,,944c4ef6,NORMAL,0.0
2026-05-14T22:49:40.791524,107.189.x.x,85b8b091e4e91a1d,25822,0,NON_MAVLINK_PROBE,SCANNER,0,,4c11a81e,NORMAL,0.0
2026-05-14T22:49:40.801010,45.84.x.x,7eae8003d7c9a839,7551,0,NON_MAVLINK_PROBE,SCANNER,0,,275e4cd4,NORMAL,0.0
2026-05-14T22:49:41.241759,45.84.x.x,7eae8003d7c9a839,7565,0,NON_MAVLINK_PROBE,SCANNER,0,,f1637574,NORMAL,0.0
2026-05-14T22:49:41.298105,107.189.x.x,85b8b091e4e91a1d,25838,0,NON_MAVLINK_PROBE,SCANNER,0,,90ca0a1d,NORMAL,0.0
2026-05-14T22:49:41.302964,185.150.x.x,0899ad263bc5947f,46730,0,NON_MAVLINK_PROBE,SCANNER,0,,6804aad9,NORMAL,0.0
2026-05-14T22:49:41.623651,45.84.x.x,7eae8003d7c9a839,7579,0,NON_MAVLINK_PROBE,SCANNER,0,,ba6a3fc9,NORMAL,0.0
2026-05-14T22:49:41.745198,107.189.x.x,85b8b091e4e91a1d,25840,0,NON_MAVLINK_PROBE,SCANNER,0,,bb0df828,NORMAL,0.0
2026-05-14T22:49:41.772543,185.150.x.x,0899ad263bc5947f,46742,0,NON_MAVLINK_PROBE,SCANNER,0,,7a73286b,NORMAL,0.0
2026-05-14T22:49:42.103935,45.84.x.x,7eae8003d7c9a839,7585,0,NON_MAVLINK_PROBE,SCANNER,0,,d6aa1818,NORMAL,0.0
2026-05-14T22:49:42.198965,107.189.x.x,85b8b091e4e91a1d,25848,0,NON_MAVLINK_PROBE,SCANNER,0,,d51a56fe,NORMAL,0.0
2026-05-14T22:49:42.333476,185.150.x.x,0899ad263bc5947f,46752,0,NON_MAVLINK_PROBE,SCANNER,0,,7db37080,NORMAL,0.0
2026-05-14T22:49:42.625646,45.84.x.x,7eae8003d7c9a839,7597,0,NON_MAVLINK_PROBE,SCANNER,0,,8d590cd7,NORMAL,0.0
2026-05-14T22:49:43.108425,107.189.x.x,85b8b091e4e91a1d,25854,0,NON_MAVLINK_PROBE,SCANNER,0,,514ff155,NORMAL,0.0
2026-05-14T22:49:43.196568,45.84.x.x,7eae8003d7c9a839,7601,0,NON_MAVLINK_PROBE,SCANNER,0,,7049b648,NORMAL,0.0
2026-05-14T22:49:43.261583,185.150.x.x,0899ad263bc5947f,46762,0,NON_MAVLINK_PROBE,SCANNER,0,,a5d1c1e3,NORMAL,0.0
2026-05-14T22:49:43.443034,107.189.x.x,85b8b091e4e91a1d,25866,0,NON_MAVLINK_PROBE,SCANNER,0,,bfde3ca4,NORMAL,0.0
2026-05-14T22:49:43.503639,45.84.x.x,7eae8003d7c9a839,7605,0,NON_MAVLINK_PROBE,SCANNER,0,,cce48c59,NORMAL,0.0
2026-05-14T22:49:43.814703,185.150.x.x,0899ad263bc5947f,45320,0,NON_MAVLINK_PROBE,SCANNER,0,,340efb88,NORMAL,0.0
2026-05-14T22:49:43.960764,107.189.x.x,85b8b091e4e91a1d,25876,0,NON_MAVLINK_PROBE,SCANNER,0,,3ba22986,NORMAL,0.0
2026-05-14T22:49:44.058651,45.84.x.x,7eae8003d7c9a839,7615,0,NON_MAVLINK_PROBE,SCANNER,0,,933705c3,NORMAL,0.0
2026-05-14T22:49:44.348048,185.150.x.x,0899ad263bc5947f,45332,0,NON_MAVLINK_PROBE,SCANNER,0,,7bc06546,NORMAL,0.0
2026-05-14T22:49:44.465541,45.84.x.x,7eae8003d7c9a839,7619,0,NON_MAVLINK_PROBE,SCANNER,0,,bd98d895,NORMAL,0.0
2026-05-14T22:49:44.636793,107.189.x.x,85b8b091e4e91a1d,25888,0,NON_MAVLINK_PROBE,SCANNER,0,,2cd2fc8b,NORMAL,0.0
2026-05-14T22:49:44.910804,185.150.x.x,0899ad263bc5947f,45338,0,NON_MAVLINK_PROBE,SCANNER,0,,2ad3240e,NORMAL,0.0
2026-05-14T22:49:45.166125,107.189.x.x,85b8b091e4e91a1d,25898,0,NON_MAVLINK_PROBE,SCANNER,0,,d123c6e9,NORMAL,0.0
2026-05-14T22:49:45.195381,45.84.x.x,7eae8003d7c9a839,7629,0,NON_MAVLINK_PROBE,SCANNER,0,,a882294e,NORMAL,0.0
2026-05-14T22:49:45.585929,185.150.x.x,0899ad263bc5947f,45340,0,NON_MAVLINK_PROBE,SCANNER,0,,dc59edbc,NORMAL,0.0
2026-05-14T22:49:45.613020,45.84.x.x,7eae8003d7c9a839,7635,0,NON_MAVLINK_PROBE,SCANNER,0,,20517799,NORMAL,0.0
2026-05-14T22:49:45.619217,107.189.x.x,85b8b091e4e91a1d,25914,0,NON_MAVLINK_PROBE,SCANNER,0,,c0ee56be,NORMAL,0.0
2026-05-14T22:49:46.204606,45.84.x.x,7eae8003d7c9a839,7651,0,NON_MAVLINK_PROBE,SCANNER,0,,3750b165,NORMAL,0.0
2026-05-14T22:49:46.238665,185.150.x.x,0899ad263bc5947f,45356,0,NON_MAVLINK_PROBE,SCANNER,0,,4ceaae0d,NORMAL,0.0
2026-05-14T22:49:46.258553,107.189.x.x,85b8b091e4e91a1d,25922,0,NON_MAVLINK_PROBE,SCANNER,0,,4b51fe62,NORMAL,0.0
2026-05-14T22:49:46.495216,45.84.x.x,7eae8003d7c9a839,7655,0,NON_MAVLINK_PROBE,SCANNER,0,,e06288dd,NORMAL,0.0
2026-05-14T22:49:46.670306,185.150.x.x,0899ad263bc5947f,45360,0,NON_MAVLINK_PROBE,SCANNER,0,,5f6f9a1b,NORMAL,0.0
2026-05-14T22:49:46.673633,107.189.x.x,85b8b091e4e91a1d,25938,0,NON_MAVLINK_PROBE,SCANNER,0,,390e9cb1,NORMAL,0.0
2026-05-14T22:49:46.994871,45.84.x.x,7eae8003d7c9a839,7665,0,NON_MAVLINK_PROBE,SCANNER,0,,6dd59e98,NORMAL,0.0
2026-05-14T22:49:47.268723,107.189.x.x,85b8b091e4e91a1d,25950,0,NON_MAVLINK_PROBE,SCANNER,0,,96884b20,NORMAL,0.0
2026-05-14T22:49:47.326877,185.150.x.x,0899ad263bc5947f,45370,0,NON_MAVLINK_PROBE,SCANNER,0,,bf1c1cc6,NORMAL,0.0
2026-05-14T22:49:47.518357,45.84.x.x,7eae8003d7c9a839,7667,0,NON_MAVLINK_PROBE,SCANNER,0,,d1edfa8a,NORMAL,0.0
2026-05-14T22:49:47.971267,107.189.x.x,85b8b091e4e91a1d,47738,0,NON_MAVLINK_PROBE,SCANNER,0,,17a5ad69,NORMAL,0.0
2026-05-14T22:49:48.051341,185.150.x.x,0899ad263bc5947f,45374,0,NON_MAVLINK_PROBE,SCANNER,0,,5f391e0d,NORMAL,0.0
2026-05-14T22:49:48.085180,45.84.x.x,7eae8003d7c9a839,7673,0,NON_MAVLINK_PROBE,SCANNER,0,,50184aae,NORMAL,0.0
2026-05-14T22:49:48.373259,107.189.x.x,85b8b091e4e91a1d,47746,0,NON_MAVLINK_PROBE,SCANNER,0,,ec5cf6d8,NORMAL,0.0
2026-05-14T22:49:48.461017,185.150.x.x,0899ad263bc5947f,45382,0,NON_MAVLINK_PROBE,SCANNER,0,,b0d74588,NORMAL,0.0
2026-05-14T22:49:48.589145,45.84.x.x,7eae8003d7c9a839,7689,0,NON_MAVLINK_PROBE,SCANNER,0,,576bbce9,NORMAL,0.0
2026-05-14T22:49:48.963778,107.189.x.x,85b8b091e4e91a1d,47762,0,NON_MAVLINK_PROBE,SCANNER,0,,c0dfd4c2,NORMAL,0.0
2026-05-14T22:49:49.262337,185.150.x.x,0899ad263bc5947f,45396,0,NON_MAVLINK_PROBE,SCANNER,0,,2bcbdcff,NORMAL,0.0
2026-05-14T22:49:49.262704,45.84.x.x,7eae8003d7c9a839,7693,0,NON_MAVLINK_PROBE,SCANNER,0,,d7f7cb83,NORMAL,0.0
2026-05-14T22:49:49.581153,107.189.x.x,85b8b091e4e91a1d,47764,0,NON_MAVLINK_PROBE,SCANNER,0,,c1090d1c,NORMAL,0.0
2026-05-14T22:49:49.594644,45.84.x.x,7eae8003d7c9a839,7697,0,NON_MAVLINK_PROBE,SCANNER,0,,0dba1acd,NORMAL,0.0
2026-05-14T22:49:49.664189,185.150.x.x,0899ad263bc5947f,45412,0,NON_MAVLINK_PROBE,SCANNER,0,,61792650,NORMAL,0.0
2026-05-14T22:49:50.171444,107.189.x.x,85b8b091e4e91a1d,47778,0,NON_MAVLINK_PROBE,SCANNER,0,,641c8fe8,NORMAL,0.0
2026-05-14T22:49:50.280137,45.84.x.x,7eae8003d7c9a839,15767,0,NON_MAVLINK_PROBE,SCANNER,0,,52e67967,NORMAL,0.0
2026-05-14T22:49:50.323035,185.150.x.x,0899ad263bc5947f,45424,0,NON_MAVLINK_PROBE,SCANNER,0,,03b2e5af,NORMAL,0.0
2026-05-14T22:49:50.597489,107.189.x.x,85b8b091e4e91a1d,47784,0,NON_MAVLINK_PROBE,SCANNER,0,,1eb56257,NORMAL,0.0
2026-05-14T22:49:50.655253,45.84.x.x,7eae8003d7c9a839,15775,0,NON_MAVLINK_PROBE,SCANNER,0,,630c6d58,NORMAL,0.0
2026-05-14T22:49:50.900370,185.150.x.x,0899ad263bc5947f,45430,0,NON_MAVLINK_PROBE,SCANNER,0,,5375c66f,NORMAL,0.0
2026-05-14T22:49:51.090545,45.84.x.x,7eae8003d7c9a839,15789,0,NON_MAVLINK_PROBE,SCANNER,0,,4a582cff,NORMAL,0.0
2026-05-14T22:49:51.376565,107.189.x.x,85b8b091e4e91a1d,47786,0,NON_MAVLINK_PROBE,SCANNER,0,,b93d1b45,NORMAL,0.0
2026-05-14T22:49:51.600317,45.84.x.x,7eae8003d7c9a839,15805,0,NON_MAVLINK_PROBE,SCANNER,0,,5f035728,NORMAL,0.0
2026-05-14T22:49:51.706720,185.150.x.x,0899ad263bc5947f,45432,0,NON_MAVLINK_PROBE,SCANNER,0,,3d040f24,NORMAL,0.0
2026-05-14T22:49:51.771911,107.189.x.x,85b8b091e4e91a1d,47790,0,NON_MAVLINK_PROBE,SCANNER,0,,17d86a2c,NORMAL,0.0
2026-05-14T22:49:52.187708,45.84.x.x,7eae8003d7c9a839,15817,0,NON_MAVLINK_PROBE,SCANNER,0,,817c8638,NORMAL,0.0
2026-05-14T22:49:52.311777,185.150.x.x,0899ad263bc5947f,45438,0,NON_MAVLINK_PROBE,SCANNER,0,,358b7b87,NORMAL,0.0
2026-05-14T22:49:52.574708,107.189.x.x,85b8b091e4e91a1d,47806,0,NON_MAVLINK_PROBE,SCANNER,0,,bdd959e4,NORMAL,0.0
2026-05-14T22:49:52.675745,45.84.x.x,7eae8003d7c9a839,15833,0,NON_MAVLINK_PROBE,SCANNER,0,,e7f62a42,NORMAL,0.0
2026-05-14T22:49:52.865900,185.150.x.x,0899ad263bc5947f,45446,0,NON_MAVLINK_PROBE,SCANNER,0,,e7cf0bcf,NORMAL,0.0
2026-05-14T22:49:52.959960,107.189.x.x,85b8b091e4e91a1d,47822,0,NON_MAVLINK_PROBE,SCANNER,0,,30817011,NORMAL,0.0
2026-05-14T22:49:53.190637,45.84.x.x,7eae8003d7c9a839,15837,0,NON_MAVLINK_PROBE,SCANNER,0,,3ab5cdf4,NORMAL,0.0
2026-05-14T22:49:53.348944,107.189.x.x,85b8b091e4e91a1d,47834,0,NON_MAVLINK_PROBE,SCANNER,0,,0c8b0745,NORMAL,0.0
2026-05-14T22:49:53.674950,185.150.x.x,0899ad263bc5947f,51974,0,NON_MAVLINK_PROBE,SCANNER,0,,41f0927c,NORMAL,0.0
2026-05-14T22:49:53.727940,45.84.x.x,7eae8003d7c9a839,15839,0,NON_MAVLINK_PROBE,SCANNER,0,,56da7d1c,NORMAL,0.0
2026-05-14T22:49:53.950082,107.189.x.x,85b8b091e4e91a1d,47842,0,NON_MAVLINK_PROBE,SCANNER,0,,123ac868,NORMAL,0.0
2026-05-14T22:49:54.339899,45.84.x.x,7eae8003d7c9a839,15853,0,NON_MAVLINK_PROBE,SCANNER,0,,f8fdb14d,NORMAL,0.0
2026-05-14T22:49:54.359114,185.150.x.x,0899ad263bc5947f,51988,0,NON_MAVLINK_PROBE,SCANNER,0,,2ea4c717,NORMAL,0.0
2026-05-14T22:49:54.407039,107.189.x.x,85b8b091e4e91a1d,47846,0,NON_MAVLINK_PROBE,SCANNER,0,,a70b5a7f,NORMAL,0.0
2026-05-14T22:49:54.768236,45.84.x.x,7eae8003d7c9a839,15869,0,NON_MAVLINK_PROBE,SCANNER,0,,ce21e2ed,NORMAL,0.0
2026-05-14T22:49:54.799746,185.150.x.x,0899ad263bc5947f,51990,0,NON_MAVLINK_PROBE,SCANNER,0,,796f4694,NORMAL,0.0
2026-05-14T22:49:54.963062,107.189.x.x,85b8b091e4e91a1d,47852,0,NON_MAVLINK_PROBE,SCANNER,0,,1e56b9df,NORMAL,0.0
2026-05-14T22:49:55.301784,45.84.x.x,7eae8003d7c9a839,15871,0,NON_MAVLINK_PROBE,SCANNER,0,,e5d4cd81,NORMAL,0.0
2026-05-14T22:49:55.578671,185.150.x.x,0899ad263bc5947f,52004,0,NON_MAVLINK_PROBE,SCANNER,0,,ab4c92af,NORMAL,0.0
2026-05-14T22:49:55.584683,107.189.x.x,85b8b091e4e91a1d,47856,0,NON_MAVLINK_PROBE,SCANNER,0,,aa4e99d9,NORMAL,0.0
2026-05-14T22:49:55.658228,45.84.x.x,7eae8003d7c9a839,15879,0,NON_MAVLINK_PROBE,SCANNER,0,,94bc73d7,NORMAL,0.0
2026-05-14T22:49:56.054328,107.189.x.x,85b8b091e4e91a1d,47868,0,NON_MAVLINK_PROBE,SCANNER,0,,006e4407,NORMAL,0.0
2026-05-14T22:49:56.079262,185.150.x.x,0899ad263bc5947f,52012,0,NON_MAVLINK_PROBE,SCANNER,0,,4ce46d17,NORMAL,0.0
2026-05-14T22:49:56.219019,45.84.x.x,7eae8003d7c9a839,15895,0,NON_MAVLINK_PROBE,SCANNER,0,,0aaa81ff,NORMAL,0.0
2026-05-14T22:49:56.684506,107.189.x.x,85b8b091e4e91a1d,47884,0,NON_MAVLINK_PROBE,SCANNER,0,,423f77b1,NORMAL,0.0
2026-05-14T22:49:56.892991,185.150.x.x,0899ad263bc5947f,52014,0,NON_MAVLINK_PROBE,SCANNER,0,,a1f376f8,NORMAL,0.0
2026-05-14T22:49:56.892514,45.84.x.x,7eae8003d7c9a839,15911,0,NON_MAVLINK_PROBE,SCANNER,0,,38fc0261,NORMAL,0.0
2026-05-14T22:49:57.097148,107.189.x.x,85b8b091e4e91a1d,47900,0,NON_MAVLINK_PROBE,SCANNER,0,,66bc5350,NORMAL,0.0
2026-05-14T22:49:57.169641,45.84.x.x,7eae8003d7c9a839,15913,0,NON_MAVLINK_PROBE,SCANNER,0,,85b773c0,NORMAL,0.0
2026-05-14T22:49:57.290217,185.150.x.x,0899ad263bc5947f,52030,0,NON_MAVLINK_PROBE,SCANNER,0,,4413953f,NORMAL,0.0
2026-05-14T22:49:57.744108,107.189.x.x,85b8b091e4e91a1d,17202,0,NON_MAVLINK_PROBE,SCANNER,0,,717b20d0,NORMAL,0.0
2026-05-14T22:49:57.821242,45.84.x.x,7eae8003d7c9a839,15927,0,NON_MAVLINK_PROBE,SCANNER,0,,26f6811a,NORMAL,0.0
2026-05-14T22:49:57.855947,185.150.x.x,0899ad263bc5947f,52040,0,NON_MAVLINK_PROBE,SCANNER,0,,bd019168,NORMAL,0.0
2026-05-14T22:49:58.131663,45.84.x.x,7eae8003d7c9a839,15929,0,NON_MAVLINK_PROBE,SCANNER,0,,2f78da6c,NORMAL,0.0
2026-05-14T22:49:58.177002,107.189.x.x,85b8b091e4e91a1d,17210,0,NON_MAVLINK_PROBE,SCANNER,0,,9e603a90,NORMAL,0.0
2026-05-14T22:49:58.484374,185.150.x.x,0899ad263bc5947f,52050,0,NON_MAVLINK_PROBE,SCANNER,0,,086af591,NORMAL,0.0
2026-05-14T22:49:58.575784,45.84.x.x,7eae8003d7c9a839,15941,0,NON_MAVLINK_PROBE,SCANNER,0,,9f927923,NORMAL,0.0
2026-05-14T22:49:58.777426,107.189.x.x,85b8b091e4e91a1d,17216,0,NON_MAVLINK_PROBE,SCANNER,0,,ab72cc24,NORMAL,0.0
2026-05-14T22:49:59.063412,45.84.x.x,7eae8003d7c9a839,15945,0,NON_MAVLINK_PROBE,SCANNER,0,,91de4af4,NORMAL,0.0
2026-05-14T22:49:59.197567,185.150.x.x,0899ad263bc5947f,52060,0,NON_MAVLINK_PROBE,SCANNER,0,,d01b47fc,NORMAL,0.0
2026-05-14T22:49:59.330986,107.189.x.x,85b8b091e4e91a1d,17222,0,NON_MAVLINK_PROBE,SCANNER,0,,aa553af0,NORMAL,0.0
2026-05-14T22:49:59.664618,45.84.x.x,7eae8003d7c9a839,15955,0,NON_MAVLINK_PROBE,SCANNER,0,,e5d19c4d,NORMAL,0.0
2026-05-14T22:49:59.695760,185.150.x.x,0899ad263bc5947f,52066,0,NON_MAVLINK_PROBE,SCANNER,0,,01a9466e,NORMAL,0.0
2026-05-14T22:49:59.861772,107.189.x.x,85b8b091e4e91a1d,17226,0,NON_MAVLINK_PROBE,SCANNER,0,,bcc6c869,NORMAL,0.0
2026-05-14T22:50:00.178837,45.84.x.x,7eae8003d7c9a839,23349,0,NON_MAVLINK_PROBE,SCANNER,0,,c2f4e23b,NORMAL,0.0
2026-05-14T22:50:00.472597,185.150.x.x,0899ad263bc5947f,52074,0,NON_MAVLINK_PROBE,SCANNER,0,,0558629f,NORMAL,0.0
2026-05-14T22:50:00.480407,107.189.x.x,85b8b091e4e91a1d,17234,0,NON_MAVLINK_PROBE,SCANNER,0,,12de888f,NORMAL,0.0
2026-05-14T22:50:00.560289,45.84.x.x,7eae8003d7c9a839,23357,0,NON_MAVLINK_PROBE,SCANNER,0,,ed55f499,NORMAL,0.0
2026-05-14T22:50:00.947901,107.189.x.x,85b8b091e4e91a1d,17236,0,NON_MAVLINK_PROBE,SCANNER,0,,13e0509d,NORMAL,0.0
2026-05-14T22:50:01.147463,45.84.x.x,7eae8003d7c9a839,23367,0,NON_MAVLINK_PROBE,SCANNER,0,,88588019,NORMAL,0.0
2026-05-14T22:50:01.158841,185.150.x.x,0899ad263bc5947f,52084,0,NON_MAVLINK_PROBE,SCANNER,0,,00573e5e,NORMAL,0.0
2026-05-14T22:50:01.642680,45.84.x.x,7eae8003d7c9a839,23377,0,NON_MAVLINK_PROBE,SCANNER,0,,2113b32b,NORMAL,0.0
2026-05-14T22:50:01.662504,107.189.x.x,85b8b091e4e91a1d,17242,0,NON_MAVLINK_PROBE,SCANNER,0,,31aa0e3a,NORMAL,0.0
2026-05-14T22:50:01.717477,185.150.x.x,0899ad263bc5947f,52096,0,NON_MAVLINK_PROBE,SCANNER,0,,c591195e,NORMAL,0.0
2026-05-14T22:50:02.616939,45.84.x.x,7eae8003d7c9a839,23379,0,NON_MAVLINK_PROBE,SCANNER,0,,134df330,NORMAL,0.0
2026-05-14T22:50:02.830974,107.189.x.x,85b8b091e4e91a1d,17244,0,NON_MAVLINK_PROBE,SCANNER,0,,289ae02b,NORMAL,0.0
2026-05-14T22:50:03.136387,185.150.x.x,0899ad263bc5947f,52102,0,NON_MAVLINK_PROBE,SCANNER,0,,ece73362,NORMAL,0.0
2026-05-14T22:50:03.665120,45.84.x.x,7eae8003d7c9a839,23387,0,NON_MAVLINK_PROBE,SCANNER,0,,4b2c29bb,NORMAL,0.0
2026-05-14T22:50:03.753961,107.189.x.x,85b8b091e4e91a1d,17258,0,NON_MAVLINK_PROBE,SCANNER,0,,cdb53c3b,NORMAL,0.0
2026-05-14T22:50:04.555227,185.150.x.x,0899ad263bc5947f,52104,0,NON_MAVLINK_PROBE,SCANNER,0,,18f29721,NORMAL,0.0
2026-05-14T22:50:05.121624,185.150.x.x,0899ad263bc5947f,39744,0,NON_MAVLINK_PROBE,SCANNER,0,,b93560d2,NORMAL,0.0
2026-05-14T22:50:05.214105,107.189.x.x,85b8b091e4e91a1d,17264,0,NON_MAVLINK_PROBE,SCANNER,0,,c5be895b,NORMAL,0.0
2026-05-14T22:50:05.341994,45.84.x.x,7eae8003d7c9a839,23395,0,NON_MAVLINK_PROBE,SCANNER,0,,99737d86,NORMAL,0.0
2026-05-14T22:50:06.203316,185.150.x.x,0899ad263bc5947f,39758,0,NON_MAVLINK_PROBE,SCANNER,0,,d805fcdf,NORMAL,0.0
2026-05-14T22:50:06.211276,45.84.x.x,7eae8003d7c9a839,23405,0,NON_MAVLINK_PROBE,SCANNER,0,,0c605d59,NORMAL,0.0
2026-05-14T22:50:06.210974,107.189.x.x,85b8b091e4e91a1d,17274,0,NON_MAVLINK_PROBE,SCANNER,0,,3b5926e5,NORMAL,0.0
2026-05-14T22:50:06.834084,45.84.x.x,7eae8003d7c9a839,23415,0,NON_MAVLINK_PROBE,SCANNER,0,,2ac763e4,NORMAL,0.0
2026-05-14T22:50:06.879294,107.189.x.x,85b8b091e4e91a1d,17290,0,NON_MAVLINK_PROBE,SCANNER,0,,8bb342a5,NORMAL,0.0
2026-05-14T22:50:07.141504,185.150.x.x,0899ad263bc5947f,39760,0,NON_MAVLINK_PROBE,SCANNER,0,,80b9b76e,NORMAL,0.0
2026-05-14T22:50:07.554444,45.84.x.x,7eae8003d7c9a839,23427,0,NON_MAVLINK_PROBE,SCANNER,0,,18b7c996,NORMAL,0.0
2026-05-14T22:50:07.697378,107.189.x.x,85b8b091e4e91a1d,17300,0,NON_MAVLINK_PROBE,SCANNER,0,,92b961aa,NORMAL,0.0
2026-05-14T22:50:07.887691,107.189.x.x,85b8b091e4e91a1d,17312,0,NON_MAVLINK_PROBE,SCANNER,0,,a58f8f23,NORMAL,0.0
2026-05-14T22:50:07.966274,45.84.x.x,7eae8003d7c9a839,23443,0,NON_MAVLINK_PROBE,SCANNER,0,,3f652fdd,NORMAL,0.0
2026-05-14T22:50:08.174153,185.150.x.x,0899ad263bc5947f,39764,0,NON_MAVLINK_PROBE,SCANNER,0,,8e0be38c,NORMAL,0.0
2026-05-14T22:50:08.372574,185.150.x.x,0899ad263bc5947f,39774,0,NON_MAVLINK_PROBE,SCANNER,0,,3080839e,NORMAL,0.0
2026-05-14T22:50:08.785010,107.189.x.x,85b8b091e4e91a1d,41476,0,NON_MAVLINK_PROBE,SCANNER,0,,aae6746b,NORMAL,0.0
2026-05-14T22:50:08.907725,45.84.x.x,7eae8003d7c9a839,23449,0,NON_MAVLINK_PROBE,SCANNER,0,,c98976f0,NORMAL,0.0
2026-05-14T22:50:09.044319,185.150.x.x,0899ad263bc5947f,39778,0,NON_MAVLINK_PROBE,SCANNER,0,,93bc8cfa,NORMAL,0.0
2026-05-14T22:50:09.373465,45.84.x.x,7eae8003d7c9a839,23453,0,NON_MAVLINK_PROBE,SCANNER,0,,18098f68,NORMAL,0.0
2026-05-14T22:50:09.404939,107.189.x.x,85b8b091e4e91a1d,41482,0,NON_MAVLINK_PROBE,SCANNER,0,,809a0711,NORMAL,0.0
2026-05-14T22:50:09.552905,185.150.x.x,0899ad263bc5947f,39788,0,NON_MAVLINK_PROBE,SCANNER,0,,1a279257,NORMAL,0.0
2026-05-14T22:50:09.636917,107.189.x.x,85b8b091e4e91a1d,41496,0,NON_MAVLINK_PROBE,SCANNER,0,,ee45d03a,NORMAL,0.0
2026-05-14T22:50:09.672186,45.84.x.x,7eae8003d7c9a839,23457,0,NON_MAVLINK_PROBE,SCANNER,0,,81d75d65,NORMAL,0.0
2026-05-14T22:50:09.909158,107.189.x.x,85b8b091e4e91a1d,41508,0,NON_MAVLINK_PROBE,SCANNER,0,,7311a11b,NORMAL,0.0
2026-05-14T22:50:10.157114,45.84.x.x,7eae8003d7c9a839,23469,0,NON_MAVLINK_PROBE,SCANNER,0,,d48da66f,NORMAL,0.0
2026-05-14T22:50:10.235857,185.150.x.x,0899ad263bc5947f,39792,0,NON_MAVLINK_PROBE,SCANNER,0,,65f29551,NORMAL,0.0
2026-05-14T22:50:10.321225,107.189.x.x,85b8b091e4e91a1d,41520,0,NON_MAVLINK_PROBE,SCANNER,0,,268adffb,NORMAL,0.0
2026-05-14T22:50:10.589358,45.84.x.x,7eae8003d7c9a839,6183,0,NON_MAVLINK_PROBE,SCANNER,0,,62c30b5c,NORMAL,0.0
2026-05-14T22:50:11.093524,185.150.x.x,0899ad263bc5947f,39808,0,NON_MAVLINK_PROBE,SCANNER,0,,504441eb,NORMAL,0.0
2026-05-14T22:50:11.884395,107.189.x.x,85b8b091e4e91a1d,41532,0,NON_MAVLINK_PROBE,SCANNER,0,,f2f9f8ec,NORMAL,0.0
2026-05-14T22:50:12.113024,45.84.x.x,7eae8003d7c9a839,6185,0,NON_MAVLINK_PROBE,SCANNER,0,,7b76685a,NORMAL,0.0
2026-05-14T22:50:12.303888,107.189.x.x,85b8b091e4e91a1d,41534,0,NON_MAVLINK_PROBE,SCANNER,0,,0e8be279,NORMAL,0.0
2026-05-14T22:50:12.300182,185.150.x.x,0899ad263bc5947f,39810,0,NON_MAVLINK_PROBE,SCANNER,0,,37d88009,NORMAL,0.0
2026-05-14T22:50:12.304300,45.84.x.x,7eae8003d7c9a839,6187,0,NON_MAVLINK_PROBE,SCANNER,0,,45f7d100,NORMAL,0.0
2026-05-14T22:50:12.738462,185.150.x.x,0899ad263bc5947f,39826,0,NON_MAVLINK_PROBE,SCANNER,0,,6cdefb8b,NORMAL,0.0
2026-05-14T22:50:12.800451,45.84.x.x,7eae8003d7c9a839,6195,0,NON_MAVLINK_PROBE,SCANNER,0,,9602f260,NORMAL,0.0
2026-05-14T22:50:12.796618,107.189.x.x,85b8b091e4e91a1d,41550,0,NON_MAVLINK_PROBE,SCANNER,0,,34cc14ef,NORMAL,0.0
2026-05-14T22:50:13.476344,45.84.x.x,7eae8003d7c9a839,6197,0,NON_MAVLINK_PROBE,SCANNER,0,,269711bd,NORMAL,0.0
2026-05-14T22:50:13.485232,107.189.x.x,85b8b091e4e91a1d,41556,0,NON_MAVLINK_PROBE,SCANNER,0,,91bd53cb,NORMAL,0.0
2026-05-14T22:50:13.517720,185.150.x.x,0899ad263bc5947f,39830,0,NON_MAVLINK_PROBE,SCANNER,0,,9efcd8f5,NORMAL,0.0
2026-05-14T22:50:14.181836,107.189.x.x,85b8b091e4e91a1d,41568,0,NON_MAVLINK_PROBE,SCANNER,0,,487a2775,NORMAL,0.0
2026-05-14T22:50:14.204209,45.84.x.x,7eae8003d7c9a839,6207,0,NON_MAVLINK_PROBE,SCANNER,0,,91c9ac3f,NORMAL,0.0
2026-05-14T22:50:14.237526,185.150.x.x,0899ad263bc5947f,45608,0,NON_MAVLINK_PROBE,SCANNER,0,,0178a93a,NORMAL,0.0
2026-05-14T22:50:14.882168,45.84.x.x,7eae8003d7c9a839,6209,0,NON_MAVLINK_PROBE,SCANNER,0,,ba8cb588,NORMAL,0.0
2026-05-14T22:50:14.888870,107.189.x.x,85b8b091e4e91a1d,41578,0,NON_MAVLINK_PROBE,SCANNER,0,,d0c7b5a8,NORMAL,0.0
2026-05-14T22:50:14.931561,185.150.x.x,0899ad263bc5947f,45624,0,NON_MAVLINK_PROBE,SCANNER,0,,0387efb5,NORMAL,0.0
2026-05-14T22:50:15.207661,45.84.x.x,7eae8003d7c9a839,6221,0,NON_MAVLINK_PROBE,SCANNER,0,,144b903d,NORMAL,0.0
2026-05-14T22:50:15.272456,185.150.x.x,0899ad263bc5947f,45630,0,NON_MAVLINK_PROBE,SCANNER,0,,72b5550e,NORMAL,0.0
2026-05-14T22:50:15.820581,107.189.x.x,85b8b091e4e91a1d,41594,0,NON_MAVLINK_PROBE,SCANNER,0,,0fd686ca,NORMAL,0.0
2026-05-14T22:50:15.877905,45.84.x.x,7eae8003d7c9a839,6237,0,NON_MAVLINK_PROBE,SCANNER,0,,dd873bf1,NORMAL,0.0
2026-05-14T22:50:15.971071,185.150.x.x,0899ad263bc5947f,45644,0,NON_MAVLINK_PROBE,SCANNER,0,,997f37ea,NORMAL,0.0
2026-05-14T22:50:16.207773,107.189.x.x,85b8b091e4e91a1d,41598,0,NON_MAVLINK_PROBE,SCANNER,0,,64a883cb,NORMAL,0.0
2026-05-14T22:50:16.346268,45.84.x.x,7eae8003d7c9a839,6241,0,NON_MAVLINK_PROBE,SCANNER,0,,44de97ba,NORMAL,0.0
2026-05-14T22:50:16.485737,185.150.x.x,0899ad263bc5947f,45646,0,NON_MAVLINK_PROBE,SCANNER,0,,e034abc6,NORMAL,0.0
2026-05-14T22:50:16.703381,45.84.x.x,7eae8003d7c9a839,6255,0,NON_MAVLINK_PROBE,SCANNER,0,,b705503d,NORMAL,0.0
2026-05-14T22:50:16.877221,107.189.x.x,85b8b091e4e91a1d,41628,0,NON_MAVLINK_PROBE,SCANNER,0,,637f09a2,NORMAL,0.0
2026-05-14T22:50:16.884018,107.189.x.x,85b8b091e4e91a1d,41612,0,NON_MAVLINK_PROBE,SCANNER,0,,0728959f,NORMAL,0.0
2026-05-14T22:50:17.439208,45.84.x.x,7eae8003d7c9a839,6257,0,NON_MAVLINK_PROBE,SCANNER,0,,f3ec8fad,NORMAL,0.0
2026-05-14T22:50:17.451393,185.150.x.x,0899ad263bc5947f,45652,0,NON_MAVLINK_PROBE,SCANNER,0,,376fc8f6,NORMAL,0.0
2026-05-14T22:50:17.519266,107.189.x.x,85b8b091e4e91a1d,41642,0,NON_MAVLINK_PROBE,SCANNER,0,,49b15768,NORMAL,0.0
2026-05-14T22:50:17.713219,45.84.x.x,7eae8003d7c9a839,6265,0,NON_MAVLINK_PROBE,SCANNER,0,,8a126acd,NORMAL,0.0
2026-05-14T22:50:17.965483,107.189.x.x,85b8b091e4e91a1d,17892,0,NON_MAVLINK_PROBE,SCANNER,0,,cb664804,NORMAL,0.0
2026-05-14T22:50:17.978561,185.150.x.x,0899ad263bc5947f,45668,0,NON_MAVLINK_PROBE,SCANNER,0,,1f8d8da1,NORMAL,0.0
2026-05-14T22:50:18.877173,107.189.x.x,85b8b091e4e91a1d,17900,0,NON_MAVLINK_PROBE,SCANNER,0,,404918ae,NORMAL,0.0
2026-05-14T22:50:18.990343,45.84.x.x,7eae8003d7c9a839,6279,0,NON_MAVLINK_PROBE,SCANNER,0,,70abc65e,NORMAL,0.0
2026-05-14T22:50:19.153981,185.150.x.x,0899ad263bc5947f,45676,0,NON_MAVLINK_PROBE,SCANNER,0,,68a036b9,NORMAL,0.0
2026-05-14T22:50:19.645630,107.189.x.x,85b8b091e4e91a1d,17906,0,NON_MAVLINK_PROBE,SCANNER,0,,b802a752,NORMAL,0.0
2026-05-14T22:50:19.646098,45.84.x.x,7eae8003d7c9a839,6285,0,NON_MAVLINK_PROBE,SCANNER,0,,ad68be86,NORMAL,0.0
2026-05-14T22:50:19.648817,185.150.x.x,0899ad263bc5947f,45686,0,NON_MAVLINK_PROBE,SCANNER,0,,ed2af417,NORMAL,0.0
2026-05-14T22:50:19.900106,45.84.x.x,7eae8003d7c9a839,6295,0,NON_MAVLINK_PROBE,SCANNER,0,,ad12cfd5,NORMAL,0.0
2026-05-14T22:50:19.893191,107.189.x.x,85b8b091e4e91a1d,17914,0,NON_MAVLINK_PROBE,SCANNER,0,,b2f077d8,NORMAL,0.0
2026-05-14T22:50:19.993371,185.150.x.x,0899ad263bc5947f,45702,0,NON_MAVLINK_PROBE,SCANNER,0,,a2767039,NORMAL,0.0
2026-05-14T22:50:20.357370,45.84.x.x,7eae8003d7c9a839,4993,0,NON_MAVLINK_PROBE,SCANNER,0,,f73843a7,NORMAL,0.0
2026-05-14T22:50:20.502608,107.189.x.x,85b8b091e4e91a1d,17918,0,NON_MAVLINK_PROBE,SCANNER,0,,12c9e796,NORMAL,0.0
2026-05-14T22:50:20.718926,185.150.x.x,0899ad263bc5947f,45712,0,NON_MAVLINK_PROBE,SCANNER,0,,6b3f5c5f,NORMAL,0.0
2026-05-14T22:50:21.124606,45.84.x.x,7eae8003d7c9a839,5003,0,NON_MAVLINK_PROBE,SCANNER,0,,78ecb488,NORMAL,0.0
2026-05-14T22:50:21.198255,107.189.x.x,85b8b091e4e91a1d,17932,0,NON_MAVLINK_PROBE,SCANNER,0,,f9b03637,NORMAL,0.0
2026-05-14T22:50:21.252739,185.150.x.x,0899ad263bc5947f,45716,0,NON_MAVLINK_PROBE,SCANNER,0,,79c28c2e,NORMAL,0.0
2026-05-14T22:50:21.621654,45.84.x.x,7eae8003d7c9a839,5009,0,NON_MAVLINK_PROBE,SCANNER,0,,c6667be1,NORMAL,0.0
2026-05-14T22:50:21.651280,107.189.x.x,85b8b091e4e91a1d,17940,0,NON_MAVLINK_PROBE,SCANNER,0,,89b0c93e,NORMAL,0.0
2026-05-14T22:50:22.104977,45.84.x.x,7eae8003d7c9a839,5021,0,NON_MAVLINK_PROBE,SCANNER,0,,445e1d2f,NORMAL,0.0
2026-05-14T22:50:22.122034,107.189.x.x,85b8b091e4e91a1d,17946,0,NON_MAVLINK_PROBE,SCANNER,0,,9cd236b3,NORMAL,0.0
2026-05-14T22:50:22.132645,185.150.x.x,0899ad263bc5947f,45728,0,NON_MAVLINK_PROBE,SCANNER,0,,cb0c37d1,NORMAL,0.0
2026-05-14T22:50:22.837244,45.84.x.x,7eae8003d7c9a839,5025,0,NON_MAVLINK_PROBE,SCANNER,0,,09fa512e,NORMAL,0.0
2026-05-14T22:50:22.946209,185.150.x.x,0899ad263bc5947f,45736,0,NON_MAVLINK_PROBE,SCANNER,0,,f68e694b,NORMAL,0.0
2026-05-14T22:50:22.992960,107.189.x.x,85b8b091e4e91a1d,17956,0,NON_MAVLINK_PROBE,SCANNER,0,,b63084c0,NORMAL,0.0
2026-05-14T22:50:23.599524,107.189.x.x,85b8b091e4e91a1d,17960,0,NON_MAVLINK_PROBE,SCANNER,0,,77bb44cb,NORMAL,0.0
2026-05-14T22:50:23.744355,45.84.x.x,7eae8003d7c9a839,5029,0,NON_MAVLINK_PROBE,SCANNER,0,,a2a411a0,NORMAL,0.0
2026-05-14T22:50:23.745740,185.150.x.x,0899ad263bc5947f,45752,0,NON_MAVLINK_PROBE,SCANNER,0,,c79dccea,NORMAL,0.0
2026-05-14T22:50:24.465299,107.189.x.x,85b8b091e4e91a1d,17968,0,NON_MAVLINK_PROBE,SCANNER,0,,6347f574,NORMAL,0.0
2026-05-14T22:50:24.530995,45.84.x.x,7eae8003d7c9a839,5041,0,NON_MAVLINK_PROBE,SCANNER,0,,54e446b1,NORMAL,0.0
2026-05-14T22:50:24.540932,185.150.x.x,0899ad263bc5947f,39638,0,NON_MAVLINK_PROBE,SCANNER,0,,6b27f2e6,NORMAL,0.0
2026-05-14T22:50:24.946516,107.189.x.x,85b8b091e4e91a1d,17978,0,NON_MAVLINK_PROBE,SCANNER,0,,a248d62b,NORMAL,0.0
2026-05-14T22:50:25.195023,45.84.x.x,7eae8003d7c9a839,5045,0,NON_MAVLINK_PROBE,SCANNER,0,,50226303,NORMAL,0.0
2026-05-14T22:50:25.459198,185.150.x.x,0899ad263bc5947f,39654,0,NON_MAVLINK_PROBE,SCANNER,0,,4398e568,NORMAL,0.0
2026-05-14T22:50:25.766998,45.84.x.x,7eae8003d7c9a839,5061,0,NON_MAVLINK_PROBE,SCANNER,0,,b6b1a96a,NORMAL,0.0
2026-05-14T22:50:25.794798,107.189.x.x,85b8b091e4e91a1d,17992,0,NON_MAVLINK_PROBE,SCANNER,0,,3e0fe30a,NORMAL,0.0
2026-05-14T22:50:25.979965,185.150.x.x,0899ad263bc5947f,39656,0,NON_MAVLINK_PROBE,SCANNER,0,,e5f7c4fa,NORMAL,0.0
2026-05-14T22:50:26.104572,45.84.x.x,7eae8003d7c9a839,5063,0,NON_MAVLINK_PROBE,SCANNER,0,,55f2a5fd,NORMAL,0.0
2026-05-14T22:50:26.135862,107.189.x.x,85b8b091e4e91a1d,17994,0,NON_MAVLINK_PROBE,SCANNER,0,,f444a59a,NORMAL,0.0
2026-05-14T22:50:26.285310,185.150.x.x,0899ad263bc5947f,39662,0,NON_MAVLINK_PROBE,SCANNER,0,,bf465a0a,NORMAL,0.0
2026-05-14T22:50:26.628815,45.84.x.x,7eae8003d7c9a839,5075,0,NON_MAVLINK_PROBE,SCANNER,0,,e292a996,NORMAL,0.0
2026-05-14T22:50:26.676965,107.189.x.x,85b8b091e4e91a1d,18010,0,NON_MAVLINK_PROBE,SCANNER,0,,db15d7f6,NORMAL,0.0
2026-05-14T22:50:26.881490,185.150.x.x,0899ad263bc5947f,39668,0,NON_MAVLINK_PROBE,SCANNER,0,,3470c4f5,NORMAL,0.0
2026-05-14T22:50:26.982370,45.84.x.x,7eae8003d7c9a839,5077,0,NON_MAVLINK_PROBE,SCANNER,0,,819d370f,NORMAL,0.0
2026-05-14T22:50:27.209863,107.189.x.x,85b8b091e4e91a1d,18018,0,NON_MAVLINK_PROBE,SCANNER,0,,1b3524d7,NORMAL,0.0
2026-05-14T22:50:27.889264,185.150.x.x,0899ad263bc5947f,39670,0,NON_MAVLINK_PROBE,SCANNER,0,,6b3ca01c,NORMAL,0.0
2026-05-14T22:50:27.946258,45.84.x.x,7eae8003d7c9a839,5081,0,NON_MAVLINK_PROBE,SCANNER,0,,54ff95f2,NORMAL,0.0
2026-05-14T22:50:27.967906,107.189.x.x,85b8b091e4e91a1d,21326,0,NON_MAVLINK_PROBE,SCANNER,0,,52a6fd40,NORMAL,0.0
2026-05-14T22:50:28.463056,45.84.x.x,7eae8003d7c9a839,5089,0,NON_MAVLINK_PROBE,SCANNER,0,,7d275690,NORMAL,0.0
2026-05-14T22:50:28.532589,107.189.x.x,85b8b091e4e91a1d,21338,0,NON_MAVLINK_PROBE,SCANNER,0,,b4186461,NORMAL,0.0
2026-05-14T22:50:28.576423,185.150.x.x,0899ad263bc5947f,39680,0,NON_MAVLINK_PROBE,SCANNER,0,,1462e0b2,NORMAL,0.0
2026-05-14T22:50:29.099153,45.84.x.x,7eae8003d7c9a839,5101,0,NON_MAVLINK_PROBE,SCANNER,0,,fde35bd8,NORMAL,0.0
2026-05-14T22:50:29.177213,185.150.x.x,0899ad263bc5947f,39686,0,NON_MAVLINK_PROBE,SCANNER,0,,8b2b0d73,NORMAL,0.0
2026-05-14T22:50:29.184185,107.189.x.x,85b8b091e4e91a1d,21354,0,NON_MAVLINK_PROBE,SCANNER,0,,f1930556,NORMAL,0.0
2026-05-14T22:50:29.583184,45.84.x.x,7eae8003d7c9a839,5117,0,NON_MAVLINK_PROBE,SCANNER,0,,d3efd7c4,NORMAL,0.0
2026-05-14T22:50:29.690079,107.189.x.x,85b8b091e4e91a1d,21370,0,NON_MAVLINK_PROBE,SCANNER,0,,0bf5c8db,NORMAL,0.0
2026-05-14T22:50:29.812145,185.150.x.x,0899ad263bc5947f,39698,0,NON_MAVLINK_PROBE,SCANNER,0,,fa203ecc,NORMAL,0.0
2026-05-14T22:50:30.776510,45.84.x.x,7eae8003d7c9a839,5119,0,NON_MAVLINK_PROBE,SCANNER,0,,f1bd0324,NORMAL,0.0
2026-05-14T22:50:30.831802,107.189.x.x,85b8b091e4e91a1d,21382,0,NON_MAVLINK_PROBE,SCANNER,0,,41f0c790,NORMAL,0.0
2026-05-14T22:50:30.980643,185.150.x.x,0899ad263bc5947f,39702,0,NON_MAVLINK_PROBE,SCANNER,0,,062eb431,NORMAL,0.0
2026-05-14T22:50:31.252617,107.189.x.x,85b8b091e4e91a1d,21392,0,NON_MAVLINK_PROBE,SCANNER,0,,29a6a4d1,NORMAL,0.0
2026-05-14T22:50:31.262858,45.84.x.x,7eae8003d7c9a839,64141,0,NON_MAVLINK_PROBE,SCANNER,0,,37f18256,NORMAL,0.0
2026-05-14T22:50:31.285246,185.150.x.x,0899ad263bc5947f,39712,0,NON_MAVLINK_PROBE,SCANNER,0,,201eb12e,NORMAL,0.0
2026-05-14T22:50:31.408816,107.189.x.x,85b8b091e4e91a1d,21398,0,NON_MAVLINK_PROBE,SCANNER,0,,bb0b024f,NORMAL,0.0
2026-05-14T22:50:31.486133,45.84.x.x,7eae8003d7c9a839,64149,0,NON_MAVLINK_PROBE,SCANNER,0,,c19048d4,NORMAL,0.0
2026-05-14T22:50:31.664830,185.150.x.x,0899ad263bc5947f,39716,0,NON_MAVLINK_PROBE,SCANNER,0,,612d9b39,NORMAL,0.0
2026-05-14T22:50:32.386913,45.84.x.x,7eae8003d7c9a839,64153,0,NON_MAVLINK_PROBE,SCANNER,0,,3fcbeba2,NORMAL,0.0
2026-05-14T22:50:32.573086,107.189.x.x,85b8b091e4e91a1d,21412,0,NON_MAVLINK_PROBE,SCANNER,0,,f5a2147e,NORMAL,0.0
2026-05-14T22:50:32.773315,185.150.x.x,0899ad263bc5947f,39724,0,NON_MAVLINK_PROBE,SCANNER,0,,2ad508d7,NORMAL,0.0
2026-05-14T22:50:32.789443,107.189.x.x,85b8b091e4e91a1d,21424,0,NON_MAVLINK_PROBE,SCANNER,0,,da7530f5,NORMAL,0.0
2026-05-14T22:50:32.799913,45.84.x.x,7eae8003d7c9a839,64157,0,NON_MAVLINK_PROBE,SCANNER,0,,188057ae,NORMAL,0.0
2026-05-14T22:50:33.370262,185.150.x.x,0899ad263bc5947f,39734,0,NON_MAVLINK_PROBE,SCANNER,0,,1128f7a4,NORMAL,0.0
2026-05-14T22:50:33.360886,107.189.x.x,85b8b091e4e91a1d,21428,0,NON_MAVLINK_PROBE,SCANNER,0,,75012568,NORMAL,0.0
2026-05-14T22:50:33.364098,45.84.x.x,7eae8003d7c9a839,64167,0,NON_MAVLINK_PROBE,SCANNER,0,,f74dab67,NORMAL,0.0
2026-05-14T22:50:34.037050,107.189.x.x,85b8b091e4e91a1d,21434,0,NON_MAVLINK_PROBE,SCANNER,0,,422de8e2,NORMAL,0.0
2026-05-14T22:50:34.072229,45.84.x.x,7eae8003d7c9a839,64173,0,NON_MAVLINK_PROBE,SCANNER,0,,a7ccd573,NORMAL,0.0
2026-05-14T22:50:34.113745,185.150.x.x,0899ad263bc5947f,40158,0,NON_MAVLINK_PROBE,SCANNER,0,,225b4f01,NORMAL,0.0
2026-05-14T22:50:34.472008,45.84.x.x,7eae8003d7c9a839,64189,0,NON_MAVLINK_PROBE,SCANNER,0,,402e3072,NORMAL,0.0
2026-05-14T22:50:34.501718,107.189.x.x,85b8b091e4e91a1d,21446,0,NON_MAVLINK_PROBE,SCANNER,0,,e51ceb80,NORMAL,0.0
2026-05-14T22:50:34.571801,185.150.x.x,0899ad263bc5947f,40164,0,NON_MAVLINK_PROBE,SCANNER,0,,e08b3b8f,NORMAL,0.0
2026-05-14T22:50:34.942119,107.189.x.x,85b8b091e4e91a1d,21450,0,NON_MAVLINK_PROBE,SCANNER,0,,847ac9e9,NORMAL,0.0
2026-05-14T22:50:35.214657,45.84.x.x,7eae8003d7c9a839,64205,0,NON_MAVLINK_PROBE,SCANNER,0,,cb733bef,NORMAL,0.0
2026-05-14T22:50:35.548499,185.150.x.x,0899ad263bc5947f,40174,0,NON_MAVLINK_PROBE,SCANNER,0,,2f0c01c8,NORMAL,0.0
2026-05-14T22:50:35.849367,107.189.x.x,85b8b091e4e91a1d,21464,0,NON_MAVLINK_PROBE,SCANNER,0,,71fa7508,NORMAL,0.0
2026-05-14T22:50:35.856904,45.84.x.x,7eae8003d7c9a839,64221,0,NON_MAVLINK_PROBE,SCANNER,0,,a4c2b6d4,NORMAL,0.0
2026-05-14T22:50:35.883448,185.150.x.x,0899ad263bc5947f,40178,0,NON_MAVLINK_PROBE,SCANNER,0,,9b59a04d,NORMAL,0.0
2026-05-14T22:50:36.165251,107.189.x.x,85b8b091e4e91a1d,21470,0,NON_MAVLINK_PROBE,SCANNER,0,,5001e0ad,NORMAL,0.0
2026-05-14T22:50:36.172098,45.84.x.x,7eae8003d7c9a839,64237,0,NON_MAVLINK_PROBE,SCANNER,0,,3e271b5f,NORMAL,0.0
2026-05-14T22:50:36.297695,185.150.x.x,0899ad263bc5947f,40182,0,NON_MAVLINK_PROBE,SCANNER,0,,1e52a556,NORMAL,0.0
2026-05-14T22:50:36.726236,107.189.x.x,85b8b091e4e91a1d,21474,0,NON_MAVLINK_PROBE,SCANNER,0,,538b0693,NORMAL,0.0
2026-05-14T22:50:36.866204,45.84.x.x,7eae8003d7c9a839,64253,0,NON_MAVLINK_PROBE,SCANNER,0,,2bbe4ca1,NORMAL,0.0
2026-05-14T22:50:37.484984,185.150.x.x,0899ad263bc5947f,40190,0,NON_MAVLINK_PROBE,SCANNER,0,,4551a3e3,NORMAL,0.0
2026-05-14T22:50:37.892791,107.189.x.x,85b8b091e4e91a1d,21482,0,NON_MAVLINK_PROBE,SCANNER,0,,efa89b6e,NORMAL,0.0
2026-05-14T22:50:38.099279,45.84.x.x,7eae8003d7c9a839,64259,0,NON_MAVLINK_PROBE,SCANNER,0,,6c61e837,NORMAL,0.0
2026-05-14T22:50:38.155784,107.189.x.x,85b8b091e4e91a1d,24434,0,NON_MAVLINK_PROBE,SCANNER,0,,8623bcb6,NORMAL,0.0
2026-05-14T22:50:38.220692,185.150.x.x,0899ad263bc5947f,40196,0,NON_MAVLINK_PROBE,SCANNER,0,,534f3454,NORMAL,0.0
2026-05-14T22:50:38.213724,45.84.x.x,7eae8003d7c9a839,64263,0,NON_MAVLINK_PROBE,SCANNER,0,,5b203c59,NORMAL,0.0
2026-05-14T22:50:39.629200,45.84.x.x,7eae8003d7c9a839,64279,0,NON_MAVLINK_PROBE,SCANNER,0,,ad01e62f,NORMAL,0.0
2026-05-14T22:50:39.624847,107.189.x.x,85b8b091e4e91a1d,24440,0,NON_MAVLINK_PROBE,SCANNER,0,,6a529522,NORMAL,0.0
2026-05-14T22:50:39.663854,185.150.x.x,0899ad263bc5947f,40210,0,NON_MAVLINK_PROBE,SCANNER,0,,d20da4a7,NORMAL,0.0
2026-05-14T22:50:39.951277,107.189.x.x,85b8b091e4e91a1d,24456,0,NON_MAVLINK_PROBE,SCANNER,0,,01c49165,NORMAL,0.0
2026-05-14T22:50:39.951031,45.84.x.x,7eae8003d7c9a839,64295,0,NON_MAVLINK_PROBE,SCANNER,0,,79519e52,NORMAL,0.0
2026-05-14T22:50:40.206986,185.150.x.x,0899ad263bc5947f,40222,0,NON_MAVLINK_PROBE,SCANNER,0,,99a1decc,NORMAL,0.0
2026-05-14T22:50:40.536651,45.84.x.x,7eae8003d7c9a839,64297,0,NON_MAVLINK_PROBE,SCANNER,0,,acaae094,NORMAL,0.0
2026-05-14T22:50:40.794201,107.189.x.x,85b8b091e4e91a1d,24466,0,NON_MAVLINK_PROBE,SCANNER,0,,e8373684,NORMAL,0.0
2026-05-14T22:50:40.797218,185.150.x.x,0899ad263bc5947f,40224,0,NON_MAVLINK_PROBE,SCANNER,0,,6fa7019e,NORMAL,0.0
2026-05-14T22:50:41.584634,107.189.x.x,85b8b091e4e91a1d,24470,0,NON_MAVLINK_PROBE,SCANNER,0,,d7862704,NORMAL,0.0
2026-05-14T22:50:41.577700,45.84.x.x,7eae8003d7c9a839,26461,0,NON_MAVLINK_PROBE,SCANNER,0,,05f840e6,NORMAL,0.0
2026-05-14T22:50:42.016793,185.150.x.x,0899ad263bc5947f,40232,0,NON_MAVLINK_PROBE,SCANNER,0,,5d3675a0,NORMAL,0.0
2026-05-14T22:50:42.388742,185.150.x.x,0899ad263bc5947f,40244,0,NON_MAVLINK_PROBE,SCANNER,0,,61940d85,NORMAL,0.0
2026-05-14T22:50:42.406351,45.84.x.x,7eae8003d7c9a839,26475,0,NON_MAVLINK_PROBE,SCANNER,0,,6464bb29,NORMAL,0.0
2026-05-14T22:50:42.465255,107.189.x.x,85b8b091e4e91a1d,24498,0,NON_MAVLINK_PROBE,SCANNER,0,,3829db0b,NORMAL,0.0
2026-05-14T22:50:42.460739,107.189.x.x,85b8b091e4e91a1d,24486,0,NON_MAVLINK_PROBE,SCANNER,0,,51bb37b0,NORMAL,0.0
2026-05-14T22:50:42.477730,45.84.x.x,7eae8003d7c9a839,26481,0,NON_MAVLINK_PROBE,SCANNER,0,,e68f979b,NORMAL,0.0
2026-05-14T22:50:42.767777,185.150.x.x,0899ad263bc5947f,40252,0,NON_MAVLINK_PROBE,SCANNER,0,,56fc509c,NORMAL,0.0
2026-05-14T22:50:42.817480,45.84.x.x,7eae8003d7c9a839,26493,0,NON_MAVLINK_PROBE,SCANNER,0,,9ebb5df1,NORMAL,0.0
2026-05-14T22:50:42.847382,107.189.x.x,85b8b091e4e91a1d,24514,0,NON_MAVLINK_PROBE,SCANNER,0,,cede870d,NORMAL,0.0
2026-05-14T22:50:43.305085,45.84.x.x,7eae8003d7c9a839,26501,0,NON_MAVLINK_PROBE,SCANNER,0,,4820c9da,NORMAL,0.0
2026-05-14T22:50:43.297463,185.150.x.x,0899ad263bc5947f,40266,0,NON_MAVLINK_PROBE,SCANNER,0,,e4225ba3,NORMAL,0.0
2026-05-14T22:50:43.363510,107.189.x.x,85b8b091e4e91a1d,24530,0,NON_MAVLINK_PROBE,SCANNER,0,,0130f59f,NORMAL,0.0
2026-05-14T22:50:44.187943,107.189.x.x,85b8b091e4e91a1d,24544,0,NON_MAVLINK_PROBE,SCANNER,0,,468dc34d,NORMAL,0.0
2026-05-14T22:50:44.229202,185.150.x.x,0899ad263bc5947f,60290,0,NON_MAVLINK_PROBE,SCANNER,0,,be12ec00,NORMAL,0.0
2026-05-14T22:50:44.223666,45.84.x.x,7eae8003d7c9a839,26507,0,NON_MAVLINK_PROBE,SCANNER,0,,80356072,NORMAL,0.0
2026-05-14T22:50:44.348507,45.84.x.x,7eae8003d7c9a839,26511,0,NON_MAVLINK_PROBE,SCANNER,0,,5764f29c,NORMAL,0.0
2026-05-14T22:50:44.430045,107.189.x.x,85b8b091e4e91a1d,24552,0,NON_MAVLINK_PROBE,SCANNER,0,,37b6a8d2,NORMAL,0.0
2026-05-14T22:50:44.577073,185.150.x.x,0899ad263bc5947f,60298,0,NON_MAVLINK_PROBE,SCANNER,0,,a0577489,NORMAL,0.0
2026-05-14T22:50:45.292800,45.84.x.x,7eae8003d7c9a839,26513,0,NON_MAVLINK_PROBE,SCANNER,0,,76f8e776,NORMAL,0.0
2026-05-14T22:50:45.355141,107.189.x.x,85b8b091e4e91a1d,24554,0,NON_MAVLINK_PROBE,SCANNER,0,,de839334,NORMAL,0.0
2026-05-14T22:50:45.752442,45.84.x.x,7eae8003d7c9a839,26535,0,NON_MAVLINK_PROBE,SCANNER,0,,a667dbfd,NORMAL,0.0
2026-05-14T22:50:45.762738,107.189.x.x,85b8b091e4e91a1d,24560,0,NON_MAVLINK_PROBE,SCANNER,0,,610c7291,NORMAL,0.0
2026-05-14T22:50:45.791937,185.150.x.x,0899ad263bc5947f,60306,0,NON_MAVLINK_PROBE,SCANNER,0,,1893ddb8,NORMAL,0.0
2026-05-14T22:50:46.513249,45.84.x.x,7eae8003d7c9a839,26539,0,NON_MAVLINK_PROBE,SCANNER,0,,ef180329,NORMAL,0.0
2026-05-14T22:50:46.711349,107.189.x.x,85b8b091e4e91a1d,24568,0,NON_MAVLINK_PROBE,SCANNER,0,,d8303684,NORMAL,0.0
2026-05-14T22:50:47.734717,185.150.x.x,0899ad263bc5947f,60312,0,NON_MAVLINK_PROBE,SCANNER,0,,8004ecf9,NORMAL,0.0
2026-05-14T22:50:48.135648,107.189.x.x,85b8b091e4e91a1d,24580,0,NON_MAVLINK_PROBE,SCANNER,0,,a19aa48a,NORMAL,0.0
2026-05-14T22:50:48.149266,45.84.x.x,7eae8003d7c9a839,26545,0,NON_MAVLINK_PROBE,SCANNER,0,,98bb76ee,NORMAL,0.0
2026-05-14T22:50:48.160767,185.150.x.x,0899ad263bc5947f,60314,0,NON_MAVLINK_PROBE,SCANNER,0,,09a00149,NORMAL,0.0
2026-05-14T22:50:48.446994,107.189.x.x,85b8b091e4e91a1d,24586,0,NON_MAVLINK_PROBE,SCANNER,0,,56b992f3,NORMAL,0.0
2026-05-14T22:50:48.446560,185.150.x.x,0899ad263bc5947f,60330,0,NON_MAVLINK_PROBE,SCANNER,0,,d671dca9,NORMAL,0.0
2026-05-14T22:50:48.616812,45.84.x.x,7eae8003d7c9a839,26547,0,NON_MAVLINK_PROBE,SCANNER,0,,4a92a6b8,NORMAL,0.0
2026-05-14T22:50:48.817309,45.84.x.x,7eae8003d7c9a839,26555,0,NON_MAVLINK_PROBE,SCANNER,0,,e7adf99d,NORMAL,0.0
2026-05-14T22:50:48.922708,107.189.x.x,85b8b091e4e91a1d,40624,0,NON_MAVLINK_PROBE,SCANNER,0,,a549e746,NORMAL,0.0
2026-05-14T22:50:49.029687,185.150.x.x,0899ad263bc5947f,60336,0,NON_MAVLINK_PROBE,SCANNER,0,,f0e5b261,NORMAL,0.0
2026-05-14T22:50:49.060730,107.189.x.x,85b8b091e4e91a1d,40626,0,NON_MAVLINK_PROBE,SCANNER,0,,d9d48bf7,NORMAL,0.0
2026-05-14T22:50:49.077406,45.84.x.x,7eae8003d7c9a839,26559,0,NON_MAVLINK_PROBE,SCANNER,0,,60696020,NORMAL,0.0
2026-05-14T22:50:49.418920,107.189.x.x,85b8b091e4e91a1d,40642,0,NON_MAVLINK_PROBE,SCANNER,0,,8564c4fe,NORMAL,0.0
2026-05-14T22:50:49.393727,185.150.x.x,0899ad263bc5947f,60340,0,NON_MAVLINK_PROBE,SCANNER,0,,bde72e94,NORMAL,0.0
2026-05-14T22:50:49.652842,45.84.x.x,7eae8003d7c9a839,26569,0,NON_MAVLINK_PROBE,SCANNER,0,,62531899,NORMAL,0.0
2026-05-14T22:50:50.125224,185.150.x.x,0899ad263bc5947f,60350,0,NON_MAVLINK_PROBE,SCANNER,0,,3ecc1e98,NORMAL,0.0
2026-05-14T22:50:50.133366,45.84.x.x,7eae8003d7c9a839,32705,0,NON_MAVLINK_PROBE,SCANNER,0,,8ab5bc17,NORMAL,0.0
2026-05-14T22:50:50.141127,107.189.x.x,85b8b091e4e91a1d,40658,0,NON_MAVLINK_PROBE,SCANNER,0,,3c0264c2,NORMAL,0.0
2026-05-14T22:50:50.463177,107.189.x.x,85b8b091e4e91a1d,40668,0,NON_MAVLINK_PROBE,SCANNER,0,,b0cd263f,NORMAL,0.0
2026-05-14T22:50:50.463556,45.84.x.x,7eae8003d7c9a839,32709,0,NON_MAVLINK_PROBE,SCANNER,0,,33170ba8,NORMAL,0.0
2026-05-14T22:50:50.676495,185.150.x.x,0899ad263bc5947f,60354,0,NON_MAVLINK_PROBE,SCANNER,0,,86a77a6e,NORMAL,0.0
2026-05-14T22:50:51.144592,45.84.x.x,7eae8003d7c9a839,32719,0,NON_MAVLINK_PROBE,SCANNER,0,,ec1f92ec,NORMAL,0.0
2026-05-14T22:50:51.193950,107.189.x.x,85b8b091e4e91a1d,40674,0,NON_MAVLINK_PROBE,SCANNER,0,,a114ad84,NORMAL,0.0
2026-05-14T22:50:51.686787,185.150.x.x,0899ad263bc5947f,60358,0,NON_MAVLINK_PROBE,SCANNER,0,,81967acf,NORMAL,0.0
2026-05-14T22:50:52.401014,45.84.x.x,7eae8003d7c9a839,32723,0,NON_MAVLINK_PROBE,SCANNER,0,,761b07b7,NORMAL,0.0
2026-05-14T22:50:52.527835,107.189.x.x,85b8b091e4e91a1d,40680,0,NON_MAVLINK_PROBE,SCANNER,0,,4a9a36c9,NORMAL,0.0
2026-05-14T22:50:53.236083,107.189.x.x,85b8b091e4e91a1d,40692,0,NON_MAVLINK_PROBE,SCANNER,0,,39fbf594,NORMAL,0.0
2026-05-14T22:50:53.307124,185.150.x.x,0899ad263bc5947f,60364,0,NON_MAVLINK_PROBE,SCANNER,0,,67d8f102,NORMAL,0.0
2026-05-14T22:50:53.335460,45.84.x.x,7eae8003d7c9a839,32731,0,NON_MAVLINK_PROBE,SCANNER,0,,fb7602c1,NORMAL,0.0
2026-05-14T22:50:53.525350,45.84.x.x,7eae8003d7c9a839,32733,0,NON_MAVLINK_PROBE,SCANNER,0,,988a0d06,NORMAL,0.0
2026-05-14T22:50:53.612474,107.189.x.x,85b8b091e4e91a1d,40696,0,NON_MAVLINK_PROBE,SCANNER,0,,d79dbc66,NORMAL,0.0
2026-05-14T22:50:53.690620,185.150.x.x,0899ad263bc5947f,60368,0,NON_MAVLINK_PROBE,SCANNER,0,,1a2e0413,NORMAL,0.0
2026-05-14T22:50:54.307725,107.189.x.x,85b8b091e4e91a1d,40702,0,NON_MAVLINK_PROBE,SCANNER,0,,9cbe43ce,NORMAL,0.0
2026-05-14T22:50:54.285565,45.84.x.x,7eae8003d7c9a839,32745,0,NON_MAVLINK_PROBE,SCANNER,0,,ad1fdd56,NORMAL,0.0
2026-05-14T22:50:54.610193,185.150.x.x,0899ad263bc5947f,46620,0,NON_MAVLINK_PROBE,SCANNER,0,,a47eaed8,NORMAL,0.0
2026-05-14T22:50:55.025015,107.189.x.x,85b8b091e4e91a1d,40714,0,NON_MAVLINK_PROBE,SCANNER,0,,e9dccd67,NORMAL,0.0
2026-05-14T22:50:55.046418,45.84.x.x,7eae8003d7c9a839,32759,0,NON_MAVLINK_PROBE,SCANNER,0,,aeee99bd,NORMAL,0.0
2026-05-14T22:50:55.046834,185.150.x.x,0899ad263bc5947f,46630,0,NON_MAVLINK_PROBE,SCANNER,0,,53e8248e,NORMAL,0.0
2026-05-14T22:50:55.393605,107.189.x.x,85b8b091e4e91a1d,40722,0,NON_MAVLINK_PROBE,SCANNER,0,,9b3efc3a,NORMAL,0.0
2026-05-14T22:50:55.395564,45.84.x.x,7eae8003d7c9a839,32773,0,NON_MAVLINK_PROBE,SCANNER,0,,be232a1e,NORMAL,0.0
2026-05-14T22:50:55.538394,185.150.x.x,0899ad263bc5947f,46644,0,NON_MAVLINK_PROBE,SCANNER,0,,6fbf4112,NORMAL,0.0
2026-05-14T22:50:55.991282,107.189.x.x,85b8b091e4e91a1d,40726,0,NON_MAVLINK_PROBE,SCANNER,0,,37820d5f,NORMAL,0.0
2026-05-14T22:50:56.035398,45.84.x.x,7eae8003d7c9a839,32785,0,NON_MAVLINK_PROBE,SCANNER,0,,36913e7c,NORMAL,0.0
2026-05-14T22:50:56.074309,185.150.x.x,0899ad263bc5947f,46660,0,NON_MAVLINK_PROBE,SCANNER,0,,c8e864e9,NORMAL,0.0
2026-05-14T22:50:56.478861,45.84.x.x,7eae8003d7c9a839,32797,0,NON_MAVLINK_PROBE,SCANNER,0,,15f51b8d,NORMAL,0.0
2026-05-14T22:50:56.589769,107.189.x.x,85b8b091e4e91a1d,40728,0,NON_MAVLINK_PROBE,SCANNER,0,,15a626d8,NORMAL,0.0
2026-05-14T22:50:56.685457,185.150.x.x,0899ad263bc5947f,46668,0,NON_MAVLINK_PROBE,SCANNER,0,,bcef31f8,NORMAL,0.0
2026-05-14T22:50:57.008858,107.189.x.x,85b8b091e4e91a1d,40734,0,NON_MAVLINK_PROBE,SCANNER,0,,72f4a224,NORMAL,0.0
2026-05-14T22:50:57.060737,45.84.x.x,7eae8003d7c9a839,32813,0,NON_MAVLINK_PROBE,SCANNER,0,,29ce6dba,NORMAL,0.0
2026-05-14T22:50:57.361750,185.150.x.x,0899ad263bc5947f,46680,0,NON_MAVLINK_PROBE,SCANNER,0,,b477445a,NORMAL,0.0
2026-05-14T22:50:57.680257,107.189.x.x,85b8b091e4e91a1d,46350,0,NON_MAVLINK_PROBE,SCANNER,0,,388943af,NORMAL,0.0
2026-05-14T22:50:57.701273,45.84.x.x,7eae8003d7c9a839,32817,0,NON_MAVLINK_PROBE,SCANNER,0,,27bf327f,NORMAL,0.0
2026-05-14T22:50:58.263913,107.189.x.x,85b8b091e4e91a1d,46362,0,NON_MAVLINK_PROBE,SCANNER,0,,2bb86a09,NORMAL,0.0
2026-05-14T22:50:58.333407,185.150.x.x,0899ad263bc5947f,46682,0,NON_MAVLINK_PROBE,SCANNER,0,,f45a8231,NORMAL,0.0
2026-05-14T22:50:58.328172,45.84.x.x,7eae8003d7c9a839,32833,0,NON_MAVLINK_PROBE,SCANNER,0,,27f18ec7,NORMAL,0.0
2026-05-14T22:50:59.097133,45.84.x.x,7eae8003d7c9a839,32845,0,NON_MAVLINK_PROBE,SCANNER,0,,684c3ded,NORMAL,0.0
2026-05-14T22:50:59.091754,107.189.x.x,85b8b091e4e91a1d,46368,0,NON_MAVLINK_PROBE,SCANNER,0,,ecde7d3e,NORMAL,0.0
2026-05-14T22:50:59.778138,185.150.x.x,0899ad263bc5947f,46698,0,NON_MAVLINK_PROBE,SCANNER,0,,1d20fce5,NORMAL,0.0
2026-05-14T22:51:00.271993,107.189.x.x,85b8b091e4e91a1d,46372,0,NON_MAVLINK_PROBE,SCANNER,0,,1ca18ce1,NORMAL,0.0
2026-05-14T22:51:00.341277,45.84.x.x,7eae8003d7c9a839,32857,0,NON_MAVLINK_PROBE,SCANNER,0,,c61470d5,NORMAL,0.0
2026-05-14T22:51:00.363406,185.150.x.x,0899ad263bc5947f,46710,0,NON_MAVLINK_PROBE,SCANNER,0,,a2bf2222,NORMAL,0.0
2026-05-14T22:51:00.588943,107.189.x.x,85b8b091e4e91a1d,46386,0,NON_MAVLINK_PROBE,SCANNER,0,,659d8771,NORMAL,0.0
2026-05-14T22:51:00.868524,45.84.x.x,7eae8003d7c9a839,29403,0,NON_MAVLINK_PROBE,SCANNER,0,,84c25f0a,NORMAL,0.0
2026-05-14T22:51:01.193741,185.150.x.x,0899ad263bc5947f,46714,0,NON_MAVLINK_PROBE,SCANNER,0,,fa1b1cce,NORMAL,0.0
2026-05-14T22:51:01.330309,107.189.x.x,85b8b091e4e91a1d,46388,0,NON_MAVLINK_PROBE,SCANNER,0,,7e6a90e8,NORMAL,0.0
2026-05-14T22:51:01.351646,45.84.x.x,7eae8003d7c9a839,29413,0,NON_MAVLINK_PROBE,SCANNER,0,,220e4a9b,NORMAL,0.0
2026-05-14T22:51:01.940106,185.150.x.x,0899ad263bc5947f,46726,0,NON_MAVLINK_PROBE,SCANNER,0,,c2846f9f,NORMAL,0.0
2026-05-14T22:51:02.006015,45.84.x.x,7eae8003d7c9a839,29427,0,NON_MAVLINK_PROBE,SCANNER,0,,66630a9e,NORMAL,0.0
2026-05-14T22:51:02.022040,107.189.x.x,85b8b091e4e91a1d,46390,0,NON_MAVLINK_PROBE,SCANNER,0,,f8c16a42,NORMAL,0.0
2026-05-14T22:51:02.745205,185.150.x.x,0899ad263bc5947f,46728,0,NON_MAVLINK_PROBE,SCANNER,0,,d2d9e59a,NORMAL,0.0
2026-05-14T22:51:02.768131,45.84.x.x,7eae8003d7c9a839,29439,0,NON_MAVLINK_PROBE,SCANNER,0,,97453717,NORMAL,0.0
2026-05-14T22:51:02.829566,107.189.x.x,85b8b091e4e91a1d,46402,0,NON_MAVLINK_PROBE,SCANNER,0,,a42402ae,NORMAL,0.0
2026-05-14T22:51:03.328111,45.84.x.x,7eae8003d7c9a839,29445,0,NON_MAVLINK_PROBE,SCANNER,0,,106865f6,NORMAL,0.0
2026-05-14T22:51:03.344286,185.150.x.x,0899ad263bc5947f,46736,0,NON_MAVLINK_PROBE,SCANNER,0,,98829f76,NORMAL,0.0
2026-05-14T22:51:03.354882,107.189.x.x,85b8b091e4e91a1d,46412,0,NON_MAVLINK_PROBE,SCANNER,0,,6f05af8e,NORMAL,0.0
2026-05-14T22:51:03.736930,45.84.x.x,7eae8003d7c9a839,29457,0,NON_MAVLINK_PROBE,SCANNER,0,,b93c12ff,NORMAL,0.0
2026-05-14T22:51:03.756375,107.189.x.x,85b8b091e4e91a1d,46416,0,NON_MAVLINK_PROBE,SCANNER,0,,6b5a4fb0,NORMAL,0.0
2026-05-14T22:51:03.788938,185.150.x.x,0899ad263bc5947f,50516,0,NON_MAVLINK_PROBE,SCANNER,0,,63915483,NORMAL,0.0
2026-05-14T22:51:04.242637,45.84.x.x,7eae8003d7c9a839,29461,0,NON_MAVLINK_PROBE,SCANNER,0,,cbbdb2fc,NORMAL,0.0
2026-05-14T22:51:04.393328,45.84.x.x,7eae8003d7c9a839,57415,0,NON_MAVLINK_PROBE,SCANNER,0,,5504e7dc,NORMAL,0.0
2026-05-14T22:51:04.473756,185.150.x.x,0899ad263bc5947f,50518,0,NON_MAVLINK_PROBE,SCANNER,0,,c05620e9,NORMAL,0.0
2026-05-14T22:51:04.766790,45.84.x.x,7eae8003d7c9a839,29463,0,NON_MAVLINK_PROBE,SCANNER,0,,475f7c2f,NORMAL,0.0
2026-05-14T22:51:04.779102,45.84.x.x,7eae8003d7c9a839,57423,0,NON_MAVLINK_PROBE,SCANNER,0,,78610f62,NORMAL,0.0
2026-05-14T22:51:05.127747,185.150.x.x,0899ad263bc5947f,50530,0,NON_MAVLINK_PROBE,SCANNER,0,,237d6bca,NORMAL,0.0
2026-05-14T22:51:05.341500,45.84.x.x,7eae8003d7c9a839,57431,0,NON_MAVLINK_PROBE,SCANNER,0,,341cd1b9,NORMAL,0.0
2026-05-14T22:51:05.415562,45.84.x.x,7eae8003d7c9a839,29479,0,NON_MAVLINK_PROBE,SCANNER,0,,550de8cb,NORMAL,0.0
2026-05-14T22:51:05.843389,185.150.x.x,0899ad263bc5947f,50540,0,NON_MAVLINK_PROBE,SCANNER,0,,58efb99d,NORMAL,0.0
2026-05-14T22:51:05.997606,45.84.x.x,7eae8003d7c9a839,57445,0,NON_MAVLINK_PROBE,SCANNER,0,,417b4ee3,NORMAL,0.0
2026-05-14T22:51:06.049158,45.84.x.x,7eae8003d7c9a839,29481,0,NON_MAVLINK_PROBE,SCANNER,0,,317a615f,NORMAL,0.0
2026-05-14T22:51:06.917332,45.84.x.x,7eae8003d7c9a839,57457,0,NON_MAVLINK_PROBE,SCANNER,0,,cfb23fc0,NORMAL,0.0
2026-05-14T22:51:06.937102,185.150.x.x,0899ad263bc5947f,50552,0,NON_MAVLINK_PROBE,SCANNER,0,,8b0e9bd1,NORMAL,0.0
2026-05-14T22:51:06.953706,45.84.x.x,7eae8003d7c9a839,29483,0,NON_MAVLINK_PROBE,SCANNER,0,,54290e3c,NORMAL,0.0
2026-05-14T22:51:07.439100,45.84.x.x,7eae8003d7c9a839,57465,0,NON_MAVLINK_PROBE,SCANNER,0,,cdd5bddb,NORMAL,0.0
2026-05-14T22:51:07.543622,45.84.x.x,7eae8003d7c9a839,29489,0,NON_MAVLINK_PROBE,SCANNER,0,,06ce5962,NORMAL,0.0
2026-05-14T22:51:07.600417,185.150.x.x,0899ad263bc5947f,50566,0,NON_MAVLINK_PROBE,SCANNER,0,,fcefa8e6,NORMAL,0.0
2026-05-14T22:51:07.817503,45.84.x.x,7eae8003d7c9a839,29493,0,NON_MAVLINK_PROBE,SCANNER,0,,45788dd6,NORMAL,0.0
2026-05-14T22:51:07.874746,45.84.x.x,7eae8003d7c9a839,57467,0,NON_MAVLINK_PROBE,SCANNER,0,,5c7a4bcb,NORMAL,0.0
2026-05-14T22:51:08.020130,185.150.x.x,0899ad263bc5947f,50580,0,NON_MAVLINK_PROBE,SCANNER,0,,f1f7fdab,NORMAL,0.0
2026-05-14T22:51:08.629335,45.84.x.x,7eae8003d7c9a839,57469,0,NON_MAVLINK_PROBE,SCANNER,0,,e805e2a8,NORMAL,0.0
2026-05-14T22:51:08.637563,45.84.x.x,7eae8003d7c9a839,29509,0,NON_MAVLINK_PROBE,SCANNER,0,,dafa9ba5,NORMAL,0.0
2026-05-14T22:51:08.873768,185.150.x.x,0899ad263bc5947f,50584,0,NON_MAVLINK_PROBE,SCANNER,0,,d0f44976,NORMAL,0.0
2026-05-14T22:51:09.273646,45.84.x.x,7eae8003d7c9a839,57471,0,NON_MAVLINK_PROBE,SCANNER,0,,960bedbc,NORMAL,0.0
2026-05-14T22:51:09.483041,45.84.x.x,7eae8003d7c9a839,29525,0,NON_MAVLINK_PROBE,SCANNER,0,,fc14a235,NORMAL,0.0
2026-05-14T22:51:09.713950,185.150.x.x,0899ad263bc5947f,50600,0,NON_MAVLINK_PROBE,SCANNER,0,,9508ff9e,NORMAL,0.0
2026-05-14T22:51:09.832396,45.84.x.x,7eae8003d7c9a839,57479,0,NON_MAVLINK_PROBE,SCANNER,0,,0f9a029f,NORMAL,0.0
2026-05-14T22:51:09.905367,45.84.x.x,7eae8003d7c9a839,29539,0,NON_MAVLINK_PROBE,SCANNER,0,,44f9f120,NORMAL,0.0
2026-05-14T22:51:09.967344,185.150.x.x,0899ad263bc5947f,50610,0,NON_MAVLINK_PROBE,SCANNER,0,,e3a6c4f7,NORMAL,0.0
2026-05-14T22:51:10.128132,45.84.x.x,7eae8003d7c9a839,41479,0,NON_MAVLINK_PROBE,SCANNER,0,,529b65b1,NORMAL,0.0
2026-05-14T22:51:10.193613,45.84.x.x,7eae8003d7c9a839,40963,0,NON_MAVLINK_PROBE,SCANNER,0,,15cec24a,NORMAL,0.0
2026-05-14T22:51:10.903943,45.84.x.x,7eae8003d7c9a839,41487,0,NON_MAVLINK_PROBE,SCANNER,0,,7bbba135,NORMAL,0.0
2026-05-14T22:51:11.090978,185.150.x.x,0899ad263bc5947f,50620,0,NON_MAVLINK_PROBE,SCANNER,0,,f5df0ffb,NORMAL,0.0
2026-05-14T22:51:11.216640,45.84.x.x,7eae8003d7c9a839,40973,0,NON_MAVLINK_PROBE,SCANNER,0,,cfe6a7ca,NORMAL,0.0
2026-05-14T22:51:12.296431,45.84.x.x,7eae8003d7c9a839,41499,0,NON_MAVLINK_PROBE,SCANNER,0,,407c015e,NORMAL,0.0
2026-05-14T22:51:12.586106,45.84.x.x,7eae8003d7c9a839,40989,0,NON_MAVLINK_PROBE,SCANNER,0,,0478e28d,NORMAL,0.0
2026-05-14T22:51:12.588348,185.150.x.x,0899ad263bc5947f,50632,0,NON_MAVLINK_PROBE,SCANNER,0,,323d64f0,NORMAL,0.0
2026-05-14T22:51:12.761502,45.84.x.x,7eae8003d7c9a839,40995,0,NON_MAVLINK_PROBE,SCANNER,0,,810ac269,NORMAL,0.0
2026-05-14T22:51:12.887196,45.84.x.x,7eae8003d7c9a839,41513,0,NON_MAVLINK_PROBE,SCANNER,0,,4d3a7bd6,NORMAL,0.0
2026-05-14T22:51:12.997354,185.150.x.x,0899ad263bc5947f,50644,0,NON_MAVLINK_PROBE,SCANNER,0,,a15d9067,NORMAL,0.0
2026-05-14T22:51:13.099827,45.84.x.x,7eae8003d7c9a839,41521,0,NON_MAVLINK_PROBE,SCANNER,0,,21ad8efc,NORMAL,0.0
2026-05-14T22:51:13.100100,45.84.x.x,7eae8003d7c9a839,41009,0,NON_MAVLINK_PROBE,SCANNER,0,,d2aa0153,NORMAL,0.0
2026-05-14T22:51:13.218565,185.150.x.x,0899ad263bc5947f,50646,0,NON_MAVLINK_PROBE,SCANNER,0,,202cd5f8,NORMAL,0.0
2026-05-14T22:51:13.473508,45.84.x.x,7eae8003d7c9a839,41025,0,NON_MAVLINK_PROBE,SCANNER,0,,c156078c,NORMAL,0.0
2026-05-14T22:51:13.571683,45.84.x.x,7eae8003d7c9a839,41535,0,NON_MAVLINK_PROBE,SCANNER,0,,4c2cbd02,NORMAL,0.0
2026-05-14T22:51:13.987486,45.84.x.x,7eae8003d7c9a839,41027,0,NON_MAVLINK_PROBE,SCANNER,0,,8e5137e0,NORMAL,0.0
2026-05-14T22:51:14.011913,45.84.x.x,7eae8003d7c9a839,41551,0,NON_MAVLINK_PROBE,SCANNER,0,,d9c70aef,NORMAL,0.0
2026-05-14T22:51:14.133618,185.150.x.x,0899ad263bc5947f,47602,0,NON_MAVLINK_PROBE,SCANNER,0,,2778e2bc,NORMAL,0.0
2026-05-14T22:51:14.412230,45.84.x.x,7eae8003d7c9a839,41029,0,NON_MAVLINK_PROBE,SCANNER,0,,40b28164,NORMAL,0.0
2026-05-14T22:51:14.504663,45.84.x.x,7eae8003d7c9a839,41557,0,NON_MAVLINK_PROBE,SCANNER,0,,35f5a5f1,NORMAL,0.0
2026-05-14T22:51:14.885767,185.150.x.x,0899ad263bc5947f,47610,0,NON_MAVLINK_PROBE,SCANNER,0,,26d3d08a,NORMAL,0.0
2026-05-14T22:51:15.147820,45.84.x.x,7eae8003d7c9a839,41031,0,NON_MAVLINK_PROBE,SCANNER,0,,f48529d6,NORMAL,0.0
2026-05-14T22:51:15.161583,45.84.x.x,7eae8003d7c9a839,41569,0,NON_MAVLINK_PROBE,SCANNER,0,,c441e4f8,NORMAL,0.0
2026-05-14T22:51:16.227941,45.84.x.x,7eae8003d7c9a839,41041,0,NON_MAVLINK_PROBE,SCANNER,0,,3153b72b,NORMAL,0.0
2026-05-14T22:51:16.336531,45.84.x.x,7eae8003d7c9a839,41583,0,NON_MAVLINK_PROBE,SCANNER,0,,6133e4c6,NORMAL,0.0
2026-05-14T22:51:16.447598,185.150.x.x,0899ad263bc5947f,47616,0,NON_MAVLINK_PROBE,SCANNER,0,,ec0c607e,NORMAL,0.0
2026-05-14T22:51:16.632608,45.84.x.x,7eae8003d7c9a839,41587,0,NON_MAVLINK_PROBE,SCANNER,0,,62fb04a6,NORMAL,0.0
2026-05-14T22:51:16.692657,45.84.x.x,7eae8003d7c9a839,41045,0,NON_MAVLINK_PROBE,SCANNER,0,,f38f1658,NORMAL,0.0
2026-05-14T22:51:16.737114,185.150.x.x,0899ad263bc5947f,47632,0,NON_MAVLINK_PROBE,SCANNER,0,,4ffd9071,NORMAL,0.0
2026-05-14T22:51:17.576633,45.84.x.x,7eae8003d7c9a839,41057,0,NON_MAVLINK_PROBE,SCANNER,0,,985b56ea,NORMAL,0.0
2026-05-14T22:51:17.638590,45.84.x.x,7eae8003d7c9a839,41595,0,NON_MAVLINK_PROBE,SCANNER,0,,69fa8b62,NORMAL,0.0
2026-05-14T22:51:17.746625,185.150.x.x,0899ad263bc5947f,47642,0,NON_MAVLINK_PROBE,SCANNER,0,,ebcabdfb,NORMAL,0.0
2026-05-14T22:51:18.831357,45.84.x.x,7eae8003d7c9a839,41067,0,NON_MAVLINK_PROBE,SCANNER,0,,788d0ca6,NORMAL,0.0
2026-05-14T22:51:18.811042,45.84.x.x,7eae8003d7c9a839,41597,0,NON_MAVLINK_PROBE,SCANNER,0,,e444e6ff,NORMAL,0.0
2026-05-14T22:51:19.134556,185.150.x.x,0899ad263bc5947f,47644,0,NON_MAVLINK_PROBE,SCANNER,0,,408285dd,NORMAL,0.0
2026-05-14T22:51:19.249111,45.84.x.x,7eae8003d7c9a839,41611,0,NON_MAVLINK_PROBE,SCANNER,0,,4c217b76,NORMAL,0.0
2026-05-14T22:51:19.304715,45.84.x.x,7eae8003d7c9a839,41077,0,NON_MAVLINK_PROBE,SCANNER,0,,5c7aa807,NORMAL,0.0
2026-05-14T22:51:19.316288,185.150.x.x,0899ad263bc5947f,47650,0,NON_MAVLINK_PROBE,SCANNER,0,,4bf339cd,NORMAL,0.0
2026-05-14T22:51:19.771641,45.84.x.x,7eae8003d7c9a839,41079,0,NON_MAVLINK_PROBE,SCANNER,0,,28ee7a7e,NORMAL,0.0
2026-05-14T22:51:19.782984,45.84.x.x,7eae8003d7c9a839,41625,0,NON_MAVLINK_PROBE,SCANNER,0,,b8fcd232,NORMAL,0.0
2026-05-14T22:51:19.820924,185.150.x.x,0899ad263bc5947f,47654,0,NON_MAVLINK_PROBE,SCANNER,0,,0ddd92e5,NORMAL,0.0
2026-05-14T22:51:20.216629,45.84.x.x,7eae8003d7c9a839,65491,0,NON_MAVLINK_PROBE,SCANNER,0,,ac2fdb36,NORMAL,0.0
2026-05-14T22:51:20.237248,45.84.x.x,7eae8003d7c9a839,63961,0,NON_MAVLINK_PROBE,SCANNER,0,,3a21d090,NORMAL,0.0
2026-05-14T22:51:20.354258,185.150.x.x,0899ad263bc5947f,47658,0,NON_MAVLINK_PROBE,SCANNER,0,,3b55c719,NORMAL,0.0
2026-05-14T22:51:20.827503,45.84.x.x,7eae8003d7c9a839,65495,0,NON_MAVLINK_PROBE,SCANNER,0,,040b6ad9,NORMAL,0.0
2026-05-14T22:51:20.831710,45.84.x.x,7eae8003d7c9a839,63965,0,NON_MAVLINK_PROBE,SCANNER,0,,5d153fcc,NORMAL,0.0
2026-05-14T22:51:21.041177,185.150.x.x,0899ad263bc5947f,47666,0,NON_MAVLINK_PROBE,SCANNER,0,,12c925f0,NORMAL,0.0
2026-05-14T22:51:21.226496,45.84.x.x,7eae8003d7c9a839,65505,0,NON_MAVLINK_PROBE,SCANNER,0,,701df84c,NORMAL,0.0
2026-05-14T22:51:21.295609,45.84.x.x,7eae8003d7c9a839,63975,0,NON_MAVLINK_PROBE,SCANNER,0,,a547d3da,NORMAL,0.0
2026-05-14T22:51:21.625075,185.150.x.x,0899ad263bc5947f,47668,0,NON_MAVLINK_PROBE,SCANNER,0,,bd60fea2,NORMAL,0.0
2026-05-14T22:51:21.865595,45.84.x.x,7eae8003d7c9a839,63989,0,NON_MAVLINK_PROBE,SCANNER,0,,b2620850,NORMAL,0.0
2026-05-14T22:51:21.907987,45.84.x.x,7eae8003d7c9a839,65513,0,NON_MAVLINK_PROBE,SCANNER,0,,a261aac7,NORMAL,0.0
2026-05-14T22:51:22.600234,45.84.x.x,7eae8003d7c9a839,63999,0,NON_MAVLINK_PROBE,SCANNER,0,,f0882c85,NORMAL,0.0
2026-05-14T22:51:22.640722,45.84.x.x,7eae8003d7c9a839,65517,0,NON_MAVLINK_PROBE,SCANNER,0,,3767ee72,NORMAL,0.0
2026-05-14T22:51:22.664476,185.150.x.x,0899ad263bc5947f,47676,0,NON_MAVLINK_PROBE,SCANNER,0,,9fc04190,NORMAL,0.0
2026-05-14T22:51:23.239164,45.84.x.x,7eae8003d7c9a839,64001,0,NON_MAVLINK_PROBE,SCANNER,0,,cff8d815,NORMAL,0.0
2026-05-14T22:51:23.315731,45.84.x.x,7eae8003d7c9a839,65521,0,NON_MAVLINK_PROBE,SCANNER,0,,fcb4e7bb,NORMAL,0.0
2026-05-14T22:51:23.846579,185.150.x.x,0899ad263bc5947f,47684,0,NON_MAVLINK_PROBE,SCANNER,0,,0e9abcff,NORMAL,0.0
2026-05-14T22:51:24.459855,45.84.x.x,7eae8003d7c9a839,1,0,NON_MAVLINK_PROBE,SCANNER,0,,af10f4eb,NORMAL,0.0
2026-05-14T22:51:24.475020,45.84.x.x,7eae8003d7c9a839,64017,0,NON_MAVLINK_PROBE,SCANNER,0,,4eb45327,NORMAL,0.0
2026-05-14T22:51:24.567909,185.150.x.x,0899ad263bc5947f,35822,0,NON_MAVLINK_PROBE,SCANNER,0,,4f8818ad,NORMAL,0.0
2026-05-14T22:51:25.031721,45.84.x.x,7eae8003d7c9a839,64025,0,NON_MAVLINK_PROBE,SCANNER,0,,f1627a49,NORMAL,0.0
2026-05-14T22:51:25.052026,45.84.x.x,7eae8003d7c9a839,15,0,NON_MAVLINK_PROBE,SCANNER,0,,0d656ff5,NORMAL,0.0
2026-05-14T22:51:25.606201,185.150.x.x,0899ad263bc5947f,35824,0,NON_MAVLINK_PROBE,SCANNER,0,,21e4ca40,NORMAL,0.0
2026-05-14T22:51:25.787912,45.84.x.x,7eae8003d7c9a839,64027,0,NON_MAVLINK_PROBE,SCANNER,0,,609e1b9f,NORMAL,0.0
2026-05-14T22:51:25.909614,45.84.x.x,7eae8003d7c9a839,31,0,NON_MAVLINK_PROBE,SCANNER,0,,ae6cb89b,NORMAL,0.0
2026-05-14T22:51:25.958498,185.150.x.x,0899ad263bc5947f,35836,0,NON_MAVLINK_PROBE,SCANNER,0,,f6473d89,NORMAL,0.0
2026-05-14T22:51:26.064541,45.84.x.x,7eae8003d7c9a839,64041,0,NON_MAVLINK_PROBE,SCANNER,0,,30a88f35,NORMAL,0.0
2026-05-14T22:51:26.107392,45.84.x.x,7eae8003d7c9a839,37,0,NON_MAVLINK_PROBE,SCANNER,0,,6110be0f,NORMAL,0.0
2026-05-14T22:51:26.188632,185.150.x.x,0899ad263bc5947f,35846,0,NON_MAVLINK_PROBE,SCANNER,0,,bf3f57e4,NORMAL,0.0
2026-05-14T22:51:26.848858,45.84.x.x,7eae8003d7c9a839,64053,0,NON_MAVLINK_PROBE,SCANNER,0,,05299210,NORMAL,0.0
2026-05-14T22:51:27.435355,45.84.x.x,7eae8003d7c9a839,51,0,NON_MAVLINK_PROBE,SCANNER,0,,a4ec2545,NORMAL,0.0
2026-05-14T22:51:27.986575,185.150.x.x,0899ad263bc5947f,35858,0,NON_MAVLINK_PROBE,SCANNER,0,,e478c741,NORMAL,0.0
2026-05-14T22:51:28.639485,45.84.x.x,7eae8003d7c9a839,65,0,NON_MAVLINK_PROBE,SCANNER,0,,4dfdf825,NORMAL,0.0
2026-05-14T22:51:28.678262,45.84.x.x,7eae8003d7c9a839,64059,0,NON_MAVLINK_PROBE,SCANNER,0,,6b22fd1d,NORMAL,0.0
2026-05-14T22:51:29.214062,185.150.x.x,0899ad263bc5947f,35870,0,NON_MAVLINK_PROBE,SCANNER,0,,086d3d68,NORMAL,0.0
2026-05-14T22:51:29.303448,45.84.x.x,7eae8003d7c9a839,64065,0,NON_MAVLINK_PROBE,SCANNER,0,,fae9f398,NORMAL,0.0
2026-05-14T22:51:29.852077,45.84.x.x,7eae8003d7c9a839,75,0,NON_MAVLINK_PROBE,SCANNER,0,,35e90c4f,NORMAL,0.0
2026-05-14T22:51:29.976300,45.84.x.x,7eae8003d7c9a839,83,0,NON_MAVLINK_PROBE,SCANNER,0,,e740d879,NORMAL,0.0
2026-05-14T22:51:29.967656,185.150.x.x,0899ad263bc5947f,35872,0,NON_MAVLINK_PROBE,SCANNER,0,,1daa2527,NORMAL,0.0
2026-05-14T22:51:30.094782,45.84.x.x,7eae8003d7c9a839,64075,0,NON_MAVLINK_PROBE,SCANNER,0,,1e542061,NORMAL,0.0
2026-05-14T22:51:30.449939,185.150.x.x,0899ad263bc5947f,35882,0,NON_MAVLINK_PROBE,SCANNER,0,,af33b5e6,NORMAL,0.0
2026-05-14T22:51:30.421560,45.84.x.x,7eae8003d7c9a839,64091,0,NON_MAVLINK_PROBE,SCANNER,0,,9a048d25,NORMAL,0.0
2026-05-14T22:51:30.693784,45.84.x.x,7eae8003d7c9a839,91,0,NON_MAVLINK_PROBE,SCANNER,0,,6cbe5ddf,NORMAL,0.0
2026-05-14T22:51:30.901471,185.150.x.x,0899ad263bc5947f,35892,0,NON_MAVLINK_PROBE,SCANNER,0,,bdb5c01a,NORMAL,0.0
2026-05-14T22:51:31.043880,45.84.x.x,7eae8003d7c9a839,22573,0,NON_MAVLINK_PROBE,SCANNER,0,,95114429,NORMAL,0.0
2026-05-14T22:51:31.043456,45.84.x.x,7eae8003d7c9a839,33545,0,NON_MAVLINK_PROBE,SCANNER,0,,1f56fef6,NORMAL,0.0
2026-05-14T22:51:31.260585,45.84.x.x,7eae8003d7c9a839,33547,0,NON_MAVLINK_PROBE,SCANNER,0,,7252b990,NORMAL,0.0
2026-05-14T22:51:31.273671,45.84.x.x,7eae8003d7c9a839,22579,0,NON_MAVLINK_PROBE,SCANNER,0,,9613ea2a,NORMAL,0.0
2026-05-14T22:51:31.301428,185.150.x.x,0899ad263bc5947f,35894,0,NON_MAVLINK_PROBE,SCANNER,0,,0d66799e,NORMAL,0.0
2026-05-14T22:51:32.156347,45.84.x.x,7eae8003d7c9a839,22589,0,NON_MAVLINK_PROBE,SCANNER,0,,20928cd3,NORMAL,0.0
2026-05-14T22:51:32.148941,45.84.x.x,7eae8003d7c9a839,33553,0,NON_MAVLINK_PROBE,SCANNER,0,,8b84eabd,NORMAL,0.0
2026-05-14T22:51:32.214499,185.150.x.x,0899ad263bc5947f,35910,0,NON_MAVLINK_PROBE,SCANNER,0,,03b542be,NORMAL,0.0
2026-05-14T22:51:32.716778,45.84.x.x,7eae8003d7c9a839,22595,0,NON_MAVLINK_PROBE,SCANNER,0,,ea9fedec,NORMAL,0.0
2026-05-14T22:51:32.725700,45.84.x.x,7eae8003d7c9a839,33559,0,NON_MAVLINK_PROBE,SCANNER,0,,44527e6d,NORMAL,0.0
2026-05-14T22:51:32.760530,185.150.x.x,0899ad263bc5947f,35916,0,NON_MAVLINK_PROBE,SCANNER,0,,d1360c2b,NORMAL,0.0
2026-05-14T22:51:33.233066,45.84.x.x,7eae8003d7c9a839,22601,0,NON_MAVLINK_PROBE,SCANNER,0,,d375b23a,NORMAL,0.0
2026-05-14T22:51:33.241391,45.84.x.x,7eae8003d7c9a839,33571,0,NON_MAVLINK_PROBE,SCANNER,0,,7e0d469d,NORMAL,0.0
2026-05-14T22:51:33.289672,185.150.x.x,0899ad263bc5947f,35926,0,NON_MAVLINK_PROBE,SCANNER,0,,853bd571,NORMAL,0.0
2026-05-14T22:51:33.536323,45.84.x.x,7eae8003d7c9a839,22613,0,NON_MAVLINK_PROBE,SCANNER,0,,51a67111,NORMAL,0.0
2026-05-14T22:51:33.673258,45.84.x.x,7eae8003d7c9a839,33583,0,NON_MAVLINK_PROBE,SCANNER,0,,2aeb8ba2,NORMAL,0.0
2026-05-14T22:51:33.763994,185.150.x.x,0899ad263bc5947f,39582,0,NON_MAVLINK_PROBE,SCANNER,0,,8af53836,NORMAL,0.0
2026-05-14T22:51:34.515746,45.84.x.x,7eae8003d7c9a839,22623,0,NON_MAVLINK_PROBE,SCANNER,0,,87b82c60,NORMAL,0.0
2026-05-14T22:51:34.550092,45.84.x.x,7eae8003d7c9a839,33585,0,NON_MAVLINK_PROBE,SCANNER,0,,074f1a25,NORMAL,0.0
2026-05-14T22:51:34.594163,185.150.x.x,0899ad263bc5947f,39598,0,NON_MAVLINK_PROBE,SCANNER,0,,56f94066,NORMAL,0.0
2026-05-14T22:51:34.699564,45.84.x.x,7eae8003d7c9a839,22629,0,NON_MAVLINK_PROBE,SCANNER,0,,38663eb7,NORMAL,0.0
2026-05-14T22:51:34.994203,45.84.x.x,7eae8003d7c9a839,33599,0,NON_MAVLINK_PROBE,SCANNER,0,,e1fdc406,NORMAL,0.0
2026-05-14T22:51:35.212917,185.150.x.x,0899ad263bc5947f,39610,0,NON_MAVLINK_PROBE,SCANNER,0,,35f7221d,NORMAL,0.0
2026-05-14T22:51:35.448538,45.84.x.x,7eae8003d7c9a839,22637,0,NON_MAVLINK_PROBE,SCANNER,0,,06512839,NORMAL,0.0
2026-05-14T22:51:35.537408,45.84.x.x,7eae8003d7c9a839,33603,0,NON_MAVLINK_PROBE,SCANNER,0,,e9464544,NORMAL,0.0
2026-05-14T22:51:35.737016,185.150.x.x,0899ad263bc5947f,39618,0,NON_MAVLINK_PROBE,SCANNER,0,,1da7c4d4,NORMAL,0.0
2026-05-14T22:51:35.876402,45.84.x.x,7eae8003d7c9a839,22651,0,NON_MAVLINK_PROBE,SCANNER,0,,372a9b7c,NORMAL,0.0
2026-05-14T22:51:36.116817,45.84.x.x,7eae8003d7c9a839,33615,0,NON_MAVLINK_PROBE,SCANNER,0,,f554b712,NORMAL,0.0
2026-05-14T22:51:37.799755,185.150.x.x,0899ad263bc5947f,39626,0,NON_MAVLINK_PROBE,SCANNER,0,,a4998dcb,NORMAL,0.0
2026-05-14T22:51:37.837302,45.84.x.x,7eae8003d7c9a839,22655,0,NON_MAVLINK_PROBE,SCANNER,0,,2065f5c1,NORMAL,0.0
2026-05-14T22:51:37.942163,45.84.x.x,7eae8003d7c9a839,33625,0,NON_MAVLINK_PROBE,SCANNER,0,,cf02f3b2,NORMAL,0.0
2026-05-14T22:51:37.953531,185.150.x.x,0899ad263bc5947f,39632,0,NON_MAVLINK_PROBE,SCANNER,0,,ce2e579e,NORMAL,0.0
2026-05-14T22:51:37.969509,45.84.x.x,7eae8003d7c9a839,22657,0,NON_MAVLINK_PROBE,SCANNER,0,,7de2e909,NORMAL,0.0
2026-05-14T22:51:37.989410,45.84.x.x,7eae8003d7c9a839,33629,0,NON_MAVLINK_PROBE,SCANNER,0,,26bbe9cb,NORMAL,0.0
2026-05-14T22:51:38.099581,45.84.x.x,7eae8003d7c9a839,22661,0,NON_MAVLINK_PROBE,SCANNER,0,,6697080d,NORMAL,0.0
2026-05-14T22:51:38.205671,45.84.x.x,7eae8003d7c9a839,33643,0,NON_MAVLINK_PROBE,SCANNER,0,,41fb38a7,NORMAL,0.0
2026-05-14T22:51:38.701398,185.150.x.x,0899ad263bc5947f,39642,0,NON_MAVLINK_PROBE,SCANNER,0,,67871653,NORMAL,0.0
2026-05-14T22:51:39.077342,45.84.x.x,7eae8003d7c9a839,22665,0,NON_MAVLINK_PROBE,SCANNER,0,,74c873d5,NORMAL,0.0
2026-05-14T22:51:39.107739,45.84.x.x,7eae8003d7c9a839,33655,0,NON_MAVLINK_PROBE,SCANNER,0,,0594ea18,NORMAL,0.0
2026-05-14T22:51:39.139301,185.150.x.x,0899ad263bc5947f,39646,0,NON_MAVLINK_PROBE,SCANNER,0,,6851dcef,NORMAL,0.0
2026-05-14T22:51:39.684697,45.84.x.x,7eae8003d7c9a839,22671,0,NON_MAVLINK_PROBE,SCANNER,0,,5192f6f8,NORMAL,0.0
2026-05-14T22:51:39.761180,45.84.x.x,7eae8003d7c9a839,33657,0,NON_MAVLINK_PROBE,SCANNER,0,,ee2147a8,NORMAL,0.0
2026-05-14T22:51:39.789579,185.150.x.x,0899ad263bc5947f,39652,0,NON_MAVLINK_PROBE,SCANNER,0,,8f85e094,NORMAL,0.0
2026-05-14T22:51:40.109123,45.84.x.x,7eae8003d7c9a839,5689,0,NON_MAVLINK_PROBE,SCANNER,0,,06d35fcc,NORMAL,0.0
2026-05-14T22:51:40.137664,45.84.x.x,7eae8003d7c9a839,25743,0,NON_MAVLINK_PROBE,SCANNER,0,,c6debc1b,NORMAL,0.0
2026-05-14T22:51:40.332678,185.150.x.x,0899ad263bc5947f,39666,0,NON_MAVLINK_PROBE,SCANNER,0,,1ff55175,NORMAL,0.0
2026-05-14T22:51:40.750327,45.84.x.x,7eae8003d7c9a839,5693,0,NON_MAVLINK_PROBE,SCANNER,0,,3db80e15,NORMAL,0.0
2026-05-14T22:51:40.794024,45.84.x.x,7eae8003d7c9a839,25753,0,NON_MAVLINK_PROBE,SCANNER,0,,c5e147d5,NORMAL,0.0
2026-05-14T22:51:40.917626,185.150.x.x,0899ad263bc5947f,39676,0,NON_MAVLINK_PROBE,SCANNER,0,,22df9d72,NORMAL,0.0
2026-05-14T22:51:41.276885,45.84.x.x,7eae8003d7c9a839,5707,0,NON_MAVLINK_PROBE,SCANNER,0,,20916514,NORMAL,0.0
2026-05-14T22:51:41.343321,45.84.x.x,7eae8003d7c9a839,25765,0,NON_MAVLINK_PROBE,SCANNER,0,,a7f86961,NORMAL,0.0
2026-05-14T22:51:41.549097,185.150.x.x,0899ad263bc5947f,39686,0,NON_MAVLINK_PROBE,SCANNER,0,,3f7e2f54,NORMAL,0.0
2026-05-14T22:51:41.801576,45.84.x.x,7eae8003d7c9a839,5721,0,NON_MAVLINK_PROBE,SCANNER,0,,bbcc6f6b,NORMAL,0.0
2026-05-14T22:51:42.027218,45.84.x.x,7eae8003d7c9a839,25769,0,NON_MAVLINK_PROBE,SCANNER,0,,35dc92fe,NORMAL,0.0
2026-05-14T22:51:42.204489,185.150.x.x,0899ad263bc5947f,39690,0,NON_MAVLINK_PROBE,SCANNER,0,,10d3c9e9,NORMAL,0.0
2026-05-14T22:51:42.546726,45.84.x.x,7eae8003d7c9a839,25771,0,NON_MAVLINK_PROBE,SCANNER,0,,efe5a319,NORMAL,0.0
2026-05-14T22:51:42.554894,45.84.x.x,7eae8003d7c9a839,5731,0,NON_MAVLINK_PROBE,SCANNER,0,,a33ec2a6,NORMAL,0.0
2026-05-14T22:51:42.820573,185.150.x.x,0899ad263bc5947f,39698,0,NON_MAVLINK_PROBE,SCANNER,0,,3a7c3769,NORMAL,0.0
2026-05-14T22:51:42.864156,45.84.x.x,7eae8003d7c9a839,5741,0,NON_MAVLINK_PROBE,SCANNER,0,,46590d63,NORMAL,0.0
2026-05-14T22:51:43.161457,45.84.x.x,7eae8003d7c9a839,25783,0,NON_MAVLINK_PROBE,SCANNER,0,,4b87ef54,NORMAL,0.0
2026-05-14T22:51:44.074174,45.84.x.x,7eae8003d7c9a839,5749,0,NON_MAVLINK_PROBE,SCANNER,0,,3d20e6c1,NORMAL,0.0
2026-05-14T22:51:44.695484,45.84.x.x,7eae8003d7c9a839,25791,0,NON_MAVLINK_PROBE,SCANNER,0,,d022ca0e,NORMAL,0.0
2026-05-14T22:51:44.900440,185.150.x.x,0899ad263bc5947f,37304,0,NON_MAVLINK_PROBE,SCANNER,0,,7e8d3472,NORMAL,0.0
2026-05-14T22:51:45.068769,45.84.x.x,7eae8003d7c9a839,25799,0,NON_MAVLINK_PROBE,SCANNER,0,,155aab88,NORMAL,0.0
2026-05-14T22:51:45.104320,45.84.x.x,7eae8003d7c9a839,5761,0,NON_MAVLINK_PROBE,SCANNER,0,,4fa7f204,NORMAL,0.0
2026-05-14T22:51:45.111029,185.150.x.x,0899ad263bc5947f,37314,0,NON_MAVLINK_PROBE,SCANNER,0,,83f8a79d,NORMAL,0.0
2026-05-14T22:51:45.474878,45.84.x.x,7eae8003d7c9a839,5777,0,NON_MAVLINK_PROBE,SCANNER,0,,a5a4fa24,NORMAL,0.0
2026-05-14T22:51:45.481609,45.84.x.x,7eae8003d7c9a839,25801,0,NON_MAVLINK_PROBE,SCANNER,0,,8e08ae37,NORMAL,0.0
2026-05-14T22:51:45.504025,185.150.x.x,0899ad263bc5947f,37328,0,NON_MAVLINK_PROBE,SCANNER,0,,5a944768,NORMAL,0.0
2026-05-14T22:51:45.982985,45.84.x.x,7eae8003d7c9a839,5787,0,NON_MAVLINK_PROBE,SCANNER,0,,8d4fdcd1,NORMAL,0.0
2026-05-14T22:51:46.228076,45.84.x.x,7eae8003d7c9a839,25817,0,NON_MAVLINK_PROBE,SCANNER,0,,de732133,NORMAL,0.0
2026-05-14T22:51:46.273407,185.150.x.x,0899ad263bc5947f,37338,0,NON_MAVLINK_PROBE,SCANNER,0,,35da81e4,NORMAL,0.0
2026-05-14T22:51:46.636191,45.84.x.x,7eae8003d7c9a839,25821,0,NON_MAVLINK_PROBE,SCANNER,0,,0991f9fa,NORMAL,0.0
2026-05-14T22:51:46.651284,45.84.x.x,7eae8003d7c9a839,5799,0,NON_MAVLINK_PROBE,SCANNER,0,,23338819,NORMAL,0.0
2026-05-14T22:51:46.695836,185.150.x.x,0899ad263bc5947f,37340,0,NON_MAVLINK_PROBE,SCANNER,0,,c9f7127a,NORMAL,0.0
2026-05-14T22:51:46.984586,45.84.x.x,7eae8003d7c9a839,5801,0,NON_MAVLINK_PROBE,SCANNER,0,,fdc97c5b,NORMAL,0.0
2026-05-14T22:51:47.171094,45.84.x.x,7eae8003d7c9a839,25829,0,NON_MAVLINK_PROBE,SCANNER,0,,0c65e1a6,NORMAL,0.0
2026-05-14T22:51:48.245159,185.150.x.x,0899ad263bc5947f,37346,0,NON_MAVLINK_PROBE,SCANNER,0,,e936bffa,NORMAL,0.0
2026-05-14T22:51:48.516981,45.84.x.x,7eae8003d7c9a839,25837,0,NON_MAVLINK_PROBE,SCANNER,0,,d84320e8,NORMAL,0.0
2026-05-14T22:51:48.539794,45.84.x.x,7eae8003d7c9a839,5803,0,NON_MAVLINK_PROBE,SCANNER,0,,a0594b5a,NORMAL,0.0
2026-05-14T22:51:48.613308,45.84.x.x,7eae8003d7c9a839,25849,0,NON_MAVLINK_PROBE,SCANNER,0,,d13e92b2,NORMAL,0.0
2026-05-14T22:51:48.615785,185.150.x.x,0899ad263bc5947f,37360,0,NON_MAVLINK_PROBE,SCANNER,0,,1000401f,NORMAL,0.0
2026-05-14T22:51:49.124601,45.84.x.x,7eae8003d7c9a839,25851,0,NON_MAVLINK_PROBE,SCANNER,0,,da36752b,NORMAL,0.0
2026-05-14T22:51:49.368484,185.150.x.x,0899ad263bc5947f,37370,0,NON_MAVLINK_PROBE,SCANNER,0,,154d0fe9,NORMAL,0.0
2026-05-14T22:51:49.540881,45.84.x.x,7eae8003d7c9a839,25855,0,NON_MAVLINK_PROBE,SCANNER,0,,e3d5a6d2,NORMAL,0.0
2026-05-14T22:51:49.798873,185.150.x.x,0899ad263bc5947f,37376,0,NON_MAVLINK_PROBE,SCANNER,0,,37b4844a,NORMAL,0.0
2026-05-14T22:51:50.537405,45.84.x.x,7eae8003d7c9a839,13451,0,NON_MAVLINK_PROBE,SCANNER,0,,b139aa3b,NORMAL,0.0
2026-05-14T22:51:50.900418,185.150.x.x,0899ad263bc5947f,37390,0,NON_MAVLINK_PROBE,SCANNER,0,,01cd4a08,NORMAL,0.0
2026-05-14T22:51:51.123957,45.84.x.x,7eae8003d7c9a839,13467,0,NON_MAVLINK_PROBE,SCANNER,0,,4d804700,NORMAL,0.0
2026-05-14T22:51:51.189197,185.150.x.x,0899ad263bc5947f,37402,0,NON_MAVLINK_PROBE,SCANNER,0,,47c88ad0,NORMAL,0.0
2026-05-14T22:51:51.479840,45.84.x.x,7eae8003d7c9a839,13469,0,NON_MAVLINK_PROBE,SCANNER,0,,54720035,NORMAL,0.0
2026-05-14T22:51:51.770025,185.150.x.x,0899ad263bc5947f,37410,0,NON_MAVLINK_PROBE,SCANNER,0,,030aa73e,NORMAL,0.0
2026-05-14T22:51:51.946929,45.84.x.x,7eae8003d7c9a839,13477,0,NON_MAVLINK_PROBE,SCANNER,0,,aad85587,NORMAL,0.0
2026-05-14T22:51:52.284887,185.150.x.x,0899ad263bc5947f,37422,0,NON_MAVLINK_PROBE,SCANNER,0,,a08f976d,NORMAL,0.0
2026-05-14T22:51:52.627462,45.84.x.x,7eae8003d7c9a839,13485,0,NON_MAVLINK_PROBE,SCANNER,0,,ec9b139b,NORMAL,0.0
2026-05-14T22:51:53.011917,185.150.x.x,0899ad263bc5947f,37434,0,NON_MAVLINK_PROBE,SCANNER,0,,665ad2b7,NORMAL,0.0
2026-05-14T22:51:53.044074,45.84.x.x,7eae8003d7c9a839,13491,0,NON_MAVLINK_PROBE,SCANNER,0,,3f1fe888,NORMAL,0.0
2026-05-14T22:51:53.852398,45.84.x.x,7eae8003d7c9a839,13493,0,NON_MAVLINK_PROBE,SCANNER,0,,30ae039d,NORMAL,0.0
2026-05-14T22:51:53.909395,185.150.x.x,0899ad263bc5947f,59858,0,NON_MAVLINK_PROBE,SCANNER,0,,e1f7c22a,NORMAL,0.0
2026-05-14T22:51:53.965761,45.84.x.x,7eae8003d7c9a839,13507,0,NON_MAVLINK_PROBE,SCANNER,0,,85981b4c,NORMAL,0.0
2026-05-14T22:51:54.313130,185.150.x.x,0899ad263bc5947f,59860,0,NON_MAVLINK_PROBE,SCANNER,0,,4541c50a,NORMAL,0.0
2026-05-14T22:51:54.420599,45.84.x.x,7eae8003d7c9a839,13509,0,NON_MAVLINK_PROBE,SCANNER,0,,c0d91950,NORMAL,0.0
2026-05-14T22:51:55.553414,185.150.x.x,0899ad263bc5947f,59872,0,NON_MAVLINK_PROBE,SCANNER,0,,3d68fde6,NORMAL,0.0
2026-05-14T22:51:55.673779,45.84.x.x,7eae8003d7c9a839,13515,0,NON_MAVLINK_PROBE,SCANNER,0,,d0e5d020,NORMAL,0.0
2026-05-14T22:51:56.023815,185.150.x.x,0899ad263bc5947f,59880,0,NON_MAVLINK_PROBE,SCANNER,0,,7ea3053d,NORMAL,0.0
2026-05-14T22:51:56.027777,45.84.x.x,7eae8003d7c9a839,13529,0,NON_MAVLINK_PROBE,SCANNER,0,,c5e3f164,NORMAL,0.0
2026-05-14T22:51:56.316778,45.84.x.x,7eae8003d7c9a839,13535,0,NON_MAVLINK_PROBE,SCANNER,0,,fcd050c3,NORMAL,0.0
2026-05-14T22:51:56.439402,185.150.x.x,0899ad263bc5947f,59890,0,NON_MAVLINK_PROBE,SCANNER,0,,f4f5d88e,NORMAL,0.0
2026-05-14T22:51:57.189772,45.84.x.x,7eae8003d7c9a839,13541,0,NON_MAVLINK_PROBE,SCANNER,0,,2ac42d30,NORMAL,0.0
2026-05-14T22:51:57.461418,185.150.x.x,0899ad263bc5947f,59900,0,NON_MAVLINK_PROBE,SCANNER,0,,9b6277cd,NORMAL,0.0
2026-05-14T22:51:57.608787,45.84.x.x,7eae8003d7c9a839,13543,0,NON_MAVLINK_PROBE,SCANNER,0,,7237f42f,NORMAL,0.0
2026-05-14T22:51:58.158081,185.150.x.x,0899ad263bc5947f,59914,0,NON_MAVLINK_PROBE,SCANNER,0,,539ecb58,NORMAL,0.0
2026-05-14T22:51:58.518238,45.84.x.x,7eae8003d7c9a839,13545,0,NON_MAVLINK_PROBE,SCANNER,0,,a8f1d827,NORMAL,0.0
2026-05-14T22:51:58.623342,185.150.x.x,0899ad263bc5947f,59930,0,NON_MAVLINK_PROBE,SCANNER,0,,385f25d1,NORMAL,0.0
2026-05-14T22:51:58.659338,45.84.x.x,7eae8003d7c9a839,13547,0,NON_MAVLINK_PROBE,SCANNER,0,,da2f9d83,NORMAL,0.0
2026-05-14T22:51:59.099450,185.150.x.x,0899ad263bc5947f,59944,0,NON_MAVLINK_PROBE,SCANNER,0,,323c5fd0,NORMAL,0.0
2026-05-14T22:51:59.128214,45.84.x.x,7eae8003d7c9a839,13555,0,NON_MAVLINK_PROBE,SCANNER,0,,9f9dd4b1,NORMAL,0.0
2026-05-14T22:51:59.624976,45.84.x.x,7eae8003d7c9a839,13559,0,NON_MAVLINK_PROBE,SCANNER,0,,ccbbcda1,NORMAL,0.0
2026-05-14T22:51:59.907096,185.150.x.x,0899ad263bc5947f,59954,0,NON_MAVLINK_PROBE,SCANNER,0,,c42424bd,NORMAL,0.0
2026-05-14T22:52:00.498403,45.84.x.x,7eae8003d7c9a839,61195,0,NON_MAVLINK_PROBE,SCANNER,0,,9c67aaa1,NORMAL,0.0
2026-05-14T22:52:00.498745,185.150.x.x,0899ad263bc5947f,59966,0,NON_MAVLINK_PROBE,SCANNER,0,,d96cc977,NORMAL,0.0
2026-05-14T22:52:01.416612,185.150.x.x,0899ad263bc5947f,59980,0,NON_MAVLINK_PROBE,SCANNER,0,,ac82bd11,NORMAL,0.0
2026-05-14T22:52:02.175121,185.150.x.x,0899ad263bc5947f,59988,0,NON_MAVLINK_PROBE,SCANNER,0,,9f1fa9d0,NORMAL,0.0
2026-05-14T22:52:02.556017,185.150.x.x,0899ad263bc5947f,60004,0,NON_MAVLINK_PROBE,SCANNER,0,,01967a42,NORMAL,0.0
2026-05-14T22:52:03.101525,185.150.x.x,0899ad263bc5947f,60012,0,NON_MAVLINK_PROBE,SCANNER,0,,f23a7ee3,NORMAL,0.0
2026-05-14T22:52:03.685533,185.150.x.x,0899ad263bc5947f,60304,0,NON_MAVLINK_PROBE,SCANNER,0,,bacfcba7,NORMAL,0.0
2026-05-14T22:52:04.334739,185.150.x.x,0899ad263bc5947f,60318,0,NON_MAVLINK_PROBE,SCANNER,0,,501f20fa,NORMAL,0.0
2026-05-14T22:52:05.015254,185.150.x.x,0899ad263bc5947f,60330,0,NON_MAVLINK_PROBE,SCANNER,0,,7376742f,NORMAL,0.0
2026-05-14T22:52:05.819517,185.150.x.x,0899ad263bc5947f,60340,0,NON_MAVLINK_PROBE,SCANNER,0,,18605bf8,NORMAL,0.0
2026-05-14T22:52:06.413219,185.150.x.x,0899ad263bc5947f,60346,0,NON_MAVLINK_PROBE,SCANNER,0,,df4ab818,NORMAL,0.0
2026-05-14T22:52:07.061388,185.150.x.x,0899ad263bc5947f,60350,0,NON_MAVLINK_PROBE,SCANNER,0,,ded96b3f,NORMAL,0.0
2026-05-14T22:52:07.702798,185.150.x.x,0899ad263bc5947f,60364,0,NON_MAVLINK_PROBE,SCANNER,0,,446df643,NORMAL,0.0
2026-05-14T22:52:08.424892,185.150.x.x,0899ad263bc5947f,60378,0,NON_MAVLINK_PROBE,SCANNER,0,,fc5f3f27,NORMAL,0.0
2026-05-14T22:52:08.940225,185.150.x.x,0899ad263bc5947f,60384,0,NON_MAVLINK_PROBE,SCANNER,0,,02be3341,NORMAL,0.0
2026-05-14T22:52:09.509427,185.150.x.x,0899ad263bc5947f,60396,0,NON_MAVLINK_PROBE,SCANNER,0,,47512e7c,NORMAL,0.0
2026-05-14T22:52:10.276332,185.150.x.x,0899ad263bc5947f,60410,0,NON_MAVLINK_PROBE,SCANNER,0,,7c8ce7a1,NORMAL,0.0
2026-05-14T22:52:10.968740,185.150.x.x,0899ad263bc5947f,60418,0,NON_MAVLINK_PROBE,SCANNER,0,,0fcbf916,NORMAL,0.0
2026-05-14T22:52:11.477494,185.150.x.x,0899ad263bc5947f,60428,0,NON_MAVLINK_PROBE,SCANNER,0,,edd9e93c,NORMAL,0.0
2026-05-14T22:52:12.303555,185.150.x.x,0899ad263bc5947f,60440,0,NON_MAVLINK_PROBE,SCANNER,0,,f74a4afe,NORMAL,0.0
2026-05-14T22:52:12.770670,185.150.x.x,0899ad263bc5947f,60456,0,NON_MAVLINK_PROBE,SCANNER,0,,38f15bdb,NORMAL,0.0
2026-05-14T22:52:13.613422,185.150.x.x,0899ad263bc5947f,60458,0,NON_MAVLINK_PROBE,SCANNER,0,,2fb51034,NORMAL,0.0
2026-05-14T22:52:14.276435,185.150.x.x,0899ad263bc5947f,57006,0,NON_MAVLINK_PROBE,SCANNER,0,,e003c90c,NORMAL,0.0
2026-05-14T22:52:14.733710,185.150.x.x,0899ad263bc5947f,57008,0,NON_MAVLINK_PROBE,SCANNER,0,,a40daab7,NORMAL,0.0
2026-05-14T22:52:15.412749,185.150.x.x,0899ad263bc5947f,57022,0,NON_MAVLINK_PROBE,SCANNER,0,,ddb8044d,NORMAL,0.0
2026-05-14T22:52:16.095831,185.150.x.x,0899ad263bc5947f,57026,0,NON_MAVLINK_PROBE,SCANNER,0,,58501d44,NORMAL,0.0
2026-05-14T22:52:16.762959,185.150.x.x,0899ad263bc5947f,57042,0,NON_MAVLINK_PROBE,SCANNER,0,,6266569f,NORMAL,0.0
2026-05-14T22:52:17.385145,185.150.x.x,0899ad263bc5947f,57050,0,NON_MAVLINK_PROBE,SCANNER,0,,253de8d5,NORMAL,0.0
2026-05-14T22:52:17.964284,185.150.x.x,0899ad263bc5947f,57052,0,NON_MAVLINK_PROBE,SCANNER,0,,d61ca79c,NORMAL,0.0
2026-05-14T22:52:18.564773,185.150.x.x,0899ad263bc5947f,57054,0,NON_MAVLINK_PROBE,SCANNER,0,,2cc1bdc0,NORMAL,0.0
2026-05-14T22:52:19.261283,185.150.x.x,0899ad263bc5947f,57062,0,NON_MAVLINK_PROBE,SCANNER,0,,8dc6b595,NORMAL,0.0
2026-05-14T22:52:19.739464,185.150.x.x,0899ad263bc5947f,57070,0,NON_MAVLINK_PROBE,SCANNER,0,,02f81023,NORMAL,0.0
2026-05-14T22:52:20.637282,185.150.x.x,0899ad263bc5947f,57078,0,NON_MAVLINK_PROBE,SCANNER,0,,2da5a6ea,NORMAL,0.0
2026-05-14T22:52:21.104357,185.150.x.x,0899ad263bc5947f,57088,0,NON_MAVLINK_PROBE,SCANNER,0,,a0e8864e,NORMAL,0.0
2026-05-14T22:52:21.771782,185.150.x.x,0899ad263bc5947f,57098,0,NON_MAVLINK_PROBE,SCANNER,0,,a057a04f,NORMAL,0.0
2026-05-14T22:52:22.521624,185.150.x.x,0899ad263bc5947f,57100,0,NON_MAVLINK_PROBE,SCANNER,0,,d352ad41,NORMAL,0.0
2026-05-14T22:52:23.068727,185.150.x.x,0899ad263bc5947f,57112,0,NON_MAVLINK_PROBE,SCANNER,0,,467049d4,NORMAL,0.0
2026-05-14T22:52:23.663644,185.150.x.x,0899ad263bc5947f,59284,0,NON_MAVLINK_PROBE,SCANNER,0,,366ece55,NORMAL,0.0
2026-05-14T22:52:24.405374,185.150.x.x,0899ad263bc5947f,59292,0,NON_MAVLINK_PROBE,SCANNER,0,,eb53b489,NORMAL,0.0
2026-05-14T22:52:24.990574,185.150.x.x,0899ad263bc5947f,59296,0,NON_MAVLINK_PROBE,SCANNER,0,,93c2c701,NORMAL,0.0
2026-05-14T23:15:36.207044,185.242.x.x,33dc1795fb750a95,49152,0,NON_MAVLINK_PROBE,SCANNER,0,,874ff514,NORMAL,0.0
2026-05-14T23:15:57.500990,185.242.x.x,33dc1795fb750a95,41698,0,NON_MAVLINK_PROBE,SCANNER,0,,2dc1887e,NORMAL,0.0
2026-05-14T23:51:51.852040,204.76.x.x,c804eabb0c6ba4bc,35886,0,NON_MAVLINK_PROBE,SCANNER,0,,a3b92b4a,NORMAL,0.0
2026-05-14T23:53:53.146294,45.198.x.x,7db0b45618a77305,53478,0,NON_MAVLINK_PROBE,SCANNER,0,,b39dbe2e,NORMAL,0.0
2026-05-14T23:58:18.680647,174.129.x.x,7e38b1fe407ff59d,29150,0,NON_MAVLINK_PROBE,SCANNER,0,,49ae9312,NORMAL,0.0
2026-05-15T00:06:59.539348,205.210.x.x,5daaa024cc3123c7,60604,0,NON_MAVLINK_PROBE,SCANNER,0,,c3271b61,NORMAL,0.0
2026-05-15T00:06:59.535802,205.210.x.x,5daaa024cc3123c7,60592,0,NON_MAVLINK_PROBE,SCANNER,0,,0ced0c5c,NORMAL,0.0
2026-05-15T00:37:39.532118,45.198.x.x,7db0b45618a77305,33374,0,NON_MAVLINK_PROBE,SCANNER,0,,0589c95d,NORMAL,0.0
2026-05-15T00:44:10.693636,180.149.x.x,5e078f66fdf2fe36,11387,0,NON_MAVLINK_PROBE,SCANNER,0,,84f8def4,NORMAL,0.0
2026-05-15T00:55:04.876651,172.235.x.x,167a785d8a017577,40842,0,NON_MAVLINK_PROBE,SCANNER,0,,d56b822a,NORMAL,0.0
2026-05-15T00:55:14.870581,172.235.x.x,167a785d8a017577,58588,0,NON_MAVLINK_PROBE,SCANNER,0,,ab5839fe,NORMAL,0.0
2026-05-15T01:08:00.564372,45.205.x.x,8cf65c323720a4c3,53716,0,NON_MAVLINK_PROBE,SCANNER,0,,349cba88,NORMAL,0.0
2026-05-15T01:08:13.738272,45.205.x.x,8cf65c323720a4c3,53730,0,NON_MAVLINK_PROBE,SCANNER,0,,6692ab1f,NORMAL,0.0
2026-05-15T01:08:26.397286,45.205.x.x,8cf65c323720a4c3,46022,0,NON_MAVLINK_PROBE,SCANNER,0,,4dffba52,NORMAL,0.0
2026-05-15T01:08:32.435801,198.235.x.x,fc41203f4308ef67,64048,0,NON_MAVLINK_PROBE,SCANNER,0,,47de251d,NORMAL,0.0
2026-05-15T01:08:39.899551,45.205.x.x,8cf65c323720a4c3,45526,0,NON_MAVLINK_PROBE,SCANNER,0,,e1abf97a,NORMAL,0.0
2026-05-15T01:08:53.191475,45.205.x.x,8cf65c323720a4c3,41490,0,NON_MAVLINK_PROBE,SCANNER,0,,737acba4,NORMAL,0.0
2026-05-15T01:09:06.024211,45.205.x.x,8cf65c323720a4c3,42042,0,NON_MAVLINK_PROBE,SCANNER,0,,2e2092eb,NORMAL,0.0
2026-05-15T01:09:18.672681,45.205.x.x,8cf65c323720a4c3,53852,0,NON_MAVLINK_PROBE,SCANNER,0,,6bdb52c3,NORMAL,0.0
2026-05-15T01:14:34.113025,176.65.x.x,bc00f8e48dd54131,59876,0,NON_MAVLINK_PROBE,SCANNER,0,,60936b6b,NORMAL,0.0
2026-05-15T01:17:48.650545,64.62.x.x,d4e2d2af3a6ec2b5,47082,0,NON_MAVLINK_PROBE,SCANNER,0,,5864ce65,NORMAL,0.0
2026-05-15T01:54:05.773756,130.12.x.x,9358db51a690d798,44112,0,NON_MAVLINK_PROBE,SCANNER,0,,4ca4f6e7,NORMAL,0.0
2026-05-15T01:54:07.964742,130.12.x.x,9358db51a690d798,44126,0,NON_MAVLINK_PROBE,SCANNER,0,,f4087612,NORMAL,0.0
2026-05-15T01:54:09.927965,130.12.x.x,9358db51a690d798,44134,0,NON_MAVLINK_PROBE,SCANNER,0,,e9226c4a,NORMAL,0.0
2026-05-15T01:54:11.304470,130.12.x.x,9358db51a690d798,44142,0,NON_MAVLINK_PROBE,SCANNER,0,,21b34655,NORMAL,0.0
2026-05-15T01:54:16.668096,130.12.x.x,9358db51a690d798,51992,0,NON_MAVLINK_PROBE,SCANNER,0,,25e901b6,NORMAL,0.0
2026-05-15T01:54:16.781959,130.12.x.x,9358db51a690d798,51994,0,NON_MAVLINK_PROBE,SCANNER,0,,7052f60a,NORMAL,0.0
2026-05-15T01:54:19.084679,130.12.x.x,9358db51a690d798,52008,0,NON_MAVLINK_PROBE,SCANNER,0,,a8175240,NORMAL,0.0
2026-05-15T01:54:19.124599,130.12.x.x,9358db51a690d798,52018,0,NON_MAVLINK_PROBE,SCANNER,0,,321f1b93,NORMAL,0.0
2026-05-15T02:03:41.827440,204.76.x.x,c804eabb0c6ba4bc,40044,0,NON_MAVLINK_PROBE,SCANNER,0,,e7340ad9,NORMAL,0.0
2026-05-15T02:04:21.453307,147.185.x.x,ee972c6261200bf4,61146,0,NON_MAVLINK_PROBE,SCANNER,0,,9c97b39c,NORMAL,0.0
2026-05-15T02:04:21.459107,147.185.x.x,ee972c6261200bf4,61160,0,NON_MAVLINK_PROBE,SCANNER,0,,15308eb2,NORMAL,0.0
2026-05-15T02:05:16.760367,5.61.x.x,4daa61e0b2e4ba7f,55404,0,NON_MAVLINK_PROBE,SCANNER,0,,1319c568,NORMAL,0.0
2026-05-15T02:12:44.114585,130.12.x.x,ad1a1d352a800c18,41902,0,NON_MAVLINK_PROBE,SCANNER,0,,37e5828d,NORMAL,0.0
2026-05-15T02:23:17.365727,104.140.x.x,8124100a3473aa45,50283,0,NON_MAVLINK_PROBE,SCANNER,0,,12e9547e,NORMAL,0.0
2026-05-15T02:23:31.470806,104.140.x.x,8124100a3473aa45,59772,0,NON_MAVLINK_PROBE,SCANNER,0,,d2a7ff58,NORMAL,0.0
2026-05-15T02:43:46.961403,79.124.x.x,a3dc2bc09007bf5d,56480,0,NON_MAVLINK_PROBE,SCANNER,0,,20efcab0,NORMAL,0.0
2026-05-15T02:49:50.289323,130.12.x.x,ad1a1d352a800c18,35792,0,NON_MAVLINK_PROBE,SCANNER,0,,7eeec498,NORMAL,0.0
2026-05-15T02:51:20.896261,5.61.x.x,4daa61e0b2e4ba7f,35320,0,NON_MAVLINK_PROBE,SCANNER,0,,06df2c3c,NORMAL,0.0
2026-05-15T03:11:05.775413,79.124.x.x,a3dc2bc09007bf5d,38894,0,NON_MAVLINK_PROBE,SCANNER,0,,71c0cb78,NORMAL,0.0
2026-05-15T03:26:03.299487,216.180.x.x,7dfc8eca977e7211,21923,0,NON_MAVLINK_PROBE,SCANNER,0,,5d61d3ae,NORMAL,0.0
2026-05-15T03:26:39.349373,216.180.x.x,7dfc8eca977e7211,21923,0,NON_MAVLINK_PROBE,SCANNER,0,,5ce8be3a,NORMAL,0.0
2026-05-15T03:27:20.319710,216.180.x.x,7dfc8eca977e7211,57700,0,NON_MAVLINK_PROBE,SCANNER,0,,3318af1e,NORMAL,0.0
2026-05-15T03:27:46.157460,216.180.x.x,7dfc8eca977e7211,9318,0,NON_MAVLINK_PROBE,SCANNER,0,,7b44f020,NORMAL,0.0
2026-05-15T03:27:49.617523,216.180.x.x,7dfc8eca977e7211,21923,0,NON_MAVLINK_PROBE,SCANNER,0,,b8f6217b,NORMAL,0.0
2026-05-15T03:28:49.581631,216.180.x.x,7dfc8eca977e7211,50246,0,NON_MAVLINK_PROBE,SCANNER,0,,4fe0f79d,NORMAL,0.0
2026-05-15T03:40:39.533139,204.76.x.x,c804eabb0c6ba4bc,53558,0,NON_MAVLINK_PROBE,SCANNER,0,,6745733d,NORMAL,0.0
2026-05-15T03:43:56.826927,87.121.x.x,96a18b7f493391f2,53898,0,NON_MAVLINK_PROBE,SCANNER,0,,ac9c9bfb,NORMAL,0.0
2026-05-15T04:05:48.409162,90.151.x.x,0d11f4acfa5df721,22257,0,NON_MAVLINK_PROBE,SCANNER,0,,de6973eb,NORMAL,0.0
2026-05-15T04:05:49.874644,5.61.x.x,4daa61e0b2e4ba7f,46552,0,NON_MAVLINK_PROBE,SCANNER,0,,97d77b9f,NORMAL,0.0
2026-05-15T04:05:53.589421,90.151.x.x,0d11f4acfa5df721,28767,0,NON_MAVLINK_PROBE,SCANNER,0,,0e557c0d,NORMAL,0.0
2026-05-15T04:06:03.252404,90.151.x.x,0d11f4acfa5df721,55185,0,NON_MAVLINK_PROBE,SCANNER,0,,2b627b56,NORMAL,0.0
2026-05-15T04:06:03.771345,90.151.x.x,0d11f4acfa5df721,12519,0,NON_MAVLINK_PROBE,SCANNER,0,,3121af24,NORMAL,0.0
2026-05-15T04:36:11.323698,35.241.x.x,d7d38ba27a8dd2ad,48742,0,NON_MAVLINK_PROBE,SCANNER,0,,de01cb7f,NORMAL,0.0
2026-05-15T04:43:46.567917,45.198.x.x,7db0b45618a77305,60666,0,NON_MAVLINK_PROBE,SCANNER,0,,a4cce485,NORMAL,0.0
2026-05-15T04:47:22.832653,204.76.x.x,c804eabb0c6ba4bc,45128,0,NON_MAVLINK_PROBE,SCANNER,0,,5ce306ff,NORMAL,0.0
2026-05-15T05:00:49.763159,3.129.x.x,e3111d802ac43609,43946,0,NON_MAVLINK_PROBE,SCANNER,0,,7040e8c4,NORMAL,0.0
2026-05-15T05:01:58.354400,3.129.x.x,e3111d802ac43609,35236,0,NON_MAVLINK_PROBE,SCANNER,0,,125f2c87,NORMAL,0.0
2026-05-15T05:03:59.340838,3.129.x.x,e3111d802ac43609,46156,0,NON_MAVLINK_PROBE,SCANNER,0,,6d42423f,NORMAL,0.0
2026-05-15T05:05:18.445358,3.129.x.x,e3111d802ac43609,42364,0,NON_MAVLINK_PROBE,SCANNER,0,,a804c013,NORMAL,0.0
2026-05-15T05:31:25.260312,3.130.x.x,df7aa93c9c5b5b54,58902,0,NON_MAVLINK_PROBE,SCANNER,0,,b25df7f7,NORMAL,0.0
2026-05-15T05:32:19.956813,3.129.x.x,e3111d802ac43609,48806,0,NON_MAVLINK_PROBE,SCANNER,0,,94f9e517,NORMAL,0.0
2026-05-15T05:56:27.936190,217.60.x.x,02df158b8833d0ac,49290,0,NON_MAVLINK_PROBE,SCANNER,0,,be980bfb,NORMAL,0.0
2026-05-15T06:01:44.848429,45.198.x.x,7db0b45618a77305,47476,0,NON_MAVLINK_PROBE,SCANNER,0,,26323310,NORMAL,0.0
2026-05-15T06:05:56.313690,3.131.x.x,33a4e31c62c5a2fe,42990,0,NON_MAVLINK_PROBE,SCANNER,0,,6bdac018,NORMAL,0.0
2026-05-15T06:07:07.537575,3.131.x.x,33a4e31c62c5a2fe,59718,0,NON_MAVLINK_PROBE,SCANNER,0,,20086716,NORMAL,0.0
2026-05-15T06:07:27.108346,3.131.x.x,33a4e31c62c5a2fe,38430,0,NON_MAVLINK_PROBE,SCANNER,0,,ac86e15a,NORMAL,0.0
2026-05-15T06:08:18.893752,51.158.x.x,08798c742ddac24a,40208,0,NON_MAVLINK_PROBE,SCANNER,0,,9b70b327,NORMAL,0.0
2026-05-15T06:08:19.340026,51.158.x.x,08798c742ddac24a,40216,0,NON_MAVLINK_PROBE,SCANNER,0,,8a3df7bf,NORMAL,0.0
2026-05-15T06:09:04.346992,3.131.x.x,33a4e31c62c5a2fe,54914,0,NON_MAVLINK_PROBE,SCANNER,0,,1fc2bdfe,NORMAL,0.0
2026-05-15T06:09:54.859254,3.131.x.x,33a4e31c62c5a2fe,47614,0,NON_MAVLINK_PROBE,SCANNER,0,,c0ff59f9,NORMAL,0.0
2026-05-15T06:10:21.799961,3.131.x.x,33a4e31c62c5a2fe,35672,0,NON_MAVLINK_PROBE,SCANNER,0,,42eb9729,NORMAL,0.0
2026-05-15T06:11:51.027443,3.131.x.x,33a4e31c62c5a2fe,57542,0,NON_MAVLINK_PROBE,SCANNER,0,,52c3060f,NORMAL,0.0
2026-05-15T06:12:17.002631,3.131.x.x,33a4e31c62c5a2fe,39066,0,NON_MAVLINK_PROBE,SCANNER,0,,12bbf6a6,NORMAL,0.0
2026-05-15T06:13:48.485119,3.131.x.x,33a4e31c62c5a2fe,52940,0,NON_MAVLINK_PROBE,SCANNER,0,,ff702eaa,NORMAL,0.0
2026-05-15T06:14:39.259715,3.131.x.x,33a4e31c62c5a2fe,37216,0,NON_MAVLINK_PROBE,SCANNER,0,,e6be5d01,NORMAL,0.0
2026-05-15T06:26:30.701231,20.168.x.x,778cd63dee66c346,58216,0,NON_MAVLINK_PROBE,SCANNER,0,,9ee45fc9,NORMAL,0.0
2026-05-15T06:30:57.939191,47.251.x.x,328f1163920b0f67,24428,0,NON_MAVLINK_PROBE,SCANNER,0,,3caa42ae,NORMAL,0.0
2026-05-15T06:31:11.161758,47.251.x.x,328f1163920b0f67,17140,0,NON_MAVLINK_PROBE,SCANNER,0,,ba0376da,NORMAL,0.0
2026-05-15T06:31:24.394727,47.251.x.x,328f1163920b0f67,36066,0,NON_MAVLINK_PROBE,SCANNER,0,,4b2d4fe2,NORMAL,0.0
2026-05-15T06:31:37.602909,47.251.x.x,328f1163920b0f67,29780,0,NON_MAVLINK_PROBE,SCANNER,0,,52314156,NORMAL,0.0
2026-05-15T06:31:50.861166,47.251.x.x,328f1163920b0f67,47166,0,NON_MAVLINK_PROBE,SCANNER,0,,5dd207f4,NORMAL,0.0
2026-05-15T06:32:04.105636,47.251.x.x,328f1163920b0f67,36192,0,NON_MAVLINK_PROBE,SCANNER,0,,c239076d,NORMAL,0.0
2026-05-15T06:32:17.323941,47.251.x.x,328f1163920b0f67,54676,0,NON_MAVLINK_PROBE,SCANNER,0,,459a6090,NORMAL,0.0
2026-05-15T06:32:30.558869,47.251.x.x,328f1163920b0f67,23372,0,NON_MAVLINK_PROBE,SCANNER,0,,63c0e161,NORMAL,0.0
2026-05-15T06:39:26.894111,198.235.x.x,4a82de8a8e905e5c,63788,0,NON_MAVLINK_PROBE,SCANNER,0,,2d48f4b6,NORMAL,0.0
2026-05-15T06:39:26.894568,198.235.x.x,4a82de8a8e905e5c,63794,0,NON_MAVLINK_PROBE,SCANNER,0,,05422ea1,NORMAL,0.0
2026-05-15T06:46:49.419833,69.5.x.x,6cab1e97647bc176,10136,0,NON_MAVLINK_PROBE,SCANNER,0,,d9c64c79,NORMAL,0.0
2026-05-15T06:47:32.502812,69.5.x.x,dc11758184f4c5ea,56424,0,NON_MAVLINK_PROBE,SCANNER,0,,f969c53e,NORMAL,0.0
2026-05-15T07:06:41.903080,184.105.x.x,7b221120d4c2a783,4654,0,NON_MAVLINK_PROBE,SCANNER,0,,3810e852,NORMAL,0.0
2026-05-15T07:13:20.013170,125.78.x.x,2d67a623b6340219,53236,0,NON_MAVLINK_PROBE,SCANNER,0,,a7b3ab80,NORMAL,0.0
2026-05-15T07:13:20.756293,125.78.x.x,2d67a623b6340219,53244,0,NON_MAVLINK_PROBE,SCANNER,0,,b46f50fd,NORMAL,0.0
2026-05-15T07:14:14.229423,125.78.x.x,2d67a623b6340219,34914,0,NON_MAVLINK_PROBE,SCANNER,0,,6c1bb375,NORMAL,0.0
2026-05-15T07:14:16.607902,125.78.x.x,2d67a623b6340219,55768,0,NON_MAVLINK_PROBE,SCANNER,0,,d1d9533c,NORMAL,0.0
2026-05-15T07:31:13.177046,64.23.x.x,68b753fd441f5a90,33294,0,NON_MAVLINK_PROBE,SCANNER,0,,92809ded,NORMAL,0.0
2026-05-15T07:31:13.171861,64.23.x.x,68b753fd441f5a90,33280,0,NON_MAVLINK_PROBE,SCANNER,0,,48e8e32a,NORMAL,0.0
2026-05-15T07:31:13.196214,64.23.x.x,68b753fd441f5a90,49324,0,NON_MAVLINK_PROBE,SCANNER,0,,ed4abd37,NORMAL,0.0
2026-05-15T07:31:13.203843,64.23.x.x,68b753fd441f5a90,49314,0,NON_MAVLINK_PROBE,SCANNER,0,,025ec90e,NORMAL,0.0
2026-05-15T07:31:23.546618,64.23.x.x,68b753fd441f5a90,49334,0,NON_MAVLINK_PROBE,SCANNER,0,,c210ff2c,NORMAL,0.0
2026-05-15T07:31:23.573506,64.23.x.x,68b753fd441f5a90,33310,0,NON_MAVLINK_PROBE,SCANNER,0,,044cf8d7,NORMAL,0.0
2026-05-15T07:31:23.573092,64.23.x.x,68b753fd441f5a90,33324,0,NON_MAVLINK_PROBE,SCANNER,0,,de94e84b,NORMAL,0.0
2026-05-15T07:31:23.573905,64.23.x.x,68b753fd441f5a90,49344,0,NON_MAVLINK_PROBE,SCANNER,0,,c9134164,NORMAL,0.0
2026-05-15T07:38:34.171496,185.107.x.x,78786c532f422468,15547,0,NON_MAVLINK_PROBE,SCANNER,0,,f457a562,NORMAL,0.0
2026-05-15T07:38:43.084169,185.107.x.x,78786c532f422468,1102,0,NON_MAVLINK_PROBE,SCANNER,0,,abc5a48f,NORMAL,0.0
2026-05-15T07:38:43.099704,185.107.x.x,78786c532f422468,9606,0,NON_MAVLINK_PROBE,SCANNER,0,,99288cec,NORMAL,0.0
2026-05-15T07:46:22.466199,172.234.x.x,497fc1ae9366b94f,19218,0,NON_MAVLINK_PROBE,SCANNER,0,,c6c3e016,NORMAL,0.0
2026-05-15T07:46:22.924823,172.234.x.x,497fc1ae9366b94f,2924,0,NON_MAVLINK_PROBE,SCANNER,0,,2f69de71,NORMAL,0.0
2026-05-15T07:47:06.545158,89.21.x.x,6538c70ea25f318e,5316,0,NON_MAVLINK_PROBE,SCANNER,0,,579c6479,NORMAL,0.0
2026-05-15T07:47:50.012221,69.5.x.x,5d055225df4986e4,65526,0,NON_MAVLINK_PROBE,SCANNER,0,,2933657d,NORMAL,0.0
2026-05-15T08:01:01.378047,204.76.x.x,c804eabb0c6ba4bc,33748,0,NON_MAVLINK_PROBE,SCANNER,0,,61ea2a7f,NORMAL,0.0
2026-05-15T08:04:25.921705,80.66.x.x,e2beb78c1934d766,64044,0,NON_MAVLINK_PROBE,SCANNER,0,,82cd2ce6,NORMAL,0.0
2026-05-15T08:11:42.653277,80.66.x.x,e2beb78c1934d766,64467,0,NON_MAVLINK_PROBE,SCANNER,0,,a4c61b95,NORMAL,0.0
2026-05-15T08:15:09.915653,49.130.x.x,36f3a691dd50b07a,54941,0,NON_MAVLINK_PROBE,SCANNER,0,,880f8ce3,NORMAL,0.0
2026-05-15T08:21:19.648048,143.198.x.x,67b6e11147ad6aaf,49260,0,NON_MAVLINK_PROBE,SCANNER,0,,d8e10b38,NORMAL,0.0
2026-05-15T08:26:02.721516,69.5.x.x,1f2fb0cf8b5efdc2,21073,0,NON_MAVLINK_PROBE,SCANNER,0,,ea2d36e9,NORMAL,0.0
2026-05-15T08:36:34.188533,72.14.x.x,2fa4c6b3a4bc67ea,51797,0,NON_MAVLINK_PROBE,SCANNER,0,,174c4314,NORMAL,0.0
2026-05-15T08:37:21.117572,143.198.x.x,67b6e11147ad6aaf,39262,0,NON_MAVLINK_PROBE,SCANNER,0,,5961c630,NORMAL,0.0
2026-05-15T08:37:42.454075,66.132.x.x,f224b1e3e9cc181d,49256,0,NON_MAVLINK_PROBE,SCANNER,0,,c2f10bfe,NORMAL,0.0
2026-05-15T08:37:49.576246,66.132.x.x,f224b1e3e9cc181d,40062,0,NON_MAVLINK_PROBE,SCANNER,0,,9cd6f7b9,NORMAL,0.0
2026-05-15T08:37:52.949400,66.132.x.x,f224b1e3e9cc181d,40424,4,UNKNOWN_4,UNKNOWN,3,15b1ef20d75106003905,61e09e72,NORMAL,0.2
2026-05-15T08:38:06.327436,66.132.x.x,f224b1e3e9cc181d,40460,0,NON_MAVLINK_PROBE,SCANNER,0,,90fcf1ec,NORMAL,0.0
2026-05-15T08:38:08.012777,66.132.x.x,b5770dabdd7000eb,4312,0,NON_MAVLINK_PROBE,SCANNER,0,,3e93889e,NORMAL,0.0
2026-05-15T08:38:15.185115,66.132.x.x,b5770dabdd7000eb,37062,0,NON_MAVLINK_PROBE,SCANNER,0,,463bcd22,NORMAL,0.0
2026-05-15T08:38:19.426097,66.132.x.x,b5770dabdd7000eb,25674,4,UNKNOWN_4,UNKNOWN,3,ac858522d75106003905,c0bc0056,NORMAL,0.2
2026-05-15T08:38:32.847839,66.132.x.x,b5770dabdd7000eb,25710,0,NON_MAVLINK_PROBE,SCANNER,0,,5922bc01,NORMAL,0.0
2026-05-15T08:38:36.574922,66.132.x.x,8546ba7f1d7a2885,17304,0,NON_MAVLINK_PROBE,SCANNER,0,,1db2a5ce,NORMAL,0.0
2026-05-15T08:39:04.566002,66.132.x.x,8546ba7f1d7a2885,9574,0,NON_MAVLINK_PROBE,SCANNER,0,,1220a726,NORMAL,0.0
2026-05-15T08:39:17.814174,66.132.x.x,8546ba7f1d7a2885,54822,4,UNKNOWN_4,UNKNOWN,3,2af2fd25d75106003905,b68bff96,NORMAL,0.2
2026-05-15T08:39:34.982985,66.132.x.x,8546ba7f1d7a2885,20536,0,NON_MAVLINK_PROBE,SCANNER,0,,6fed4597,NORMAL,0.0
2026-05-15T08:51:38.179436,31.14.x.x,da753a894088523f,9548,0,NON_MAVLINK_PROBE,SCANNER,0,,faa294b2,NORMAL,0.0
2026-05-15T08:52:21.768260,69.5.x.x,6a01a0bb4bd5b4c4,58933,0,NON_MAVLINK_PROBE,SCANNER,0,,ce5318fe,NORMAL,0.0
2026-05-15T08:56:23.324763,3.130.x.x,df7aa93c9c5b5b54,47388,0,NON_MAVLINK_PROBE,SCANNER,0,,6d9d410f,NORMAL,0.0
2026-05-15T08:56:28.626776,3.130.x.x,df7aa93c9c5b5b54,55110,0,NON_MAVLINK_PROBE,SCANNER,0,,a19cbb6e,NORMAL,0.0
2026-05-15T08:57:37.924279,3.130.x.x,df7aa93c9c5b5b54,33934,0,NON_MAVLINK_PROBE,SCANNER,0,,36a50c51,NORMAL,0.0
2026-05-15T08:58:49.164126,3.130.x.x,df7aa93c9c5b5b54,39114,0,NON_MAVLINK_PROBE,SCANNER,0,,188b3d5a,NORMAL,0.0
2026-05-15T09:00:32.208649,3.130.x.x,df7aa93c9c5b5b54,53562,0,NON_MAVLINK_PROBE,SCANNER,0,,ef28e65a,NORMAL,0.0
2026-05-15T09:01:22.379388,80.66.x.x,e2beb78c1934d766,64503,0,NON_MAVLINK_PROBE,SCANNER,0,,42128e31,NORMAL,0.0
2026-05-15T09:26:49.641298,204.76.x.x,c804eabb0c6ba4bc,56930,0,NON_MAVLINK_PROBE,SCANNER,0,,b7255285,NORMAL,0.0
2026-05-15T09:28:36.082293,45.198.x.x,7db0b45618a77305,45244,0,NON_MAVLINK_PROBE,SCANNER,0,,58ed2c8c,NORMAL,0.0
2026-05-15T09:31:12.884860,135.222.x.x,eb5795c92b2ea105,60772,0,NON_MAVLINK_PROBE,SCANNER,0,,b5111d02,NORMAL,0.0
2026-05-15T09:31:13.365010,135.222.x.x,eb5795c92b2ea105,53498,0,NON_MAVLINK_PROBE,SCANNER,0,,be0223d5,NORMAL,0.0
2026-05-15T09:38:27.196625,3.129.x.x,e3111d802ac43609,54680,0,NON_MAVLINK_PROBE,SCANNER,0,,27c20bd9,NORMAL,0.0
2026-05-15T09:39:00.264981,3.129.x.x,e3111d802ac43609,47980,0,NON_MAVLINK_PROBE,SCANNER,0,,e7d56a3f,NORMAL,0.0
2026-05-15T09:40:49.307356,3.129.x.x,e3111d802ac43609,54848,0,NON_MAVLINK_PROBE,SCANNER,0,,20a825f2,NORMAL,0.0
2026-05-15T09:42:33.297784,3.129.x.x,e3111d802ac43609,41376,0,NON_MAVLINK_PROBE,SCANNER,0,,4f8268f5,NORMAL,0.0
2026-05-15T09:44:16.539381,3.129.x.x,e3111d802ac43609,47290,0,NON_MAVLINK_PROBE,SCANNER,0,,5a0e46ce,NORMAL,0.0
2026-05-15T09:54:39.839608,64.62.x.x,84f435b2cd5fa9f9,49292,0,NON_MAVLINK_PROBE,SCANNER,0,,550ec3ce,NORMAL,0.0
2026-05-15T10:07:23.499800,80.66.x.x,e2beb78c1934d766,64029,0,NON_MAVLINK_PROBE,SCANNER,0,,f1b47be0,NORMAL,0.0
2026-05-15T10:19:13.185247,45.79.x.x,7bb9c1b6821cd9a0,27884,0,NON_MAVLINK_PROBE,SCANNER,0,,9c85e8df,NORMAL,0.0
2026-05-15T10:19:13.575678,45.79.x.x,7bb9c1b6821cd9a0,63592,0,NON_MAVLINK_PROBE,SCANNER,0,,8814c398,NORMAL,0.0
2026-05-15T10:28:25.577306,165.22.x.x,db4c091dd7df3fc2,40476,0,NON_MAVLINK_PROBE,SCANNER,0,,886a7e0f,NORMAL,0.0
2026-05-15T10:28:25.576918,165.22.x.x,db4c091dd7df3fc2,52918,0,NON_MAVLINK_PROBE,SCANNER,0,,0ce01cd1,NORMAL,0.0
2026-05-15T10:28:35.760955,165.22.x.x,db4c091dd7df3fc2,40484,0,NON_MAVLINK_PROBE,SCANNER,0,,9440caab,NORMAL,0.0
2026-05-15T10:28:35.813375,165.22.x.x,db4c091dd7df3fc2,52934,0,NON_MAVLINK_PROBE,SCANNER,0,,9245daa7,NORMAL,0.0
2026-05-15T10:32:15.102862,74.82.x.x,316adf5a18d074c3,8630,0,NON_MAVLINK_PROBE,SCANNER,0,,c3d8a84c,NORMAL,0.0
2026-05-15T10:34:25.610092,62.171.x.x,dee11e8c26a65fe0,47754,0,NON_MAVLINK_PROBE,SCANNER,0,,6fb42152,NORMAL,0.0
2026-05-15T10:34:25.875485,62.171.x.x,dee11e8c26a65fe0,47768,0,NON_MAVLINK_PROBE,SCANNER,0,,8045351e,NORMAL,0.0
2026-05-15T10:38:12.817615,198.235.x.x,263e428d72d19fc7,61560,0,NON_MAVLINK_PROBE,SCANNER,0,,c47e7a18,NORMAL,0.0
2026-05-15T10:42:26.635907,130.12.x.x,ad1a1d352a800c18,58102,0,NON_MAVLINK_PROBE,SCANNER,0,,5e336b1f,NORMAL,0.0
2026-05-15T10:50:31.734770,45.202.x.x,d14177b8b76f6cce,53754,0,NON_MAVLINK_PROBE,SCANNER,0,,1a38fd27,NORMAL,0.0
2026-05-15T10:53:14.779427,45.135.x.x,9eaf44d2128ee499,48450,0,NON_MAVLINK_PROBE,SCANNER,0,,2729db56,NORMAL,0.0
2026-05-15T10:56:37.359578,87.121.x.x,96a18b7f493391f2,34446,0,NON_MAVLINK_PROBE,SCANNER,0,,9cc8266c,NORMAL,0.0
2026-05-15T10:58:52.606750,118.193.x.x,f2dcdf0c948529b2,42598,0,NON_MAVLINK_PROBE,SCANNER,0,,25a8939e,NORMAL,0.0
2026-05-15T10:58:55.336494,118.193.x.x,f2dcdf0c948529b2,43434,0,NON_MAVLINK_PROBE,SCANNER,0,,c77e8499,NORMAL,0.0
2026-05-15T10:58:58.153879,118.193.x.x,f2dcdf0c948529b2,44062,0,NON_MAVLINK_PROBE,SCANNER,0,,0951b98a,NORMAL,0.0
2026-05-15T10:59:01.041897,118.193.x.x,f2dcdf0c948529b2,44822,0,NON_MAVLINK_PROBE,SCANNER,0,,c09fb9dc,NORMAL,0.0
2026-05-15T10:59:03.871478,118.193.x.x,f2dcdf0c948529b2,45634,0,NON_MAVLINK_PROBE,SCANNER,0,,2c7fd64f,NORMAL,0.0
2026-05-15T10:59:06.691995,118.193.x.x,f2dcdf0c948529b2,46280,0,NON_MAVLINK_PROBE,SCANNER,0,,2d402080,NORMAL,0.0
2026-05-15T10:59:09.520117,118.193.x.x,f2dcdf0c948529b2,46900,0,NON_MAVLINK_PROBE,SCANNER,0,,b5da2a64,NORMAL,0.0
2026-05-15T10:59:12.304036,118.193.x.x,f2dcdf0c948529b2,47762,0,NON_MAVLINK_PROBE,SCANNER,0,,2200aa70,NORMAL,0.0
2026-05-15T10:59:15.080071,118.193.x.x,f2dcdf0c948529b2,48390,0,NON_MAVLINK_PROBE,SCANNER,0,,a61392c8,NORMAL,0.0
2026-05-15T10:59:17.896495,118.193.x.x,f2dcdf0c948529b2,49526,0,NON_MAVLINK_PROBE,SCANNER,0,,32d29bfe,NORMAL,0.0
2026-05-15T10:59:20.720430,118.193.x.x,f2dcdf0c948529b2,50318,0,NON_MAVLINK_PROBE,SCANNER,0,,e0e98327,NORMAL,0.0
2026-05-15T10:59:23.536491,118.193.x.x,f2dcdf0c948529b2,51236,0,NON_MAVLINK_PROBE,SCANNER,0,,a415eda0,NORMAL,0.0
2026-05-15T10:59:26.372152,118.193.x.x,f2dcdf0c948529b2,52216,0,NON_MAVLINK_PROBE,SCANNER,0,,d00f4904,NORMAL,0.0
2026-05-15T10:59:29.220549,118.193.x.x,f2dcdf0c948529b2,53196,0,NON_MAVLINK_PROBE,SCANNER,0,,5bf8f57a,NORMAL,0.0
2026-05-15T10:59:32.055542,118.193.x.x,f2dcdf0c948529b2,54072,0,NON_MAVLINK_PROBE,SCANNER,0,,769b22ea,NORMAL,0.0
2026-05-15T10:59:34.879629,118.193.x.x,f2dcdf0c948529b2,55244,0,NON_MAVLINK_PROBE,SCANNER,0,,17a0a8f2,NORMAL,0.0
2026-05-15T10:59:37.720806,118.193.x.x,f2dcdf0c948529b2,56724,0,NON_MAVLINK_PROBE,SCANNER,0,,4b010330,NORMAL,0.0
2026-05-15T10:59:40.540063,118.193.x.x,f2dcdf0c948529b2,58296,0,NON_MAVLINK_PROBE,SCANNER,0,,2dec97fc,NORMAL,0.0
2026-05-15T10:59:43.350413,118.193.x.x,f2dcdf0c948529b2,59556,0,NON_MAVLINK_PROBE,SCANNER,0,,c3f17e99,NORMAL,0.0
2026-05-15T10:59:46.261415,118.193.x.x,f2dcdf0c948529b2,32856,0,NON_MAVLINK_PROBE,SCANNER,0,,314992a3,NORMAL,0.0
2026-05-15T10:59:49.035479,118.193.x.x,f2dcdf0c948529b2,33956,0,NON_MAVLINK_PROBE,SCANNER,0,,2389692f,NORMAL,0.0
2026-05-15T10:59:51.863343,118.193.x.x,f2dcdf0c948529b2,34902,0,NON_MAVLINK_PROBE,SCANNER,0,,867532cd,NORMAL,0.0
2026-05-15T10:59:55.501752,118.193.x.x,f2dcdf0c948529b2,36178,0,NON_MAVLINK_PROBE,SCANNER,0,,9a38d315,NORMAL,0.0
2026-05-15T10:59:58.333090,118.193.x.x,f2dcdf0c948529b2,37938,0,NON_MAVLINK_PROBE,SCANNER,0,,8578fdd2,NORMAL,0.0
2026-05-15T11:00:01.279191,118.193.x.x,f2dcdf0c948529b2,39488,0,NON_MAVLINK_PROBE,SCANNER,0,,992cbb29,NORMAL,0.0
2026-05-15T11:00:05.147751,118.193.x.x,f2dcdf0c948529b2,41088,0,NON_MAVLINK_PROBE,SCANNER,0,,1798945a,NORMAL,0.0
2026-05-15T11:00:07.971187,118.193.x.x,f2dcdf0c948529b2,42352,0,NON_MAVLINK_PROBE,SCANNER,0,,ff174aa9,NORMAL,0.0
2026-05-15T11:00:10.825214,118.193.x.x,f2dcdf0c948529b2,43184,0,NON_MAVLINK_PROBE,SCANNER,0,,5679bf9f,NORMAL,0.0
2026-05-15T11:00:13.614482,118.193.x.x,f2dcdf0c948529b2,43984,0,NON_MAVLINK_PROBE,SCANNER,0,,fd9b6eb0,NORMAL,0.0
2026-05-15T11:00:16.452338,118.193.x.x,f2dcdf0c948529b2,44904,0,NON_MAVLINK_PROBE,SCANNER,0,,8081e3e5,NORMAL,0.0
2026-05-15T11:00:19.305459,118.193.x.x,f2dcdf0c948529b2,45780,0,NON_MAVLINK_PROBE,SCANNER,0,,c3ead1d4,NORMAL,0.0
2026-05-15T11:00:22.065458,118.193.x.x,f2dcdf0c948529b2,46534,0,NON_MAVLINK_PROBE,SCANNER,0,,1f6a6375,NORMAL,0.0
2026-05-15T11:00:24.985523,118.193.x.x,f2dcdf0c948529b2,47258,0,NON_MAVLINK_PROBE,SCANNER,0,,b06909b9,NORMAL,0.0
2026-05-15T11:00:27.802829,118.193.x.x,f2dcdf0c948529b2,48068,0,NON_MAVLINK_PROBE,SCANNER,0,,e4e58a5c,NORMAL,0.0
2026-05-15T11:00:30.636257,118.193.x.x,f2dcdf0c948529b2,48728,0,NON_MAVLINK_PROBE,SCANNER,0,,66bee180,NORMAL,0.0
2026-05-15T11:00:33.621007,118.193.x.x,f2dcdf0c948529b2,49382,0,NON_MAVLINK_PROBE,SCANNER,0,,433102db,NORMAL,0.0
2026-05-15T11:00:36.251774,118.193.x.x,f2dcdf0c948529b2,50178,0,NON_MAVLINK_PROBE,SCANNER,0,,ce72bdee,NORMAL,0.0
2026-05-15T11:00:39.106008,118.193.x.x,f2dcdf0c948529b2,50866,0,NON_MAVLINK_PROBE,SCANNER,0,,30dac275,NORMAL,0.0
2026-05-15T11:00:42.000573,118.193.x.x,f2dcdf0c948529b2,51512,0,NON_MAVLINK_PROBE,SCANNER,0,,6c3ec076,NORMAL,0.0
2026-05-15T11:00:44.743794,118.193.x.x,f2dcdf0c948529b2,52340,0,NON_MAVLINK_PROBE,SCANNER,0,,8a5807e5,NORMAL,0.0
2026-05-15T11:00:47.596379,118.193.x.x,f2dcdf0c948529b2,53098,0,NON_MAVLINK_PROBE,SCANNER,0,,8bc121c8,NORMAL,0.0
2026-05-15T11:00:50.364222,118.193.x.x,f2dcdf0c948529b2,54044,0,NON_MAVLINK_PROBE,SCANNER,0,,ec8cf1b9,NORMAL,0.0
2026-05-15T11:00:53.240412,118.193.x.x,f2dcdf0c948529b2,54940,0,NON_MAVLINK_PROBE,SCANNER,0,,0ffb8582,NORMAL,0.0
2026-05-15T11:00:55.964386,118.193.x.x,f2dcdf0c948529b2,55878,0,NON_MAVLINK_PROBE,SCANNER,0,,001d3840,NORMAL,0.0
2026-05-15T11:00:58.801384,118.193.x.x,f2dcdf0c948529b2,56918,0,NON_MAVLINK_PROBE,SCANNER,0,,c829de65,NORMAL,0.0
2026-05-15T11:01:01.589699,118.193.x.x,f2dcdf0c948529b2,57874,0,NON_MAVLINK_PROBE,SCANNER,0,,24acc073,NORMAL,0.0
2026-05-15T11:01:04.550597,118.193.x.x,f2dcdf0c948529b2,58714,0,NON_MAVLINK_PROBE,SCANNER,0,,b498ea19,NORMAL,0.0
2026-05-15T11:01:07.484293,118.193.x.x,f2dcdf0c948529b2,59898,0,NON_MAVLINK_PROBE,SCANNER,0,,fc6458a1,NORMAL,0.0
2026-05-15T11:01:10.202800,118.193.x.x,f2dcdf0c948529b2,60950,0,NON_MAVLINK_PROBE,SCANNER,0,,8691ba80,NORMAL,0.0
2026-05-15T11:01:12.956040,118.193.x.x,f2dcdf0c948529b2,33432,0,NON_MAVLINK_PROBE,SCANNER,0,,e78b43d2,NORMAL,0.0
2026-05-15T11:01:15.819597,118.193.x.x,f2dcdf0c948529b2,34246,0,NON_MAVLINK_PROBE,SCANNER,0,,eece5ae5,NORMAL,0.0
2026-05-15T11:01:18.584695,118.193.x.x,f2dcdf0c948529b2,35074,0,NON_MAVLINK_PROBE,SCANNER,0,,2551ce2f,NORMAL,0.0
2026-05-15T11:01:21.410632,118.193.x.x,f2dcdf0c948529b2,35768,0,NON_MAVLINK_PROBE,SCANNER,0,,6fb64a07,NORMAL,0.0
2026-05-15T11:01:24.233623,118.193.x.x,f2dcdf0c948529b2,36598,0,NON_MAVLINK_PROBE,SCANNER,0,,f06523f3,NORMAL,0.0
2026-05-15T11:01:27.057704,118.193.x.x,f2dcdf0c948529b2,37254,0,NON_MAVLINK_PROBE,SCANNER,0,,5a2c0283,NORMAL,0.0
2026-05-15T11:01:29.861253,118.193.x.x,f2dcdf0c948529b2,37894,0,NON_MAVLINK_PROBE,SCANNER,0,,71f843b6,NORMAL,0.0
2026-05-15T11:01:32.633709,118.193.x.x,f2dcdf0c948529b2,38714,0,NON_MAVLINK_PROBE,SCANNER,0,,c41509f7,NORMAL,0.0
2026-05-15T11:01:35.401163,118.193.x.x,f2dcdf0c948529b2,39442,0,NON_MAVLINK_PROBE,SCANNER,0,,566364c6,NORMAL,0.0
2026-05-15T11:01:38.235441,118.193.x.x,f2dcdf0c948529b2,40134,0,NON_MAVLINK_PROBE,SCANNER,0,,38c748a5,NORMAL,0.0
2026-05-15T11:01:41.051280,118.193.x.x,f2dcdf0c948529b2,40896,0,NON_MAVLINK_PROBE,SCANNER,0,,ef118d39,NORMAL,0.0
2026-05-15T11:01:43.820787,118.193.x.x,f2dcdf0c948529b2,41624,0,NON_MAVLINK_PROBE,SCANNER,0,,c1e4b8c0,NORMAL,0.0
2026-05-15T11:01:46.728509,118.193.x.x,f2dcdf0c948529b2,42312,0,NON_MAVLINK_PROBE,SCANNER,0,,5a43a3cb,NORMAL,0.0
2026-05-15T11:01:49.560194,118.193.x.x,f2dcdf0c948529b2,43206,0,NON_MAVLINK_PROBE,SCANNER,0,,95890c98,NORMAL,0.0
2026-05-15T11:01:52.354834,118.193.x.x,f2dcdf0c948529b2,44052,0,NON_MAVLINK_PROBE,SCANNER,0,,32d7c9a2,NORMAL,0.0
2026-05-15T11:01:55.185967,118.193.x.x,f2dcdf0c948529b2,44938,0,NON_MAVLINK_PROBE,SCANNER,0,,51f8e4fd,NORMAL,0.0
2026-05-15T11:01:58.021533,118.193.x.x,f2dcdf0c948529b2,45610,0,NON_MAVLINK_PROBE,SCANNER,0,,92b8d44c,NORMAL,0.0
2026-05-15T11:02:00.853930,118.193.x.x,f2dcdf0c948529b2,46384,0,NON_MAVLINK_PROBE,SCANNER,0,,660f36c7,NORMAL,0.0
2026-05-15T11:02:03.650223,118.193.x.x,f2dcdf0c948529b2,47240,0,NON_MAVLINK_PROBE,SCANNER,0,,c0a18476,NORMAL,0.0
2026-05-15T11:02:06.466478,118.193.x.x,f2dcdf0c948529b2,47976,0,NON_MAVLINK_PROBE,SCANNER,0,,7be6a272,NORMAL,0.0
2026-05-15T11:02:09.288132,118.193.x.x,f2dcdf0c948529b2,48692,0,NON_MAVLINK_PROBE,SCANNER,0,,de8baf67,NORMAL,0.0
2026-05-15T11:02:12.066497,118.193.x.x,f2dcdf0c948529b2,49478,0,NON_MAVLINK_PROBE,SCANNER,0,,6c610fec,NORMAL,0.0
2026-05-15T11:02:14.909716,118.193.x.x,f2dcdf0c948529b2,50222,0,NON_MAVLINK_PROBE,SCANNER,0,,03302fc0,NORMAL,0.0
2026-05-15T11:02:17.763757,118.193.x.x,f2dcdf0c948529b2,50988,0,NON_MAVLINK_PROBE,SCANNER,0,,fd7ebddd,NORMAL,0.0
2026-05-15T11:02:20.537367,118.193.x.x,f2dcdf0c948529b2,51800,0,NON_MAVLINK_PROBE,SCANNER,0,,25412e13,NORMAL,0.0
2026-05-15T11:04:42.663059,65.49.x.x,6365c20afed71ee1,29624,0,NON_MAVLINK_PROBE,SCANNER,0,,92a617b9,NORMAL,0.0
2026-05-15T11:10:01.356308,66.228.x.x,450cc0f08743fa59,57816,0,NON_MAVLINK_PROBE,SCANNER,0,,29630160,NORMAL,0.0
2026-05-15T11:10:01.858658,66.228.x.x,450cc0f08743fa59,43986,0,NON_MAVLINK_PROBE,SCANNER,0,,5287cb95,NORMAL,0.0
2026-05-15T11:15:49.638735,204.76.x.x,c804eabb0c6ba4bc,42162,0,NON_MAVLINK_PROBE,SCANNER,0,,55dd8f40,NORMAL,0.0
2026-05-15T11:36:42.315752,176.65.x.x,8ecb668eed5ac938,48950,0,NON_MAVLINK_PROBE,SCANNER,0,,de4d3b77,NORMAL,0.0
2026-05-15T12:17:07.644367,130.12.x.x,ad1a1d352a800c18,53572,0,NON_MAVLINK_PROBE,SCANNER,0,,59fea11f,NORMAL,0.0
2026-05-15T12:43:13.787630,204.76.x.x,c804eabb0c6ba4bc,36530,0,NON_MAVLINK_PROBE,SCANNER,0,,f8e4a032,NORMAL,0.0
2026-05-15T12:52:23.085054,45.142.x.x,d64285cf35e0aea9,40666,0,NON_MAVLINK_PROBE,SCANNER,0,,387e1d10,NORMAL,0.0
2026-05-15T12:57:48.007284,172.235.x.x,28b82a22ad5f3f98,50622,0,NON_MAVLINK_PROBE,SCANNER,0,,a18c1219,NORMAL,0.0
2026-05-15T12:57:48.438789,172.235.x.x,28b82a22ad5f3f98,11818,0,NON_MAVLINK_PROBE,SCANNER,0,,cb796fc9,NORMAL,0.0
2026-05-15T13:15:49.269106,20.65.x.x,a4d0954f9efd36d3,46734,0,NON_MAVLINK_PROBE,SCANNER,0,,86cf5e88,NORMAL,0.0
2026-05-15T13:15:49.800161,20.65.x.x,a4d0954f9efd36d3,46748,0,NON_MAVLINK_PROBE,SCANNER,0,,31efea30,NORMAL,0.0
2026-05-15T13:19:05.234645,45.205.x.x,635a86cf091dc74d,49130,0,NON_MAVLINK_PROBE,SCANNER,0,,5c70eca4,NORMAL,0.0
2026-05-15T13:19:08.216903,40.124.x.x,78560222caf1bf54,42112,0,NON_MAVLINK_PROBE,SCANNER,0,,39ac57b9,NORMAL,0.0
2026-05-15T13:19:08.727716,40.124.x.x,78560222caf1bf54,33112,0,NON_MAVLINK_PROBE,SCANNER,0,,4da9036b,NORMAL,0.0
2026-05-15T13:26:43.907659,31.56.x.x,2040104d69a16154,47722,0,NON_MAVLINK_PROBE,SCANNER,0,,7c7bde99,NORMAL,0.0
2026-05-15T13:33:25.241512,31.56.x.x,2040104d69a16154,46152,0,NON_MAVLINK_PROBE,SCANNER,0,,05ce1834,NORMAL,0.0
2026-05-15T13:52:55.444226,188.240.x.x,caa72fe4fb79877f,7728,0,NON_MAVLINK_PROBE,SCANNER,0,,d121a35c,NORMAL,0.0
2026-05-15T13:53:33.624930,81.19.x.x,e9d660a3da370b96,31651,0,NON_MAVLINK_PROBE,SCANNER,0,,8549a4dd,NORMAL,0.0
2026-05-15T14:00:31.461195,64.62.x.x,f6785c83cea77fcd,23006,0,NON_MAVLINK_PROBE,SCANNER,0,,34d3b852,NORMAL,0.0
2026-05-15T14:02:16.559451,194.88.x.x,58e0f28353c265bc,27521,0,NON_MAVLINK_PROBE,SCANNER,0,,e18b82f1,NORMAL,0.0
2026-05-15T14:06:26.793327,112.43.x.x,d1511fdbed55a98c,7852,0,NON_MAVLINK_PROBE,SCANNER,0,,2a851ab6,NORMAL,0.0
2026-05-15T14:07:27.978232,112.43.x.x,d1511fdbed55a98c,5828,0,NON_MAVLINK_PROBE,SCANNER,0,,3609b0cf,NORMAL,0.0
2026-05-15T14:09:30.747269,103.186.x.x,4d88f6b83b41ff94,35609,0,NON_MAVLINK_PROBE,SCANNER,0,,764414c1,NORMAL,0.0
2026-05-15T14:17:52.415356,172.234.x.x,497fc1ae9366b94f,11940,0,NON_MAVLINK_PROBE,SCANNER,0,,623a60f4,NORMAL,0.0
2026-05-15T14:17:52.939574,172.234.x.x,497fc1ae9366b94f,12104,0,NON_MAVLINK_PROBE,SCANNER,0,,faea30df,NORMAL,0.0
2026-05-15T14:19:50.413530,204.76.x.x,c804eabb0c6ba4bc,39680,0,NON_MAVLINK_PROBE,SCANNER,0,,0925cf80,NORMAL,0.0
2026-05-15T14:22:05.861678,204.76.x.x,89cc37b19d5cd37b,42980,0,NON_MAVLINK_PROBE,SCANNER,0,,296862d4,NORMAL,0.0
2026-05-15T14:25:05.190910,195.206.x.x,50495c4698711343,30836,0,NON_MAVLINK_PROBE,SCANNER,0,,c8f861f9,NORMAL,0.0
2026-05-15T14:25:34.524033,31.56.x.x,2040104d69a16154,47162,0,NON_MAVLINK_PROBE,SCANNER,0,,9f190d00,NORMAL,0.0
2026-05-15T14:43:08.793744,27.215.x.x,9d560c1cdbfed2ef,36697,0,NON_MAVLINK_PROBE,SCANNER,0,,7d47c5c5,NORMAL,0.0
2026-05-15T14:43:46.127666,69.5.x.x,7234ec479ff27d70,2148,0,NON_MAVLINK_PROBE,SCANNER,0,,318e8a44,NORMAL,0.0
2026-05-15T14:52:27.972917,5.226.x.x,e9dc29c8481863d8,4598,0,NON_MAVLINK_PROBE,SCANNER,0,,343cc569,NORMAL,0.0
2026-05-15T15:03:49.792380,45.198.x.x,7db0b45618a77305,48056,0,NON_MAVLINK_PROBE,SCANNER,0,,ecc41460,NORMAL,0.0
2026-05-15T15:06:23.774720,176.65.x.x,72741f65975f89b2,41400,0,NON_MAVLINK_PROBE,SCANNER,0,,492c6400,NORMAL,0.0
2026-05-15T15:11:39.383956,94.232.x.x,fbf11012a5c8c0d0,38980,0,NON_MAVLINK_PROBE,SCANNER,0,,1dddb174,NORMAL,0.0
2026-05-15T15:23:52.719704,172.104.x.x,761be346cda9ef11,55172,0,NON_MAVLINK_PROBE,SCANNER,0,,0a1756d6,NORMAL,0.0
2026-05-15T15:23:53.108826,172.104.x.x,761be346cda9ef11,21252,0,NON_MAVLINK_PROBE,SCANNER,0,,13645d6b,NORMAL,0.0
2026-05-15T15:24:26.037113,143.198.x.x,67b6e11147ad6aaf,44060,0,NON_MAVLINK_PROBE,SCANNER,0,,ea86eaa1,NORMAL,0.0
2026-05-15T15:34:11.021042,45.79.x.x,ebdd45e86b9fe35c,13792,0,NON_MAVLINK_PROBE,SCANNER,0,,d3a9ba7c,NORMAL,0.0
2026-05-15T15:34:11.464996,45.79.x.x,ebdd45e86b9fe35c,49606,0,NON_MAVLINK_PROBE,SCANNER,0,,1b91b022,NORMAL,0.0
2026-05-15T15:38:04.952260,45.156.x.x,0b416723e71ab60b,46410,0,NON_MAVLINK_PROBE,SCANNER,0,,e0b9e96a,NORMAL,0.0
2026-05-15T15:38:12.985679,45.156.x.x,275194a26caa2494,35222,0,NON_MAVLINK_PROBE,SCANNER,0,,564b6f49,NORMAL,0.0
2026-05-15T15:46:06.242022,5.61.x.x,02d770ac3cc5c2c1,59862,0,NON_MAVLINK_PROBE,SCANNER,0,,afa67033,NORMAL,0.0
2026-05-15T16:01:40.928406,195.96.x.x,1d77a19629e4ae77,49427,0,NON_MAVLINK_PROBE,SCANNER,0,,caab6c7e,NORMAL,0.0
2026-05-15T16:08:37.601876,204.76.x.x,89cc37b19d5cd37b,50148,0,NON_MAVLINK_PROBE,SCANNER,0,,29ade542,NORMAL,0.0
2026-05-15T16:10:05.360308,45.198.x.x,7db0b45618a77305,53070,0,NON_MAVLINK_PROBE,SCANNER,0,,fd92b89e,NORMAL,0.0
2026-05-15T16:21:50.576845,204.76.x.x,c804eabb0c6ba4bc,41274,0,NON_MAVLINK_PROBE,SCANNER,0,,a4ed9cab,NORMAL,0.0
2026-05-15T16:28:52.882533,185.226.x.x,fce4f3877865aee7,49798,0,NON_MAVLINK_PROBE,SCANNER,0,,2752b103,NORMAL,0.0
2026-05-15T17:12:03.556724,65.49.x.x,bbb8c8d4d4b2ea2a,24266,0,NON_MAVLINK_PROBE,SCANNER,0,,5aff7439,NORMAL,0.0
2026-05-15T17:36:03.341559,82.156.x.x,260f4273721653ca,57597,0,NON_MAVLINK_PROBE,SCANNER,0,,0dbf88fc,NORMAL,0.0
2026-05-15T17:38:10.665156,204.76.x.x,c804eabb0c6ba4bc,41636,0,NON_MAVLINK_PROBE,SCANNER,0,,90a8701d,NORMAL,0.0
2026-05-15T17:50:38.776672,64.62.x.x,6bb2302deddb0328,39680,0,NON_MAVLINK_PROBE,SCANNER,0,,0a259672,NORMAL,0.0
2026-05-15T17:52:58.061075,65.49.x.x,3839cba23a36df28,55364,0,NON_MAVLINK_PROBE,SCANNER,0,,8969915f,NORMAL,0.0
2026-05-15T18:18:41.803552,176.65.x.x,3caaee43e61f0c4c,48488,0,NON_MAVLINK_PROBE,SCANNER,0,,bc96570f,NORMAL,0.0
2026-05-15T18:31:26.235768,45.156.x.x,aa09dbedf5953ec8,52690,0,NON_MAVLINK_PROBE,SCANNER,0,,115017d2,NORMAL,0.0
2026-05-15T18:31:28.732537,66.132.x.x,d35ba95a912af6e1,52850,0,NON_MAVLINK_PROBE,SCANNER,0,,f770516f,NORMAL,0.0
2026-05-15T18:31:34.205416,45.156.x.x,aa09dbedf5953ec8,52696,0,NON_MAVLINK_PROBE,SCANNER,0,,ebd2f41e,NORMAL,0.0
2026-05-15T18:31:37.957627,66.132.x.x,d35ba95a912af6e1,50142,4,UNKNOWN_4,UNKNOWN,3,c6505c6cdf5106003905,92aaa9cb,NORMAL,0.2
2026-05-15T18:31:53.839754,66.132.x.x,d35ba95a912af6e1,50164,0,NON_MAVLINK_PROBE,SCANNER,0,,118fd04a,NORMAL,0.0
2026-05-15T18:47:07.521596,31.56.x.x,2040104d69a16154,60686,0,NON_MAVLINK_PROBE,SCANNER,0,,bb4cdbba,NORMAL,0.0
2026-05-15T18:53:22.942082,159.65.x.x,e1aa540b946c2e10,37372,0,NON_MAVLINK_PROBE,SCANNER,0,,a6545836,NORMAL,0.0
2026-05-15T18:53:22.925415,159.65.x.x,e1aa540b946c2e10,37352,0,NON_MAVLINK_PROBE,SCANNER,0,,cc14ac7c,NORMAL,0.0
2026-05-15T18:53:22.967984,159.65.x.x,e1aa540b946c2e10,37354,0,NON_MAVLINK_PROBE,SCANNER,0,,c1c95772,NORMAL,0.0
2026-05-15T18:53:22.962001,159.65.x.x,e1aa540b946c2e10,37358,0,NON_MAVLINK_PROBE,SCANNER,0,,c2a0fea8,NORMAL,0.0
2026-05-15T18:53:22.989431,159.65.x.x,e1aa540b946c2e10,37320,0,NON_MAVLINK_PROBE,SCANNER,0,,5ae48c8a,NORMAL,0.0
2026-05-15T18:53:22.989704,159.65.x.x,e1aa540b946c2e10,37550,0,NON_MAVLINK_PROBE,SCANNER,0,,8fb11d0f,NORMAL,0.0
2026-05-15T18:53:22.994595,159.65.x.x,e1aa540b946c2e10,37392,0,NON_MAVLINK_PROBE,SCANNER,0,,4d10b00b,NORMAL,0.0
2026-05-15T18:53:23.007214,159.65.x.x,e1aa540b946c2e10,37338,0,NON_MAVLINK_PROBE,SCANNER,0,,02a21e62,NORMAL,0.0
2026-05-15T18:53:23.009257,159.65.x.x,e1aa540b946c2e10,37316,0,NON_MAVLINK_PROBE,SCANNER,0,,0af461f8,NORMAL,0.0
2026-05-15T18:53:23.033707,159.65.x.x,e1aa540b946c2e10,37378,0,NON_MAVLINK_PROBE,SCANNER,0,,9aae870f,NORMAL,0.0
2026-05-15T18:56:22.421970,206.223.x.x,62d03bbe1677238e,35500,0,NON_MAVLINK_PROBE,SCANNER,0,,b66a23c2,NORMAL,0.0
2026-05-15T18:59:59.983974,127.0.x.x,ef2f9f91273ffdad,54166,0,NON_MAVLINK_PROBE,SCANNER,0,,9618fadd,NORMAL,0.0
2026-05-15T19:01:21.229473,204.76.x.x,c804eabb0c6ba4bc,47700,0,NON_MAVLINK_PROBE,SCANNER,0,,2222b1f3,NORMAL,0.0
2026-05-15T19:05:14.817568,130.12.x.x,ad1a1d352a800c18,48508,0,NON_MAVLINK_PROBE,SCANNER,0,,47874b97,NORMAL,0.0
2026-05-15T19:19:03.846260,20.65.x.x,37573a43863580c7,48378,0,NON_MAVLINK_PROBE,SCANNER,0,,98d11628,NORMAL,0.0
2026-05-15T19:26:56.002893,130.12.x.x,ad1a1d352a800c18,37930,0,NON_MAVLINK_PROBE,SCANNER,0,,2a284256,NORMAL,0.0
2026-05-15T19:32:01.413966,143.198.x.x,67b6e11147ad6aaf,52940,0,NON_MAVLINK_PROBE,SCANNER,0,,528392fe,NORMAL,0.0
2026-05-15T19:32:03.077050,143.198.x.x,67b6e11147ad6aaf,52942,0,NON_MAVLINK_PROBE,SCANNER,0,,01dbcc20,NORMAL,0.0
2026-05-15T19:32:03.745656,143.198.x.x,67b6e11147ad6aaf,52946,0,NON_MAVLINK_PROBE,SCANNER,0,,b8bb3b4a,NORMAL,0.0
2026-05-15T19:32:06.809037,143.198.x.x,67b6e11147ad6aaf,52944,0,NON_MAVLINK_PROBE,SCANNER,0,,2f89a7c3,NORMAL,0.0
2026-05-15T20:00:59.975886,127.0.x.x,ef2f9f91273ffdad,60104,0,NON_MAVLINK_PROBE,SCANNER,0,,fdd20e8d,NORMAL,0.0
2026-05-15T20:03:33.258601,45.33.x.x,3552346abdeadd7c,38381,0,NON_MAVLINK_PROBE,SCANNER,0,,b246bde0,NORMAL,0.0
2026-05-15T20:10:38.724815,45.198.x.x,7db0b45618a77305,41358,0,NON_MAVLINK_PROBE,SCANNER,0,,930f8ab2,NORMAL,0.0
2026-05-15T20:28:22.629616,198.235.x.x,8f41aa02d0e900a6,54611,0,NON_MAVLINK_PROBE,SCANNER,0,,31198d0a,NORMAL,0.0
2026-05-15T20:28:50.264456,94.232.x.x,c8927ea3b0a89219,56216,0,NON_MAVLINK_PROBE,SCANNER,0,,ef4ad12d,NORMAL,0.0
2026-05-15T20:33:19.715893,147.185.x.x,1c48021bc7981876,60906,0,NON_MAVLINK_PROBE,SCANNER,0,,7c992267,NORMAL,0.0
2026-05-15T20:33:19.714426,147.185.x.x,1c48021bc7981876,60912,0,NON_MAVLINK_PROBE,SCANNER,0,,d318a53d,NORMAL,0.0
2026-05-15T20:35:52.618946,66.132.x.x,e4e38faa2b1311c6,38592,0,NON_MAVLINK_PROBE,SCANNER,0,,c67037d4,NORMAL,0.0
2026-05-15T20:36:01.843370,66.132.x.x,e4e38faa2b1311c6,6658,4,UNKNOWN_4,UNKNOWN,3,0b3f3d29e15106003905,84768f50,NORMAL,0.2
2026-05-15T20:36:18.735507,66.132.x.x,e4e38faa2b1311c6,35028,0,NON_MAVLINK_PROBE,SCANNER,0,,b4bc17ac,NORMAL,0.0
2026-05-15T20:43:55.147127,172.104.x.x,0e185892e04c45d0,42131,0,NON_MAVLINK_PROBE,SCANNER,0,,a01feccf,NORMAL,0.0
2026-05-15T20:45:27.214874,45.56.x.x,4a390567d04a7bd4,60176,0,NON_MAVLINK_PROBE,SCANNER,0,,fd007c2b,NORMAL,0.0
2026-05-15T20:48:32.543879,198.235.x.x,1d5e3420624d0e03,61740,0,NON_MAVLINK_PROBE,SCANNER,0,,8a9948ba,NORMAL,0.0
2026-05-15T20:48:32.549062,198.235.x.x,1d5e3420624d0e03,61744,0,NON_MAVLINK_PROBE,SCANNER,0,,d8be7c89,NORMAL,0.0
2026-05-15T20:59:51.318869,205.210.x.x,33bb2b5653d1228f,63334,0,NON_MAVLINK_PROBE,SCANNER,0,,cb8acc80,NORMAL,0.0
2026-05-15T21:06:32.430872,206.81.x.x,9a5823bde9f14cd5,61458,0,NON_MAVLINK_PROBE,SCANNER,0,,831fb7b0,NORMAL,0.0
2026-05-15T21:17:54.864317,45.198.x.x,7db0b45618a77305,49336,0,NON_MAVLINK_PROBE,SCANNER,0,,1dbf4706,NORMAL,0.0
2026-05-15T21:34:25.052479,185.91.x.x,2a2b0990dd4071ec,47486,0,NON_MAVLINK_PROBE,SCANNER,0,,40297fd3,NORMAL,0.0
2026-05-15T21:34:25.078220,185.91.x.x,2a2b0990dd4071ec,47520,0,NON_MAVLINK_PROBE,SCANNER,0,,55913fb1,NORMAL,0.0
2026-05-15T21:34:25.077849,185.91.x.x,2a2b0990dd4071ec,47566,0,NON_MAVLINK_PROBE,SCANNER,0,,c92f4fe7,NORMAL,0.0
2026-05-15T21:34:25.083063,185.91.x.x,2a2b0990dd4071ec,47568,0,NON_MAVLINK_PROBE,SCANNER,0,,919c6da5,NORMAL,0.0
2026-05-15T21:34:25.098403,185.91.x.x,2a2b0990dd4071ec,47478,0,NON_MAVLINK_PROBE,SCANNER,0,,44324e08,NORMAL,0.0
2026-05-15T21:34:29.757093,185.91.x.x,2a2b0990dd4071ec,47504,0,NON_MAVLINK_PROBE,SCANNER,0,,3746d079,NORMAL,0.0
2026-05-15T21:34:29.780752,185.91.x.x,2a2b0990dd4071ec,47532,0,NON_MAVLINK_PROBE,SCANNER,0,,d10f8ed5,NORMAL,0.0
2026-05-15T21:34:29.773126,185.91.x.x,2a2b0990dd4071ec,47550,0,NON_MAVLINK_PROBE,SCANNER,0,,21735d2c,NORMAL,0.0
2026-05-15T21:34:29.777081,185.91.x.x,2a2b0990dd4071ec,47464,0,NON_MAVLINK_PROBE,SCANNER,0,,7fcdefb0,NORMAL,0.0
2026-05-15T21:34:29.785608,185.91.x.x,2a2b0990dd4071ec,47546,0,NON_MAVLINK_PROBE,SCANNER,0,,a4944a93,NORMAL,0.0
2026-05-15T21:42:09.639817,45.194.x.x,e935b475099fcd90,40598,0,NON_MAVLINK_PROBE,SCANNER,0,,04850362,NORMAL,0.0
2026-05-15T21:42:10.099438,45.194.x.x,e935b475099fcd90,40610,0,NON_MAVLINK_PROBE,SCANNER,0,,8ff5492f,NORMAL,0.0
2026-05-15T21:42:39.412611,45.194.x.x,e935b475099fcd90,41782,0,NON_MAVLINK_PROBE,SCANNER,0,,55388377,NORMAL,0.0
2026-05-15T21:44:29.587900,45.202.x.x,d14177b8b76f6cce,47424,0,NON_MAVLINK_PROBE,SCANNER,0,,82d49979,NORMAL,0.0
2026-05-15T21:44:46.206366,8.216.x.x,a8ea7534b702d071,18942,0,NON_MAVLINK_PROBE,SCANNER,0,,3c58b32d,NORMAL,0.0
2026-05-15T21:44:59.309287,8.216.x.x,a8ea7534b702d071,17508,0,NON_MAVLINK_PROBE,SCANNER,0,,2173c1d9,NORMAL,0.0
2026-05-15T21:45:12.464010,8.216.x.x,a8ea7534b702d071,34694,0,NON_MAVLINK_PROBE,SCANNER,0,,720ea7ac,NORMAL,0.0
2026-05-15T21:45:25.595927,8.216.x.x,a8ea7534b702d071,51120,0,NON_MAVLINK_PROBE,SCANNER,0,,e416c321,NORMAL,0.0
2026-05-15T21:45:38.682147,8.216.x.x,a8ea7534b702d071,43264,0,NON_MAVLINK_PROBE,SCANNER,0,,5a3758c5,NORMAL,0.0
2026-05-15T21:45:51.849330,8.216.x.x,a8ea7534b702d071,34884,0,NON_MAVLINK_PROBE,SCANNER,0,,cd474d65,NORMAL,0.0
2026-05-15T21:46:04.931710,8.216.x.x,a8ea7534b702d071,16250,0,NON_MAVLINK_PROBE,SCANNER,0,,2a584ff3,NORMAL,0.0
2026-05-15T21:46:18.037785,8.216.x.x,a8ea7534b702d071,10720,0,NON_MAVLINK_PROBE,SCANNER,0,,5ba0e782,NORMAL,0.0
2026-05-15T22:02:04.381484,176.65.x.x,55a7b7f15fe7b86a,39604,0,NON_MAVLINK_PROBE,SCANNER,0,,26973f14,NORMAL,0.0
2026-05-15T22:03:52.309618,91.230.x.x,ef902ae47835a93f,53211,0,NON_MAVLINK_PROBE,SCANNER,0,,49ea3e81,NORMAL,0.0
2026-05-15T22:03:55.558564,91.230.x.x,221c07964c834eb7,50401,0,NON_MAVLINK_PROBE,SCANNER,0,,22e59a76,NORMAL,0.0
2026-05-15T22:09:20.442078,79.124.x.x,a3dc2bc09007bf5d,44430,0,NON_MAVLINK_PROBE,SCANNER,0,,bf2cf66d,NORMAL,0.0
2026-05-15T22:32:27.198180,204.76.x.x,c804eabb0c6ba4bc,40472,0,NON_MAVLINK_PROBE,SCANNER,0,,6c57279e,NORMAL,0.0
2026-05-15T23:38:19.923327,185.247.x.x,6667232af6455f52,47629,0,NON_MAVLINK_PROBE,SCANNER,0,,11c4e482,NORMAL,0.0
2026-05-15T23:39:33.085058,185.91.x.x,2a2b0990dd4071ec,59984,0,NON_MAVLINK_PROBE,SCANNER,0,,e0efbaa8,NORMAL,0.0
2026-05-15T23:39:33.098646,185.91.x.x,2a2b0990dd4071ec,59968,0,NON_MAVLINK_PROBE,SCANNER,0,,fb3dbd0a,NORMAL,0.0
2026-05-15T23:39:33.094654,185.91.x.x,2a2b0990dd4071ec,59996,0,NON_MAVLINK_PROBE,SCANNER,0,,b429c635,NORMAL,0.0
2026-05-15T23:39:33.126066,185.91.x.x,2a2b0990dd4071ec,59932,0,NON_MAVLINK_PROBE,SCANNER,0,,855688df,NORMAL,0.0
2026-05-15T23:39:33.136599,185.91.x.x,2a2b0990dd4071ec,59896,0,NON_MAVLINK_PROBE,SCANNER,0,,ec410522,NORMAL,0.0
2026-05-15T23:39:37.826590,185.91.x.x,2a2b0990dd4071ec,59970,0,NON_MAVLINK_PROBE,SCANNER,0,,c832bbfb,NORMAL,0.0
2026-05-15T23:39:37.832161,185.91.x.x,2a2b0990dd4071ec,60000,0,NON_MAVLINK_PROBE,SCANNER,0,,833dd1ca,NORMAL,0.0
2026-05-15T23:39:37.838172,185.91.x.x,2a2b0990dd4071ec,59948,0,NON_MAVLINK_PROBE,SCANNER,0,,b2bcfb5d,NORMAL,0.0
2026-05-15T23:39:37.847508,185.91.x.x,2a2b0990dd4071ec,59958,0,NON_MAVLINK_PROBE,SCANNER,0,,54e2d0f9,NORMAL,0.0
2026-05-15T23:39:37.853690,185.91.x.x,2a2b0990dd4071ec,59926,0,NON_MAVLINK_PROBE,SCANNER,0,,b971127e,NORMAL,0.0
2026-05-15T23:51:14.499046,204.76.x.x,c804eabb0c6ba4bc,60266,0,NON_MAVLINK_PROBE,SCANNER,0,,1ae2ece9,NORMAL,0.0
2026-05-15T23:58:06.691290,54.226.x.x,b2a102e773c99949,59158,0,NON_MAVLINK_PROBE,SCANNER,0,,9c06be0b,NORMAL,0.0
2026-05-16T00:02:09.637516,45.135.x.x,9eaf44d2128ee499,59076,0,NON_MAVLINK_PROBE,SCANNER,0,,067cf75e,NORMAL,0.0
2026-05-16T00:07:59.693350,198.235.x.x,b43c5f8fc17bc892,65414,0,NON_MAVLINK_PROBE,SCANNER,0,,6df1603d,NORMAL,0.0
2026-05-16T00:33:32.632834,20.65.x.x,5962d45bbdb4d3da,52542,0,NON_MAVLINK_PROBE,SCANNER,0,,8ddabc09,NORMAL,0.0
2026-05-16T00:33:33.089280,20.65.x.x,5962d45bbdb4d3da,51302,0,NON_MAVLINK_PROBE,SCANNER,0,,3816dd21,NORMAL,0.0
2026-05-16T00:35:21.805506,78.13.x.x,4baf5ad589efa734,59454,0,NON_MAVLINK_PROBE,SCANNER,0,,d1699af1,NORMAL,0.0
2026-05-16T00:36:31.885536,180.68.x.x,46dd2708478542df,41726,0,NON_MAVLINK_PROBE,SCANNER,0,,0a7dc7ab,NORMAL,0.0
2026-05-16T01:16:31.653742,45.198.x.x,7db0b45618a77305,47896,0,NON_MAVLINK_PROBE,SCANNER,0,,87b0d4eb,NORMAL,0.0
2026-05-16T01:25:01.349768,24.205.x.x,b9db19fbcd46a97f,48085,0,NON_MAVLINK_PROBE,SCANNER,0,,f9cd42ab,NORMAL,0.0
2026-05-16T01:25:02.176421,24.205.x.x,b9db19fbcd46a97f,48082,0,NON_MAVLINK_PROBE,SCANNER,0,,1e40328f,NORMAL,0.0
2026-05-16T01:25:03.713075,24.205.x.x,b9db19fbcd46a97f,48094,0,NON_MAVLINK_PROBE,SCANNER,0,,f5e19321,NORMAL,0.0
2026-05-16T01:25:06.182943,24.205.x.x,b9db19fbcd46a97f,48101,0,NON_MAVLINK_PROBE,SCANNER,0,,ac67a6b0,NORMAL,0.0
2026-05-16T01:25:09.537524,24.205.x.x,b9db19fbcd46a97f,48111,0,NON_MAVLINK_PROBE,SCANNER,0,,058355a5,NORMAL,0.0
2026-05-16T01:47:36.924288,35.203.x.x,07b8fcc2dfffa686,62040,0,NON_MAVLINK_PROBE,SCANNER,0,,8c18395f,NORMAL,0.0
2026-05-16T01:52:00.028744,128.1.x.x,d1c9229d03e8e046,33956,0,NON_MAVLINK_PROBE,SCANNER,0,,a73b5c9c,NORMAL,0.0
2026-05-16T01:52:43.908484,135.237.x.x,c2f8231532aaadac,55360,0,NON_MAVLINK_PROBE,SCANNER,0,,e4ffc441,NORMAL,0.0
2026-05-16T01:53:36.810998,204.76.x.x,c804eabb0c6ba4bc,57442,0,NON_MAVLINK_PROBE,SCANNER,0,,721ac9cb,NORMAL,0.0
2026-05-16T02:24:22.569740,65.49.x.x,bf6d5ab66efe3d53,29240,0,NON_MAVLINK_PROBE,SCANNER,0,,daf0660f,NORMAL,0.0
2026-05-16T02:25:37.262178,45.198.x.x,7db0b45618a77305,37976,0,NON_MAVLINK_PROBE,SCANNER,0,,d5d28cfc,NORMAL,0.0
2026-05-16T02:31:32.874649,20.55.x.x,293b6c0035335f44,50460,0,NON_MAVLINK_PROBE,SCANNER,0,,7ea60415,NORMAL,0.0
2026-05-16T03:21:11.860198,79.124.x.x,a3dc2bc09007bf5d,53704,0,NON_MAVLINK_PROBE,SCANNER,0,,a589a3be,NORMAL,0.0
2026-05-16T03:24:27.507710,45.202.x.x,d14177b8b76f6cce,58966,0,NON_MAVLINK_PROBE,SCANNER,0,,ac083efa,NORMAL,0.0
2026-05-16T03:27:52.077645,205.210.x.x,079fefaf91d40939,58022,0,NON_MAVLINK_PROBE,SCANNER,0,,7772756c,NORMAL,0.0
2026-05-16T03:27:52.072658,205.210.x.x,079fefaf91d40939,58030,0,NON_MAVLINK_PROBE,SCANNER,0,,ec1e9ba1,NORMAL,0.0
2026-05-16T03:30:10.220181,130.12.x.x,ad1a1d352a800c18,43060,0,NON_MAVLINK_PROBE,SCANNER,0,,ffa77cb9,NORMAL,0.0
2026-05-16T03:47:11.389263,79.124.x.x,a3dc2bc09007bf5d,48150,0,NON_MAVLINK_PROBE,SCANNER,0,,d5517735,NORMAL,0.0
2026-05-16T04:00:04.731189,3.134.x.x,1a3b631c7439980b,44322,0,NON_MAVLINK_PROBE,SCANNER,0,,2c03d53e,NORMAL,0.0
2026-05-16T04:00:58.700337,3.134.x.x,1a3b631c7439980b,52030,0,NON_MAVLINK_PROBE,SCANNER,0,,96a1f879,NORMAL,0.0
2026-05-16T04:02:51.896449,3.134.x.x,1a3b631c7439980b,55456,0,NON_MAVLINK_PROBE,SCANNER,0,,24279195,NORMAL,0.0
2026-05-16T04:05:23.942828,3.134.x.x,1a3b631c7439980b,53938,0,NON_MAVLINK_PROBE,SCANNER,0,,a96c1e10,NORMAL,0.0
2026-05-16T04:29:42.945856,47.245.x.x,d14dbfca37a492f1,15296,0,NON_MAVLINK_PROBE,SCANNER,0,,253daab7,NORMAL,0.0
2026-05-16T04:29:56.171474,47.245.x.x,d14dbfca37a492f1,40018,0,NON_MAVLINK_PROBE,SCANNER,0,,7881285a,NORMAL,0.0
2026-05-16T04:30:09.414826,47.245.x.x,d14dbfca37a492f1,48438,0,NON_MAVLINK_PROBE,SCANNER,0,,24c36fc4,NORMAL,0.0
2026-05-16T04:30:22.639689,47.245.x.x,d14dbfca37a492f1,38104,0,NON_MAVLINK_PROBE,SCANNER,0,,ab834b2a,NORMAL,0.0
2026-05-16T05:00:49.477138,204.76.x.x,c804eabb0c6ba4bc,56128,0,NON_MAVLINK_PROBE,SCANNER,0,,6faebfc5,NORMAL,0.0
2026-05-16T05:04:31.042750,48.217.x.x,c7166296d2cd6152,45136,0,NON_MAVLINK_PROBE,SCANNER,0,,37a72980,NORMAL,0.0
2026-05-16T05:11:34.017479,180.149.x.x,ee0d2241d44e4334,4751,0,NON_MAVLINK_PROBE,SCANNER,0,,3c45cb73,NORMAL,0.0
2026-05-16T05:14:33.580511,184.105.x.x,197eb9dc18675ee7,43058,0,NON_MAVLINK_PROBE,SCANNER,0,,79a04663,NORMAL,0.0
2026-05-16T05:24:04.401472,130.12.x.x,ad1a1d352a800c18,46034,0,NON_MAVLINK_PROBE,SCANNER,0,,bdadc2c7,NORMAL,0.0
2026-05-16T05:26:29.067219,18.218.x.x,a1cedf5443bfca11,60556,0,NON_MAVLINK_PROBE,SCANNER,0,,b2619428,NORMAL,0.0
2026-05-16T05:26:49.548759,18.218.x.x,a1cedf5443bfca11,56910,0,NON_MAVLINK_PROBE,SCANNER,0,,ee0300f5,NORMAL,0.0
2026-05-16T05:29:10.064785,18.218.x.x,a1cedf5443bfca11,40820,0,NON_MAVLINK_PROBE,SCANNER,0,,e42f7ba1,NORMAL,0.0
2026-05-16T05:30:21.401504,18.218.x.x,a1cedf5443bfca11,60660,0,NON_MAVLINK_PROBE,SCANNER,0,,77f8c709,NORMAL,0.0
2026-05-16T05:32:08.423297,18.218.x.x,a1cedf5443bfca11,52772,0,NON_MAVLINK_PROBE,SCANNER,0,,10ed3ee2,NORMAL,0.0
2026-05-16T05:38:10.023891,198.235.x.x,826017f82f6b957e,59020,0,NON_MAVLINK_PROBE,SCANNER,0,,e9cc93d8,NORMAL,0.0
2026-05-16T05:38:10.024342,198.235.x.x,826017f82f6b957e,59028,0,NON_MAVLINK_PROBE,SCANNER,0,,7e15327b,NORMAL,0.0
2026-05-16T05:57:02.582960,3.134.x.x,1a3b631c7439980b,38920,0,NON_MAVLINK_PROBE,SCANNER,0,,c14eb49e,NORMAL,0.0
2026-05-16T05:58:06.535288,3.134.x.x,1a3b631c7439980b,45530,0,NON_MAVLINK_PROBE,SCANNER,0,,61799860,NORMAL,0.0
2026-05-16T05:58:16.677396,3.134.x.x,1a3b631c7439980b,45540,0,NON_MAVLINK_PROBE,SCANNER,0,,6aff94fe,NORMAL,0.0
2026-05-16T05:58:33.993445,91.92.x.x,78d759e5a430e6ef,54354,0,NON_MAVLINK_PROBE,SCANNER,0,,60352eb4,NORMAL,0.0
2026-05-16T06:03:01.250447,3.134.x.x,1a3b631c7439980b,56250,0,NON_MAVLINK_PROBE,SCANNER,0,,13f0c230,NORMAL,0.0
2026-05-16T06:05:38.057091,3.134.x.x,1a3b631c7439980b,58006,0,NON_MAVLINK_PROBE,SCANNER,0,,a7451ed3,NORMAL,0.0
2026-05-16T06:10:24.904574,45.198.x.x,7db0b45618a77305,38024,0,NON_MAVLINK_PROBE,SCANNER,0,,cdba5ffb,NORMAL,0.0
2026-05-16T06:33:52.316811,176.65.x.x,e7884f4887563b62,45806,0,NON_MAVLINK_PROBE,SCANNER,0,,a8cd47fa,NORMAL,0.0
2026-05-16T06:34:02.592733,176.65.x.x,e7884f4887563b62,28684,0,NON_MAVLINK_PROBE,SCANNER,0,,6ad53a56,NORMAL,0.0
2026-05-16T06:49:57.276130,204.76.x.x,89cc37b19d5cd37b,34242,0,NON_MAVLINK_PROBE,SCANNER,0,,480c55d2,NORMAL,0.0
2026-05-16T06:54:19.287442,140.82.x.x,d866d933e2a39188,61854,0,NON_MAVLINK_PROBE,SCANNER,0,,2a7893c1,NORMAL,0.0
2026-05-16T06:54:19.301687,140.82.x.x,5509c212b0248da8,62268,0,NON_MAVLINK_PROBE,SCANNER,0,,9d77c147,NORMAL,0.0
2026-05-16T06:55:00.727277,212.132.x.x,4a2b335d4719c1d1,33462,0,NON_MAVLINK_PROBE,SCANNER,0,,1a6c1282,NORMAL,0.0
2026-05-16T06:55:05.740030,212.132.x.x,4a2b335d4719c1d1,33476,0,NON_MAVLINK_PROBE,SCANNER,0,,9bf9a88c,NORMAL,0.0
2026-05-16T06:55:10.702486,212.132.x.x,4a2b335d4719c1d1,44342,0,NON_MAVLINK_PROBE,SCANNER,0,,1b40a182,NORMAL,0.0
2026-05-16T06:55:15.704995,212.132.x.x,4a2b335d4719c1d1,44346,0,NON_MAVLINK_PROBE,SCANNER,0,,c3b6a4ca,NORMAL,0.0
2026-05-16T07:02:24.604161,45.198.x.x,7db0b45618a77305,37738,0,NON_MAVLINK_PROBE,SCANNER,0,,a75056f6,NORMAL,0.0
2026-05-16T07:54:09.925302,130.78.x.x,320d86ae5cc5e15d,35492,0,NON_MAVLINK_PROBE,SCANNER,0,,5b1ca84a,NORMAL,0.0
2026-05-16T07:54:58.855500,204.76.x.x,c804eabb0c6ba4bc,57218,0,NON_MAVLINK_PROBE,SCANNER,0,,d48b06e2,NORMAL,0.0
2026-05-16T07:59:28.652840,64.62.x.x,717c835f3c1a2eaf,2032,0,NON_MAVLINK_PROBE,SCANNER,0,,13da2162,NORMAL,0.0
2026-05-16T08:08:43.227293,93.152.x.x,d165d6481056767d,58842,0,NON_MAVLINK_PROBE,SCANNER,0,,e126f50c,NORMAL,0.0
2026-05-16T08:08:43.754648,93.152.x.x,d165d6481056767d,58852,0,NON_MAVLINK_PROBE,SCANNER,0,,57c60f52,NORMAL,0.0
2026-05-16T08:16:42.879383,185.91.x.x,2a2b0990dd4071ec,52038,0,NON_MAVLINK_PROBE,SCANNER,0,,eb0cd710,NORMAL,0.0
2026-05-16T08:16:42.885447,185.91.x.x,2a2b0990dd4071ec,52088,0,NON_MAVLINK_PROBE,SCANNER,0,,9124a466,NORMAL,0.0
2026-05-16T08:16:42.929511,185.91.x.x,2a2b0990dd4071ec,52054,0,NON_MAVLINK_PROBE,SCANNER,0,,fe2c4056,NORMAL,0.0
2026-05-16T08:16:42.953934,185.91.x.x,2a2b0990dd4071ec,52016,0,NON_MAVLINK_PROBE,SCANNER,0,,5630ae12,NORMAL,0.0
2026-05-16T08:16:42.956367,185.91.x.x,2a2b0990dd4071ec,52082,0,NON_MAVLINK_PROBE,SCANNER,0,,81eb93aa,NORMAL,0.0
2026-05-16T08:16:47.315634,185.91.x.x,2a2b0990dd4071ec,52068,0,NON_MAVLINK_PROBE,SCANNER,0,,d55129fa,NORMAL,0.0
2026-05-16T08:16:47.333222,185.91.x.x,2a2b0990dd4071ec,52004,0,NON_MAVLINK_PROBE,SCANNER,0,,e50f967b,NORMAL,0.0
2026-05-16T08:16:47.338100,185.91.x.x,2a2b0990dd4071ec,52098,0,NON_MAVLINK_PROBE,SCANNER,0,,a3c70f7d,NORMAL,0.0
2026-05-16T08:16:47.367235,185.91.x.x,2a2b0990dd4071ec,52030,0,NON_MAVLINK_PROBE,SCANNER,0,,ea039511,NORMAL,0.0
2026-05-16T08:16:47.366788,185.91.x.x,2a2b0990dd4071ec,52046,0,NON_MAVLINK_PROBE,SCANNER,0,,363a9e66,NORMAL,0.0
2026-05-16T08:30:15.430795,147.185.x.x,aefe87bf475439e2,60298,0,NON_MAVLINK_PROBE,SCANNER,0,,e3acdeac,NORMAL,0.0
2026-05-16T08:33:24.112300,204.76.x.x,89cc37b19d5cd37b,47310,0,NON_MAVLINK_PROBE,SCANNER,0,,91b1e056,NORMAL,0.0
2026-05-16T08:47:18.539465,70.72.x.x,bf415b1333833748,58052,0,NON_MAVLINK_PROBE,SCANNER,0,,8387e1ce,NORMAL,0.0
2026-05-16T08:55:48.852487,5.61.x.x,02d770ac3cc5c2c1,6952,0,NON_MAVLINK_PROBE,SCANNER,0,,58073567,NORMAL,0.0
2026-05-16T09:01:06.166634,3.134.x.x,1a3b631c7439980b,51874,0,NON_MAVLINK_PROBE,SCANNER,0,,732d353a,NORMAL,0.0
2026-05-16T09:01:40.908708,3.134.x.x,1a3b631c7439980b,33348,0,NON_MAVLINK_PROBE,SCANNER,0,,0bda4ab8,NORMAL,0.0
2026-05-16T09:03:12.602198,3.134.x.x,1a3b631c7439980b,48912,0,NON_MAVLINK_PROBE,SCANNER,0,,53e1e628,NORMAL,0.0
2026-05-16T09:04:01.212645,3.134.x.x,1a3b631c7439980b,56136,0,NON_MAVLINK_PROBE,SCANNER,0,,585749dd,NORMAL,0.0
2026-05-16T09:05:09.097542,3.134.x.x,1a3b631c7439980b,45622,0,NON_MAVLINK_PROBE,SCANNER,0,,616bed0c,NORMAL,0.0
2026-05-16T09:17:03.717651,20.64.x.x,d62204235e84d1a0,34818,0,NON_MAVLINK_PROBE,SCANNER,0,,b69071b5,NORMAL,0.0
2026-05-16T09:27:59.206162,66.132.x.x,22a37253a4c968d7,41348,0,NON_MAVLINK_PROBE,SCANNER,0,,d4750425,NORMAL,0.0
2026-05-16T09:28:05.715990,66.132.x.x,22a37253a4c968d7,38664,4,UNKNOWN_4,UNKNOWN,3,7efe59f2eb5106003905,3119908b,NORMAL,0.2
2026-05-16T09:28:19.147382,66.132.x.x,22a37253a4c968d7,27992,0,NON_MAVLINK_PROBE,SCANNER,0,,08ef93f6,NORMAL,0.0
2026-05-16T09:33:28.324859,66.132.x.x,1ac8287fcb4ed177,62818,0,NON_MAVLINK_PROBE,SCANNER,0,,cee59ac6,NORMAL,0.0
2026-05-16T09:33:35.609107,66.132.x.x,1ac8287fcb4ed177,9942,0,NON_MAVLINK_PROBE,SCANNER,0,,cf49015b,NORMAL,0.0
2026-05-16T09:33:40.202017,66.132.x.x,1ac8287fcb4ed177,42666,4,UNKNOWN_4,UNKNOWN,3,084c4c06ec5106003905,64e4968f,NORMAL,0.2
2026-05-16T09:33:54.044683,66.132.x.x,1ac8287fcb4ed177,42690,0,NON_MAVLINK_PROBE,SCANNER,0,,a242b8b7,NORMAL,0.0
2026-05-16T09:34:00.840452,66.132.x.x,ff45c8d0792f27b0,19970,0,NON_MAVLINK_PROBE,SCANNER,0,,6e26ec73,NORMAL,0.0
2026-05-16T09:34:13.184908,66.132.x.x,ff45c8d0792f27b0,43186,0,NON_MAVLINK_PROBE,SCANNER,0,,5f067bba,NORMAL,0.0
2026-05-16T09:34:19.250886,66.132.x.x,ff45c8d0792f27b0,54370,4,UNKNOWN_4,UNKNOWN,3,0e579d08ec5106003905,8f1939b2,NORMAL,0.2
2026-05-16T09:34:31.305456,66.132.x.x,7153e699d7175417,25424,0,NON_MAVLINK_PROBE,SCANNER,0,,d6fb37ad,NORMAL,0.0
2026-05-16T09:34:35.905706,66.132.x.x,ff45c8d0792f27b0,24254,0,NON_MAVLINK_PROBE,SCANNER,0,,88248465,NORMAL,0.0
2026-05-16T09:35:06.511599,66.132.x.x,7153e699d7175417,48364,0,NON_MAVLINK_PROBE,SCANNER,0,,bbfebe3c,NORMAL,0.0
2026-05-16T09:35:16.416828,66.132.x.x,7153e699d7175417,43634,4,UNKNOWN_4,UNKNOWN,3,e9cc060cec5106003905,95403b3b,NORMAL,0.2
2026-05-16T09:35:32.489391,66.132.x.x,7153e699d7175417,32732,0,NON_MAVLINK_PROBE,SCANNER,0,,7a60ac13,NORMAL,0.0
2026-05-16T09:41:09.895528,204.76.x.x,c804eabb0c6ba4bc,35084,0,NON_MAVLINK_PROBE,SCANNER,0,,29aa3da8,NORMAL,0.0
2026-05-16T09:47:48.072567,172.236.x.x,11469e40f3ea8b68,54440,0,NON_MAVLINK_PROBE,SCANNER,0,,d0d4e56e,NORMAL,0.0
2026-05-16T09:47:48.500324,172.236.x.x,11469e40f3ea8b68,19392,0,NON_MAVLINK_PROBE,SCANNER,0,,59a577ac,NORMAL,0.0
2026-05-16T09:48:43.381090,47.77.x.x,a60b46a5ffcb124f,26778,0,NON_MAVLINK_PROBE,SCANNER,0,,bf86d7c1,NORMAL,0.0
2026-05-16T09:48:56.585783,47.77.x.x,a60b46a5ffcb124f,40284,0,NON_MAVLINK_PROBE,SCANNER,0,,edb6dd46,NORMAL,0.0
2026-05-16T09:49:09.796945,47.77.x.x,a60b46a5ffcb124f,46080,0,NON_MAVLINK_PROBE,SCANNER,0,,6bb673c9,NORMAL,0.0
2026-05-16T09:49:23.036883,47.77.x.x,a60b46a5ffcb124f,20850,0,NON_MAVLINK_PROBE,SCANNER,0,,f4a896e0,NORMAL,0.0
2026-05-16T09:49:36.372703,47.77.x.x,a60b46a5ffcb124f,39046,0,NON_MAVLINK_PROBE,SCANNER,0,,5a0a34c4,NORMAL,0.0
2026-05-16T09:49:49.508103,47.77.x.x,a60b46a5ffcb124f,11396,0,NON_MAVLINK_PROBE,SCANNER,0,,d31084d7,NORMAL,0.0
2026-05-16T09:50:02.819156,47.77.x.x,a60b46a5ffcb124f,42850,0,NON_MAVLINK_PROBE,SCANNER,0,,f79635c8,NORMAL,0.0
2026-05-16T09:50:16.009534,47.77.x.x,a60b46a5ffcb124f,48482,0,NON_MAVLINK_PROBE,SCANNER,0,,06b3b208,NORMAL,0.0
2026-05-16T09:50:29.259078,47.77.x.x,a60b46a5ffcb124f,28238,0,NON_MAVLINK_PROBE,SCANNER,0,,d9e50de6,NORMAL,0.0
2026-05-16T09:50:42.512695,47.77.x.x,a60b46a5ffcb124f,16820,0,NON_MAVLINK_PROBE,SCANNER,0,,4dbcf466,NORMAL,0.0
2026-05-16T09:54:49.854885,35.208.x.x,21af658117d65252,43232,0,NON_MAVLINK_PROBE,SCANNER,0,,0762fdae,NORMAL,0.0
2026-05-16T10:23:38.577246,91.92.x.x,78d759e5a430e6ef,53342,0,NON_MAVLINK_PROBE,SCANNER,0,,854be634,NORMAL,0.0
2026-05-16T10:32:45.405138,147.182.x.x,340673428ccdfe31,35856,0,NON_MAVLINK_PROBE,SCANNER,0,,1fa8cc0f,NORMAL,0.0
2026-05-16T10:33:29.438054,147.182.x.x,340673428ccdfe31,57396,0,NON_MAVLINK_PROBE,SCANNER,0,,b96b8f98,NORMAL,0.0
2026-05-16T10:36:55.829776,180.149.x.x,9812ab0b6d898575,6745,0,NON_MAVLINK_PROBE,SCANNER,0,,ea249a82,NORMAL,0.0
2026-05-16T10:50:51.424522,65.49.x.x,d1c3612419a0f9ab,56384,0,NON_MAVLINK_PROBE,SCANNER,0,,a0b32544,NORMAL,0.0
2026-05-16T10:51:29.275426,65.49.x.x,9a01b3f2160dd2a5,17062,0,NON_MAVLINK_PROBE,SCANNER,0,,b7220842,NORMAL,0.0
2026-05-16T10:52:58.091279,20.65.x.x,3cc9c28c92184455,35958,0,NON_MAVLINK_PROBE,SCANNER,0,,fdda0ff4,NORMAL,0.0
2026-05-16T10:55:07.454489,90.151.x.x,0d11f4acfa5df721,40319,0,NON_MAVLINK_PROBE,SCANNER,0,,6dea6909,NORMAL,0.0
2026-05-16T10:55:12.511956,90.151.x.x,0d11f4acfa5df721,29137,0,NON_MAVLINK_PROBE,SCANNER,0,,1d3f5471,NORMAL,0.0
2026-05-16T10:55:17.843115,90.151.x.x,0d11f4acfa5df721,48839,0,NON_MAVLINK_PROBE,SCANNER,0,,a5d9a70a,NORMAL,0.0
2026-05-16T10:55:22.184546,90.151.x.x,0d11f4acfa5df721,23653,0,NON_MAVLINK_PROBE,SCANNER,0,,6baae18c,NORMAL,0.0
2026-05-16T11:02:27.286816,45.198.x.x,7db0b45618a77305,58126,0,NON_MAVLINK_PROBE,SCANNER,0,,aa470dc9,NORMAL,0.0
2026-05-16T11:11:36.490667,87.121.x.x,96a18b7f493391f2,41204,0,NON_MAVLINK_PROBE,SCANNER,0,,0691cf77,NORMAL,0.0
2026-05-16T11:13:51.106620,65.49.x.x,c227fcc20408ecb1,35240,0,NON_MAVLINK_PROBE,SCANNER,0,,f81b2d76,NORMAL,0.0
2026-05-16T11:15:26.364597,45.142.x.x,d64285cf35e0aea9,40033,0,NON_MAVLINK_PROBE,SCANNER,0,,abd305a8,NORMAL,0.0
2026-05-16T11:16:02.635165,64.62.x.x,7a4cf02331c5d866,27702,0,NON_MAVLINK_PROBE,SCANNER,0,,f36a2857,NORMAL,0.0
2026-05-16T11:18:21.028637,204.76.x.x,c804eabb0c6ba4bc,60920,0,NON_MAVLINK_PROBE,SCANNER,0,,27e43fc9,NORMAL,0.0
2026-05-16T11:23:49.171491,185.91.x.x,2a2b0990dd4071ec,51528,0,NON_MAVLINK_PROBE,SCANNER,0,,838f965c,NORMAL,0.0
2026-05-16T11:23:49.192109,185.91.x.x,2a2b0990dd4071ec,51466,0,NON_MAVLINK_PROBE,SCANNER,0,,b5089351,NORMAL,0.0
2026-05-16T11:23:49.213288,185.91.x.x,2a2b0990dd4071ec,51514,0,NON_MAVLINK_PROBE,SCANNER,0,,5a3456b2,NORMAL,0.0
2026-05-16T11:23:49.245630,185.91.x.x,2a2b0990dd4071ec,51564,0,NON_MAVLINK_PROBE,SCANNER,0,,ae309c6e,NORMAL,0.0
2026-05-16T11:23:49.280209,185.91.x.x,2a2b0990dd4071ec,51484,0,NON_MAVLINK_PROBE,SCANNER,0,,6cf7baa2,NORMAL,0.0
2026-05-16T11:23:53.812271,185.91.x.x,2a2b0990dd4071ec,51542,0,NON_MAVLINK_PROBE,SCANNER,0,,8ef8fcd9,NORMAL,0.0
2026-05-16T11:23:53.816454,185.91.x.x,2a2b0990dd4071ec,51512,0,NON_MAVLINK_PROBE,SCANNER,0,,a7d7e219,NORMAL,0.0
2026-05-16T11:23:53.837025,185.91.x.x,2a2b0990dd4071ec,51496,0,NON_MAVLINK_PROBE,SCANNER,0,,78168c04,NORMAL,0.0
2026-05-16T11:23:53.856942,185.91.x.x,2a2b0990dd4071ec,51522,0,NON_MAVLINK_PROBE,SCANNER,0,,3b48c8ff,NORMAL,0.0
2026-05-16T11:23:53.879995,185.91.x.x,2a2b0990dd4071ec,51480,0,NON_MAVLINK_PROBE,SCANNER,0,,35c0d78c,NORMAL,0.0
2026-05-16T11:28:19.092498,194.164.x.x,d1412c13b89bcd80,60456,0,NON_MAVLINK_PROBE,SCANNER,0,,55d4e6ea,NORMAL,0.0
2026-05-16T11:36:39.455902,161.35.x.x,17e360ba94952522,49744,0,NON_MAVLINK_PROBE,SCANNER,0,,57d9b805,NORMAL,0.0
2026-05-16T11:36:39.444756,161.35.x.x,17e360ba94952522,49760,0,NON_MAVLINK_PROBE,SCANNER,0,,48ca5325,NORMAL,0.0
2026-05-16T11:36:39.457210,161.35.x.x,17e360ba94952522,52122,0,NON_MAVLINK_PROBE,SCANNER,0,,45856ee9,NORMAL,0.0
2026-05-16T11:36:39.464068,161.35.x.x,17e360ba94952522,54600,0,NON_MAVLINK_PROBE,SCANNER,0,,8d219122,NORMAL,0.0
2026-05-16T11:36:39.479887,161.35.x.x,17e360ba94952522,47230,0,NON_MAVLINK_PROBE,SCANNER,0,,ab94ab8f,NORMAL,0.0
2026-05-16T11:36:39.490690,161.35.x.x,17e360ba94952522,54588,0,NON_MAVLINK_PROBE,SCANNER,0,,5b00c755,NORMAL,0.0
2026-05-16T11:36:39.511237,161.35.x.x,17e360ba94952522,47246,0,NON_MAVLINK_PROBE,SCANNER,0,,7a742b3b,NORMAL,0.0
2026-05-16T11:36:39.522470,161.35.x.x,17e360ba94952522,52130,0,NON_MAVLINK_PROBE,SCANNER,0,,460e2370,NORMAL,0.0
2026-05-16T11:36:48.975319,161.35.x.x,17e360ba94952522,52152,0,NON_MAVLINK_PROBE,SCANNER,0,,b8e68609,NORMAL,0.0
2026-05-16T11:36:48.969537,161.35.x.x,17e360ba94952522,49780,0,NON_MAVLINK_PROBE,SCANNER,0,,e2a36c0f,NORMAL,0.0
2026-05-16T11:39:33.359451,130.12.x.x,ad1a1d352a800c18,46252,0,NON_MAVLINK_PROBE,SCANNER,0,,c1ccf84f,NORMAL,0.0
2026-05-16T11:44:09.977419,194.164.x.x,d1412c13b89bcd80,53608,0,NON_MAVLINK_PROBE,SCANNER,0,,b0a786b1,NORMAL,0.0
2026-05-16T11:55:21.140582,20.83.x.x,6dfb04d5748defa0,43848,0,NON_MAVLINK_PROBE,SCANNER,0,,eb32af02,NORMAL,0.0
2026-05-16T11:55:21.585236,20.83.x.x,6dfb04d5748defa0,37898,0,NON_MAVLINK_PROBE,SCANNER,0,,26ec32a3,NORMAL,0.0
2026-05-16T11:57:32.808657,103.172.x.x,262b8d82a0913c1c,52020,0,NON_MAVLINK_PROBE,SCANNER,0,,a9c38959,NORMAL,0.0
2026-05-16T11:57:33.309576,103.172.x.x,262b8d82a0913c1c,52028,0,NON_MAVLINK_PROBE,SCANNER,0,,7be0e5fa,NORMAL,0.0
2026-05-16T11:59:01.443734,103.172.x.x,262b8d82a0913c1c,37018,0,NON_MAVLINK_PROBE,SCANNER,0,,bd879f4d,NORMAL,0.0
2026-05-16T11:59:01.437065,103.172.x.x,262b8d82a0913c1c,37832,0,NON_MAVLINK_PROBE,SCANNER,0,,5375b33f,NORMAL,0.0
2026-05-16T12:01:50.467955,54.80.x.x,885662a7b17a729e,34364,0,NON_MAVLINK_PROBE,SCANNER,0,,cac73291,NORMAL,0.0
2026-05-16T12:07:43.276870,94.159.x.x,914d216daf67ca0d,42136,0,NON_MAVLINK_PROBE,SCANNER,0,,c5fb7865,NORMAL,0.0
2026-05-16T12:07:52.116946,94.159.x.x,914d216daf67ca0d,52516,0,NON_MAVLINK_PROBE,SCANNER,0,,a520a9ae,NORMAL,0.0
2026-05-16T12:07:52.743628,94.159.x.x,914d216daf67ca0d,52532,0,NON_MAVLINK_PROBE,SCANNER,0,,310bef90,NORMAL,0.0
2026-05-16T12:07:53.139112,94.159.x.x,914d216daf67ca0d,52546,0,NON_MAVLINK_PROBE,SCANNER,0,,5618a14a,NORMAL,0.0
2026-05-16T12:07:53.632412,94.159.x.x,914d216daf67ca0d,54956,0,NON_MAVLINK_PROBE,SCANNER,0,,afe49a3f,NORMAL,0.0
2026-05-16T12:07:54.045240,94.159.x.x,914d216daf67ca0d,54964,0,NON_MAVLINK_PROBE,SCANNER,0,,47ab9233,NORMAL,0.0
2026-05-16T12:08:25.919496,94.159.x.x,914d216daf67ca0d,56852,0,NON_MAVLINK_PROBE,SCANNER,0,,914d371d,NORMAL,0.0
2026-05-16T12:08:31.974312,94.159.x.x,914d216daf67ca0d,59014,0,NON_MAVLINK_PROBE,SCANNER,0,,104d67fc,NORMAL,0.0
2026-05-16T12:08:37.968392,94.159.x.x,914d216daf67ca0d,59022,0,NON_MAVLINK_PROBE,SCANNER,0,,b316e212,NORMAL,0.0
2026-05-16T12:08:43.941630,94.159.x.x,914d216daf67ca0d,52514,0,NON_MAVLINK_PROBE,SCANNER,0,,4d4e767a,NORMAL,0.0
2026-05-16T12:12:38.951373,130.12.x.x,ad1a1d352a800c18,42666,0,NON_MAVLINK_PROBE,SCANNER,0,,9befff2e,NORMAL,0.0
2026-05-16T12:21:41.257313,159.223.x.x,d966cf95f2c020ac,42981,0,NON_MAVLINK_PROBE,SCANNER,0,,5c3be7da,NORMAL,0.0
2026-05-16T12:21:50.531872,45.198.x.x,7db0b45618a77305,46864,0,NON_MAVLINK_PROBE,SCANNER,0,,60ca484e,NORMAL,0.0
2026-05-16T12:22:10.429525,8.222.x.x,f1770e74a5fea6d2,24690,0,NON_MAVLINK_PROBE,SCANNER,0,,f0694530,NORMAL,0.0
2026-05-16T12:22:23.441524,8.222.x.x,f1770e74a5fea6d2,39280,0,NON_MAVLINK_PROBE,SCANNER,0,,1cac9f54,NORMAL,0.0
2026-05-16T12:22:36.510687,8.222.x.x,f1770e74a5fea6d2,57180,0,NON_MAVLINK_PROBE,SCANNER,0,,daff3825,NORMAL,0.0
2026-05-16T12:22:49.694729,8.222.x.x,f1770e74a5fea6d2,17642,0,NON_MAVLINK_PROBE,SCANNER,0,,db47e3b2,NORMAL,0.0
2026-05-16T12:28:19.029584,91.92.x.x,78d759e5a430e6ef,53958,0,NON_MAVLINK_PROBE,SCANNER,0,,e1ef8ece,NORMAL,0.0
2026-05-16T12:31:27.295210,176.65.x.x,55a7b7f15fe7b86a,60048,0,NON_MAVLINK_PROBE,SCANNER,0,,2a337ac3,NORMAL,0.0
2026-05-16T12:39:48.268392,204.76.x.x,c804eabb0c6ba4bc,50288,0,NON_MAVLINK_PROBE,SCANNER,0,,8d906757,NORMAL,0.0
2026-05-16T12:42:30.630534,93.152.x.x,51b5a16e31c6ddf2,52814,0,NON_MAVLINK_PROBE,SCANNER,0,,619f69e9,NORMAL,0.0
2026-05-16T12:42:31.126534,93.152.x.x,51b5a16e31c6ddf2,52830,0,NON_MAVLINK_PROBE,SCANNER,0,,ace593ce,NORMAL,0.0
2026-05-16T12:44:10.390478,109.238.x.x,ec903e8c3dddc875,56828,0,NON_MAVLINK_PROBE,SCANNER,0,,f2c7a019,NORMAL,0.0
2026-05-16T12:44:15.391543,109.238.x.x,ec903e8c3dddc875,56832,0,NON_MAVLINK_PROBE,SCANNER,0,,edffa68d,NORMAL,0.0
2026-05-16T12:44:20.461408,109.238.x.x,ec903e8c3dddc875,56846,0,NON_MAVLINK_PROBE,SCANNER,0,,be314ec2,NORMAL,0.0
2026-05-16T12:44:25.436909,109.238.x.x,ec903e8c3dddc875,54686,0,NON_MAVLINK_PROBE,SCANNER,0,,964becf2,NORMAL,0.0
2026-05-16T12:55:21.480641,45.135.x.x,9eaf44d2128ee499,40482,0,NON_MAVLINK_PROBE,SCANNER,0,,4a343516,NORMAL,0.0
2026-05-16T12:55:29.073667,216.226.x.x,dbad373e2fc80e4f,58168,0,NON_MAVLINK_PROBE,SCANNER,0,,606e16c6,NORMAL,0.0
2026-05-16T13:11:44.949396,216.226.x.x,dbad373e2fc80e4f,54040,0,NON_MAVLINK_PROBE,SCANNER,0,,2be25ec7,NORMAL,0.0
2026-05-16T13:16:29.143969,151.245.x.x,518d26dd4dee99dd,53526,0,NON_MAVLINK_PROBE,SCANNER,0,,59cff5de,NORMAL,0.0
2026-05-16T13:25:49.921524,172.86.x.x,c425f1e2d00478cd,39634,0,NON_MAVLINK_PROBE,SCANNER,0,,8de8d32c,NORMAL,0.0
2026-05-16T13:31:01.180421,176.65.x.x,9880f1c3a55845dd,58636,0,NON_MAVLINK_PROBE,SCANNER,0,,f46a1818,NORMAL,0.0
2026-05-16T13:31:55.341745,65.49.x.x,c366b9fa285e0465,39186,0,NON_MAVLINK_PROBE,SCANNER,0,,405bb27f,NORMAL,0.0
2026-05-16T13:46:36.836062,2.27.x.x,f3a04d49403238cf,46530,0,NON_MAVLINK_PROBE,SCANNER,0,,899b4fc0,NORMAL,0.0
2026-05-16T14:08:21.170774,217.60.x.x,02df158b8833d0ac,43226,0,NON_MAVLINK_PROBE,SCANNER,0,,9ea34837,NORMAL,0.0
2026-05-16T14:11:37.908969,44.249.x.x,2d131d2f4ef6b14f,60566,0,NON_MAVLINK_PROBE,SCANNER,0,,1e9335a4,NORMAL,0.0
2026-05-16T14:12:06.779400,184.105.x.x,197eb9dc18675ee7,37454,0,NON_MAVLINK_PROBE,SCANNER,0,,0dd23e12,NORMAL,0.0
2026-05-16T14:17:28.510869,45.142.x.x,d64285cf35e0aea9,40031,0,NON_MAVLINK_PROBE,SCANNER,0,,e063667c,NORMAL,0.0
2026-05-16T14:39:17.733689,176.65.x.x,3caaee43e61f0c4c,45446,0,NON_MAVLINK_PROBE,SCANNER,0,,fe05ad3c,NORMAL,0.0
2026-05-16T14:45:10.122140,219.154.x.x,5b82f283e7e1b40b,59802,0,NON_MAVLINK_PROBE,SCANNER,0,,ffb48f41,NORMAL,0.0
2026-05-16T14:45:10.647623,219.154.x.x,5b82f283e7e1b40b,59858,0,NON_MAVLINK_PROBE,SCANNER,0,,7817a9ab,NORMAL,0.0
2026-05-16T14:46:25.246525,219.154.x.x,5b82f283e7e1b40b,33032,0,NON_MAVLINK_PROBE,SCANNER,0,,f48eba20,NORMAL,0.0
2026-05-16T14:46:25.247668,219.154.x.x,5b82f283e7e1b40b,60608,0,NON_MAVLINK_PROBE,SCANNER,0,,3508d3c4,NORMAL,0.0
2026-05-16T15:25:34.252352,80.94.x.x,f33c463c0284d361,64028,0,NON_MAVLINK_PROBE,SCANNER,0,,22eb631c,NORMAL,0.0
2026-05-16T15:29:23.527161,80.94.x.x,f33c463c0284d361,64246,0,NON_MAVLINK_PROBE,SCANNER,0,,5e929034,NORMAL,0.0
2026-05-16T15:38:41.284836,147.185.x.x,424f85fc6957da1d,58278,0,NON_MAVLINK_PROBE,SCANNER,0,,772ef9bc,NORMAL,0.0
2026-05-16T15:46:04.389261,185.226.x.x,02481e5d91e865cb,53396,0,NON_MAVLINK_PROBE,SCANNER,0,,404fba08,NORMAL,0.0
2026-05-16T15:47:03.090003,204.76.x.x,c804eabb0c6ba4bc,56922,0,NON_MAVLINK_PROBE,SCANNER,0,,b12e852e,NORMAL,0.0
2026-05-16T15:48:28.237328,80.94.x.x,f33c463c0284d361,63782,0,NON_MAVLINK_PROBE,SCANNER,0,,1a5e6919,NORMAL,0.0
2026-05-16T15:52:03.952501,80.94.x.x,f33c463c0284d361,64913,0,NON_MAVLINK_PROBE,SCANNER,0,,551b2563,NORMAL,0.0
2026-05-16T16:03:36.645696,176.65.x.x,55a7b7f15fe7b86a,43660,0,NON_MAVLINK_PROBE,SCANNER,0,,89d67486,NORMAL,0.0
2026-05-16T16:07:09.640427,45.198.x.x,7db0b45618a77305,38292,0,NON_MAVLINK_PROBE,SCANNER,0,,7c0236bf,NORMAL,0.0
2026-05-16T16:17:42.060023,176.65.x.x,3caaee43e61f0c4c,59342,0,NON_MAVLINK_PROBE,SCANNER,0,,6afc13f2,NORMAL,0.0
2026-05-16T17:12:18.134230,180.149.x.x,b855885aaaf96882,37637,0,NON_MAVLINK_PROBE,SCANNER,0,,f73918b1,NORMAL,0.0
2026-05-16T17:18:00.853553,91.92.x.x,78d759e5a430e6ef,60951,0,NON_MAVLINK_PROBE,SCANNER,0,,d6a15f96,NORMAL,0.0
2026-05-16T17:24:40.047071,104.164.x.x,7be7f0b39806b340,57686,0,NON_MAVLINK_PROBE,SCANNER,0,,a63564ef,NORMAL,0.0
2026-05-16T17:24:44.302500,104.164.x.x,7be7f0b39806b340,37036,0,NON_MAVLINK_PROBE,SCANNER,0,,d7394fac,NORMAL,0.0
2026-05-16T17:24:44.929548,104.164.x.x,7be7f0b39806b340,37038,0,NON_MAVLINK_PROBE,SCANNER,0,,b0260f48,NORMAL,0.0
2026-05-16T17:24:45.814600,104.164.x.x,7be7f0b39806b340,37042,0,NON_MAVLINK_PROBE,SCANNER,0,,dd0eaa3c,NORMAL,0.0
2026-05-16T17:24:46.403369,104.164.x.x,7be7f0b39806b340,37054,0,NON_MAVLINK_PROBE,SCANNER,0,,563b4241,NORMAL,0.0
2026-05-16T17:24:46.741426,104.164.x.x,7be7f0b39806b340,37064,0,NON_MAVLINK_PROBE,SCANNER,0,,326781aa,NORMAL,0.0
2026-05-16T17:25:18.798726,104.164.x.x,7be7f0b39806b340,60558,0,NON_MAVLINK_PROBE,SCANNER,0,,9244ebc0,NORMAL,0.0
2026-05-16T17:25:24.846172,104.164.x.x,7be7f0b39806b340,60566,0,NON_MAVLINK_PROBE,SCANNER,0,,e60a9f5b,NORMAL,0.0
2026-05-16T17:25:30.887614,104.164.x.x,7be7f0b39806b340,44436,0,NON_MAVLINK_PROBE,SCANNER,0,,5c6ce9ef,NORMAL,0.0
2026-05-16T17:25:36.863499,104.164.x.x,7be7f0b39806b340,44452,0,NON_MAVLINK_PROBE,SCANNER,0,,b588c53b,NORMAL,0.0
2026-05-16T17:30:19.423628,45.198.x.x,7db0b45618a77305,59610,0,NON_MAVLINK_PROBE,SCANNER,0,,18913180,NORMAL,0.0
2026-05-16T17:33:18.710890,9.234.x.x,0b4d917f2372e139,43034,0,NON_MAVLINK_PROBE,SCANNER,0,,2541613f,NORMAL,0.0
2026-05-16T17:33:20.171128,9.234.x.x,0b4d917f2372e139,47278,0,NON_MAVLINK_PROBE,SCANNER,0,,22d1c6c9,NORMAL,0.0
2026-05-16T17:33:21.616729,9.234.x.x,0b4d917f2372e139,47290,0,NON_MAVLINK_PROBE,SCANNER,0,,56835696,NORMAL,0.0
2026-05-16T17:33:23.282860,9.234.x.x,0b4d917f2372e139,47292,0,NON_MAVLINK_PROBE,SCANNER,0,,fb090393,NORMAL,0.0
2026-05-16T17:33:24.637375,9.234.x.x,0b4d917f2372e139,47300,0,NON_MAVLINK_PROBE,SCANNER,0,,23ca8b24,NORMAL,0.0
2026-05-16T17:33:26.029213,9.234.x.x,0b4d917f2372e139,47314,0,NON_MAVLINK_PROBE,SCANNER,0,,7703073a,NORMAL,0.0
2026-05-16T17:33:27.617228,9.234.x.x,0b4d917f2372e139,47318,0,NON_MAVLINK_PROBE,SCANNER,0,,0321d2fe,NORMAL,0.0
2026-05-16T17:33:29.046930,9.234.x.x,0b4d917f2372e139,47324,0,NON_MAVLINK_PROBE,SCANNER,0,,315a1c08,NORMAL,0.0
2026-05-16T17:33:30.524988,9.234.x.x,0b4d917f2372e139,43400,0,NON_MAVLINK_PROBE,SCANNER,0,,57c3594b,NORMAL,0.0
2026-05-16T17:33:32.174955,9.234.x.x,0b4d917f2372e139,43406,0,NON_MAVLINK_PROBE,SCANNER,0,,e3340c89,NORMAL,0.0
2026-05-16T17:39:49.707607,47.251.x.x,46b732f50c06bf40,36778,0,NON_MAVLINK_PROBE,SCANNER,0,,67736c45,NORMAL,0.0
2026-05-16T17:40:03.028905,47.251.x.x,46b732f50c06bf40,17010,0,NON_MAVLINK_PROBE,SCANNER,0,,f0fda00b,NORMAL,0.0
2026-05-16T17:40:16.207535,47.251.x.x,46b732f50c06bf40,20012,0,NON_MAVLINK_PROBE,SCANNER,0,,89d549ea,NORMAL,0.0
2026-05-16T17:40:29.432920,47.251.x.x,46b732f50c06bf40,45336,0,NON_MAVLINK_PROBE,SCANNER,0,,51c7f22b,NORMAL,0.0
2026-05-16T17:40:42.652432,47.251.x.x,46b732f50c06bf40,50354,0,NON_MAVLINK_PROBE,SCANNER,0,,5f1293d5,NORMAL,0.0
2026-05-16T17:40:55.919609,47.251.x.x,46b732f50c06bf40,34512,0,NON_MAVLINK_PROBE,SCANNER,0,,e4ebccff,NORMAL,0.0
2026-05-16T17:41:09.159535,47.251.x.x,46b732f50c06bf40,46050,0,NON_MAVLINK_PROBE,SCANNER,0,,477ee2ee,NORMAL,0.0
2026-05-16T17:41:22.353139,47.251.x.x,46b732f50c06bf40,53878,0,NON_MAVLINK_PROBE,SCANNER,0,,bb771fcc,NORMAL,0.0
2026-05-16T17:41:35.605565,47.251.x.x,46b732f50c06bf40,57872,0,NON_MAVLINK_PROBE,SCANNER,0,,f50c7e5a,NORMAL,0.0
2026-05-16T17:41:48.847151,47.251.x.x,46b732f50c06bf40,18022,0,NON_MAVLINK_PROBE,SCANNER,0,,0dc5c255,NORMAL,0.0
2026-05-16T17:46:42.241557,91.92.x.x,78d759e5a430e6ef,58028,0,NON_MAVLINK_PROBE,SCANNER,0,,98ebfb7f,NORMAL,0.0
2026-05-16T17:47:54.567975,204.76.x.x,c804eabb0c6ba4bc,44664,0,NON_MAVLINK_PROBE,SCANNER,0,,3b8b0165,NORMAL,0.0
2026-05-16T17:56:58.419453,176.65.x.x,e7884f4887563b62,63886,0,NON_MAVLINK_PROBE,SCANNER,0,,b0417435,NORMAL,0.0
2026-05-16T17:57:08.563516,176.65.x.x,e7884f4887563b62,14588,0,NON_MAVLINK_PROBE,SCANNER,0,,f68072e8,NORMAL,0.0
2026-05-16T18:08:14.408012,94.183.x.x,cac248052df5d82b,43734,0,NON_MAVLINK_PROBE,SCANNER,0,,e4966c15,NORMAL,0.0
2026-05-16T18:21:12.447884,195.184.x.x,99f743dc0c7b65b9,57535,0,NON_MAVLINK_PROBE,SCANNER,0,,ecae4fe5,NORMAL,0.0
2026-05-16T18:21:15.680155,195.184.x.x,15aeab3e15c1173a,33569,0,NON_MAVLINK_PROBE,SCANNER,0,,11908eca,NORMAL,0.0
2026-05-16T18:49:47.972612,205.210.x.x,dff4bfe689b97336,58034,0,NON_MAVLINK_PROBE,SCANNER,0,,3dff8afc,NORMAL,0.0
2026-05-16T18:53:00.382326,176.65.x.x,1c233f18e373798e,50380,0,NON_MAVLINK_PROBE,SCANNER,0,,43a6ee04,NORMAL,0.0
2026-05-16T19:06:30.005448,147.182.x.x,340673428ccdfe31,50496,0,NON_MAVLINK_PROBE,SCANNER,0,,86136e9c,NORMAL,0.0
2026-05-16T19:08:07.731430,204.76.x.x,c804eabb0c6ba4bc,47932,0,NON_MAVLINK_PROBE,SCANNER,0,,86f1f256,NORMAL,0.0
2026-05-16T19:48:55.272844,185.91.x.x,2a2b0990dd4071ec,52734,0,NON_MAVLINK_PROBE,SCANNER,0,,b58a438e,NORMAL,0.0
2026-05-16T19:48:55.299024,185.91.x.x,2a2b0990dd4071ec,52746,0,NON_MAVLINK_PROBE,SCANNER,0,,f845e914,NORMAL,0.0
2026-05-16T19:48:55.319777,185.91.x.x,2a2b0990dd4071ec,52784,0,NON_MAVLINK_PROBE,SCANNER,0,,c5f9f13f,NORMAL,0.0
2026-05-16T19:48:55.325143,185.91.x.x,2a2b0990dd4071ec,52732,0,NON_MAVLINK_PROBE,SCANNER,0,,b767b03f,NORMAL,0.0
2026-05-16T19:48:55.332106,185.91.x.x,2a2b0990dd4071ec,52774,0,NON_MAVLINK_PROBE,SCANNER,0,,8761dcdb,NORMAL,0.0
2026-05-16T19:48:55.355821,185.91.x.x,2a2b0990dd4071ec,52762,0,NON_MAVLINK_PROBE,SCANNER,0,,9e76c3b6,NORMAL,0.0
2026-05-16T19:48:59.547845,185.91.x.x,2a2b0990dd4071ec,52796,0,NON_MAVLINK_PROBE,SCANNER,0,,faa22c34,NORMAL,0.0
2026-05-16T19:48:59.541719,185.91.x.x,2a2b0990dd4071ec,52798,0,NON_MAVLINK_PROBE,SCANNER,0,,f48cb55b,NORMAL,0.0
2026-05-16T19:48:59.572035,185.91.x.x,2a2b0990dd4071ec,52778,0,NON_MAVLINK_PROBE,SCANNER,0,,f47198e0,NORMAL,0.0
2026-05-16T19:48:59.580157,185.91.x.x,2a2b0990dd4071ec,52804,0,NON_MAVLINK_PROBE,SCANNER,0,,8f7d513c,NORMAL,0.0
2026-05-16T19:49:35.778212,194.164.x.x,c52e8076f14ba1d2,35574,0,NON_MAVLINK_PROBE,SCANNER,0,,5a63145d,NORMAL,0.0
2026-05-16T19:55:33.788438,130.12.x.x,ad1a1d352a800c18,45664,0,NON_MAVLINK_PROBE,SCANNER,0,,bac427b1,NORMAL,0.0
2026-05-16T20:05:19.048742,194.164.x.x,c52e8076f14ba1d2,40374,0,NON_MAVLINK_PROBE,SCANNER,0,,b85df6ba,NORMAL,0.0
2026-05-16T20:19:34.353617,45.156.x.x,23025a80d21db7d5,58488,0,NON_MAVLINK_PROBE,SCANNER,0,,40678380,NORMAL,0.0
2026-05-16T20:19:42.329587,45.156.x.x,4cbe0ec07cb84951,40648,0,NON_MAVLINK_PROBE,SCANNER,0,,0250f4e6,NORMAL,0.0
2026-05-16T20:19:50.354412,45.156.x.x,23025a80d21db7d5,39244,0,NON_MAVLINK_PROBE,SCANNER,0,,3d78a642,NORMAL,0.0
2026-05-16T20:19:58.509387,45.156.x.x,23025a80d21db7d5,59118,0,NON_MAVLINK_PROBE,SCANNER,0,,ceaf7eab,NORMAL,0.0
2026-05-16T20:20:07.995753,130.12.x.x,ad1a1d352a800c18,46864,0,NON_MAVLINK_PROBE,SCANNER,0,,23161ef9,NORMAL,0.0
2026-05-16T20:31:47.841424,204.76.x.x,c804eabb0c6ba4bc,53712,0,NON_MAVLINK_PROBE,SCANNER,0,,28279ad8,NORMAL,0.0
2026-05-16T20:33:21.662707,203.55.x.x,c555d626b99a5213,54142,0,NON_MAVLINK_PROBE,SCANNER,0,,bd9dbb82,NORMAL,0.0
2026-05-16T20:45:15.367241,212.132.x.x,4a2b335d4719c1d1,35232,0,NON_MAVLINK_PROBE,SCANNER,0,,0619a99c,NORMAL,0.0
2026-05-16T20:45:20.345768,212.132.x.x,4a2b335d4719c1d1,35248,0,NON_MAVLINK_PROBE,SCANNER,0,,4dad0986,NORMAL,0.0
2026-05-16T20:45:25.325551,212.132.x.x,4a2b335d4719c1d1,35258,0,NON_MAVLINK_PROBE,SCANNER,0,,47ccc618,NORMAL,0.0
2026-05-16T20:45:30.366933,212.132.x.x,4a2b335d4719c1d1,60602,0,NON_MAVLINK_PROBE,SCANNER,0,,364b6b72,NORMAL,0.0
2026-05-16T20:45:47.020019,194.190.x.x,5b98f8e13b581745,37841,0,NON_MAVLINK_PROBE,SCANNER,0,,061b5bd6,NORMAL,0.0
2026-05-16T20:49:09.623500,203.55.x.x,c555d626b99a5213,53146,0,NON_MAVLINK_PROBE,SCANNER,0,,4471deac,NORMAL,0.0
2026-05-16T20:55:35.544406,176.65.x.x,3caaee43e61f0c4c,50076,0,NON_MAVLINK_PROBE,SCANNER,0,,a3107fa0,NORMAL,0.0
2026-05-16T21:13:54.027537,45.198.x.x,7db0b45618a77305,34390,0,NON_MAVLINK_PROBE,SCANNER,0,,774d40d3,NORMAL,0.0
2026-05-16T21:28:22.795319,42.228.x.x,6c8f99bb2acf9ea9,40519,0,NON_MAVLINK_PROBE,SCANNER,0,,92efb32a,NORMAL,0.0
2026-05-16T21:32:38.257076,66.132.x.x,b26415ce642ac31b,64344,0,NON_MAVLINK_PROBE,SCANNER,0,,9ee4b108,NORMAL,0.0
2026-05-16T21:32:42.026050,66.132.x.x,b26415ce642ac31b,64146,4,UNKNOWN_4,UNKNOWN,3,c89fbf11f65106003905,a604976e,NORMAL,0.2
2026-05-16T21:32:56.884326,66.132.x.x,b26415ce642ac31b,64156,0,NON_MAVLINK_PROBE,SCANNER,0,,711b3987,NORMAL,0.0
2026-05-16T22:16:58.758425,68.183.x.x,59cd990906f099ee,57486,0,NON_MAVLINK_PROBE,SCANNER,0,,10d7b928,NORMAL,0.0
2026-05-16T22:16:58.840462,68.183.x.x,59cd990906f099ee,57556,0,NON_MAVLINK_PROBE,SCANNER,0,,4fd7d4a6,NORMAL,0.0
2026-05-16T22:16:58.957777,68.183.x.x,59cd990906f099ee,57508,0,NON_MAVLINK_PROBE,SCANNER,0,,a9894f43,NORMAL,0.0
2026-05-16T22:16:58.994963,68.183.x.x,59cd990906f099ee,57506,0,NON_MAVLINK_PROBE,SCANNER,0,,4135e039,NORMAL,0.0
2026-05-16T22:16:58.979001,68.183.x.x,59cd990906f099ee,57496,0,NON_MAVLINK_PROBE,SCANNER,0,,8af80bbf,NORMAL,0.0
2026-05-16T22:16:59.009117,68.183.x.x,59cd990906f099ee,38248,0,NON_MAVLINK_PROBE,SCANNER,0,,e3f44576,NORMAL,0.0
2026-05-16T22:16:59.028279,68.183.x.x,59cd990906f099ee,57502,0,NON_MAVLINK_PROBE,SCANNER,0,,6ee9569e,NORMAL,0.0
2026-05-16T22:16:59.027998,68.183.x.x,59cd990906f099ee,57522,0,NON_MAVLINK_PROBE,SCANNER,0,,4ef51dbe,NORMAL,0.0
2026-05-16T22:16:59.069965,68.183.x.x,59cd990906f099ee,51432,0,NON_MAVLINK_PROBE,SCANNER,0,,a5154f3d,NORMAL,0.0
2026-05-16T22:16:59.072411,68.183.x.x,59cd990906f099ee,56218,0,NON_MAVLINK_PROBE,SCANNER,0,,3858c6ec,NORMAL,0.0
2026-05-16T22:17:08.140458,68.183.x.x,59cd990906f099ee,57666,0,NON_MAVLINK_PROBE,SCANNER,0,,ce7ad1b7,NORMAL,0.0
2026-05-16T22:20:32.466970,167.94.x.x,6bb23cb4f9c81939,61174,0,NON_MAVLINK_PROBE,SCANNER,0,,6a1285d2,NORMAL,0.0
2026-05-16T22:20:36.548944,167.94.x.x,6bb23cb4f9c81939,61194,4,UNKNOWN_4,UNKNOWN,3,3d3414bdf65106003905,7f6ada4a,NORMAL,0.2
2026-05-16T22:20:50.341712,167.94.x.x,6bb23cb4f9c81939,20738,0,NON_MAVLINK_PROBE,SCANNER,0,,40dbf383,NORMAL,0.0
2026-05-16T22:29:50.889734,94.232.x.x,c8927ea3b0a89219,57814,0,NON_MAVLINK_PROBE,SCANNER,0,,64909291,NORMAL,0.0
2026-05-16T22:36:16.019157,45.202.x.x,d14177b8b76f6cce,60688,0,NON_MAVLINK_PROBE,SCANNER,0,,0105658b,NORMAL,0.0
2026-05-16T22:43:29.699082,45.198.x.x,7db0b45618a77305,51610,0,NON_MAVLINK_PROBE,SCANNER,0,,71885b0c,NORMAL,0.0
2026-05-16T22:43:46.566055,79.124.x.x,a3dc2bc09007bf5d,59482,0,NON_MAVLINK_PROBE,SCANNER,0,,40e1961e,NORMAL,0.0
2026-05-16T23:21:31.684796,45.79.x.x,7bb9c1b6821cd9a0,48136,0,NON_MAVLINK_PROBE,SCANNER,0,,fc8645ff,NORMAL,0.0
2026-05-16T23:21:32.103121,45.79.x.x,7bb9c1b6821cd9a0,27068,0,NON_MAVLINK_PROBE,SCANNER,0,,5419f563,NORMAL,0.0
2026-05-16T23:57:16.938969,54.162.x.x,73b12400ca485a3a,62582,0,NON_MAVLINK_PROBE,SCANNER,0,,dd70580a,NORMAL,0.0
2026-05-16T23:58:36.150086,66.228.x.x,d27ee6aa7ff7d839,58588,0,NON_MAVLINK_PROBE,SCANNER,0,,7367106e,NORMAL,0.0
2026-05-16T23:58:41.472025,66.228.x.x,d27ee6aa7ff7d839,58594,0,NON_MAVLINK_PROBE,SCANNER,0,,20e0d894,NORMAL,0.0
2026-05-16T23:58:47.035494,66.228.x.x,d27ee6aa7ff7d839,45032,0,NON_MAVLINK_PROBE,SCANNER,0,,db454eb3,NORMAL,0.0
2026-05-16T23:58:52.349413,66.228.x.x,d27ee6aa7ff7d839,60708,0,NON_MAVLINK_PROBE,SCANNER,0,,c3f8f1d8,NORMAL,0.0
2026-05-16T23:58:58.001655,66.228.x.x,d27ee6aa7ff7d839,60710,0,NON_MAVLINK_PROBE,SCANNER,0,,f6d8ca58,NORMAL,0.0
2026-05-16T23:59:03.268023,66.228.x.x,d27ee6aa7ff7d839,51356,0,NON_MAVLINK_PROBE,SCANNER,0,,7511c023,NORMAL,0.0
2026-05-16T23:59:08.865012,66.228.x.x,d27ee6aa7ff7d839,51364,0,NON_MAVLINK_PROBE,SCANNER,0,,e1f46339,NORMAL,0.0
2026-05-16T23:59:14.216785,66.228.x.x,d27ee6aa7ff7d839,59554,0,NON_MAVLINK_PROBE,SCANNER,0,,07e92c82,NORMAL,0.0
2026-05-16T23:59:19.696504,66.228.x.x,d27ee6aa7ff7d839,59564,0,NON_MAVLINK_PROBE,SCANNER,0,,ca7f4146,NORMAL,0.0
2026-05-16T23:59:25.032267,66.228.x.x,d27ee6aa7ff7d839,44002,0,NON_MAVLINK_PROBE,SCANNER,0,,f65ec7e0,NORMAL,0.0
2026-05-16T23:59:30.517866,66.228.x.x,d27ee6aa7ff7d839,44018,0,NON_MAVLINK_PROBE,SCANNER,0,,8028e3ff,NORMAL,0.0
2026-05-16T23:59:35.997256,66.228.x.x,d27ee6aa7ff7d839,32930,0,NON_MAVLINK_PROBE,SCANNER,0,,33fe2021,NORMAL,0.0
2026-05-16T23:59:41.465719,66.228.x.x,d27ee6aa7ff7d839,41780,0,NON_MAVLINK_PROBE,SCANNER,0,,28ea39d2,NORMAL,0.0
2026-05-16T23:59:46.923825,66.228.x.x,d27ee6aa7ff7d839,41790,0,NON_MAVLINK_PROBE,SCANNER,0,,7a4c5a33,NORMAL,0.0
2026-05-16T23:59:52.393556,66.228.x.x,d27ee6aa7ff7d839,33362,0,NON_MAVLINK_PROBE,SCANNER,0,,d4a87794,NORMAL,0.0
2026-05-16T23:59:57.813018,66.228.x.x,d27ee6aa7ff7d839,33372,0,NON_MAVLINK_PROBE,SCANNER,0,,de638aa7,NORMAL,0.0
2026-05-17T00:00:04.078867,66.228.x.x,d27ee6aa7ff7d839,57130,0,NON_MAVLINK_PROBE,SCANNER,0,,f9d323d5,NORMAL,0.0
2026-05-17T00:00:09.116254,66.228.x.x,d27ee6aa7ff7d839,57146,0,NON_MAVLINK_PROBE,SCANNER,0,,af950134,NORMAL,0.0
2026-05-17T00:00:14.482116,66.228.x.x,d27ee6aa7ff7d839,60334,0,NON_MAVLINK_PROBE,SCANNER,0,,8ce36f7f,NORMAL,0.0
2026-05-17T00:00:20.131639,66.228.x.x,d27ee6aa7ff7d839,60340,0,NON_MAVLINK_PROBE,SCANNER,0,,81d97009,NORMAL,0.0
2026-05-17T00:00:25.421013,66.228.x.x,d27ee6aa7ff7d839,47430,0,NON_MAVLINK_PROBE,SCANNER,0,,65768fa8,NORMAL,0.0
2026-05-17T00:00:30.964051,66.228.x.x,d27ee6aa7ff7d839,47438,0,NON_MAVLINK_PROBE,SCANNER,0,,cb07d4d4,NORMAL,0.0
2026-05-17T00:00:36.337556,66.228.x.x,d27ee6aa7ff7d839,46062,0,NON_MAVLINK_PROBE,SCANNER,0,,a135cadc,NORMAL,0.0
2026-05-17T00:00:41.904619,66.228.x.x,d27ee6aa7ff7d839,36300,0,NON_MAVLINK_PROBE,SCANNER,0,,daa7c9a7,NORMAL,0.0
2026-05-17T00:00:47.240584,66.228.x.x,d27ee6aa7ff7d839,36310,0,NON_MAVLINK_PROBE,SCANNER,0,,cab1fe43,NORMAL,0.0
2026-05-17T00:00:52.748164,66.228.x.x,d27ee6aa7ff7d839,47160,0,NON_MAVLINK_PROBE,SCANNER,0,,2d469974,NORMAL,0.0
2026-05-17T00:00:58.112455,66.228.x.x,d27ee6aa7ff7d839,47168,0,NON_MAVLINK_PROBE,SCANNER,0,,2d25687d,NORMAL,0.0
2026-05-17T00:01:03.724867,66.228.x.x,d27ee6aa7ff7d839,40410,0,NON_MAVLINK_PROBE,SCANNER,0,,e65c0494,NORMAL,0.0
2026-05-17T00:01:09.061497,66.228.x.x,d27ee6aa7ff7d839,40414,0,NON_MAVLINK_PROBE,SCANNER,0,,f0cfe56e,NORMAL,0.0
2026-05-17T00:01:14.570503,66.228.x.x,d27ee6aa7ff7d839,36346,0,NON_MAVLINK_PROBE,SCANNER,0,,6a10afa3,NORMAL,0.0
2026-05-17T00:01:19.948956,66.228.x.x,d27ee6aa7ff7d839,36356,0,NON_MAVLINK_PROBE,SCANNER,0,,c8839835,NORMAL,0.0
2026-05-17T00:01:25.483042,66.228.x.x,d27ee6aa7ff7d839,44860,0,NON_MAVLINK_PROBE,SCANNER,0,,0476d3ef,NORMAL,0.0
2026-05-17T00:01:30.850334,66.228.x.x,d27ee6aa7ff7d839,44872,0,NON_MAVLINK_PROBE,SCANNER,0,,a3a3362c,NORMAL,0.0
2026-05-17T00:01:36.409405,66.228.x.x,d27ee6aa7ff7d839,50930,0,NON_MAVLINK_PROBE,SCANNER,0,,8b1c991b,NORMAL,0.0
2026-05-17T00:01:41.724530,66.228.x.x,d27ee6aa7ff7d839,43902,0,NON_MAVLINK_PROBE,SCANNER,0,,3a2a9482,NORMAL,0.0
2026-05-17T00:01:47.311739,66.228.x.x,d27ee6aa7ff7d839,43906,0,NON_MAVLINK_PROBE,SCANNER,0,,5555a75a,NORMAL,0.0
2026-05-17T00:01:52.624772,66.228.x.x,d27ee6aa7ff7d839,43164,0,NON_MAVLINK_PROBE,SCANNER,0,,0528439c,NORMAL,0.0
2026-05-17T00:01:58.200632,66.228.x.x,d27ee6aa7ff7d839,43172,0,NON_MAVLINK_PROBE,SCANNER,0,,0915cacd,NORMAL,0.0
2026-05-17T00:02:03.518311,66.228.x.x,d27ee6aa7ff7d839,32898,0,NON_MAVLINK_PROBE,SCANNER,0,,7df3209f,NORMAL,0.0
2026-05-17T00:08:33.921057,147.185.x.x,74f718ae690c4bf4,60428,0,NON_MAVLINK_PROBE,SCANNER,0,,33175bec,NORMAL,0.0
2026-05-17T00:08:33.923541,147.185.x.x,74f718ae690c4bf4,60426,0,NON_MAVLINK_PROBE,SCANNER,0,,711853fc,NORMAL,0.0
2026-05-17T00:09:17.242126,176.65.x.x,8ecb668eed5ac938,42074,0,NON_MAVLINK_PROBE,SCANNER,0,,4f1895c6,NORMAL,0.0
2026-05-17T00:15:06.202462,185.91.x.x,2a2b0990dd4071ec,48660,0,NON_MAVLINK_PROBE,SCANNER,0,,05c43bad,NORMAL,0.0
2026-05-17T00:15:06.244277,185.91.x.x,2a2b0990dd4071ec,48680,0,NON_MAVLINK_PROBE,SCANNER,0,,5131c20f,NORMAL,0.0
2026-05-17T00:15:06.259698,185.91.x.x,2a2b0990dd4071ec,48692,0,NON_MAVLINK_PROBE,SCANNER,0,,5ad42f13,NORMAL,0.0
2026-05-17T00:15:06.290176,185.91.x.x,2a2b0990dd4071ec,48702,0,NON_MAVLINK_PROBE,SCANNER,0,,8d1e501d,NORMAL,0.0
2026-05-17T00:15:06.292683,185.91.x.x,2a2b0990dd4071ec,48736,0,NON_MAVLINK_PROBE,SCANNER,0,,604f1d51,NORMAL,0.0
2026-05-17T00:15:10.867585,185.91.x.x,2a2b0990dd4071ec,48664,0,NON_MAVLINK_PROBE,SCANNER,0,,adfe70b2,NORMAL,0.0
2026-05-17T00:15:10.867196,185.91.x.x,2a2b0990dd4071ec,48654,0,NON_MAVLINK_PROBE,SCANNER,0,,d5c8cd76,NORMAL,0.0
2026-05-17T00:15:10.872019,185.91.x.x,2a2b0990dd4071ec,48712,0,NON_MAVLINK_PROBE,SCANNER,0,,c6a3a226,NORMAL,0.0
2026-05-17T00:15:10.880078,185.91.x.x,2a2b0990dd4071ec,48698,0,NON_MAVLINK_PROBE,SCANNER,0,,9396f9d1,NORMAL,0.0
2026-05-17T00:15:10.880328,185.91.x.x,2a2b0990dd4071ec,48724,0,NON_MAVLINK_PROBE,SCANNER,0,,7b83492e,NORMAL,0.0
2026-05-17T00:41:47.053325,20.106.x.x,1e09563933d964e6,39268,0,NON_MAVLINK_PROBE,SCANNER,0,,2ca4d473,NORMAL,0.0
2026-05-17T00:41:47.565533,20.106.x.x,1e09563933d964e6,51548,0,NON_MAVLINK_PROBE,SCANNER,0,,d8dcf762,NORMAL,0.0
2026-05-17T00:44:08.295633,111.123.x.x,b207471fb54e73e7,35424,0,NON_MAVLINK_PROBE,SCANNER,0,,19461a72,NORMAL,0.0
2026-05-17T01:01:14.991213,127.0.x.x,ef2f9f91273ffdad,49150,0,NON_MAVLINK_PROBE,SCANNER,0,,9679b99a,NORMAL,0.0
2026-05-17T01:07:20.346051,85.217.x.x,9c7bd2a24fcd3d66,42240,0,NON_MAVLINK_PROBE,SCANNER,0,,bb5fcec4,NORMAL,0.0
2026-05-17T01:09:29.171455,143.198.x.x,e7ef0cb6a95da53f,56642,0,NON_MAVLINK_PROBE,SCANNER,0,,8ae1f559,NORMAL,0.0
2026-05-17T01:09:32.358769,143.198.x.x,e7ef0cb6a95da53f,56646,0,NON_MAVLINK_PROBE,SCANNER,0,,5f150ae0,NORMAL,0.0
2026-05-17T01:24:35.121140,124.198.x.x,891bf3e0c9c22b1d,46912,0,NON_MAVLINK_PROBE,SCANNER,0,,f95b2b3d,NORMAL,0.0
2026-05-17T01:40:40.137053,124.198.x.x,891bf3e0c9c22b1d,52914,0,NON_MAVLINK_PROBE,SCANNER,0,,346949d4,NORMAL,0.0
2026-05-17T02:01:06.866766,124.198.x.x,891bf3e0c9c22b1d,51742,0,NON_MAVLINK_PROBE,SCANNER,0,,301227f8,NORMAL,0.0
2026-05-17T02:06:43.940537,45.198.x.x,7db0b45618a77305,42160,0,NON_MAVLINK_PROBE,SCANNER,0,,cd85f737,NORMAL,0.0
2026-05-17T02:14:53.180791,45.156.x.x,ef60eae453582c58,35528,0,NON_MAVLINK_PROBE,SCANNER,0,,77bc8840,NORMAL,0.0
2026-05-17T02:15:02.742795,45.156.x.x,cad53f252b6d944d,45468,0,NON_MAVLINK_PROBE,SCANNER,0,,b67cc59a,NORMAL,0.0
2026-05-17T02:15:05.991620,45.156.x.x,ffd0a50c6c885cde,54598,0,NON_MAVLINK_PROBE,SCANNER,0,,02e45a87,NORMAL,0.0
2026-05-17T02:15:06.375451,45.156.x.x,ffd0a50c6c885cde,54602,0,NON_MAVLINK_PROBE,SCANNER,0,,2ee02b07,NORMAL,0.0
2026-05-17T02:15:10.795860,45.156.x.x,cad53f252b6d944d,40778,0,NON_MAVLINK_PROBE,SCANNER,0,,11642ab0,NORMAL,0.0
2026-05-17T02:15:21.390727,45.156.x.x,cad53f252b6d944d,40794,0,NON_MAVLINK_PROBE,SCANNER,0,,295eb0f6,NORMAL,0.0
2026-05-17T02:15:33.213179,45.156.x.x,ffd0a50c6c885cde,48748,0,NON_MAVLINK_PROBE,SCANNER,0,,86ebfbb7,NORMAL,0.0
2026-05-17T02:15:35.390516,45.156.x.x,ef60eae453582c58,49824,0,NON_MAVLINK_PROBE,SCANNER,0,,cb25b615,NORMAL,0.0
2026-05-17T02:15:35.786272,45.156.x.x,ffd0a50c6c885cde,37948,0,NON_MAVLINK_PROBE,SCANNER,0,,40fd8a1e,NORMAL,0.0
2026-05-17T02:15:41.519904,45.156.x.x,ffd0a50c6c885cde,37964,0,NON_MAVLINK_PROBE,SCANNER,0,,3df5bb7e,NORMAL,0.0
2026-05-17T02:15:41.773222,45.156.x.x,ef60eae453582c58,49830,0,NON_MAVLINK_PROBE,SCANNER,0,,9b65efca,NORMAL,0.0
2026-05-17T02:15:44.258282,124.198.x.x,891bf3e0c9c22b1d,54596,0,NON_MAVLINK_PROBE,SCANNER,0,,f8ce3815,NORMAL,0.0
2026-05-17T02:24:13.015556,45.139.x.x,6ffc60e32f4da65f,50924,0,NON_MAVLINK_PROBE,SCANNER,0,,8dca9fb6,NORMAL,0.0
2026-05-17T02:35:53.656441,66.228.x.x,5271a80d7b02a788,5664,0,NON_MAVLINK_PROBE,SCANNER,0,,7cb6bab1,NORMAL,0.0
2026-05-17T02:35:54.937477,66.228.x.x,5271a80d7b02a788,61954,0,NON_MAVLINK_PROBE,SCANNER,0,,32d58c2f,NORMAL,0.0
2026-05-17T02:43:24.937672,198.235.x.x,5aa6ab8b325c7eb6,61232,0,NON_MAVLINK_PROBE,SCANNER,0,,16b767da,NORMAL,0.0
2026-05-17T02:43:24.940704,198.235.x.x,5aa6ab8b325c7eb6,61228,0,NON_MAVLINK_PROBE,SCANNER,0,,37daef94,NORMAL,0.0
2026-05-17T03:10:05.260644,93.123.x.x,7241acd881f52dff,57786,0,NON_MAVLINK_PROBE,SCANNER,0,,7230740e,NORMAL,0.0
2026-05-17T03:15:23.211063,185.213.x.x,500177e83164b56e,46684,0,NON_MAVLINK_PROBE,SCANNER,0,,cd9147f4,NORMAL,0.0
2026-05-17T03:15:23.771283,185.213.x.x,500177e83164b56e,46686,0,NON_MAVLINK_PROBE,SCANNER,0,,2a55075d,NORMAL,0.0
2026-05-17T03:15:24.191036,185.213.x.x,500177e83164b56e,46690,0,NON_MAVLINK_PROBE,SCANNER,0,,5f4c0a55,NORMAL,0.0
2026-05-17T03:15:24.564755,185.213.x.x,500177e83164b56e,46694,0,NON_MAVLINK_PROBE,SCANNER,0,,6180d988,NORMAL,0.0
2026-05-17T03:15:24.895519,185.213.x.x,500177e83164b56e,46698,0,NON_MAVLINK_PROBE,SCANNER,0,,97bd7a61,NORMAL,0.0
2026-05-17T03:15:25.214771,185.213.x.x,500177e83164b56e,46708,0,NON_MAVLINK_PROBE,SCANNER,0,,0fa94e6b,NORMAL,0.0
2026-05-17T03:16:25.479826,185.213.x.x,500177e83164b56e,46714,0,NON_MAVLINK_PROBE,SCANNER,0,,e54f6508,NORMAL,0.0
2026-05-17T03:17:25.937350,185.213.x.x,500177e83164b56e,46844,0,NON_MAVLINK_PROBE,SCANNER,0,,3cf6dca1,NORMAL,0.0
2026-05-17T03:18:10.532588,110.36.x.x,958bfcf0097de1bb,49883,0,NON_MAVLINK_PROBE,SCANNER,0,,107c5b98,NORMAL,0.0
2026-05-17T03:18:26.566973,185.213.x.x,500177e83164b56e,47234,0,NON_MAVLINK_PROBE,SCANNER,0,,c1d279c4,NORMAL,0.0
2026-05-17T03:29:32.924313,45.198.x.x,7db0b45618a77305,56194,0,NON_MAVLINK_PROBE,SCANNER,0,,f3db96b3,NORMAL,0.0
2026-05-17T03:32:31.026682,147.185.x.x,af94edd01666c699,64946,0,NON_MAVLINK_PROBE,SCANNER,0,,47f6f656,NORMAL,0.0
2026-05-17T03:39:34.634294,66.132.x.x,4ebb30bb2715da0c,38116,0,NON_MAVLINK_PROBE,SCANNER,0,,b8cef155,NORMAL,0.0
2026-05-17T03:39:40.512621,66.132.x.x,4ebb30bb2715da0c,19184,4,UNKNOWN_4,UNKNOWN,3,85872532fb5106003905,b54d8995,NORMAL,0.2
2026-05-17T03:39:54.348764,66.132.x.x,4ebb30bb2715da0c,19204,0,NON_MAVLINK_PROBE,SCANNER,0,,7c5f1188,NORMAL,0.0
2026-05-17T03:48:48.730101,18.218.x.x,a1cedf5443bfca11,39644,0,NON_MAVLINK_PROBE,SCANNER,0,,c12dd6fc,NORMAL,0.0
2026-05-17T03:48:49.619497,18.218.x.x,a1cedf5443bfca11,55440,0,NON_MAVLINK_PROBE,SCANNER,0,,770f17be,NORMAL,0.0
2026-05-17T03:52:17.708203,18.218.x.x,a1cedf5443bfca11,46760,0,NON_MAVLINK_PROBE,SCANNER,0,,fd3ce755,NORMAL,0.0
2026-05-17T03:53:22.041226,18.218.x.x,a1cedf5443bfca11,38642,0,NON_MAVLINK_PROBE,SCANNER,0,,a3a4bc65,NORMAL,0.0
2026-05-17T03:56:17.171072,18.218.x.x,a1cedf5443bfca11,44578,0,NON_MAVLINK_PROBE,SCANNER,0,,c2098615,NORMAL,0.0
2026-05-17T03:56:40.485375,79.124.x.x,a3dc2bc09007bf5d,53288,0,NON_MAVLINK_PROBE,SCANNER,0,,9e9e730f,NORMAL,0.0
2026-05-17T04:16:48.285075,130.12.x.x,ad1a1d352a800c18,34412,0,NON_MAVLINK_PROBE,SCANNER,0,,1b8f0b56,NORMAL,0.0
2026-05-17T04:25:02.049520,79.124.x.x,a3dc2bc09007bf5d,60542,0,NON_MAVLINK_PROBE,SCANNER,0,,f91a06c3,NORMAL,0.0
2026-05-17T04:39:23.972565,139.59.x.x,ee76836418aae29e,60736,0,NON_MAVLINK_PROBE,SCANNER,0,,5558f11b,NORMAL,0.0
2026-05-17T04:39:24.329508,139.59.x.x,ee76836418aae29e,54868,0,NON_MAVLINK_PROBE,SCANNER,0,,5688374e,NORMAL,0.0
2026-05-17T04:39:24.516534,139.59.x.x,ee76836418aae29e,60738,0,NON_MAVLINK_PROBE,SCANNER,0,,f69541e4,NORMAL,0.0
2026-05-17T04:39:24.879207,139.59.x.x,ee76836418aae29e,54870,0,NON_MAVLINK_PROBE,SCANNER,0,,300cc12d,NORMAL,0.0
2026-05-17T04:39:25.057330,139.59.x.x,ee76836418aae29e,60748,0,NON_MAVLINK_PROBE,SCANNER,0,,79d5ef14,NORMAL,0.0
2026-05-17T04:39:25.425117,139.59.x.x,ee76836418aae29e,54878,0,NON_MAVLINK_PROBE,SCANNER,0,,44726d0a,NORMAL,0.0
2026-05-17T04:39:25.586761,139.59.x.x,ee76836418aae29e,60752,0,NON_MAVLINK_PROBE,SCANNER,0,,1d57a315,NORMAL,0.0
2026-05-17T04:39:25.975163,139.59.x.x,ee76836418aae29e,54892,0,NON_MAVLINK_PROBE,SCANNER,0,,f4c87d72,NORMAL,0.0
2026-05-17T04:39:26.148766,139.59.x.x,ee76836418aae29e,60758,0,NON_MAVLINK_PROBE,SCANNER,0,,d0d1e004,NORMAL,0.0
2026-05-17T04:39:26.498642,139.59.x.x,ee76836418aae29e,49648,0,NON_MAVLINK_PROBE,SCANNER,0,,c6d50dcc,NORMAL,0.0
2026-05-17T04:39:26.669379,139.59.x.x,ee76836418aae29e,46328,0,NON_MAVLINK_PROBE,SCANNER,0,,7edda0c8,NORMAL,0.0
2026-05-17T04:39:27.037944,139.59.x.x,ee76836418aae29e,49664,0,NON_MAVLINK_PROBE,SCANNER,0,,dbe8bb85,NORMAL,0.0
2026-05-17T04:39:27.198256,139.59.x.x,ee76836418aae29e,46334,0,NON_MAVLINK_PROBE,SCANNER,0,,4ab49fce,NORMAL,0.0
2026-05-17T04:39:27.575326,139.59.x.x,ee76836418aae29e,49672,0,NON_MAVLINK_PROBE,SCANNER,0,,e2fe3187,NORMAL,0.0
2026-05-17T04:39:27.730951,139.59.x.x,ee76836418aae29e,46346,0,NON_MAVLINK_PROBE,SCANNER,0,,fbebdb75,NORMAL,0.0
2026-05-17T04:39:28.250733,139.59.x.x,ee76836418aae29e,49686,0,NON_MAVLINK_PROBE,SCANNER,0,,3184afef,NORMAL,0.0
2026-05-17T04:39:28.286035,139.59.x.x,ee76836418aae29e,46352,0,NON_MAVLINK_PROBE,SCANNER,0,,2702fbd4,NORMAL,0.0
2026-05-17T04:39:29.884866,139.59.x.x,ee76836418aae29e,49702,0,NON_MAVLINK_PROBE,SCANNER,0,,c3761443,NORMAL,0.0
2026-05-17T04:39:30.029025,139.59.x.x,ee76836418aae29e,46368,0,NON_MAVLINK_PROBE,SCANNER,0,,cc91fb1c,NORMAL,0.0
2026-05-17T04:39:30.050022,139.59.x.x,ee76836418aae29e,46354,0,NON_MAVLINK_PROBE,SCANNER,0,,79fe9d90,NORMAL,0.0
2026-05-17T04:39:30.088745,139.59.x.x,ee76836418aae29e,49710,0,NON_MAVLINK_PROBE,SCANNER,0,,87815596,NORMAL,0.0
2026-05-17T04:39:30.101522,139.59.x.x,ee76836418aae29e,46382,0,NON_MAVLINK_PROBE,SCANNER,0,,13fe353a,NORMAL,0.0
2026-05-17T04:39:30.116339,139.59.x.x,ee76836418aae29e,49712,0,NON_MAVLINK_PROBE,SCANNER,0,,386e5347,NORMAL,0.0
2026-05-17T04:39:30.119706,139.59.x.x,ee76836418aae29e,49718,0,NON_MAVLINK_PROBE,SCANNER,0,,0ec6e02f,NORMAL,0.0
2026-05-17T04:43:00.165665,172.234.x.x,125e0f12ef47ad3d,17590,0,NON_MAVLINK_PROBE,SCANNER,0,,0ea34d32,NORMAL,0.0
2026-05-17T04:43:00.641890,172.234.x.x,125e0f12ef47ad3d,36372,0,NON_MAVLINK_PROBE,SCANNER,0,,737bffa4,NORMAL,0.0
2026-05-17T04:47:53.375781,172.104.x.x,761be346cda9ef11,48038,0,NON_MAVLINK_PROBE,SCANNER,0,,630eb66e,NORMAL,0.0
2026-05-17T04:47:53.807955,172.104.x.x,761be346cda9ef11,12894,0,NON_MAVLINK_PROBE,SCANNER,0,,e6dc5b88,NORMAL,0.0
2026-05-17T05:14:32.697685,140.82.x.x,f9607f26945345a0,43856,0,NON_MAVLINK_PROBE,SCANNER,0,,a26a7927,NORMAL,0.0
2026-05-17T05:14:32.808932,140.82.x.x,9115cc41d09c0d42,63032,0,NON_MAVLINK_PROBE,SCANNER,0,,334a90df,NORMAL,0.0
2026-05-17T05:22:44.486749,18.218.x.x,a1cedf5443bfca11,54006,0,NON_MAVLINK_PROBE,SCANNER,0,,b6c19351,NORMAL,0.0
2026-05-17T05:22:45.186607,18.218.x.x,a1cedf5443bfca11,44530,0,NON_MAVLINK_PROBE,SCANNER,0,,5aafa250,NORMAL,0.0
2026-05-17T05:24:26.574573,18.218.x.x,a1cedf5443bfca11,44576,0,NON_MAVLINK_PROBE,SCANNER,0,,5b89fd5d,NORMAL,0.0
2026-05-17T05:25:28.320403,68.183.x.x,ec1fe5c8222ec038,60068,0,NON_MAVLINK_PROBE,SCANNER,0,,66136aed,NORMAL,0.0
2026-05-17T05:25:30.119151,68.183.x.x,ec1fe5c8222ec038,60084,0,NON_MAVLINK_PROBE,SCANNER,0,,09fa270c,NORMAL,0.0
2026-05-17T05:26:46.633569,18.218.x.x,a1cedf5443bfca11,51576,0,NON_MAVLINK_PROBE,SCANNER,0,,0499474b,NORMAL,0.0
2026-05-17T05:28:32.280824,18.218.x.x,a1cedf5443bfca11,48026,0,NON_MAVLINK_PROBE,SCANNER,0,,93080585,NORMAL,0.0
2026-05-17T05:42:16.604028,205.210.x.x,f679b1563736e8e1,64902,0,NON_MAVLINK_PROBE,SCANNER,0,,e0233f9f,NORMAL,0.0
2026-05-17T05:42:16.604459,205.210.x.x,f679b1563736e8e1,64912,0,NON_MAVLINK_PROBE,SCANNER,0,,4596ce0a,NORMAL,0.0
2026-05-17T05:44:15.677367,184.105.x.x,c01aa365feb809c6,40114,0,NON_MAVLINK_PROBE,SCANNER,0,,cdfed82a,NORMAL,0.0
2026-05-17T05:45:35.721951,172.174.x.x,87dfab2075a40e97,49370,0,NON_MAVLINK_PROBE,SCANNER,0,,54abbac8,NORMAL,0.0
2026-05-17T05:45:36.235368,172.174.x.x,87dfab2075a40e97,56676,0,NON_MAVLINK_PROBE,SCANNER,0,,714e69d4,NORMAL,0.0
2026-05-17T06:13:42.848560,87.121.x.x,96a18b7f493391f2,33454,0,NON_MAVLINK_PROBE,SCANNER,0,,b53c82e0,NORMAL,0.0
2026-05-17T06:20:15.397023,147.185.x.x,eff7575fc58b047b,49489,0,NON_MAVLINK_PROBE,SCANNER,0,,b6e0eba0,NORMAL,0.0
2026-05-17T06:27:00.714570,216.218.x.x,d28fb6cce92bc7cb,4838,0,NON_MAVLINK_PROBE,SCANNER,0,,8fb30ac0,NORMAL,0.0
2026-05-17T06:29:00.765846,66.132.x.x,f8af6af0365c7c89,41736,0,NON_MAVLINK_PROBE,SCANNER,0,,778893d4,NORMAL,0.0
2026-05-17T06:29:07.509855,66.132.x.x,f8af6af0365c7c89,14126,0,NON_MAVLINK_PROBE,SCANNER,0,,b0212e20,NORMAL,0.0
2026-05-17T06:29:11.113766,66.132.x.x,f8af6af0365c7c89,36442,4,UNKNOWN_4,UNKNOWN,3,b7505e90fd5106003905,9f33131a,NORMAL,0.2
2026-05-17T06:29:25.347334,66.132.x.x,f8af6af0365c7c89,36464,0,NON_MAVLINK_PROBE,SCANNER,0,,0b1741b6,NORMAL,0.0
2026-05-17T06:31:14.448572,130.12.x.x,ad1a1d352a800c18,45128,0,NON_MAVLINK_PROBE,SCANNER,0,,88721d81,NORMAL,0.0
2026-05-17T06:47:35.523106,176.65.x.x,9880f1c3a55845dd,59182,0,NON_MAVLINK_PROBE,SCANNER,0,,8d1a7191,NORMAL,0.0
2026-05-17T06:48:45.384212,66.228.x.x,450cc0f08743fa59,19646,0,NON_MAVLINK_PROBE,SCANNER,0,,c29a3bf4,NORMAL,0.0
2026-05-17T06:48:45.940121,66.228.x.x,450cc0f08743fa59,32366,0,NON_MAVLINK_PROBE,SCANNER,0,,e5496db5,NORMAL,0.0
2026-05-17T07:11:26.441061,165.245.x.x,43ead5aba7ce76c6,40722,0,NON_MAVLINK_PROBE,SCANNER,0,,3001aee9,NORMAL,0.0
2026-05-17T07:11:26.470847,165.245.x.x,43ead5aba7ce76c6,46792,0,NON_MAVLINK_PROBE,SCANNER,0,,87e4efe4,NORMAL,0.0
2026-05-17T07:11:26.480359,165.245.x.x,43ead5aba7ce76c6,57654,0,NON_MAVLINK_PROBE,SCANNER,0,,31633ed3,NORMAL,0.0
2026-05-17T07:11:26.483547,165.245.x.x,43ead5aba7ce76c6,38526,0,NON_MAVLINK_PROBE,SCANNER,0,,7354db15,NORMAL,0.0
2026-05-17T07:11:36.653174,165.245.x.x,43ead5aba7ce76c6,39620,0,NON_MAVLINK_PROBE,SCANNER,0,,f26cb9b3,NORMAL,0.0
2026-05-17T07:11:36.672172,165.245.x.x,43ead5aba7ce76c6,41660,0,NON_MAVLINK_PROBE,SCANNER,0,,4034db9b,NORMAL,0.0
2026-05-17T07:11:36.695265,165.245.x.x,43ead5aba7ce76c6,49834,0,NON_MAVLINK_PROBE,SCANNER,0,,c33c5fa8,NORMAL,0.0
2026-05-17T07:11:36.696458,165.245.x.x,43ead5aba7ce76c6,59670,0,NON_MAVLINK_PROBE,SCANNER,0,,b321ff0a,NORMAL,0.0
2026-05-17T07:24:29.769434,45.198.x.x,7db0b45618a77305,55222,0,NON_MAVLINK_PROBE,SCANNER,0,,22448550,NORMAL,0.0
2026-05-17T07:30:07.265541,176.65.x.x,9880f1c3a55845dd,47906,0,NON_MAVLINK_PROBE,SCANNER,0,,c84a778e,NORMAL,0.0
2026-05-17T07:58:03.317127,66.132.x.x,1305f790c82d5fd1,13182,0,NON_MAVLINK_PROBE,SCANNER,0,,fbc575dd,NORMAL,0.0
2026-05-17T07:58:05.845317,66.132.x.x,1305f790c82d5fd1,59844,0,NON_MAVLINK_PROBE,SCANNER,0,,6c19a5b2,NORMAL,0.0
2026-05-17T07:58:10.308950,66.132.x.x,1305f790c82d5fd1,59854,0,NON_MAVLINK_PROBE,SCANNER,0,,e969fff6,NORMAL,0.0
2026-05-17T07:58:19.747955,66.132.x.x,1305f790c82d5fd1,60474,4,UNKNOWN_4,UNKNOWN,3,ac342bcffe5106003905,1259491a,NORMAL,0.2
2026-05-17T07:58:33.534119,66.132.x.x,1305f790c82d5fd1,35752,0,NON_MAVLINK_PROBE,SCANNER,0,,490e27ec,NORMAL,0.0
2026-05-17T08:07:48.817013,147.185.x.x,b34fc5787ecd226b,65410,0,NON_MAVLINK_PROBE,SCANNER,0,,58cac935,NORMAL,0.0
2026-05-17T08:14:00.559449,14.42.x.x,c08399a2691bbe71,55359,0,NON_MAVLINK_PROBE,SCANNER,0,,c7ee5c70,NORMAL,0.0
2026-05-17T08:14:02.023112,14.42.x.x,c08399a2691bbe71,55369,0,NON_MAVLINK_PROBE,SCANNER,0,,11b27a31,NORMAL,0.0
2026-05-17T08:14:06.540478,14.42.x.x,c08399a2691bbe71,55383,0,NON_MAVLINK_PROBE,SCANNER,0,,0c0d008b,NORMAL,0.0
2026-05-17T08:21:56.878910,5.61.x.x,d0a8dba3a7165f20,62212,0,NON_MAVLINK_PROBE,SCANNER,0,,aa92f3bf,NORMAL,0.0
2026-05-17T08:22:24.676455,199.45.x.x,1261a71cd1b3c453,55322,0,NON_MAVLINK_PROBE,SCANNER,0,,c9f044f3,NORMAL,0.0
2026-05-17T08:22:31.909196,199.45.x.x,1261a71cd1b3c453,50870,0,NON_MAVLINK_PROBE,SCANNER,0,,afa9df02,NORMAL,0.0
2026-05-17T08:22:36.146606,199.45.x.x,1261a71cd1b3c453,35388,4,UNKNOWN_4,UNKNOWN,3,d314fc25ff5106003905,b0ac260c,NORMAL,0.2
2026-05-17T08:22:50.073241,199.45.x.x,1261a71cd1b3c453,35412,0,NON_MAVLINK_PROBE,SCANNER,0,,bfc29810,NORMAL,0.0
2026-05-17T08:25:25.771376,45.198.x.x,7db0b45618a77305,35408,0,NON_MAVLINK_PROBE,SCANNER,0,,5ade899e,NORMAL,0.0
2026-05-17T08:30:39.995358,178.128.x.x,77ed0396addc4d6f,63263,0,NON_MAVLINK_PROBE,SCANNER,0,,84de6f9e,NORMAL,0.0
2026-05-17T08:38:58.656224,50.21.x.x,e16b3b01bb1e684d,62289,0,NON_MAVLINK_PROBE,SCANNER,0,,afb6cfa1,NORMAL,0.0
2026-05-17T08:40:50.906604,50.21.x.x,e16b3b01bb1e684d,51726,0,NON_MAVLINK_PROBE,SCANNER,0,,482e7bd9,NORMAL,0.0
2026-05-17T08:40:54.551583,64.62.x.x,7a4cf02331c5d866,22746,0,NON_MAVLINK_PROBE,SCANNER,0,,b5a6ae7e,NORMAL,0.0
2026-05-17T08:49:03.074912,127.0.x.x,ef2f9f91273ffdad,43038,0,NON_MAVLINK_PROBE,SCANNER,0,,70af236e,NORMAL,0.0
2026-05-17T08:49:58.219474,45.79.x.x,c31f641dc3ebbb0f,59995,0,NON_MAVLINK_PROBE,SCANNER,0,,c0f64b3a,NORMAL,0.0
2026-05-17T08:50:44.436219,47.250.x.x,3f4d87fef5a05b00,44136,0,NON_MAVLINK_PROBE,SCANNER,0,,3dffb78b,NORMAL,0.0
2026-05-17T08:50:57.491314,47.250.x.x,3f4d87fef5a05b00,36732,0,NON_MAVLINK_PROBE,SCANNER,0,,6c05e1de,NORMAL,0.0
2026-05-17T08:51:10.562024,47.250.x.x,3f4d87fef5a05b00,55772,0,NON_MAVLINK_PROBE,SCANNER,0,,130b8edc,NORMAL,0.0
2026-05-17T08:51:23.586259,47.250.x.x,3f4d87fef5a05b00,51066,0,NON_MAVLINK_PROBE,SCANNER,0,,c9108494,NORMAL,0.0
2026-05-17T08:51:36.640567,47.250.x.x,3f4d87fef5a05b00,31086,0,NON_MAVLINK_PROBE,SCANNER,0,,00a5193e,NORMAL,0.0
2026-05-17T08:51:49.703578,47.250.x.x,3f4d87fef5a05b00,11306,0,NON_MAVLINK_PROBE,SCANNER,0,,0c2e4b26,NORMAL,0.0
2026-05-17T08:52:02.739777,47.250.x.x,3f4d87fef5a05b00,42012,0,NON_MAVLINK_PROBE,SCANNER,0,,82c58db0,NORMAL,0.0
2026-05-17T08:52:15.796824,47.250.x.x,3f4d87fef5a05b00,53950,0,NON_MAVLINK_PROBE,SCANNER,0,,e649d0bd,NORMAL,0.0
2026-05-17T09:03:52.280760,64.62.x.x,d77f9517db603218,11996,0,NON_MAVLINK_PROBE,SCANNER,0,,7c445a4b,NORMAL,0.0
2026-05-17T09:24:31.898128,176.65.x.x,f5c06469c3fb7469,46846,0,NON_MAVLINK_PROBE,SCANNER,0,,3cb21e68,NORMAL,0.0
2026-05-17T09:32:39.235602,45.79.x.x,e259006ed454fbf8,44499,0,NON_MAVLINK_PROBE,SCANNER,0,,cb039360,NORMAL,0.0
2026-05-17T09:40:02.051816,176.65.x.x,9880f1c3a55845dd,47296,0,NON_MAVLINK_PROBE,SCANNER,0,,0507e7c3,NORMAL,0.0
2026-05-17T10:03:30.327004,176.65.x.x,9880f1c3a55845dd,42754,0,NON_MAVLINK_PROBE,SCANNER,0,,6f4ea540,NORMAL,0.0
2026-05-17T10:07:31.376438,18.116.x.x,5824e96b9673eccb,58026,0,NON_MAVLINK_PROBE,SCANNER,0,,f2a256d1,NORMAL,0.0
2026-05-17T10:08:59.144725,18.116.x.x,5824e96b9673eccb,45100,0,NON_MAVLINK_PROBE,SCANNER,0,,b4358c5a,NORMAL,0.0
2026-05-17T10:10:41.111904,18.116.x.x,5824e96b9673eccb,57318,0,NON_MAVLINK_PROBE,SCANNER,0,,29d93015,NORMAL,0.0
2026-05-17T10:12:07.826972,18.116.x.x,5824e96b9673eccb,57162,0,NON_MAVLINK_PROBE,SCANNER,0,,228b3b0f,NORMAL,0.0
2026-05-17T10:13:51.346884,18.116.x.x,5824e96b9673eccb,46212,0,NON_MAVLINK_PROBE,SCANNER,0,,12ac51d4,NORMAL,0.0
2026-05-17T10:27:17.719860,64.62.x.x,6bb2302deddb0328,55088,0,NON_MAVLINK_PROBE,SCANNER,0,,1abe6311,NORMAL,0.0
2026-05-17T10:28:58.583567,176.65.x.x,9880f1c3a55845dd,41084,0,NON_MAVLINK_PROBE,SCANNER,0,,5559c25d,NORMAL,0.0
2026-05-17T10:31:55.028418,47.254.x.x,b49f23c5666b6b60,59292,0,NON_MAVLINK_PROBE,SCANNER,0,,4c178b8e,NORMAL,0.0
2026-05-17T10:32:08.231212,47.254.x.x,b49f23c5666b6b60,23002,0,NON_MAVLINK_PROBE,SCANNER,0,,bdc403e9,NORMAL,0.0
2026-05-17T10:32:21.488985,47.254.x.x,b49f23c5666b6b60,14638,0,NON_MAVLINK_PROBE,SCANNER,0,,ab84e4cf,NORMAL,0.0
2026-05-17T10:32:34.780157,47.254.x.x,b49f23c5666b6b60,43838,0,NON_MAVLINK_PROBE,SCANNER,0,,c0ba2c06,NORMAL,0.0
2026-05-17T10:32:47.930452,47.254.x.x,b49f23c5666b6b60,10324,0,NON_MAVLINK_PROBE,SCANNER,0,,4d6cfe0c,NORMAL,0.0
2026-05-17T10:33:01.148759,47.254.x.x,b49f23c5666b6b60,15810,0,NON_MAVLINK_PROBE,SCANNER,0,,4f79592c,NORMAL,0.0
2026-05-17T10:33:14.408410,47.254.x.x,b49f23c5666b6b60,43544,0,NON_MAVLINK_PROBE,SCANNER,0,,4c2c09ac,NORMAL,0.0
2026-05-17T10:33:27.644230,47.254.x.x,b49f23c5666b6b60,26062,0,NON_MAVLINK_PROBE,SCANNER,0,,10b61261,NORMAL,0.0
2026-05-17T10:37:05.618620,45.79.x.x,c31f641dc3ebbb0f,38611,0,NON_MAVLINK_PROBE,SCANNER,0,,71fcc57a,NORMAL,0.0
2026-05-17T11:04:01.404341,65.49.x.x,d1c3612419a0f9ab,40148,0,NON_MAVLINK_PROBE,SCANNER,0,,7958e375,NORMAL,0.0
2026-05-17T11:05:28.272164,45.198.x.x,f6deabcc53636bb4,45112,0,NON_MAVLINK_PROBE,SCANNER,0,,c1023e6d,NORMAL,0.0
2026-05-17T11:41:51.726993,45.142.x.x,bf7d13e564010cb5,57996,0,NON_MAVLINK_PROBE,SCANNER,0,,e77ac8d5,NORMAL,0.0
2026-05-17T11:41:53.902219,45.142.x.x,bf7d13e564010cb5,58562,0,NON_MAVLINK_PROBE,SCANNER,0,,f235f9ca,NORMAL,0.0
2026-05-17T11:41:57.080426,45.142.x.x,bf7d13e564010cb5,59878,0,NON_MAVLINK_PROBE,SCANNER,0,,23888995,NORMAL,0.0
2026-05-17T11:41:57.248415,45.142.x.x,bf7d13e564010cb5,60460,0,NON_MAVLINK_PROBE,SCANNER,0,,9e9b1a0f,NORMAL,0.0
2026-05-17T11:41:57.410498,45.142.x.x,bf7d13e564010cb5,60572,0,NON_MAVLINK_PROBE,SCANNER,0,,6b958e8a,NORMAL,0.0
2026-05-17T11:41:57.565353,45.142.x.x,bf7d13e564010cb5,60652,0,NON_MAVLINK_PROBE,SCANNER,0,,3f1149cc,NORMAL,0.0
2026-05-17T11:42:07.606123,45.142.x.x,bf7d13e564010cb5,60716,0,NON_MAVLINK_PROBE,SCANNER,0,,64fbba63,NORMAL,0.0
2026-05-17T11:42:17.560450,45.142.x.x,bf7d13e564010cb5,36374,0,NON_MAVLINK_PROBE,SCANNER,0,,94c5c999,NORMAL,0.0
2026-05-17T11:42:27.573433,45.142.x.x,bf7d13e564010cb5,39348,0,NON_MAVLINK_PROBE,SCANNER,0,,d7351e67,NORMAL,0.0
2026-05-17T11:42:27.716946,45.142.x.x,bf7d13e564010cb5,42552,0,NON_MAVLINK_PROBE,SCANNER,0,,0a8a6d6a,NORMAL,0.0
2026-05-17T11:42:27.855440,45.142.x.x,bf7d13e564010cb5,42602,0,NON_MAVLINK_PROBE,SCANNER,0,,a3d93206,NORMAL,0.0
2026-05-17T11:42:37.863231,45.142.x.x,bf7d13e564010cb5,42662,0,NON_MAVLINK_PROBE,SCANNER,0,,0a458d42,NORMAL,0.0
2026-05-17T11:42:38.024220,45.142.x.x,bf7d13e564010cb5,45754,0,NON_MAVLINK_PROBE,SCANNER,0,,783c47d3,NORMAL,0.0
2026-05-17T11:42:38.179726,45.142.x.x,bf7d13e564010cb5,45818,0,NON_MAVLINK_PROBE,SCANNER,0,,d28b1416,NORMAL,0.0
2026-05-17T11:42:38.358924,45.142.x.x,bf7d13e564010cb5,45886,0,NON_MAVLINK_PROBE,SCANNER,0,,b0b9a322,NORMAL,0.0
2026-05-17T11:54:04.160984,91.92.x.x,78d759e5a430e6ef,59129,0,NON_MAVLINK_PROBE,SCANNER,0,,9815d48f,NORMAL,0.0
2026-05-17T11:59:32.561960,130.12.x.x,9358db51a690d798,41908,0,NON_MAVLINK_PROBE,SCANNER,0,,d6fb687b,NORMAL,0.0
2026-05-17T11:59:34.160175,130.12.x.x,9358db51a690d798,41928,0,NON_MAVLINK_PROBE,SCANNER,0,,91985f92,NORMAL,0.0
2026-05-17T11:59:34.164862,130.12.x.x,9358db51a690d798,41912,0,NON_MAVLINK_PROBE,SCANNER,0,,f88f1b2e,NORMAL,0.0
2026-05-17T11:59:35.746858,130.12.x.x,9358db51a690d798,34880,0,NON_MAVLINK_PROBE,SCANNER,0,,76a99e91,NORMAL,0.0
2026-05-17T11:59:36.725741,130.12.x.x,9358db51a690d798,34894,0,NON_MAVLINK_PROBE,SCANNER,0,,ff7b6fd3,NORMAL,0.0
2026-05-17T11:59:40.916961,130.12.x.x,9358db51a690d798,34910,0,NON_MAVLINK_PROBE,SCANNER,0,,c1796365,NORMAL,0.0
2026-05-17T11:59:52.414161,130.12.x.x,9358db51a690d798,33438,0,NON_MAVLINK_PROBE,SCANNER,0,,417edd3c,NORMAL,0.0
2026-05-17T11:59:56.336493,130.12.x.x,9358db51a690d798,35884,0,NON_MAVLINK_PROBE,SCANNER,0,,e18602de,NORMAL,0.0
2026-05-17T12:03:09.412084,45.135.x.x,9eaf44d2128ee499,49776,0,NON_MAVLINK_PROBE,SCANNER,0,,2ecdb864,NORMAL,0.0
2026-05-17T12:10:43.486187,167.172.x.x,d4d340a2d848e425,57816,0,NON_MAVLINK_PROBE,SCANNER,0,,5db26a8f,NORMAL,0.0
2026-05-17T12:10:46.616207,167.172.x.x,d4d340a2d848e425,57828,0,NON_MAVLINK_PROBE,SCANNER,0,,430f75be,NORMAL,0.0
2026-05-17T12:13:35.642585,45.198.x.x,7db0b45618a77305,48968,0,NON_MAVLINK_PROBE,SCANNER,0,,08c02eb2,NORMAL,0.0
2026-05-17T12:29:38.276145,64.89.x.x,444f37938c56acc4,21902,0,NON_MAVLINK_PROBE,SCANNER,0,,18af12b2,NORMAL,0.0
2026-05-17T12:35:15.778418,45.142.x.x,d64285cf35e0aea9,40523,0,NON_MAVLINK_PROBE,SCANNER,0,,80db607f,NORMAL,0.0
2026-05-17T12:36:20.222109,167.99.x.x,8e05c288e3538cc3,20852,0,NON_MAVLINK_PROBE,SCANNER,0,,79331226,NORMAL,0.0
2026-05-17T12:42:50.561385,65.49.x.x,629828670879a146,34526,0,NON_MAVLINK_PROBE,SCANNER,0,,fa9d68bc,NORMAL,0.0
2026-05-17T12:48:46.574203,130.12.x.x,ad1a1d352a800c18,49264,0,NON_MAVLINK_PROBE,SCANNER,0,,a453cd64,NORMAL,0.0
2026-05-17T13:18:31.592682,196.115.x.x,67067958669dcf0b,46385,0,NON_MAVLINK_PROBE,SCANNER,0,,0fd87e38,NORMAL,0.0
2026-05-17T13:18:32.837097,196.115.x.x,67067958669dcf0b,47632,0,NON_MAVLINK_PROBE,SCANNER,0,,fc7d8416,NORMAL,0.0
2026-05-17T13:18:33.300243,196.115.x.x,67067958669dcf0b,60484,0,NON_MAVLINK_PROBE,SCANNER,0,,d7727fe5,NORMAL,0.0
2026-05-17T13:24:50.938323,130.12.x.x,ad1a1d352a800c18,43522,0,NON_MAVLINK_PROBE,SCANNER,0,,74a3700c,NORMAL,0.0
2026-05-17T13:42:40.928253,93.152.x.x,d616a4465c8e6de4,42598,0,NON_MAVLINK_PROBE,SCANNER,0,,0e4d3082,NORMAL,0.0
2026-05-17T13:42:41.376275,93.152.x.x,d616a4465c8e6de4,42606,0,NON_MAVLINK_PROBE,SCANNER,0,,6bb218b1,NORMAL,0.0
2026-05-17T13:45:02.195319,45.198.x.x,7db0b45618a77305,39748,0,NON_MAVLINK_PROBE,SCANNER,0,,94dcc2de,NORMAL,0.0
2026-05-17T13:55:20.236772,157.245.x.x,40f7f2cdd051be4a,49236,0,NON_MAVLINK_PROBE,SCANNER,0,,339c99e8,NORMAL,0.0
2026-05-17T13:57:25.119647,146.190.x.x,7e5fb1984e188cd3,44694,0,NON_MAVLINK_PROBE,SCANNER,0,,27dd614f,NORMAL,0.0
2026-05-17T14:01:01.331739,65.49.x.x,6ee2d4ab73add14a,9124,0,NON_MAVLINK_PROBE,SCANNER,0,,5ebe85a8,NORMAL,0.0
2026-05-17T14:12:02.496971,142.93.x.x,2d6b9cad68a5ab58,38468,0,NON_MAVLINK_PROBE,SCANNER,0,,9bfea68e,NORMAL,0.0
2026-05-17T14:12:05.630383,142.93.x.x,2d6b9cad68a5ab58,38470,0,NON_MAVLINK_PROBE,SCANNER,0,,45d4dfe9,NORMAL,0.0
2026-05-17T14:21:58.497580,193.32.x.x,a720cf634f6e648b,57624,0,NON_MAVLINK_PROBE,SCANNER,0,,6e7e3cae,NORMAL,0.0
2026-05-17T14:22:10.889643,193.32.x.x,a720cf634f6e648b,57676,0,NON_MAVLINK_PROBE,SCANNER,0,,dee9f495,NORMAL,0.0
2026-05-17T14:22:23.068318,193.32.x.x,a720cf634f6e648b,58360,0,NON_MAVLINK_PROBE,SCANNER,0,,ac250da8,NORMAL,0.0
2026-05-17T14:22:36.271811,193.32.x.x,a720cf634f6e648b,58712,0,NON_MAVLINK_PROBE,SCANNER,0,,2a1b6493,NORMAL,0.0
2026-05-17T14:22:48.440043,193.32.x.x,a720cf634f6e648b,58942,0,NON_MAVLINK_PROBE,SCANNER,0,,290f6b0a,NORMAL,0.0
2026-05-17T14:23:00.603110,193.32.x.x,a720cf634f6e648b,59112,0,NON_MAVLINK_PROBE,SCANNER,0,,0e2d207d,NORMAL,0.0
2026-05-17T14:23:12.800574,193.32.x.x,a720cf634f6e648b,59308,0,NON_MAVLINK_PROBE,SCANNER,0,,207fd5fa,NORMAL,0.0
2026-05-17T15:05:32.652443,134.122.x.x,5e360d7841be5e23,57954,0,NON_MAVLINK_PROBE,SCANNER,0,,76d2ea49,NORMAL,0.0
2026-05-17T15:05:32.678625,134.122.x.x,5e360d7841be5e23,39644,0,NON_MAVLINK_PROBE,SCANNER,0,,eb0ccc90,NORMAL,0.0
2026-05-17T15:05:32.704487,134.122.x.x,5e360d7841be5e23,56912,0,NON_MAVLINK_PROBE,SCANNER,0,,ea894340,NORMAL,0.0
2026-05-17T15:05:32.709496,134.122.x.x,5e360d7841be5e23,47124,0,NON_MAVLINK_PROBE,SCANNER,0,,e3074423,NORMAL,0.0
2026-05-17T15:05:42.837485,134.122.x.x,5e360d7841be5e23,47140,0,NON_MAVLINK_PROBE,SCANNER,0,,72698999,NORMAL,0.0
2026-05-17T15:05:42.853423,134.122.x.x,5e360d7841be5e23,39660,0,NON_MAVLINK_PROBE,SCANNER,0,,1a7f26ea,NORMAL,0.0
2026-05-17T15:05:42.860453,134.122.x.x,5e360d7841be5e23,56920,0,NON_MAVLINK_PROBE,SCANNER,0,,9121dc93,NORMAL,0.0
2026-05-17T15:05:42.872542,134.122.x.x,5e360d7841be5e23,57958,0,NON_MAVLINK_PROBE,SCANNER,0,,67723e99,NORMAL,0.0
2026-05-17T15:44:44.146655,45.202.x.x,d14177b8b76f6cce,34300,0,NON_MAVLINK_PROBE,SCANNER,0,,1b23b1af,NORMAL,0.0
2026-05-17T15:57:55.945685,65.49.x.x,629828670879a146,64790,0,NON_MAVLINK_PROBE,SCANNER,0,,696174ab,NORMAL,0.0
2026-05-17T16:17:40.427349,20.168.x.x,72d92fed8108fbbd,56024,0,NON_MAVLINK_PROBE,SCANNER,0,,443c32cf,NORMAL,0.0
2026-05-17T16:20:05.766860,45.139.x.x,6ffc60e32f4da65f,33540,0,NON_MAVLINK_PROBE,SCANNER,0,,7fdc89f4,NORMAL,0.0
2026-05-17T16:35:32.650587,69.164.x.x,9e9c13113bf8c643,59441,0,NON_MAVLINK_PROBE,SCANNER,0,,e4301788,NORMAL,0.0
2026-05-17T17:00:19.085538,20.118.x.x,804450bfac3dbe49,40636,0,NON_MAVLINK_PROBE,SCANNER,0,,a83c4cb2,NORMAL,0.0
2026-05-17T17:00:19.646513,20.118.x.x,804450bfac3dbe49,58616,0,NON_MAVLINK_PROBE,SCANNER,0,,7078d08c,NORMAL,0.0
2026-05-17T17:12:29.299839,165.245.x.x,b5b116df3cd288a3,52450,0,NON_MAVLINK_PROBE,SCANNER,0,,78e7f341,NORMAL,0.0
2026-05-17T17:18:17.851543,135.119.x.x,731382bb304e51ad,46528,0,NON_MAVLINK_PROBE,SCANNER,0,,2d822a68,NORMAL,0.0
2026-05-17T17:18:18.317149,135.119.x.x,731382bb304e51ad,44390,0,NON_MAVLINK_PROBE,SCANNER,0,,887d6cf2,NORMAL,0.0
2026-05-17T17:29:22.034123,47.251.x.x,afa3828952ee248b,25134,0,NON_MAVLINK_PROBE,SCANNER,0,,cbcfd4bc,NORMAL,0.0
2026-05-17T17:29:35.228963,47.251.x.x,afa3828952ee248b,35056,0,NON_MAVLINK_PROBE,SCANNER,0,,bf9c4740,NORMAL,0.0
2026-05-17T17:29:48.500596,47.251.x.x,afa3828952ee248b,27040,0,NON_MAVLINK_PROBE,SCANNER,0,,c16a650b,NORMAL,0.0
2026-05-17T17:30:01.821019,47.251.x.x,afa3828952ee248b,12660,0,NON_MAVLINK_PROBE,SCANNER,0,,f0ed9a5a,NORMAL,0.0
2026-05-17T17:36:12.665258,45.198.x.x,7db0b45618a77305,40804,0,NON_MAVLINK_PROBE,SCANNER,0,,0bec21cc,NORMAL,0.0
2026-05-17T17:36:32.585247,20.65.x.x,b6074dfaf5601b04,34424,0,NON_MAVLINK_PROBE,SCANNER,0,,fe0e88b0,NORMAL,0.0
2026-05-17T17:36:33.059055,20.65.x.x,b6074dfaf5601b04,34436,0,NON_MAVLINK_PROBE,SCANNER,0,,017908c9,NORMAL,0.0
2026-05-17T17:39:34.731987,45.79.x.x,ec042bc965d2d8c4,39106,0,NON_MAVLINK_PROBE,SCANNER,0,,24a8311b,NORMAL,0.0
2026-05-17T17:48:28.008229,47.250.x.x,fb009f39f692ec4f,32746,0,NON_MAVLINK_PROBE,SCANNER,0,,24c3d564,NORMAL,0.0
2026-05-17T17:48:41.041776,47.250.x.x,fb009f39f692ec4f,31070,0,NON_MAVLINK_PROBE,SCANNER,0,,f68cac34,NORMAL,0.0
2026-05-17T17:48:54.080479,47.250.x.x,fb009f39f692ec4f,11164,0,NON_MAVLINK_PROBE,SCANNER,0,,ef358e26,NORMAL,0.0
2026-05-17T17:49:07.139303,47.250.x.x,fb009f39f692ec4f,16384,0,NON_MAVLINK_PROBE,SCANNER,0,,c28ff837,NORMAL,0.0
2026-05-17T17:57:40.436219,176.65.x.x,9880f1c3a55845dd,48722,0,NON_MAVLINK_PROBE,SCANNER,0,,7ef5272c,NORMAL,0.0
2026-05-17T18:23:14.765397,90.151.x.x,0d11f4acfa5df721,53661,0,NON_MAVLINK_PROBE,SCANNER,0,,b81b0a6f,NORMAL,0.0
2026-05-17T18:23:14.768987,90.151.x.x,0d11f4acfa5df721,35477,0,NON_MAVLINK_PROBE,SCANNER,0,,b241b294,NORMAL,0.0
2026-05-17T18:23:19.760734,90.151.x.x,0d11f4acfa5df721,63397,0,NON_MAVLINK_PROBE,SCANNER,0,,51f8777b,NORMAL,0.0
2026-05-17T18:23:19.907532,90.151.x.x,0d11f4acfa5df721,39411,0,NON_MAVLINK_PROBE,SCANNER,0,,e7bc8129,NORMAL,0.0
2026-05-17T18:23:29.615019,90.151.x.x,0d11f4acfa5df721,25989,0,NON_MAVLINK_PROBE,SCANNER,0,,afc4ea88,NORMAL,0.0
2026-05-17T18:23:29.628920,90.151.x.x,0d11f4acfa5df721,19401,0,NON_MAVLINK_PROBE,SCANNER,0,,c43e83ee,NORMAL,0.0
2026-05-17T18:23:30.112501,90.151.x.x,0d11f4acfa5df721,23135,0,NON_MAVLINK_PROBE,SCANNER,0,,9e4430be,NORMAL,0.0
2026-05-17T18:23:30.115651,90.151.x.x,0d11f4acfa5df721,54619,0,NON_MAVLINK_PROBE,SCANNER,0,,8756e480,NORMAL,0.0
2026-05-17T18:24:22.896378,20.150.x.x,a3f3616754ae87d2,55778,0,NON_MAVLINK_PROBE,SCANNER,0,,6fadc700,NORMAL,0.0
2026-05-17T18:30:52.602308,45.198.x.x,7db0b45618a77305,43434,0,NON_MAVLINK_PROBE,SCANNER,0,,7852986b,NORMAL,0.0
2026-05-17T18:32:33.623575,198.235.x.x,4838b19f4a5c0cd3,61756,0,NON_MAVLINK_PROBE,SCANNER,0,,fa028acb,NORMAL,0.0
2026-05-17T18:36:24.755663,5.61.x.x,d0a8dba3a7165f20,34770,0,NON_MAVLINK_PROBE,SCANNER,0,,1e244fd8,NORMAL,0.0
2026-05-17T18:40:23.216019,176.65.x.x,3caaee43e61f0c4c,36870,0,NON_MAVLINK_PROBE,SCANNER,0,,0f02e3ee,NORMAL,0.0
2026-05-17T18:46:15.436599,177.206.x.x,f1656d0bf05c25dc,57020,0,NON_MAVLINK_PROBE,SCANNER,0,,b8f15eb3,NORMAL,0.0
2026-05-17T18:46:16.141549,177.206.x.x,f1656d0bf05c25dc,44736,0,NON_MAVLINK_PROBE,SCANNER,0,,4dc4e167,NORMAL,0.0
2026-05-17T18:46:16.797204,177.206.x.x,f1656d0bf05c25dc,44750,0,NON_MAVLINK_PROBE,SCANNER,0,,5b50d3db,NORMAL,0.0
2026-05-17T18:46:17.494104,177.206.x.x,f1656d0bf05c25dc,44762,0,NON_MAVLINK_PROBE,SCANNER,0,,49c062a8,NORMAL,0.0
2026-05-17T18:49:53.410541,165.154.x.x,ee1494c8d6e819ab,37450,0,NON_MAVLINK_PROBE,SCANNER,0,,26c4c0de,NORMAL,0.0
2026-05-17T18:50:12.040832,165.154.x.x,ee1494c8d6e819ab,49404,0,NON_MAVLINK_PROBE,SCANNER,0,,43236dd2,NORMAL,0.0
2026-05-17T18:50:30.803072,165.154.x.x,ee1494c8d6e819ab,51452,0,NON_MAVLINK_PROBE,SCANNER,0,,1981747e,NORMAL,0.0
2026-05-17T18:50:49.163682,165.154.x.x,ee1494c8d6e819ab,45528,0,NON_MAVLINK_PROBE,SCANNER,0,,73b55975,NORMAL,0.0
2026-05-17T18:51:07.655569,165.154.x.x,ee1494c8d6e819ab,45062,0,NON_MAVLINK_PROBE,SCANNER,0,,778dd1ce,NORMAL,0.0
2026-05-17T18:51:26.183120,165.154.x.x,ee1494c8d6e819ab,59954,0,NON_MAVLINK_PROBE,SCANNER,0,,44161f90,NORMAL,0.0
2026-05-17T18:51:44.766598,165.154.x.x,ee1494c8d6e819ab,40442,0,NON_MAVLINK_PROBE,SCANNER,0,,fda72aa2,NORMAL,0.0
2026-05-17T18:52:03.315406,165.154.x.x,ee1494c8d6e819ab,59618,0,NON_MAVLINK_PROBE,SCANNER,0,,bf95f4f2,NORMAL,0.0
2026-05-17T18:52:21.839012,165.154.x.x,ee1494c8d6e819ab,49314,0,NON_MAVLINK_PROBE,SCANNER,0,,85cbdf9a,NORMAL,0.0
2026-05-17T18:52:40.360687,165.154.x.x,ee1494c8d6e819ab,47982,0,NON_MAVLINK_PROBE,SCANNER,0,,6bcaab67,NORMAL,0.0
2026-05-17T18:52:58.882084,165.154.x.x,ee1494c8d6e819ab,45852,0,NON_MAVLINK_PROBE,SCANNER,0,,08821b8b,NORMAL,0.0
2026-05-17T19:07:06.522693,47.245.x.x,326f6d28a610be1b,30384,0,NON_MAVLINK_PROBE,SCANNER,0,,1922afb0,NORMAL,0.0
2026-05-17T19:07:19.686939,47.245.x.x,326f6d28a610be1b,43326,0,NON_MAVLINK_PROBE,SCANNER,0,,f4478d07,NORMAL,0.0
2026-05-17T19:07:32.825517,47.245.x.x,326f6d28a610be1b,44034,0,NON_MAVLINK_PROBE,SCANNER,0,,e3061d67,NORMAL,0.0
2026-05-17T19:07:46.002132,47.245.x.x,326f6d28a610be1b,22968,0,NON_MAVLINK_PROBE,SCANNER,0,,4bb24fd1,NORMAL,0.0
2026-05-17T19:07:59.142427,47.245.x.x,326f6d28a610be1b,18930,0,NON_MAVLINK_PROBE,SCANNER,0,,16d6f4ac,NORMAL,0.0
2026-05-17T19:08:12.306307,47.245.x.x,326f6d28a610be1b,11944,0,NON_MAVLINK_PROBE,SCANNER,0,,6729ca9e,NORMAL,0.0
2026-05-17T19:08:25.464583,47.245.x.x,326f6d28a610be1b,52170,0,NON_MAVLINK_PROBE,SCANNER,0,,19cda407,NORMAL,0.0
2026-05-17T19:08:38.633025,47.245.x.x,326f6d28a610be1b,58434,0,NON_MAVLINK_PROBE,SCANNER,0,,394942ac,NORMAL,0.0
2026-05-17T19:08:51.756832,47.245.x.x,326f6d28a610be1b,46976,0,NON_MAVLINK_PROBE,SCANNER,0,,ceb573e3,NORMAL,0.0
2026-05-17T19:09:04.917507,47.245.x.x,326f6d28a610be1b,16066,0,NON_MAVLINK_PROBE,SCANNER,0,,74c371cc,NORMAL,0.0
2026-05-17T19:09:53.884352,128.14.x.x,27b2e1a1616fa31e,51710,0,NON_MAVLINK_PROBE,SCANNER,0,,1cf54680,NORMAL,0.0
2026-05-17T19:10:12.176228,128.14.x.x,27b2e1a1616fa31e,51726,0,NON_MAVLINK_PROBE,SCANNER,0,,55a9753a,NORMAL,0.0
2026-05-17T19:10:30.424450,128.14.x.x,27b2e1a1616fa31e,49446,0,NON_MAVLINK_PROBE,SCANNER,0,,01fb6c79,NORMAL,0.0
2026-05-17T19:10:48.658942,128.14.x.x,27b2e1a1616fa31e,45500,0,NON_MAVLINK_PROBE,SCANNER,0,,cddc1ca1,NORMAL,0.0
2026-05-17T19:11:06.823502,128.14.x.x,27b2e1a1616fa31e,39918,0,NON_MAVLINK_PROBE,SCANNER,0,,d5c569ff,NORMAL,0.0
2026-05-17T19:11:25.017557,128.14.x.x,27b2e1a1616fa31e,58744,0,NON_MAVLINK_PROBE,SCANNER,0,,4f7fd20c,NORMAL,0.0
2026-05-17T19:11:43.276946,128.14.x.x,27b2e1a1616fa31e,49848,0,NON_MAVLINK_PROBE,SCANNER,0,,e77633ee,NORMAL,0.0
2026-05-17T19:12:01.500550,128.14.x.x,27b2e1a1616fa31e,53310,0,NON_MAVLINK_PROBE,SCANNER,0,,1cda1193,NORMAL,0.0
2026-05-17T19:12:19.716200,128.14.x.x,27b2e1a1616fa31e,40748,0,NON_MAVLINK_PROBE,SCANNER,0,,04520602,NORMAL,0.0
2026-05-17T19:24:08.472591,69.164.x.x,1351499092850641,58428,0,NON_MAVLINK_PROBE,SCANNER,0,,bb00e35d,NORMAL,0.0
2026-05-17T19:24:08.476451,127.0.x.x,ef2f9f91273ffdad,37394,0,NON_MAVLINK_PROBE,SCANNER,0,,0e30a5d6,NORMAL,0.0
2026-05-17T19:41:52.324483,193.32.x.x,a720cf634f6e648b,55584,0,NON_MAVLINK_PROBE,SCANNER,0,,c4e08917,NORMAL,0.0
2026-05-17T19:42:04.545726,193.32.x.x,a720cf634f6e648b,55618,0,NON_MAVLINK_PROBE,SCANNER,0,,0796da15,NORMAL,0.0
2026-05-17T19:42:17.025315,193.32.x.x,a720cf634f6e648b,56230,0,NON_MAVLINK_PROBE,SCANNER,0,,515cdbf2,NORMAL,0.0
2026-05-17T19:42:29.360905,193.32.x.x,a720cf634f6e648b,56760,0,NON_MAVLINK_PROBE,SCANNER,0,,e5ec76c4,NORMAL,0.0
2026-05-17T19:42:41.577953,193.32.x.x,a720cf634f6e648b,57526,0,NON_MAVLINK_PROBE,SCANNER,0,,19bc596d,NORMAL,0.0
2026-05-17T19:42:53.757722,193.32.x.x,a720cf634f6e648b,58234,0,NON_MAVLINK_PROBE,SCANNER,0,,c2e4a69a,NORMAL,0.0
2026-05-17T19:43:05.968480,193.32.x.x,a720cf634f6e648b,58828,0,NON_MAVLINK_PROBE,SCANNER,0,,5eb9123d,NORMAL,0.0
2026-05-17T19:54:04.155740,151.115.x.x,48a08ba2ccb8d186,56370,0,NON_MAVLINK_PROBE,SCANNER,0,,2a184294,NORMAL,0.0
2026-05-17T19:54:04.473675,151.115.x.x,48a08ba2ccb8d186,56380,0,NON_MAVLINK_PROBE,SCANNER,0,,469dbefc,NORMAL,0.0
2026-05-17T19:57:18.198575,185.226.x.x,02481e5d91e865cb,54396,0,NON_MAVLINK_PROBE,SCANNER,0,,73ff4b84,NORMAL,0.0
2026-05-17T19:59:39.651524,46.200.x.x,7603c17490437c5c,52644,0,NON_MAVLINK_PROBE,SCANNER,0,,e3458df8,NORMAL,0.0
2026-05-17T20:01:06.409120,185.91.x.x,2a2b0990dd4071ec,53362,0,NON_MAVLINK_PROBE,SCANNER,0,,bda258e6,NORMAL,0.0
2026-05-17T20:01:06.435409,185.91.x.x,2a2b0990dd4071ec,53408,0,NON_MAVLINK_PROBE,SCANNER,0,,3a61b3d5,NORMAL,0.0
2026-05-17T20:01:06.442371,185.91.x.x,2a2b0990dd4071ec,53420,0,NON_MAVLINK_PROBE,SCANNER,0,,e9020267,NORMAL,0.0
2026-05-17T20:01:06.466350,185.91.x.x,2a2b0990dd4071ec,53346,0,NON_MAVLINK_PROBE,SCANNER,0,,f63ccba4,NORMAL,0.0
2026-05-17T20:01:06.466829,185.91.x.x,2a2b0990dd4071ec,53442,0,NON_MAVLINK_PROBE,SCANNER,0,,940e347e,NORMAL,0.0
2026-05-17T20:01:11.111522,185.91.x.x,2a2b0990dd4071ec,53348,0,NON_MAVLINK_PROBE,SCANNER,0,,ae9a2a44,NORMAL,0.0
2026-05-17T20:01:11.149552,185.91.x.x,2a2b0990dd4071ec,53380,0,NON_MAVLINK_PROBE,SCANNER,0,,72bdabf7,NORMAL,0.0
2026-05-17T20:01:11.159305,185.91.x.x,2a2b0990dd4071ec,53378,0,NON_MAVLINK_PROBE,SCANNER,0,,9bd6055b,NORMAL,0.0
2026-05-17T20:01:11.144356,185.91.x.x,2a2b0990dd4071ec,53382,0,NON_MAVLINK_PROBE,SCANNER,0,,344bae8a,NORMAL,0.0
2026-05-17T20:01:11.171264,185.91.x.x,2a2b0990dd4071ec,53434,0,NON_MAVLINK_PROBE,SCANNER,0,,1d652cee,NORMAL,0.0
2026-05-17T20:04:12.315262,176.65.x.x,1c233f18e373798e,5516,0,NON_MAVLINK_PROBE,SCANNER,0,,7ed02f55,NORMAL,0.0
2026-05-17T20:08:00.298616,45.33.x.x,81107a2c7f4fb18b,38757,0,NON_MAVLINK_PROBE,SCANNER,0,,290a901d,NORMAL,0.0
2026-05-17T20:35:39.231430,176.65.x.x,8ecb668eed5ac938,47884,0,NON_MAVLINK_PROBE,SCANNER,0,,0b103e16,NORMAL,0.0
2026-05-17T20:44:40.181530,188.240.x.x,7fc4cce6d2a7cd38,5234,0,NON_MAVLINK_PROBE,SCANNER,0,,c10a2ca6,NORMAL,0.0
2026-05-17T20:45:17.250493,176.65.x.x,9880f1c3a55845dd,50528,0,NON_MAVLINK_PROBE,SCANNER,0,,193a0019,NORMAL,0.0
2026-05-17T20:45:20.975673,69.5.x.x,80a86a8d7fe291d7,30276,0,NON_MAVLINK_PROBE,SCANNER,0,,b09620a8,NORMAL,0.0
2026-05-17T20:45:39.070170,5.226.x.x,d518b5f152ef121d,13644,0,NON_MAVLINK_PROBE,SCANNER,0,,b29b9479,NORMAL,0.0
2026-05-17T20:46:21.842861,69.5.x.x,6cab1e97647bc176,45652,0,NON_MAVLINK_PROBE,SCANNER,0,,cb2104c1,NORMAL,0.0
2026-05-17T20:53:36.156967,45.79.x.x,ec042bc965d2d8c4,39374,0,NON_MAVLINK_PROBE,SCANNER,0,,8180abde,NORMAL,0.0
2026-05-17T20:59:16.153498,130.12.x.x,ad1a1d352a800c18,38514,0,NON_MAVLINK_PROBE,SCANNER,0,,2c209a69,NORMAL,0.0
2026-05-17T21:08:55.416923,91.92.x.x,78d759e5a430e6ef,58400,0,NON_MAVLINK_PROBE,SCANNER,0,,75163b1a,NORMAL,0.0
2026-05-17T21:09:59.238094,147.185.x.x,fd7924f970127eca,61410,0,NON_MAVLINK_PROBE,SCANNER,0,,c0a20224,NORMAL,0.0
2026-05-17T21:09:59.240510,147.185.x.x,fd7924f970127eca,61394,0,NON_MAVLINK_PROBE,SCANNER,0,,9aa9a80f,NORMAL,0.0
2026-05-17T21:26:10.335663,147.185.x.x,d8d665761641a1d5,62610,0,NON_MAVLINK_PROBE,SCANNER,0,,7fa30132,NORMAL,0.0
2026-05-17T21:27:49.311459,130.12.x.x,ad1a1d352a800c18,50812,0,NON_MAVLINK_PROBE,SCANNER,0,,4dbba6bb,NORMAL,0.0
2026-05-17T21:38:54.797054,185.91.x.x,2a2b0990dd4071ec,56848,0,NON_MAVLINK_PROBE,SCANNER,0,,7e2ffbfc,NORMAL,0.0
2026-05-17T21:38:54.821927,185.91.x.x,2a2b0990dd4071ec,56882,0,NON_MAVLINK_PROBE,SCANNER,0,,a5f63ea0,NORMAL,0.0
2026-05-17T21:38:54.821688,185.91.x.x,2a2b0990dd4071ec,56926,0,NON_MAVLINK_PROBE,SCANNER,0,,bafae73d,NORMAL,0.0
2026-05-17T21:38:54.832981,185.91.x.x,2a2b0990dd4071ec,56858,0,NON_MAVLINK_PROBE,SCANNER,0,,c60085bf,NORMAL,0.0
2026-05-17T21:38:54.847181,185.91.x.x,2a2b0990dd4071ec,56938,0,NON_MAVLINK_PROBE,SCANNER,0,,dcec36e3,NORMAL,0.0
2026-05-17T21:38:59.590225,185.91.x.x,2a2b0990dd4071ec,56912,0,NON_MAVLINK_PROBE,SCANNER,0,,a0fee1d3,NORMAL,0.0
2026-05-17T21:38:59.594955,185.91.x.x,2a2b0990dd4071ec,56896,0,NON_MAVLINK_PROBE,SCANNER,0,,cbcee7ab,NORMAL,0.0
2026-05-17T21:38:59.603940,185.91.x.x,2a2b0990dd4071ec,56922,0,NON_MAVLINK_PROBE,SCANNER,0,,7af42577,NORMAL,0.0
2026-05-17T21:38:59.605691,185.91.x.x,2a2b0990dd4071ec,56894,0,NON_MAVLINK_PROBE,SCANNER,0,,55942b2e,NORMAL,0.0
2026-05-17T21:38:59.609154,185.91.x.x,2a2b0990dd4071ec,56866,0,NON_MAVLINK_PROBE,SCANNER,0,,4885a3fe,NORMAL,0.0
2026-05-17T21:48:22.123747,161.35.x.x,d25fcb619ab3e0f4,40578,0,NON_MAVLINK_PROBE,SCANNER,0,,5888bec0,NORMAL,0.0
2026-05-17T21:48:22.121710,161.35.x.x,d25fcb619ab3e0f4,33382,0,NON_MAVLINK_PROBE,SCANNER,0,,805a3845,NORMAL,0.0
2026-05-17T21:48:22.132592,161.35.x.x,d25fcb619ab3e0f4,49624,0,NON_MAVLINK_PROBE,SCANNER,0,,9485e2dc,NORMAL,0.0
2026-05-17T21:48:22.154688,161.35.x.x,d25fcb619ab3e0f4,55272,0,NON_MAVLINK_PROBE,SCANNER,0,,33081613,NORMAL,0.0
2026-05-17T21:48:32.230407,161.35.x.x,d25fcb619ab3e0f4,34768,0,NON_MAVLINK_PROBE,SCANNER,0,,98e10724,NORMAL,0.0
2026-05-17T21:48:32.294411,161.35.x.x,d25fcb619ab3e0f4,45368,0,NON_MAVLINK_PROBE,SCANNER,0,,6d78ba41,NORMAL,0.0
2026-05-17T21:48:32.294145,161.35.x.x,d25fcb619ab3e0f4,60226,0,NON_MAVLINK_PROBE,SCANNER,0,,dd1fd36f,NORMAL,0.0
2026-05-17T21:48:32.344034,161.35.x.x,d25fcb619ab3e0f4,55426,0,NON_MAVLINK_PROBE,SCANNER,0,,d612a13a,NORMAL,0.0
2026-05-17T21:53:26.101219,45.202.x.x,d14177b8b76f6cce,59540,0,NON_MAVLINK_PROBE,SCANNER,0,,937520be,NORMAL,0.0
2026-05-17T22:00:00.713909,77.91.x.x,d6571d47c4688f43,52250,0,NON_MAVLINK_PROBE,SCANNER,0,,fbf26154,NORMAL,0.0
2026-05-17T22:00:01.148466,77.91.x.x,d6571d47c4688f43,52266,0,NON_MAVLINK_PROBE,SCANNER,0,,9154e709,NORMAL,0.0
2026-05-17T22:09:23.131870,91.92.x.x,78d759e5a430e6ef,52491,0,NON_MAVLINK_PROBE,SCANNER,0,,3fd16f05,NORMAL,0.0
2026-05-17T22:14:47.520382,185.226.x.x,8632663324057b4f,4990,0,NON_MAVLINK_PROBE,SCANNER,0,,af46a52e,NORMAL,0.0
2026-05-17T22:45:25.599132,80.94.x.x,f9a9de753a2e89d3,64758,0,NON_MAVLINK_PROBE,SCANNER,0,,525c90b2,NORMAL,0.0
2026-05-17T22:45:40.415399,45.198.x.x,7db0b45618a77305,39104,0,NON_MAVLINK_PROBE,SCANNER,0,,af600317,NORMAL,0.0
2026-05-17T22:57:36.195826,47.245.x.x,8526b6ec29c3fe07,32754,0,NON_MAVLINK_PROBE,SCANNER,0,,a356efd7,NORMAL,0.0
2026-05-17T22:57:49.321612,47.245.x.x,8526b6ec29c3fe07,37556,0,NON_MAVLINK_PROBE,SCANNER,0,,45db9941,NORMAL,0.0
2026-05-17T22:58:02.417621,47.245.x.x,8526b6ec29c3fe07,22534,0,NON_MAVLINK_PROBE,SCANNER,0,,aa90ebf1,NORMAL,0.0
2026-05-17T22:58:15.538585,47.245.x.x,8526b6ec29c3fe07,32562,0,NON_MAVLINK_PROBE,SCANNER,0,,aa682c3c,NORMAL,0.0
2026-05-17T22:58:28.656582,47.245.x.x,8526b6ec29c3fe07,44620,0,NON_MAVLINK_PROBE,SCANNER,0,,de256c82,NORMAL,0.0
2026-05-17T22:58:41.785595,47.245.x.x,8526b6ec29c3fe07,30354,0,NON_MAVLINK_PROBE,SCANNER,0,,69461fd7,NORMAL,0.0
2026-05-17T22:58:54.924755,47.245.x.x,8526b6ec29c3fe07,47728,0,NON_MAVLINK_PROBE,SCANNER,0,,0f30c184,NORMAL,0.0
2026-05-17T22:59:08.058149,47.245.x.x,8526b6ec29c3fe07,27020,0,NON_MAVLINK_PROBE,SCANNER,0,,b0fc2f48,NORMAL,0.0
2026-05-17T22:59:21.159791,47.245.x.x,8526b6ec29c3fe07,36482,0,NON_MAVLINK_PROBE,SCANNER,0,,de2d9304,NORMAL,0.0
2026-05-17T22:59:34.309962,47.245.x.x,8526b6ec29c3fe07,13002,0,NON_MAVLINK_PROBE,SCANNER,0,,f52179c6,NORMAL,0.0
2026-05-17T23:08:34.791674,160.119.x.x,af5e4503696192ab,58680,0,NON_MAVLINK_PROBE,SCANNER,0,,a526496f,NORMAL,0.0
2026-05-17T23:08:37.008837,160.119.x.x,af5e4503696192ab,33868,0,NON_MAVLINK_PROBE,SCANNER,0,,6579d8d5,NORMAL,0.0
2026-05-17T23:08:41.203530,160.119.x.x,af5e4503696192ab,49998,0,NON_MAVLINK_PROBE,SCANNER,0,,bf33eb28,NORMAL,0.0
2026-05-17T23:08:43.222335,160.119.x.x,af5e4503696192ab,59126,0,NON_MAVLINK_PROBE,SCANNER,0,,7b7b0282,NORMAL,0.0
2026-05-17T23:16:22.743782,79.124.x.x,a3dc2bc09007bf5d,59114,0,NON_MAVLINK_PROBE,SCANNER,0,,c16770d4,NORMAL,0.0
2026-05-17T23:16:34.264989,172.233.x.x,626ef326a19fae55,60564,0,NON_MAVLINK_PROBE,SCANNER,0,,52e701ee,NORMAL,0.0
2026-05-17T23:20:15.529658,94.232.x.x,c8927ea3b0a89219,39910,0,NON_MAVLINK_PROBE,SCANNER,0,,e723e1f3,NORMAL,0.0
2026-05-17T23:20:53.587516,176.65.x.x,9880f1c3a55845dd,43158,0,NON_MAVLINK_PROBE,SCANNER,0,,a6d2faac,NORMAL,0.0
2026-05-17T23:22:13.302578,205.210.x.x,92adf7ae43d8752a,53802,0,NON_MAVLINK_PROBE,SCANNER,0,,9acfdebf,NORMAL,0.0
2026-05-17T23:32:56.645338,45.198.x.x,7db0b45618a77305,42120,0,NON_MAVLINK_PROBE,SCANNER,0,,7e51e8f6,NORMAL,0.0
2026-05-17T23:33:51.535720,5.226.x.x,6c6e08b2ac266671,15802,0,NON_MAVLINK_PROBE,SCANNER,0,,24faae34,NORMAL,0.0
2026-05-17T23:33:58.682576,198.235.x.x,738b52b44342222a,59024,0,NON_MAVLINK_PROBE,SCANNER,0,,7b38bcd7,NORMAL,0.0
2026-05-17T23:33:58.682192,198.235.x.x,738b52b44342222a,59018,0,NON_MAVLINK_PROBE,SCANNER,0,,200a892f,NORMAL,0.0
2026-05-17T23:34:32.788343,69.5.x.x,ac14be78e3666921,62324,0,NON_MAVLINK_PROBE,SCANNER,0,,b3cc2cfa,NORMAL,0.0
2026-05-17T23:35:22.315228,193.32.x.x,a720cf634f6e648b,51650,0,NON_MAVLINK_PROBE,SCANNER,0,,721f817e,NORMAL,0.0
2026-05-17T23:35:34.704788,193.32.x.x,a720cf634f6e648b,51696,0,NON_MAVLINK_PROBE,SCANNER,0,,6695a38e,NORMAL,0.0
2026-05-17T23:35:47.308082,193.32.x.x,a720cf634f6e648b,52074,0,NON_MAVLINK_PROBE,SCANNER,0,,e6fa30aa,NORMAL,0.0
2026-05-17T23:35:59.674406,193.32.x.x,a720cf634f6e648b,52506,0,NON_MAVLINK_PROBE,SCANNER,0,,7a4bb7be,NORMAL,0.0
2026-05-17T23:36:11.896427,193.32.x.x,a720cf634f6e648b,53014,0,NON_MAVLINK_PROBE,SCANNER,0,,b2ea43b3,NORMAL,0.0
2026-05-17T23:36:24.056201,193.32.x.x,a720cf634f6e648b,53356,0,NON_MAVLINK_PROBE,SCANNER,0,,a1936920,NORMAL,0.0
2026-05-17T23:36:36.398790,193.32.x.x,a720cf634f6e648b,53796,0,NON_MAVLINK_PROBE,SCANNER,0,,5bce22dc,NORMAL,0.0
2026-05-17T23:47:51.027944,185.91.x.x,2a2b0990dd4071ec,48762,0,NON_MAVLINK_PROBE,SCANNER,0,,b7176a93,NORMAL,0.0
2026-05-17T23:47:51.027553,185.91.x.x,2a2b0990dd4071ec,48766,0,NON_MAVLINK_PROBE,SCANNER,0,,8a169f49,NORMAL,0.0
2026-05-17T23:47:51.046068,185.91.x.x,2a2b0990dd4071ec,48776,0,NON_MAVLINK_PROBE,SCANNER,0,,2bcc402a,NORMAL,0.0
2026-05-17T23:47:51.047790,185.91.x.x,2a2b0990dd4071ec,48732,0,NON_MAVLINK_PROBE,SCANNER,0,,91e2c482,NORMAL,0.0
2026-05-17T23:47:51.047441,185.91.x.x,2a2b0990dd4071ec,48736,0,NON_MAVLINK_PROBE,SCANNER,0,,2c28dfb4,NORMAL,0.0
2026-05-17T23:47:51.061073,185.91.x.x,2a2b0990dd4071ec,48750,0,NON_MAVLINK_PROBE,SCANNER,0,,a6d7f1cc,NORMAL,0.0
2026-05-17T23:47:55.618385,185.91.x.x,2a2b0990dd4071ec,48730,0,NON_MAVLINK_PROBE,SCANNER,0,,9d1a5c27,NORMAL,0.0
2026-05-17T23:47:55.639869,185.91.x.x,2a2b0990dd4071ec,48752,0,NON_MAVLINK_PROBE,SCANNER,0,,30657b3a,NORMAL,0.0
2026-05-17T23:47:55.643486,185.91.x.x,2a2b0990dd4071ec,48794,0,NON_MAVLINK_PROBE,SCANNER,0,,ac7889ce,NORMAL,0.0
2026-05-17T23:47:55.647738,185.91.x.x,2a2b0990dd4071ec,48740,0,NON_MAVLINK_PROBE,SCANNER,0,,465c6acc,NORMAL,0.0
2026-05-17T23:57:06.706852,54.242.x.x,b51a086c3ce2d390,38914,0,NON_MAVLINK_PROBE,SCANNER,0,,4b921615,NORMAL,0.0
2026-05-18T00:13:06.388590,20.65.x.x,1eeb249b4319a797,59684,0,NON_MAVLINK_PROBE,SCANNER,0,,b3618bea,NORMAL,0.0
2026-05-18T00:13:06.867401,20.65.x.x,1eeb249b4319a797,59698,0,NON_MAVLINK_PROBE,SCANNER,0,,a2f2f485,NORMAL,0.0
2026-05-18T00:16:58.844255,198.235.x.x,97ce482eabce4646,52560,0,NON_MAVLINK_PROBE,SCANNER,0,,d2d5e3fd,NORMAL,0.0
2026-05-18T00:22:20.235770,47.84.x.x,45ae6118215eee43,38028,0,NON_MAVLINK_PROBE,SCANNER,0,,4c3b568f,NORMAL,0.0
2026-05-18T00:22:33.289714,47.84.x.x,45ae6118215eee43,27298,0,NON_MAVLINK_PROBE,SCANNER,0,,ea3012d7,NORMAL,0.0
2026-05-18T00:22:46.318410,47.84.x.x,45ae6118215eee43,28742,0,NON_MAVLINK_PROBE,SCANNER,0,,a5c71d58,NORMAL,0.0
2026-05-18T00:22:59.362206,47.84.x.x,45ae6118215eee43,52752,0,NON_MAVLINK_PROBE,SCANNER,0,,591254cf,NORMAL,0.0
2026-05-18T00:23:12.410086,47.84.x.x,45ae6118215eee43,39640,0,NON_MAVLINK_PROBE,SCANNER,0,,60b78a94,NORMAL,0.0
2026-05-18T00:23:25.463583,47.84.x.x,45ae6118215eee43,24558,0,NON_MAVLINK_PROBE,SCANNER,0,,6e5d1efe,NORMAL,0.0
2026-05-18T00:23:38.491357,47.84.x.x,45ae6118215eee43,23162,0,NON_MAVLINK_PROBE,SCANNER,0,,207bde96,NORMAL,0.0
2026-05-18T00:23:51.533462,47.84.x.x,45ae6118215eee43,18078,0,NON_MAVLINK_PROBE,SCANNER,0,,32f1e679,NORMAL,0.0
2026-05-18T00:44:41.888269,64.226.x.x,7201c8db31d511ea,59504,0,NON_MAVLINK_PROBE,SCANNER,0,,6ef3b4a4,NORMAL,0.0
2026-05-18T00:55:50.778210,176.65.x.x,aba4b3e29cfe29a5,55100,0,NON_MAVLINK_PROBE,SCANNER,0,,c9e53359,NORMAL,0.0
2026-05-18T01:11:11.952965,45.135.x.x,9eaf44d2128ee499,35674,0,NON_MAVLINK_PROBE,SCANNER,0,,8990a6d7,NORMAL,0.0
2026-05-18T01:13:22.255415,66.228.x.x,e743a40fbd819489,34142,0,NON_MAVLINK_PROBE,SCANNER,0,,42087c28,NORMAL,0.0
2026-05-18T01:13:23.579704,66.228.x.x,e743a40fbd819489,14584,0,NON_MAVLINK_PROBE,SCANNER,0,,d992894b,NORMAL,0.0
2026-05-18T01:19:01.556156,65.49.x.x,2e94a4f9a8b10fd4,59672,0,NON_MAVLINK_PROBE,SCANNER,0,,9b8c1c81,NORMAL,0.0
2026-05-18T01:23:35.841926,112.46.x.x,404518590e1293b2,28522,0,NON_MAVLINK_PROBE,SCANNER,0,,f59bb081,NORMAL,0.0
2026-05-18T01:40:14.537484,125.47.x.x,d5f22a125a3075d5,60944,0,NON_MAVLINK_PROBE,SCANNER,0,,b9f3f649,NORMAL,0.0
2026-05-18T01:49:05.467943,139.162.x.x,8659639f4fd82411,35832,0,NON_MAVLINK_PROBE,SCANNER,0,,77431eae,NORMAL,0.0
2026-05-18T02:14:48.064814,176.65.x.x,aba4b3e29cfe29a5,55024,0,NON_MAVLINK_PROBE,SCANNER,0,,777eeaad,NORMAL,0.0
2026-05-18T02:17:11.134246,45.139.x.x,6ffc60e32f4da65f,40976,0,NON_MAVLINK_PROBE,SCANNER,0,,c6f7733d,NORMAL,0.0
2026-05-18T02:34:33.250120,5.226.x.x,90f3034db9beba2c,6988,0,NON_MAVLINK_PROBE,SCANNER,0,,c200238b,NORMAL,0.0
2026-05-18T02:35:15.254810,217.146.x.x,af4b25e325bf95fb,61702,0,NON_MAVLINK_PROBE,SCANNER,0,,c949334f,NORMAL,0.0
2026-05-18T02:38:49.962599,176.65.x.x,9880f1c3a55845dd,57498,0,NON_MAVLINK_PROBE,SCANNER,0,,3d229b15,NORMAL,0.0
2026-05-18T02:53:38.961263,176.65.x.x,aba4b3e29cfe29a5,33210,0,NON_MAVLINK_PROBE,SCANNER,0,,33345804,NORMAL,0.0
2026-05-18T02:54:52.991815,66.132.x.x,ffb3ef540bf4a428,44214,0,NON_MAVLINK_PROBE,SCANNER,0,,820deec6,NORMAL,0.0
2026-05-18T02:54:59.134962,66.132.x.x,ffb3ef540bf4a428,31624,4,UNKNOWN_4,UNKNOWN,3,cf8c2ab00e5206003905,b39957ee,NORMAL,0.2
2026-05-18T02:55:14.513337,66.132.x.x,ffb3ef540bf4a428,55310,0,NON_MAVLINK_PROBE,SCANNER,0,,48733458,NORMAL,0.0
2026-05-18T03:01:40.495382,176.65.x.x,9880f1c3a55845dd,56200,0,NON_MAVLINK_PROBE,SCANNER,0,,34e3c245,NORMAL,0.0
2026-05-18T03:07:52.940428,65.49.x.x,6ee2d4ab73add14a,4394,0,NON_MAVLINK_PROBE,SCANNER,0,,64dc3367,NORMAL,0.0
2026-05-18T03:12:42.886196,64.226.x.x,ebfd3bb7a3d63aa0,7904,0,NON_MAVLINK_PROBE,SCANNER,0,,9e1157a2,NORMAL,0.0
2026-05-18T03:12:45.566372,64.226.x.x,ebfd3bb7a3d63aa0,7592,0,NON_MAVLINK_PROBE,SCANNER,0,,85aed299,NORMAL,0.0
2026-05-18T03:16:11.504835,5.61.x.x,d0a8dba3a7165f20,13032,0,NON_MAVLINK_PROBE,SCANNER,0,,121a0622,NORMAL,0.0
2026-05-18T03:22:28.669307,20.46.x.x,6ae1195fc5e6376b,53902,0,NON_MAVLINK_PROBE,SCANNER,0,,6ba51f8a,NORMAL,0.0
2026-05-18T03:22:29.095668,20.46.x.x,6ae1195fc5e6376b,57384,0,NON_MAVLINK_PROBE,SCANNER,0,,40a173cf,NORMAL,0.0
2026-05-18T03:22:46.956371,45.198.x.x,7db0b45618a77305,57778,0,NON_MAVLINK_PROBE,SCANNER,0,,b16167fe,NORMAL,0.0
2026-05-18T03:40:07.883946,66.167.x.x,5dcfc7994fa5363d,40727,0,NON_MAVLINK_PROBE,SCANNER,0,,5271c92a,NORMAL,0.0
2026-05-18T03:44:53.403977,65.49.x.x,3839cba23a36df28,9436,0,NON_MAVLINK_PROBE,SCANNER,0,,7d72784e,NORMAL,0.0
2026-05-18T03:47:29.305667,18.116.x.x,5824e96b9673eccb,52622,0,NON_MAVLINK_PROBE,SCANNER,0,,0cb84138,NORMAL,0.0
2026-05-18T03:48:59.092545,18.116.x.x,5824e96b9673eccb,35890,0,NON_MAVLINK_PROBE,SCANNER,0,,9f86bdce,NORMAL,0.0
2026-05-18T04:19:57.981609,3.132.x.x,89842ec7eaf93909,36744,0,NON_MAVLINK_PROBE,SCANNER,0,,c90af6a9,NORMAL,0.0
2026-05-18T04:19:58.484535,3.132.x.x,89842ec7eaf93909,36754,0,NON_MAVLINK_PROBE,SCANNER,0,,91674580,NORMAL,0.0
2026-05-18T04:26:17.207944,79.124.x.x,a3dc2bc09007bf5d,32830,0,NON_MAVLINK_PROBE,SCANNER,0,,8e0f6ee8,NORMAL,0.0
2026-05-18T04:28:17.465302,3.129.x.x,e3111d802ac43609,34910,0,NON_MAVLINK_PROBE,SCANNER,0,,9112da5a,NORMAL,0.0
2026-05-18T04:28:44.755076,3.129.x.x,e3111d802ac43609,42416,0,NON_MAVLINK_PROBE,SCANNER,0,,20fe7951,NORMAL,0.0
2026-05-18T04:31:43.996863,3.129.x.x,e3111d802ac43609,43174,0,NON_MAVLINK_PROBE,SCANNER,0,,74e12450,NORMAL,0.0
2026-05-18T04:32:59.915879,3.129.x.x,e3111d802ac43609,48046,0,NON_MAVLINK_PROBE,SCANNER,0,,18e155f9,NORMAL,0.0
2026-05-18T04:33:37.310273,45.198.x.x,7db0b45618a77305,34124,0,NON_MAVLINK_PROBE,SCANNER,0,,505fe94f,NORMAL,0.0
2026-05-18T04:35:41.164541,3.129.x.x,e3111d802ac43609,55002,0,NON_MAVLINK_PROBE,SCANNER,0,,0ed74e27,NORMAL,0.0
2026-05-18T04:40:12.670506,45.202.x.x,d14177b8b76f6cce,37350,0,NON_MAVLINK_PROBE,SCANNER,0,,6248cdc1,NORMAL,0.0
2026-05-18T04:46:01.275535,79.124.x.x,a3dc2bc09007bf5d,37920,0,NON_MAVLINK_PROBE,SCANNER,0,,e02d70dc,NORMAL,0.0
2026-05-18T04:46:39.621068,176.65.x.x,9880f1c3a55845dd,58542,0,NON_MAVLINK_PROBE,SCANNER,0,,3150e981,NORMAL,0.0
2026-05-18T04:52:05.737926,16.58.x.x,09ea7c1bce3720fb,60202,0,NON_MAVLINK_PROBE,SCANNER,0,,1cc1801b,NORMAL,0.0
2026-05-18T04:53:45.030641,16.58.x.x,09ea7c1bce3720fb,47908,0,NON_MAVLINK_PROBE,SCANNER,0,,89ecae22,NORMAL,0.0
2026-05-18T04:55:07.478776,16.58.x.x,09ea7c1bce3720fb,49118,0,NON_MAVLINK_PROBE,SCANNER,0,,b5cf0cf2,NORMAL,0.0
2026-05-18T04:56:18.438206,16.58.x.x,09ea7c1bce3720fb,53474,0,NON_MAVLINK_PROBE,SCANNER,0,,d99e15f4,NORMAL,0.0
2026-05-18T04:57:47.307939,16.58.x.x,09ea7c1bce3720fb,51406,0,NON_MAVLINK_PROBE,SCANNER,0,,db01ec0e,NORMAL,0.0
2026-05-18T05:13:48.114945,20.168.x.x,584ba7d81bdeed70,46052,0,NON_MAVLINK_PROBE,SCANNER,0,,88f8b545,NORMAL,0.0
2026-05-18T05:13:48.625270,20.168.x.x,584ba7d81bdeed70,46056,0,NON_MAVLINK_PROBE,SCANNER,0,,26cd5f0d,NORMAL,0.0
2026-05-18T05:26:27.395054,130.12.x.x,ad1a1d352a800c18,45118,0,NON_MAVLINK_PROBE,SCANNER,0,,71bd1352,NORMAL,0.0
2026-05-18T05:29:38.992319,190.14.x.x,93755aafe0d43a3e,37736,0,NON_MAVLINK_PROBE,SCANNER,0,,188f6ad8,NORMAL,0.0
2026-05-18T06:57:20.041424,185.247.x.x,822fb0ab7a7a05d2,52855,0,NON_MAVLINK_PROBE,SCANNER,0,,a13d00a5,NORMAL,0.0
2026-05-18T08:35:31.203443,66.132.x.x,f5c81ce101c4a43b,23300,0,NON_MAVLINK_PROBE,SCANNER,0,,b94c7d27,NORMAL,0.0
2026-05-18T08:35:40.306836,66.132.x.x,f5c81ce101c4a43b,8030,4,UNKNOWN_4,UNKNOWN,3,47c98e72135206003905,f0391000,NORMAL,0.2
2026-05-18T08:35:49.175180,66.132.x.x,f5c81ce101c4a43b,1374,0,NON_MAVLINK_PROBE,SCANNER,0,,8e8fd619,NORMAL,0.0
2026-05-18T08:37:43.503710,66.132.x.x,e81d3cd142bf286c,13758,0,NON_MAVLINK_PROBE,SCANNER,0,,919e8ec2,NORMAL,0.0
2026-05-18T08:37:50.941115,66.132.x.x,e81d3cd142bf286c,49052,4,UNKNOWN_4,UNKNOWN,3,669a587a135206003905,cc94e0ab,NORMAL,0.2
2026-05-18T08:38:00.262378,66.132.x.x,e81d3cd142bf286c,49126,0,NON_MAVLINK_PROBE,SCANNER,0,,172c0509,NORMAL,0.0
2026-05-18T08:38:12.822484,66.132.x.x,eebd22b477b07d8d,26702,0,NON_MAVLINK_PROBE,SCANNER,0,,7910228c,NORMAL,0.0
2026-05-18T08:38:18.913968,66.132.x.x,eebd22b477b07d8d,26748,4,UNKNOWN_4,UNKNOWN,3,712e027c135206003905,adaf89cb,NORMAL,0.2
2026-05-18T08:38:27.995853,66.132.x.x,eebd22b477b07d8d,47928,0,NON_MAVLINK_PROBE,SCANNER,0,,554a1727,NORMAL,0.0
2026-05-18T08:39:38.046780,66.132.x.x,51e93c834957aa8c,26196,0,NON_MAVLINK_PROBE,SCANNER,0,,d0830486,NORMAL,0.0
2026-05-18T08:39:47.646827,66.132.x.x,51e93c834957aa8c,53620,4,UNKNOWN_4,UNKNOWN,3,f0c94c81135206003905,38101a97,NORMAL,0.2
2026-05-18T08:39:56.336419,66.132.x.x,51e93c834957aa8c,52796,0,NON_MAVLINK_PROBE,SCANNER,0,,1d719907,NORMAL,0.0
2026-05-18T08:45:59.166332,222.107.x.x,9fc9efb863575798,36735,0,NON_MAVLINK_PROBE,SCANNER,0,,01e9e0a6,NORMAL,0.0
2026-05-18T09:38:13.470246,45.79.x.x,486bc90fdc7ccd30,55303,0,NON_MAVLINK_PROBE,SCANNER,0,,707d7057,NORMAL,0.0
2026-05-18T12:30:41.908223,74.82.x.x,ba76bb4e9aa0889c,63800,0,NON_MAVLINK_PROBE,SCANNER,0,,4f82b196,NORMAL,0.0
2026-05-18T12:45:29.848320,193.32.x.x,a720cf634f6e648b,35130,0,NON_MAVLINK_PROBE,SCANNER,0,,061a4a70,NORMAL,0.0
2026-05-18T12:47:36.202875,64.62.x.x,f053f28cf2f6b073,41254,0,NON_MAVLINK_PROBE,SCANNER,0,,69a74e33,NORMAL,0.0
2026-05-18T13:13:23.842143,45.82.x.x,b5beb5398233fa15,52512,0,NON_MAVLINK_PROBE,SCANNER,0,,3a010202,NORMAL,0.0
2026-05-18T13:13:24.025474,45.82.x.x,b5beb5398233fa15,52538,0,NON_MAVLINK_PROBE,SCANNER,0,,fd208236,NORMAL,0.0
2026-05-18T13:58:06.779837,130.12.x.x,ad1a1d352a800c18,48732,0,NON_MAVLINK_PROBE,SCANNER,0,,dc2fd2d1,NORMAL,0.0
2026-05-18T16:17:12.195988,195.184.x.x,0683a191c30ab7bf,42555,0,NON_MAVLINK_PROBE,SCANNER,0,,9ffcc902,NORMAL,0.0
2026-05-18T17:39:37.222527,72.14.x.x,2fa4c6b3a4bc67ea,39458,0,NON_MAVLINK_PROBE,SCANNER,0,,23a87361,NORMAL,0.0
2026-05-18T17:39:56.585046,36.255.x.x,54412c317f82c913,13490,0,NON_MAVLINK_PROBE,SCANNER,0,,6a17cf5c,NORMAL,0.0
2026-05-18T17:39:57.933686,36.255.x.x,54412c317f82c913,13594,0,NON_MAVLINK_PROBE,SCANNER,0,,79034265,NORMAL,0.0
2026-05-18T17:44:40.919772,135.237.x.x,781f0d65832d859f,51174,0,NON_MAVLINK_PROBE,SCANNER,0,,7c0f218a,NORMAL,0.0
2026-05-18T20:36:47.873059,45.79.x.x,1bc88b580d255894,44655,0,NON_MAVLINK_PROBE,SCANNER,0,,1cd3b862,NORMAL,0.0
2026-05-18T21:37:15.407937,211.36.x.x,ee8a802ec57a2a01,55874,0,NON_MAVLINK_PROBE,SCANNER,0,,ef93c7c5,NORMAL,0.0
2026-05-18T22:04:15.639007,62.174.x.x,1684758740af0989,42426,0,NON_MAVLINK_PROBE,SCANNER,0,,fae59208,NORMAL,0.0
2026-05-18T22:28:40.270908,31.14.x.x,23155b2afad05542,7314,0,NON_MAVLINK_PROBE,SCANNER,0,,e04a22c4,NORMAL,0.0
2026-05-18T22:34:23.065479,188.240.x.x,9634399790393b1f,2998,0,NON_MAVLINK_PROBE,SCANNER,0,,5d643bd4,NORMAL,0.0
2026-05-18T22:39:17.992932,130.12.x.x,ad1a1d352a800c18,48098,0,NON_MAVLINK_PROBE,SCANNER,0,,7724f170,NORMAL,0.0
2026-05-18T23:02:44.159362,69.5.x.x,5717d77a28c3829c,18744,0,NON_MAVLINK_PROBE,SCANNER,0,,d20acaa9,NORMAL,0.0
2026-05-18T23:08:32.787514,193.176.x.x,e0654bde9d5a45bd,8278,0,NON_MAVLINK_PROBE,SCANNER,0,,ea3e9eea,NORMAL,0.0
2026-05-19T00:11:49.912196,185.216.x.x,738f8184d04d1868,43000,0,NON_MAVLINK_PROBE,SCANNER,0,,a0a4e6d6,NORMAL,0.0
2026-05-19T00:17:23.376448,31.14.x.x,e1d0df8ceac6ddab,7292,0,NON_MAVLINK_PROBE,SCANNER,0,,c0059e05,NORMAL,0.0
2026-05-19T03:34:09.100474,66.132.x.x,f5edc395b63ab949,14832,0,NON_MAVLINK_PROBE,SCANNER,0,,77e63f7b,NORMAL,0.0
2026-05-19T03:34:14.255150,66.132.x.x,f5edc395b63ab949,45734,4,UNKNOWN_4,UNKNOWN,3,305d605a235206003905,8cefd8e3,NORMAL,0.2
2026-05-19T03:34:26.137907,66.132.x.x,f5edc395b63ab949,46198,0,NON_MAVLINK_PROBE,SCANNER,0,,79679a40,NORMAL,0.0
2026-05-19T04:56:16.866315,152.32.x.x,05eafe25aeb558dd,50828,0,NON_MAVLINK_PROBE,SCANNER,0,,786a587c,NORMAL,0.0
2026-05-19T04:59:25.908438,152.32.x.x,05eafe25aeb558dd,45020,0,NON_MAVLINK_PROBE,SCANNER,0,,e21b17aa,NORMAL,0.0
2026-05-19T05:06:19.686505,50.21.x.x,e16b3b01bb1e684d,56189,0,NON_MAVLINK_PROBE,SCANNER,0,,b47a6a4a,NORMAL,0.0
2026-05-19T05:08:06.369628,193.124.x.x,549c0baa10697075,62308,0,NON_MAVLINK_PROBE,SCANNER,0,,09d14a68,NORMAL,0.0
2026-05-19T05:40:18.101145,69.5.x.x,b2c6fe4cb6aa737e,55657,0,NON_MAVLINK_PROBE,SCANNER,0,,15405da7,NORMAL,0.0
2026-05-19T07:07:48.308466,130.12.x.x,ad1a1d352a800c18,54812,0,NON_MAVLINK_PROBE,SCANNER,0,,ae48def5,NORMAL,0.0
2026-05-19T09:31:45.736367,66.132.x.x,faeeb1ef6b46a67b,25378,0,NON_MAVLINK_PROBE,SCANNER,0,,c7a61159,NORMAL,0.0
2026-05-19T09:31:51.324599,66.132.x.x,faeeb1ef6b46a67b,25386,4,UNKNOWN_4,UNKNOWN,3,813c5059285206003905,fed12351,NORMAL,0.2
2026-05-19T09:32:01.339069,66.132.x.x,faeeb1ef6b46a67b,14952,0,NON_MAVLINK_PROBE,SCANNER,0,,9da50475,NORMAL,0.0
2026-05-19T09:32:20.003045,66.132.x.x,b0f80aee3ac95371,32058,0,NON_MAVLINK_PROBE,SCANNER,0,,73b27eba,NORMAL,0.0
2026-05-19T09:32:36.359836,66.132.x.x,b0f80aee3ac95371,57294,4,UNKNOWN_4,UNKNOWN,3,6f27035c285206003905,edcbd1db,NORMAL,0.2
2026-05-19T09:32:46.881372,66.132.x.x,b0f80aee3ac95371,18564,0,NON_MAVLINK_PROBE,SCANNER,0,,d3b71f52,NORMAL,0.0
2026-05-19T09:33:05.843764,66.132.x.x,816bcb4307d98662,7852,0,NON_MAVLINK_PROBE,SCANNER,0,,cc8cfa79,NORMAL,0.0
2026-05-19T09:33:15.246292,66.132.x.x,816bcb4307d98662,55636,4,UNKNOWN_4,UNKNOWN,3,216c525e285206003905,78a56543,NORMAL,0.2
2026-05-19T09:33:21.564989,66.132.x.x,816bcb4307d98662,38342,0,NON_MAVLINK_PROBE,SCANNER,0,,55ccde02,NORMAL,0.0
2026-05-19T09:37:02.569708,185.247.x.x,da3cb8ed5417fa03,53797,0,NON_MAVLINK_PROBE,SCANNER,0,,7c8d8480,NORMAL,0.0
2026-05-19T09:39:44.204636,66.132.x.x,ffff43012c7580a8,4750,0,NON_MAVLINK_PROBE,SCANNER,0,,8460c85b,NORMAL,0.0
2026-05-19T09:39:49.687228,66.132.x.x,ffff43012c7580a8,4830,4,UNKNOWN_4,UNKNOWN,3,558ed275285206003905,c265c267,NORMAL,0.2
2026-05-19T09:39:59.503743,66.132.x.x,ffff43012c7580a8,21578,0,NON_MAVLINK_PROBE,SCANNER,0,,5ca1dae3,NORMAL,0.0
2026-05-19T11:47:51.727760,118.193.x.x,d7c26d86688c5750,46058,0,NON_MAVLINK_PROBE,SCANNER,0,,956ad972,NORMAL,0.0
2026-05-19T11:51:17.719337,118.193.x.x,d7c26d86688c5750,57834,0,NON_MAVLINK_PROBE,SCANNER,0,,4230886c,NORMAL,0.0
2026-05-19T13:38:45.404018,64.62.x.x,facd29100514e6e8,22480,0,NON_MAVLINK_PROBE,SCANNER,0,,eece606a,NORMAL,0.0
2026-05-19T13:54:09.436904,81.19.x.x,0933b9e94e77267a,3110,0,NON_MAVLINK_PROBE,SCANNER,0,,76c12aea,NORMAL,0.0
2026-05-19T13:54:16.142531,193.176.x.x,a1385e78e6e4f74e,16218,0,NON_MAVLINK_PROBE,SCANNER,0,,2c6636d1,NORMAL,0.0
2026-05-19T14:30:53.904743,184.105.x.x,c01aa365feb809c6,43732,0,NON_MAVLINK_PROBE,SCANNER,0,,5efd97a0,NORMAL,0.0
2026-05-19T14:51:08.630458,50.21.x.x,e16b3b01bb1e684d,54330,0,NON_MAVLINK_PROBE,SCANNER,0,,3fe7eb4b,NORMAL,0.0
2026-05-19T15:37:30.279252,130.12.x.x,ad1a1d352a800c18,41620,0,NON_MAVLINK_PROBE,SCANNER,0,,e005fafd,NORMAL,0.0
2026-05-19T17:07:27.854178,185.247.x.x,641155c1fc41d0d9,34251,0,NON_MAVLINK_PROBE,SCANNER,0,,fb614a49,NORMAL,0.0
2026-05-19T17:33:26.250664,188.163.x.x,494171d5d76fc55d,40710,0,NON_MAVLINK_PROBE,SCANNER,0,,8770502f,NORMAL,0.0
2026-05-19T18:12:40.245601,152.32.x.x,32f223dd2800017a,50036,0,NON_MAVLINK_PROBE,SCANNER,0,,80123939,NORMAL,0.0
2026-05-19T18:22:10.462234,165.154.x.x,196e14e3deb6ab99,56834,0,NON_MAVLINK_PROBE,SCANNER,0,,7bfcb84f,NORMAL,0.0
2026-05-19T18:32:26.505676,66.132.x.x,b6a699b6aedea967,17032,0,NON_MAVLINK_PROBE,SCANNER,0,,e207105a,NORMAL,0.0
2026-05-19T18:32:27.932649,66.132.x.x,b6a699b6aedea967,17034,0,NON_MAVLINK_PROBE,SCANNER,0,,87261ffc,NORMAL,0.0
2026-05-19T18:32:28.396838,66.132.x.x,b6a699b6aedea967,10102,0,NON_MAVLINK_PROBE,SCANNER,0,,4456b414,NORMAL,0.0
2026-05-19T18:32:37.665928,66.132.x.x,b6a699b6aedea967,10120,4,UNKNOWN_4,UNKNOWN,3,788143e72f5206003905,027208ed,NORMAL,0.2
2026-05-19T18:32:46.828156,66.132.x.x,b6a699b6aedea967,44820,0,NON_MAVLINK_PROBE,SCANNER,0,,ca8b0a34,NORMAL,0.0
2026-05-19T20:28:16.690304,46.8.x.x,659943cbbf67a1f1,40674,0,NON_MAVLINK_PROBE,SCANNER,0,,06515e67,NORMAL,0.0
2026-05-19T20:47:38.739670,127.0.x.x,ef2f9f91273ffdad,44646,0,NON_MAVLINK_PROBE,SCANNER,0,,867ca15a,NORMAL,0.0
2026-05-19T20:50:46.184338,45.33.x.x,063b4070da572353,47598,0,NON_MAVLINK_PROBE,SCANNER,0,,df74dc53,NORMAL,0.0
2026-05-19T23:01:02.835885,212.73.x.x,29aa085989800d6a,33542,0,NON_MAVLINK_PROBE,SCANNER,0,,da1378a7,NORMAL,0.0
2026-05-19T23:02:58.507839,127.0.x.x,ef2f9f91273ffdad,39720,0,NON_MAVLINK_PROBE,SCANNER,0,,ce9b0424,NORMAL,0.0
2026-05-19T23:04:19.482438,85.217.x.x,4332f5d5f977d5d3,56190,0,NON_MAVLINK_PROBE,SCANNER,0,,de799830,NORMAL,0.0
2026-05-19T23:11:31.495941,127.0.x.x,ef2f9f91273ffdad,34526,0,NON_MAVLINK_PROBE,SCANNER,0,,52d3f397,NORMAL,0.0
2026-05-20T00:00:39.905394,98.94.x.x,33c8a6c30b7c8359,33428,0,NON_MAVLINK_PROBE,SCANNER,0,,1166387f,NORMAL,0.0
2026-05-20T00:18:26.622258,130.12.x.x,ad1a1d352a800c18,39306,0,NON_MAVLINK_PROBE,SCANNER,0,,eb26c3e9,NORMAL,0.0
2026-05-20T01:28:39.085658,39.144.x.x,7182d854c0c71e4c,61166,0,NON_MAVLINK_PROBE,SCANNER,0,,74cb0f09,NORMAL,0.0
2026-05-20T01:28:42.387827,39.144.x.x,7182d854c0c71e4c,62136,0,NON_MAVLINK_PROBE,SCANNER,0,,7b2900bc,NORMAL,0.0
2026-05-20T02:34:40.504111,176.65.x.x,9c3643f9fcfc720b,36226,0,NON_MAVLINK_PROBE,SCANNER,0,,44e90fca,NORMAL,0.0
2026-05-20T02:44:50.550551,125.136.x.x,7055daf1893244e4,56017,0,NON_MAVLINK_PROBE,SCANNER,0,,d2fd14e0,NORMAL,0.0
2026-05-20T03:15:37.940981,194.114.x.x,273ea54bd7b6e4a7,60764,0,NON_MAVLINK_PROBE,SCANNER,0,,39551d05,NORMAL,0.0
2026-05-20T03:16:56.568140,20.83.x.x,4937f832e40d580f,51062,0,NON_MAVLINK_PROBE,SCANNER,0,,46836945,NORMAL,0.0
2026-05-20T07:08:59.644228,211.82.x.x,0207e789a2aedef5,55144,0,NON_MAVLINK_PROBE,SCANNER,0,,f27f3fb2,NORMAL,0.0
2026-05-20T08:35:43.798386,173.255.x.x,aca04b2aad378df2,35412,0,NON_MAVLINK_PROBE,SCANNER,0,,95b52e39,NORMAL,0.0
2026-05-20T08:55:40.176756,130.12.x.x,ad1a1d352a800c18,53502,0,NON_MAVLINK_PROBE,SCANNER,0,,c5d35be1,NORMAL,0.0
2026-05-20T09:33:36.256607,45.79.x.x,d13d813592c10593,55876,0,NON_MAVLINK_PROBE,SCANNER,0,,a57cb332,NORMAL,0.0
2026-05-20T10:31:56.077364,66.132.x.x,67e2226fffc1eb5e,59542,0,NON_MAVLINK_PROBE,SCANNER,0,,8cb41842,NORMAL,0.0
2026-05-20T10:32:06.131450,66.132.x.x,67e2226fffc1eb5e,17730,4,UNKNOWN_4,UNKNOWN,3,2a279c4e3d5206003905,c2900c85,NORMAL,0.2
2026-05-20T10:32:15.535556,66.132.x.x,67e2226fffc1eb5e,33196,0,NON_MAVLINK_PROBE,SCANNER,0,,e64b7559,NORMAL,0.0
2026-05-20T10:36:36.543234,66.132.x.x,e6efbd07ba588cb8,44658,0,NON_MAVLINK_PROBE,SCANNER,0,,237d8e1a,NORMAL,0.0
2026-05-20T10:36:42.017314,66.132.x.x,e6efbd07ba588cb8,20632,4,UNKNOWN_4,UNKNOWN,3,c35b0e5f3d5206003905,7a38fcf5,NORMAL,0.2
2026-05-20T10:36:52.269626,66.132.x.x,e6efbd07ba588cb8,18380,0,NON_MAVLINK_PROBE,SCANNER,0,,9d4720bb,NORMAL,0.0
2026-05-20T10:37:02.629486,66.132.x.x,b2ae57d0fce63eb0,24518,0,NON_MAVLINK_PROBE,SCANNER,0,,6b127911,NORMAL,0.0
2026-05-20T10:37:07.657401,66.132.x.x,b2ae57d0fce63eb0,24614,4,UNKNOWN_4,UNKNOWN,3,119898603d5206003905,be138818,NORMAL,0.2
2026-05-20T10:37:19.391890,66.132.x.x,b2ae57d0fce63eb0,53534,0,NON_MAVLINK_PROBE,SCANNER,0,,cb63ae85,NORMAL,0.0
2026-05-20T10:37:42.895860,66.132.x.x,a4cdcdd87413062d,42660,0,NON_MAVLINK_PROBE,SCANNER,0,,b2f7b092,NORMAL,0.0
2026-05-20T10:37:47.003256,66.132.x.x,a4cdcdd87413062d,29456,4,UNKNOWN_4,UNKNOWN,3,c3cfed623d5206003905,e49d1c92,NORMAL,0.2
2026-05-20T10:38:03.411083,66.132.x.x,a4cdcdd87413062d,23510,0,NON_MAVLINK_PROBE,SCANNER,0,,d3d0b7fc,NORMAL,0.0
2026-05-20T11:07:44.953529,178.128.x.x,2e99968630c57c07,59800,0,NON_MAVLINK_PROBE,SCANNER,0,,23aba1dd,NORMAL,0.0
2026-05-20T11:54:17.708917,91.231.x.x,d7f686dcb3cc908f,43399,0,NON_MAVLINK_PROBE,SCANNER,0,,018d2a89,NORMAL,0.0
2026-05-20T13:12:49.732162,65.49.x.x,b73e76c4419cda58,51814,0,NON_MAVLINK_PROBE,SCANNER,0,,9d0b1a22,NORMAL,0.0
2026-05-20T13:48:05.301646,193.32.x.x,cbc39a9629e9365c,53122,0,NON_MAVLINK_PROBE,SCANNER,0,,e4a62ca9,NORMAL,0.0
2026-05-20T14:01:33.837653,193.32.x.x,cbc39a9629e9365c,34046,0,NON_MAVLINK_PROBE,SCANNER,0,,78a2d828,NORMAL,0.0
2026-05-20T15:14:04.644744,65.49.x.x,bf6d5ab66efe3d53,46802,0,NON_MAVLINK_PROBE,SCANNER,0,,26fb2f5c,NORMAL,0.0
2026-05-20T16:35:41.959732,45.82.x.x,b5beb5398233fa15,53106,0,NON_MAVLINK_PROBE,SCANNER,0,,4652f742,NORMAL,0.0
2026-05-20T16:35:42.385293,45.82.x.x,b5beb5398233fa15,53134,0,NON_MAVLINK_PROBE,SCANNER,0,,88075f95,NORMAL,0.0
2026-05-20T17:35:24.503397,130.12.x.x,ad1a1d352a800c18,37386,0,NON_MAVLINK_PROBE,SCANNER,0,,fe36ca87,NORMAL,0.0
2026-05-20T17:56:00.970725,60.220.x.x,0a2bce40ef73dcdf,48218,0,NON_MAVLINK_PROBE,SCANNER,0,,3df4d79d,NORMAL,0.0
2026-05-20T18:10:42.606243,165.154.x.x,9fa84d308e9caaa7,38306,0,NON_MAVLINK_PROBE,SCANNER,0,,1dd04ee1,NORMAL,0.0
2026-05-20T18:16:45.520332,195.184.x.x,15aeab3e15c1173a,36307,0,NON_MAVLINK_PROBE,SCANNER,0,,4c03a650,NORMAL,0.0
2026-05-20T18:24:33.940057,152.32.x.x,cecbbb6f4e9a329c,41546,0,NON_MAVLINK_PROBE,SCANNER,0,,819c040d,NORMAL,0.0
2026-05-20T19:09:50.121940,18.97.x.x,54d2fe87d0ce9b9a,39552,0,NON_MAVLINK_PROBE,SCANNER,0,,63e1d740,NORMAL,0.0
2026-05-20T19:33:06.319721,66.132.x.x,eebd22b477b07d8d,50116,0,NON_MAVLINK_PROBE,SCANNER,0,,2af4f7d3,NORMAL,0.0
2026-05-20T19:33:09.659974,66.132.x.x,eebd22b477b07d8d,14008,4,UNKNOWN_4,UNKNOWN,3,46739add445206003905,2159add4,NORMAL,0.2
2026-05-20T19:33:20.041575,66.132.x.x,eebd22b477b07d8d,14042,0,NON_MAVLINK_PROBE,SCANNER,0,,b3c75ffd,NORMAL,0.0
2026-05-20T21:04:34.257914,45.79.x.x,486bc90fdc7ccd30,54132,0,NON_MAVLINK_PROBE,SCANNER,0,,074c7d21,NORMAL,0.0
2026-05-20T22:33:17.348636,45.56.x.x,4a390567d04a7bd4,43726,0,NON_MAVLINK_PROBE,SCANNER,0,,419c6299,NORMAL,0.0
2026-05-21T00:41:28.353578,66.132.x.x,492cc1232d63f7bf,32758,0,NON_MAVLINK_PROBE,SCANNER,0,,577d3b3d,NORMAL,0.0
2026-05-21T00:41:32.548219,66.132.x.x,492cc1232d63f7bf,41560,4,UNKNOWN_4,UNKNOWN,3,245b762c495206003905,be26ebdf,NORMAL,0.2
2026-05-21T00:41:41.446956,66.132.x.x,492cc1232d63f7bf,41592,0,NON_MAVLINK_PROBE,SCANNER,0,,df2b7c13,NORMAL,0.0
2026-05-21T00:51:59.318893,194.88.x.x,4045882cd5c3a7ed,6674,0,NON_MAVLINK_PROBE,SCANNER,0,,ac07e4db,NORMAL,0.0
2026-05-21T01:12:46.371436,185.216.x.x,c39d8c3c5f46c8c6,48393,0,NON_MAVLINK_PROBE,SCANNER,0,,8659bf1e,NORMAL,0.0
2026-05-21T01:53:06.748364,69.5.x.x,c35e434f5d4fcf50,4088,0,NON_MAVLINK_PROBE,SCANNER,0,,4af4d2a7,NORMAL,0.0
2026-05-21T01:53:42.132862,89.37.x.x,f2fd01b4394bcb0e,38644,0,NON_MAVLINK_PROBE,SCANNER,0,,9c5f5620,NORMAL,0.0
2026-05-21T02:08:30.744994,130.12.x.x,ad1a1d352a800c18,43944,0,NON_MAVLINK_PROBE,SCANNER,0,,606261c2,NORMAL,0.0
2026-05-21T02:56:44.540804,194.88.x.x,65ef7a042bae2ec1,10748,0,NON_MAVLINK_PROBE,SCANNER,0,,d5f71e41,NORMAL,0.0
2026-05-21T03:46:00.154006,69.5.x.x,20a0839efd96a5ad,1126,0,NON_MAVLINK_PROBE,SCANNER,0,,f30586b6,NORMAL,0.0
2026-05-21T03:49:12.648645,194.88.x.x,394144bf14d53229,7346,0,NON_MAVLINK_PROBE,SCANNER,0,,509f98a7,NORMAL,0.0
2026-05-21T03:57:41.983778,213.166.x.x,52fbff770d8083e3,27940,0,NON_MAVLINK_PROBE,SCANNER,0,,2a32786e,NORMAL,0.0
2026-05-21T04:06:36.692056,60.191.x.x,0c462e523e90f3bb,47644,0,NON_MAVLINK_PROBE,SCANNER,0,,fdf5aca9,NORMAL,0.0
2026-05-21T04:23:19.189215,185.180.x.x,d310ee2f1d548669,43942,0,NON_MAVLINK_PROBE,SCANNER,0,,e625b609,NORMAL,0.0
2026-05-21T04:23:24.687252,185.180.x.x,83b3de5cfc572be2,43592,0,NON_MAVLINK_PROBE,SCANNER,0,,fac24d13,NORMAL,0.0
2026-05-21T04:23:39.345990,185.180.x.x,83b3de5cfc572be2,36970,0,NON_MAVLINK_PROBE,SCANNER,0,,d3df170e,NORMAL,0.0
2026-05-21T04:23:51.975486,185.180.x.x,d025e9aee350a433,40992,0,NON_MAVLINK_PROBE,SCANNER,0,,ca6bf36d,NORMAL,0.0
2026-05-21T04:24:07.228703,185.180.x.x,83b3de5cfc572be2,46682,0,NON_MAVLINK_PROBE,SCANNER,0,,7f348940,NORMAL,0.0
2026-05-21T04:36:06.451775,138.197.x.x,9daa1abbebce1fbd,49820,0,NON_MAVLINK_PROBE,SCANNER,0,,e3e9a4ff,NORMAL,0.0
2026-05-21T04:51:57.438797,152.32.x.x,77f7fd05582a2119,52972,0,NON_MAVLINK_PROBE,SCANNER,0,,cd1fdaa7,NORMAL,0.0
2026-05-21T04:55:36.606014,173.230.x.x,70fbd8bd7ef70327,58016,0,NON_MAVLINK_PROBE,SCANNER,0,,85da5ccb,NORMAL,0.0
2026-05-21T05:07:59.097635,172.212.x.x,efb4400150339007,50256,0,NON_MAVLINK_PROBE,SCANNER,0,,a381e46d,NORMAL,0.0
2026-05-21T05:39:25.262834,69.5.x.x,62f15a382b47c7a1,7316,0,NON_MAVLINK_PROBE,SCANNER,0,,f1a7128a,NORMAL,0.0
2026-05-21T05:40:02.572530,193.176.x.x,d573c86f7734af99,37907,0,NON_MAVLINK_PROBE,SCANNER,0,,862b2dcb,NORMAL,0.0
2026-05-21T06:39:53.021716,45.142.x.x,494b8075ed52af4a,56910,0,NON_MAVLINK_PROBE,SCANNER,0,,db81104f,NORMAL,0.0
2026-05-21T06:40:07.760598,45.142.x.x,494b8075ed52af4a,33666,0,NON_MAVLINK_PROBE,SCANNER,0,,cc53720c,NORMAL,0.0
2026-05-21T07:29:26.079813,193.32.x.x,cbc39a9629e9365c,55750,0,NON_MAVLINK_PROBE,SCANNER,0,,92985eb0,NORMAL,0.0
2026-05-21T08:04:21.381263,193.32.x.x,cbc39a9629e9365c,60724,0,NON_MAVLINK_PROBE,SCANNER,0,,6a8016d9,NORMAL,0.0
2026-05-21T08:25:40.691001,167.94.x.x,0b0d344a56b12219,39802,0,NON_MAVLINK_PROBE,SCANNER,0,,476f11d1,NORMAL,0.0
2026-05-21T08:25:43.778091,167.94.x.x,0b0d344a56b12219,39866,4,UNKNOWN_4,UNKNOWN,3,50fe86a84f5206003905,3ae59f30,NORMAL,0.2
2026-05-21T08:25:48.552371,167.94.x.x,0b0d344a56b12219,45144,0,NON_MAVLINK_PROBE,SCANNER,0,,baf4c0d4,NORMAL,0.0
2026-05-21T08:36:56.387247,91.196.x.x,3693e354f02e10c3,52079,0,NON_MAVLINK_PROBE,SCANNER,0,,55728b93,NORMAL,0.0
2026-05-21T10:20:05.236076,116.237.x.x,a49978e94656ac27,43911,0,NON_MAVLINK_PROBE,SCANNER,0,,5fb2930b,NORMAL,0.0
2026-05-21T10:53:17.986752,130.12.x.x,ad1a1d352a800c18,56880,0,NON_MAVLINK_PROBE,SCANNER,0,,7f12af43,NORMAL,0.0
2026-05-21T11:34:30.484508,66.132.x.x,531eb9559a9a928e,11638,0,NON_MAVLINK_PROBE,SCANNER,0,,f45a707f,NORMAL,0.0
2026-05-21T11:34:34.946375,66.132.x.x,531eb9559a9a928e,20654,4,UNKNOWN_4,UNKNOWN,3,47e0e94b525206003905,a2f25d8d,NORMAL,0.2
2026-05-21T11:34:43.000848,66.132.x.x,531eb9559a9a928e,38440,0,NON_MAVLINK_PROBE,SCANNER,0,,5bd39b70,NORMAL,0.0
2026-05-21T11:34:58.876920,66.132.x.x,1cf99c792000d359,43394,0,NON_MAVLINK_PROBE,SCANNER,0,,b9730694,NORMAL,0.0
2026-05-21T11:35:02.786892,66.132.x.x,1cf99c792000d359,4824,4,UNKNOWN_4,UNKNOWN,3,79d9904d525206003905,7ffb205f,NORMAL,0.2
2026-05-21T11:35:12.001464,66.132.x.x,1cf99c792000d359,36080,0,NON_MAVLINK_PROBE,SCANNER,0,,060bb241,NORMAL,0.0
2026-05-21T11:35:23.736019,66.132.x.x,01adf156239113db,46064,0,NON_MAVLINK_PROBE,SCANNER,0,,9aec6cdf,NORMAL,0.0
2026-05-21T11:35:28.742076,66.132.x.x,01adf156239113db,25968,4,UNKNOWN_4,UNKNOWN,3,a0291a4f525206003905,ac66da8c,NORMAL,0.2
2026-05-21T11:35:38.100763,66.132.x.x,01adf156239113db,43594,0,NON_MAVLINK_PROBE,SCANNER,0,,ce4e2da8,NORMAL,0.0
2026-05-21T12:24:56.594223,165.154.x.x,c6a696a4d0ba6ac2,40136,0,NON_MAVLINK_PROBE,SCANNER,0,,497d10e0,NORMAL,0.0
2026-05-21T12:42:16.937649,91.231.x.x,cf3f1145e36baa94,60533,0,NON_MAVLINK_PROBE,SCANNER,0,,4e52515f,NORMAL,0.0
2026-05-21T13:48:27.533084,65.49.x.x,bbb8c8d4d4b2ea2a,6842,0,NON_MAVLINK_PROBE,SCANNER,0,,15cbff82,NORMAL,0.0
2026-05-21T14:10:55.680433,65.49.x.x,c227fcc20408ecb1,53878,0,NON_MAVLINK_PROBE,SCANNER,0,,4ceb865d,NORMAL,0.0
2026-05-21T14:44:48.955572,45.142.x.x,d7f6e21b0c59211e,20092,0,NON_MAVLINK_PROBE,SCANNER,0,,3da77317,NORMAL,0.0
2026-05-21T14:44:49.697644,45.142.x.x,d7f6e21b0c59211e,20174,0,NON_MAVLINK_PROBE,SCANNER,0,,d2a9197a,NORMAL,0.0
2026-05-21T14:44:50.868098,45.142.x.x,d7f6e21b0c59211e,20200,0,NON_MAVLINK_PROBE,SCANNER,0,,2149df0a,NORMAL,0.0
2026-05-21T14:45:03.004987,45.142.x.x,d7f6e21b0c59211e,23652,0,HEARTBEAT,RECON,1,,07bcf91a,NORMAL,0.2
2026-05-21T14:45:03.533990,45.142.x.x,d7f6e21b0c59211e,23652,0,HEARTBEAT,RECON,1,,07bcf91a,NORMAL,0.4
2026-05-21T14:45:03.976019,45.142.x.x,d7f6e21b0c59211e,23652,0,HEARTBEAT,RECON,1,,07bcf91a,NORMAL,0.6
2026-05-21T15:05:23.528889,195.96.x.x,6dd9fb023b11b7d9,55867,0,NON_MAVLINK_PROBE,SCANNER,0,,bcc25637,NORMAL,0.0
2026-05-21T18:12:28.291439,165.154.x.x,6c2f76ce5acc30ed,41990,0,NON_MAVLINK_PROBE,SCANNER,0,,7290d7ac,NORMAL,0.0
2026-05-21T18:24:58.565592,152.32.x.x,47a5c5b606cf2bc4,54348,0,NON_MAVLINK_PROBE,SCANNER,0,,43694254,NORMAL,0.0
2026-05-21T18:58:38.614118,91.231.x.x,80d67c078d939e18,49945,0,NON_MAVLINK_PROBE,SCANNER,0,,ee0ae866,NORMAL,0.0
2026-05-21T19:13:45.167027,130.12.x.x,ad1a1d352a800c18,47346,0,NON_MAVLINK_PROBE,SCANNER,0,,e13ff8d5,NORMAL,0.0
2026-05-21T19:25:24.784517,127.0.x.x,ef2f9f91273ffdad,55824,0,NON_MAVLINK_PROBE,SCANNER,0,,0e49fd33,NORMAL,0.0
2026-05-21T20:03:58.424424,127.0.x.x,ef2f9f91273ffdad,34206,0,NON_MAVLINK_PROBE,SCANNER,0,,1f971b2c,NORMAL,0.0
2026-05-21T20:28:43.212407,45.79.x.x,c31f641dc3ebbb0f,43606,0,NON_MAVLINK_PROBE,SCANNER,0,,72b48242,NORMAL,0.0
2026-05-21T20:50:13.088961,50.116.x.x,9bad4b5117680e51,33508,0,NON_MAVLINK_PROBE,SCANNER,0,,4d29fca3,NORMAL,0.0
2026-05-21T20:59:30.774906,36.155.x.x,a996f56a7731a8f8,2090,0,NON_MAVLINK_PROBE,SCANNER,0,,22993a20,NORMAL,0.0
2026-05-21T22:20:17.372452,111.40.x.x,03ea283d6ade5692,52403,0,NON_MAVLINK_PROBE,SCANNER,0,,08572781,NORMAL,0.0
2026-05-21T23:38:02.812073,20.171.x.x,88f9c56860be96ab,46804,0,NON_MAVLINK_PROBE,SCANNER,0,,e8c1ce4b,NORMAL,0.0
2026-05-21T23:43:15.639856,199.45.x.x,54b3cbae67d66cf9,39258,0,NON_MAVLINK_PROBE,SCANNER,0,,1b9c0632,NORMAL,0.0
2026-05-21T23:43:21.628805,199.45.x.x,54b3cbae67d66cf9,49692,4,UNKNOWN_4,UNKNOWN,3,e374387a5c5206003905,6ddfa89f,NORMAL,0.2
2026-05-21T23:43:28.735799,199.45.x.x,54b3cbae67d66cf9,41678,0,NON_MAVLINK_PROBE,SCANNER,0,,9378b7ff,NORMAL,0.0
2026-05-21T23:51:04.348056,60.31.x.x,32789c5d26e439c2,49650,0,NON_MAVLINK_PROBE,SCANNER,0,,7656e8c4,NORMAL,0.0
2026-05-22T00:02:44.564918,100.53.x.x,d5b32ff74e6bedb6,50804,0,NON_MAVLINK_PROBE,SCANNER,0,,253c2e7a,NORMAL,0.0
2026-05-22T01:19:41.079965,66.132.x.x,000d47360b93e1f2,64936,0,NON_MAVLINK_PROBE,SCANNER,0,,152b0afa,NORMAL,0.0
2026-05-22T01:19:44.563870,66.132.x.x,000d47360b93e1f2,64938,4,UNKNOWN_4,UNKNOWN,3,16d4e8d25d5206003905,256bc252,NORMAL,0.2
2026-05-22T01:19:51.366912,66.132.x.x,000d47360b93e1f2,51032,0,NON_MAVLINK_PROBE,SCANNER,0,,9aba40ba,NORMAL,0.0
2026-05-22T01:34:12.728450,66.132.x.x,e4e38faa2b1311c6,1454,0,NON_MAVLINK_PROBE,SCANNER,0,,f9a5a4ad,NORMAL,0.0
2026-05-22T01:34:23.089751,66.132.x.x,e4e38faa2b1311c6,1474,0,NON_MAVLINK_PROBE,SCANNER,0,,8cc97925,NORMAL,0.0
2026-05-22T01:34:33.658364,66.132.x.x,e4e38faa2b1311c6,60508,0,NON_MAVLINK_PROBE,SCANNER,0,,f43a53e8,NORMAL,0.0
2026-05-22T02:20:02.184837,221.223.x.x,69d1c6d50070cdd2,50742,0,NON_MAVLINK_PROBE,SCANNER,0,,0088a371,NORMAL,0.0
2026-05-22T02:27:44.736289,114.98.x.x,7f09a895cf641f25,37221,0,NON_MAVLINK_PROBE,SCANNER,0,,f80ffc98,NORMAL,0.0
2026-05-22T03:16:15.178128,216.180.x.x,35b870601cfdc633,21151,0,NON_MAVLINK_PROBE,SCANNER,0,,6567e538,NORMAL,0.0
2026-05-22T03:33:32.241950,130.12.x.x,ad1a1d352a800c18,40958,0,NON_MAVLINK_PROBE,SCANNER,0,,ecf52f42,NORMAL,0.0
2026-05-22T03:46:44.312200,165.154.x.x,c1b27bab96303054,49406,0,NON_MAVLINK_PROBE,SCANNER,0,,94ed5bbc,NORMAL,0.0
2026-05-22T03:49:58.495254,165.154.x.x,c1b27bab96303054,37510,0,NON_MAVLINK_PROBE,SCANNER,0,,70f8aeba,NORMAL,0.0
2026-05-22T04:42:39.381433,66.132.x.x,89d1a51f9c9b4d46,16148,0,NON_MAVLINK_PROBE,SCANNER,0,,bb6f5f78,NORMAL,0.0
2026-05-22T04:42:42.785194,66.132.x.x,89d1a51f9c9b4d46,60722,4,UNKNOWN_4,UNKNOWN,3,23abc9a8605206003905,256e1893,NORMAL,0.2
2026-05-22T04:42:49.098218,66.132.x.x,89d1a51f9c9b4d46,60736,0,NON_MAVLINK_PROBE,SCANNER,0,,4b294353,NORMAL,0.0
2026-05-22T04:43:03.452476,69.5.x.x,6b9102cd2cd2d470,4732,0,NON_MAVLINK_PROBE,SCANNER,0,,f7253597,NORMAL,0.0
2026-05-22T04:47:34.827160,185.216.x.x,770f6af3ad05179d,36986,0,NON_MAVLINK_PROBE,SCANNER,0,,f28f8a30,NORMAL,0.0
2026-05-22T05:37:33.149410,69.5.x.x,e5d1cebe267acbaa,8856,0,NON_MAVLINK_PROBE,SCANNER,0,,4f6fea9b,NORMAL,0.0
2026-05-22T06:15:53.067238,69.5.x.x,5717d77a28c3829c,15176,0,NON_MAVLINK_PROBE,SCANNER,0,,7d07add2,NORMAL,0.0
2026-05-22T07:28:56.664865,69.5.x.x,d551a6ae2090ff5a,36006,0,NON_MAVLINK_PROBE,SCANNER,0,,84efaccd,NORMAL,0.0
2026-05-22T07:34:57.369596,159.223.x.x,eaaa631ec5bad8be,55868,0,NON_MAVLINK_PROBE,SCANNER,0,,7e98757c,NORMAL,0.0
2026-05-22T07:34:57.392708,159.223.x.x,eaaa631ec5bad8be,55888,0,NON_MAVLINK_PROBE,SCANNER,0,,3686c498,NORMAL,0.0
2026-05-22T07:35:35.151376,159.223.x.x,eaaa631ec5bad8be,63667,0,NON_MAVLINK_PROBE,SCANNER,0,,532dc65d,NORMAL,0.0
2026-05-22T07:40:11.043271,69.5.x.x,5c4261fb82803249,41972,0,NON_MAVLINK_PROBE,SCANNER,0,,331128e0,NORMAL,0.0
2026-05-22T09:35:27.863162,69.5.x.x,f03897d5444c55bd,11848,0,NON_MAVLINK_PROBE,SCANNER,0,,d73df69b,NORMAL,0.0
2026-05-22T09:35:43.809320,69.5.x.x,572a45997f4e9daf,14240,0,NON_MAVLINK_PROBE,SCANNER,0,,71b6e3b4,NORMAL,0.0
2026-05-22T09:38:44.863543,51.159.x.x,2a1d19737565d613,56461,0,NON_MAVLINK_PROBE,SCANNER,0,,eb5e0084,NORMAL,0.0
2026-05-22T09:56:59.269125,167.94.x.x,a788099c6e1df261,47918,0,NON_MAVLINK_PROBE,SCANNER,0,,b7918bf6,NORMAL,0.0
2026-05-22T09:57:07.150765,167.94.x.x,a788099c6e1df261,48100,4,UNKNOWN_4,UNKNOWN,3,98cb300d655206003905,a0cae916,NORMAL,0.2
2026-05-22T09:57:13.811701,167.94.x.x,a788099c6e1df261,54872,0,NON_MAVLINK_PROBE,SCANNER,0,,c815a3d1,NORMAL,0.0
2026-05-22T11:03:17.122561,69.5.x.x,c939ea9b942d806c,8656,0,NON_MAVLINK_PROBE,SCANNER,0,,a89f8174,NORMAL,0.0
2026-05-22T11:11:54.057696,199.45.x.x,de9e05cd89cfa73d,52886,0,NON_MAVLINK_PROBE,SCANNER,0,,b5bce06f,NORMAL,0.0
2026-05-22T11:11:58.215376,199.45.x.x,de9e05cd89cfa73d,52892,4,UNKNOWN_4,UNKNOWN,3,b2a8e418665206003905,d597f522,NORMAL,0.2
2026-05-22T11:12:07.380025,199.45.x.x,de9e05cd89cfa73d,56548,0,NON_MAVLINK_PROBE,SCANNER,0,,45fca310,NORMAL,0.0
2026-05-22T11:30:30.540266,69.5.x.x,0168969930f057ed,16002,0,NON_MAVLINK_PROBE,SCANNER,0,,4dbe9c67,NORMAL,0.0
2026-05-22T11:53:09.870248,130.12.x.x,ad1a1d352a800c18,33920,0,NON_MAVLINK_PROBE,SCANNER,0,,fd8def70,NORMAL,0.0
2026-05-22T12:31:34.583795,66.132.x.x,0ec82480ff979fc8,62072,0,NON_MAVLINK_PROBE,SCANNER,0,,f5b781c1,NORMAL,0.0
2026-05-22T12:31:42.896310,66.132.x.x,0ec82480ff979fc8,61608,4,UNKNOWN_4,UNKNOWN,3,4edd0f36675206003905,702bd8a5,NORMAL,0.2
2026-05-22T12:31:50.956598,66.132.x.x,0ec82480ff979fc8,48714,0,NON_MAVLINK_PROBE,SCANNER,0,,2342a1ab,NORMAL,0.0
2026-05-22T12:31:58.626781,66.132.x.x,13a33a3c01d8fb38,37116,0,NON_MAVLINK_PROBE,SCANNER,0,,2bb37c90,NORMAL,0.0
2026-05-22T12:31:59.343155,66.132.x.x,13a33a3c01d8fb38,16962,0,NON_MAVLINK_PROBE,SCANNER,0,,62b0e67e,NORMAL,0.0
2026-05-22T12:32:03.884346,66.132.x.x,13a33a3c01d8fb38,16982,0,NON_MAVLINK_PROBE,SCANNER,0,,ea859c91,NORMAL,0.0
2026-05-22T12:32:10.220541,66.132.x.x,13a33a3c01d8fb38,19000,4,UNKNOWN_4,UNKNOWN,3,c7c6b537675206003905,15762618,NORMAL,0.2
2026-05-22T12:32:16.321784,66.132.x.x,13a33a3c01d8fb38,19016,0,NON_MAVLINK_PROBE,SCANNER,0,,c2bfbfff,NORMAL,0.0
2026-05-22T12:32:23.611672,66.132.x.x,9b0becc1c9a6e24c,44022,0,NON_MAVLINK_PROBE,SCANNER,0,,95a2c3b1,NORMAL,0.0
2026-05-22T12:32:27.274989,66.132.x.x,9b0becc1c9a6e24c,20352,4,UNKNOWN_4,UNKNOWN,3,56d8b938675206003905,a0a1b97b,NORMAL,0.2
2026-05-22T12:32:36.187379,66.132.x.x,9b0becc1c9a6e24c,20402,0,NON_MAVLINK_PROBE,SCANNER,0,,57bdd4e8,NORMAL,0.0
2026-05-22T12:38:49.381602,65.49.x.x,f5aa39682ed2eb15,37380,0,NON_MAVLINK_PROBE,SCANNER,0,,46be6046,NORMAL,0.0
2026-05-22T12:59:46.436254,66.132.x.x,01adf156239113db,4820,0,NON_MAVLINK_PROBE,SCANNER,0,,30b005fc,NORMAL,0.0
2026-05-22T12:59:51.269467,66.132.x.x,01adf156239113db,4880,4,UNKNOWN_4,UNKNOWN,3,8179b79a675206003905,5a3c5dc9,NORMAL,0.2
2026-05-22T12:59:58.462663,66.132.x.x,01adf156239113db,59902,0,NON_MAVLINK_PROBE,SCANNER,0,,0ea6884b,NORMAL,0.0
2026-05-22T13:01:34.177337,69.5.x.x,f1a73310db0bdb59,5264,0,NON_MAVLINK_PROBE,SCANNER,0,,58c10216,NORMAL,0.0
2026-05-22T13:01:49.380620,69.5.x.x,cc87b79c54196ce3,7596,0,NON_MAVLINK_PROBE,SCANNER,0,,e7403dff,NORMAL,0.0
2026-05-22T13:55:32.891860,167.94.x.x,74c545c177b176b9,11948,0,NON_MAVLINK_PROBE,SCANNER,0,,46332295,NORMAL,0.0
2026-05-22T13:55:36.283528,167.94.x.x,74c545c177b176b9,12028,4,UNKNOWN_4,UNKNOWN,3,7e781462685206003905,cae8ef7a,NORMAL,0.2
2026-05-22T13:55:42.781119,167.94.x.x,74c545c177b176b9,28608,0,NON_MAVLINK_PROBE,SCANNER,0,,f85e9722,NORMAL,0.0
2026-05-22T14:31:11.251236,184.105.x.x,197eb9dc18675ee7,19910,0,NON_MAVLINK_PROBE,SCANNER,0,,72cac809,NORMAL,0.0
2026-05-22T14:41:32.821188,69.5.x.x,d312b812adc29295,12768,0,NON_MAVLINK_PROBE,SCANNER,0,,7d98910f,NORMAL,0.0
2026-05-22T14:46:23.653569,185.247.x.x,34787ccec0e58d64,43397,0,NON_MAVLINK_PROBE,SCANNER,0,,1408c4e3,NORMAL,0.0
2026-05-22T15:13:00.716034,69.5.x.x,a0095dfe897106f1,4012,0,NON_MAVLINK_PROBE,SCANNER,0,,88b26e7d,NORMAL,0.0
2026-05-22T15:41:18.323037,204.48.x.x,4212510de83be927,34816,0,NON_MAVLINK_PROBE,SCANNER,0,,d7a7bd50,NORMAL,0.0
2026-05-22T15:41:18.845408,204.48.x.x,4212510de83be927,43296,0,NON_MAVLINK_PROBE,SCANNER,0,,4361fc00,NORMAL,0.0
2026-05-22T16:44:48.668791,185.247.x.x,f9acdeb54e58f2b8,35313,0,NON_MAVLINK_PROBE,SCANNER,0,,cb878793,NORMAL,0.0
2026-05-22T17:56:22.173231,194.195.x.x,ab26c0f03687b368,44267,0,NON_MAVLINK_PROBE,SCANNER,0,,a0cea83c,NORMAL,0.0
2026-05-22T19:05:56.388582,69.5.x.x,62f15a382b47c7a1,1208,0,NON_MAVLINK_PROBE,SCANNER,0,,64964020,NORMAL,0.0
2026-05-22T20:05:28.375531,69.5.x.x,bdf2c928f07b6827,12616,0,NON_MAVLINK_PROBE,SCANNER,0,,685be80c,NORMAL,0.0
2026-05-22T20:21:55.128723,130.12.x.x,ad1a1d352a800c18,57524,0,NON_MAVLINK_PROBE,SCANNER,0,,c36d222d,NORMAL,0.0
2026-05-22T20:25:44.532179,69.5.x.x,843e7eafa9923a05,6616,0,NON_MAVLINK_PROBE,SCANNER,0,,4a91f3c0,NORMAL,0.0
2026-05-22T20:26:16.780316,118.194.x.x,7462a7faeb91e879,51368,0,NON_MAVLINK_PROBE,SCANNER,0,,e59e957d,NORMAL,0.0
2026-05-22T22:18:10.427137,69.5.x.x,53e727569c3c1dc6,10524,0,NON_MAVLINK_PROBE,SCANNER,0,,2ca8eaae,NORMAL,0.0
2026-05-22T23:50:40.241396,194.88.x.x,86aa74a3302bc5ad,8046,0,NON_MAVLINK_PROBE,SCANNER,0,,f7fca98f,NORMAL,0.0
2026-05-23T00:06:22.470738,170.64.x.x,3a92ab5e3c321665,45198,0,NON_MAVLINK_PROBE,SCANNER,0,,f5877a5d,NORMAL,0.0
2026-05-23T00:06:22.617084,170.64.x.x,3a92ab5e3c321665,57402,0,NON_MAVLINK_PROBE,SCANNER,0,,51c8d24f,NORMAL,0.0
2026-05-23T00:19:04.862088,69.5.x.x,bfa08b61fd180488,9896,0,NON_MAVLINK_PROBE,SCANNER,0,,c95ec1a8,NORMAL,0.0
2026-05-23T01:40:14.940515,66.132.x.x,ec012b601ddc0402,17478,0,NON_MAVLINK_PROBE,SCANNER,0,,099ef328,NORMAL,0.0
2026-05-23T01:40:17.952117,66.132.x.x,ec012b601ddc0402,35522,4,UNKNOWN_4,UNKNOWN,3,da04463a725206003905,25ea532b,NORMAL,0.2
2026-05-23T01:40:24.842362,66.132.x.x,ec012b601ddc0402,35524,0,NON_MAVLINK_PROBE,SCANNER,0,,869144ae,NORMAL,0.0
2026-05-23T02:22:20.494871,64.62.x.x,659076dee189b81a,62928,0,NON_MAVLINK_PROBE,SCANNER,0,,83513a65,NORMAL,0.0
2026-05-23T02:43:17.526276,46.101.x.x,7fe45f39aaa37376,40613,0,NON_MAVLINK_PROBE,SCANNER,0,,6987fb1b,NORMAL,0.0
2026-05-23T03:05:41.358193,193.32.x.x,cbc39a9629e9365c,47986,0,NON_MAVLINK_PROBE,SCANNER,0,,91207c22,NORMAL,0.0
2026-05-23T03:08:06.858980,193.32.x.x,a720cf634f6e648b,37064,0,NON_MAVLINK_PROBE,SCANNER,0,,fe0164ec,NORMAL,0.0
2026-05-23T03:43:20.175162,193.32.x.x,cbc39a9629e9365c,36356,0,NON_MAVLINK_PROBE,SCANNER,0,,88e26338,NORMAL,0.0
2026-05-23T04:48:47.987501,130.12.x.x,ad1a1d352a800c18,35974,0,NON_MAVLINK_PROBE,SCANNER,0,,171d5b82,NORMAL,0.0
2026-05-23T05:52:11.481763,45.156.x.x,9ad688678836c2aa,56414,0,NON_MAVLINK_PROBE,SCANNER,0,,46890a4f,NORMAL,0.0
2026-05-23T05:52:18.494889,45.156.x.x,e2c2dfc9e5c32632,45732,0,NON_MAVLINK_PROBE,SCANNER,0,,fb1e3b00,NORMAL,0.0
2026-05-23T05:52:34.051156,45.156.x.x,e2c2dfc9e5c32632,54270,0,NON_MAVLINK_PROBE,SCANNER,0,,9827f3a4,NORMAL,0.0
2026-05-23T05:52:50.968052,45.156.x.x,9ad688678836c2aa,43768,0,NON_MAVLINK_PROBE,SCANNER,0,,e9824176,NORMAL,0.0
2026-05-23T05:55:04.096126,69.5.x.x,2cb8022389d2ac37,6774,0,NON_MAVLINK_PROBE,SCANNER,0,,a52e5ba1,NORMAL,0.0
2026-05-23T07:01:17.189622,194.88.x.x,58e0f28353c265bc,2272,0,NON_MAVLINK_PROBE,SCANNER,0,,82978c29,NORMAL,0.0
2026-05-23T07:01:29.228717,194.88.x.x,cfc1ebf7b8efb879,1424,0,NON_MAVLINK_PROBE,SCANNER,0,,17231d06,NORMAL,0.0
2026-05-23T07:29:18.972627,20.29.x.x,b6b9873bcfa3d1ca,43436,0,NON_MAVLINK_PROBE,SCANNER,0,,b4a586c0,NORMAL,0.0
2026-05-23T07:49:43.184980,194.88.x.x,52d440eb84b9d6c3,47458,0,NON_MAVLINK_PROBE,SCANNER,0,,c348581e,NORMAL,0.0
2026-05-23T08:11:20.916347,69.5.x.x,bfa08b61fd180488,8028,0,NON_MAVLINK_PROBE,SCANNER,0,,78b29be9,NORMAL,0.0
2026-05-23T08:29:39.257368,193.32.x.x,a720cf634f6e648b,42414,0,NON_MAVLINK_PROBE,SCANNER,0,,600cd70f,NORMAL,0.0
2026-05-23T08:33:49.444027,69.5.x.x,89baa746d8ce6e7a,15510,0,NON_MAVLINK_PROBE,SCANNER,0,,63b1f4b2,NORMAL,0.0
2026-05-23T08:36:06.295836,45.79.x.x,aafd860cf491b6f4,34180,0,NON_MAVLINK_PROBE,SCANNER,0,,d0fef74c,NORMAL,0.0
2026-05-23T08:58:49.509879,213.166.x.x,2348407ace520142,55746,0,NON_MAVLINK_PROBE,SCANNER,0,,fbf0a32e,NORMAL,0.0
2026-05-23T08:59:15.703807,81.19.x.x,9a89d37a8ff0cfb3,55977,0,NON_MAVLINK_PROBE,SCANNER,0,,d2f6f9af,NORMAL,0.0
2026-05-23T09:32:52.010413,173.255.x.x,aca04b2aad378df2,35260,0,NON_MAVLINK_PROBE,SCANNER,0,,b61aced8,NORMAL,0.0
2026-05-23T09:34:17.451938,69.5.x.x,7b798c9d6d8a0e2a,15300,0,NON_MAVLINK_PROBE,SCANNER,0,,13cf1d6a,NORMAL,0.0
2026-05-23T10:57:50.864266,194.88.x.x,4045882cd5c3a7ed,1610,0,NON_MAVLINK_PROBE,SCANNER,0,,45985e2e,NORMAL,0.0
2026-05-23T11:31:48.943579,66.132.x.x,febbb707c8ac75e9,4434,0,NON_MAVLINK_PROBE,SCANNER,0,,a868c239,NORMAL,0.0
2026-05-23T11:31:52.998176,66.132.x.x,febbb707c8ac75e9,20912,4,UNKNOWN_4,UNKNOWN,3,547fef7d7a5206003905,60468b05,NORMAL,0.2
2026-05-23T11:32:03.644480,66.132.x.x,febbb707c8ac75e9,20920,0,NON_MAVLINK_PROBE,SCANNER,0,,5666d827,NORMAL,0.0
2026-05-23T11:57:18.389337,69.5.x.x,5e7faff295b7139f,1858,0,NON_MAVLINK_PROBE,SCANNER,0,,8652cb96,NORMAL,0.0
2026-05-23T12:09:45.400748,193.32.x.x,a720cf634f6e648b,35228,0,NON_MAVLINK_PROBE,SCANNER,0,,023bb3a5,NORMAL,0.0
2026-05-23T13:00:43.703565,69.5.x.x,82237e38215b0d6a,3558,0,NON_MAVLINK_PROBE,SCANNER,0,,2f62123e,NORMAL,0.0
2026-05-23T13:01:12.999352,69.5.x.x,2cb8022389d2ac37,16260,0,NON_MAVLINK_PROBE,SCANNER,0,,1bf581a9,NORMAL,0.0
2026-05-23T13:26:57.860659,130.12.x.x,ad1a1d352a800c18,48064,0,NON_MAVLINK_PROBE,SCANNER,0,,afb6e170,NORMAL,0.0
2026-05-23T13:34:24.100250,69.5.x.x,fa4f14fe811eaca0,1850,0,NON_MAVLINK_PROBE,SCANNER,0,,eb9c9b04,NORMAL,0.0
2026-05-23T14:11:38.347703,69.5.x.x,4ef3ed2a077d23af,2270,0,NON_MAVLINK_PROBE,SCANNER,0,,e2949bf8,NORMAL,0.0
2026-05-23T14:11:53.781968,193.124.x.x,8d8816feb09d3255,12876,0,NON_MAVLINK_PROBE,SCANNER,0,,a2d8e8ec,NORMAL,0.0
2026-05-23T14:32:20.303165,66.132.x.x,9878e18114e41726,16148,0,NON_MAVLINK_PROBE,SCANNER,0,,48e2a5e3,NORMAL,0.0
2026-05-23T14:32:23.659443,66.132.x.x,9878e18114e41726,26948,4,UNKNOWN_4,UNKNOWN,3,135480037d5206003905,0213c9d8,NORMAL,0.2
2026-05-23T14:32:33.982888,66.132.x.x,9878e18114e41726,12228,0,NON_MAVLINK_PROBE,SCANNER,0,,ec4e0257,NORMAL,0.0
2026-05-23T14:32:49.587238,66.132.x.x,92f5509370d43d61,26926,0,NON_MAVLINK_PROBE,SCANNER,0,,769adb3c,NORMAL,0.0
2026-05-23T14:32:51.165703,66.132.x.x,92f5509370d43d61,26936,0,NON_MAVLINK_PROBE,SCANNER,0,,2d33ae39,NORMAL,0.0
2026-05-23T14:32:54.684270,66.132.x.x,92f5509370d43d61,16846,0,NON_MAVLINK_PROBE,SCANNER,0,,e96abcd5,NORMAL,0.0
2026-05-23T14:33:00.758058,66.132.x.x,92f5509370d43d61,16850,4,UNKNOWN_4,UNKNOWN,3,cbb2b3057d5206003905,735f6c62,NORMAL,0.2
2026-05-23T14:33:10.034027,66.132.x.x,92f5509370d43d61,22810,0,NON_MAVLINK_PROBE,SCANNER,0,,b2190f2d,NORMAL,0.0
2026-05-23T15:04:03.784082,64.62.x.x,659076dee189b81a,10248,0,NON_MAVLINK_PROBE,SCANNER,0,,b4a4c47a,NORMAL,0.0
2026-05-23T15:29:43.108711,69.5.x.x,6a6afb4d9030a7c1,9170,0,NON_MAVLINK_PROBE,SCANNER,0,,c3c0eab9,NORMAL,0.0
2026-05-23T16:57:15.902134,204.76.x.x,aadcc7685a2b3a1a,18119,0,NON_MAVLINK_PROBE,SCANNER,0,,9fcd1349,NORMAL,0.0
2026-05-23T16:57:15.916897,204.76.x.x,e2f1ebab30089bf3,18465,0,NON_MAVLINK_PROBE,SCANNER,0,,d345ace8,NORMAL,0.0
2026-05-23T16:59:28.609361,87.236.x.x,ac8fa477b9bf7514,60249,0,NON_MAVLINK_PROBE,SCANNER,0,,857bc51e,NORMAL,0.0
2026-05-23T17:25:27.829112,69.5.x.x,ac14be78e3666921,14356,0,NON_MAVLINK_PROBE,SCANNER,0,,10b88dfb,NORMAL,0.0
2026-05-23T17:34:44.287935,204.76.x.x,e2f1ebab30089bf3,20449,0,NON_MAVLINK_PROBE,SCANNER,0,,dd8104e0,NORMAL,0.0
2026-05-23T17:34:45.546666,204.76.x.x,6c2d4e16a012734a,22315,0,NON_MAVLINK_PROBE,SCANNER,0,,74a701b8,NORMAL,0.0
2026-05-23T17:34:45.567753,204.76.x.x,e2f1ebab30089bf3,20153,0,NON_MAVLINK_PROBE,SCANNER,0,,8fa155e8,NORMAL,0.0
2026-05-23T17:34:45.568118,204.76.x.x,aadcc7685a2b3a1a,20079,0,NON_MAVLINK_PROBE,SCANNER,0,,aa3b086c,NORMAL,0.0
2026-05-23T18:29:17.905606,204.76.x.x,e2f1ebab30089bf3,13575,0,NON_MAVLINK_PROBE,SCANNER,0,,3c781b74,NORMAL,0.0
2026-05-23T18:29:17.975993,204.76.x.x,1b633c0115883f2b,26019,0,NON_MAVLINK_PROBE,SCANNER,0,,f2431ee6,NORMAL,0.0
2026-05-23T18:29:17.993822,204.76.x.x,aadcc7685a2b3a1a,12687,0,NON_MAVLINK_PROBE,SCANNER,0,,32e32611,NORMAL,0.0
2026-05-23T18:29:18.373772,204.76.x.x,e2f1ebab30089bf3,25651,0,NON_MAVLINK_PROBE,SCANNER,0,,e9bedda3,NORMAL,0.0
2026-05-23T18:58:07.005348,127.0.x.x,ef2f9f91273ffdad,42072,0,NON_MAVLINK_PROBE,SCANNER,0,,fba2f0f2,NORMAL,0.0
2026-05-23T19:08:52.811411,69.5.x.x,843e7eafa9923a05,7422,0,NON_MAVLINK_PROBE,SCANNER,0,,7d154f42,NORMAL,0.0
2026-05-23T19:59:38.021861,127.0.x.x,ef2f9f91273ffdad,47236,0,NON_MAVLINK_PROBE,SCANNER,0,,4bc61369,NORMAL,0.0
2026-05-23T20:00:48.654077,193.32.x.x,cbc39a9629e9365c,59448,0,NON_MAVLINK_PROBE,SCANNER,0,,3d27e0e7,NORMAL,0.0
2026-05-23T20:06:16.050606,91.230.x.x,11ed5247408d3f40,48609,0,NON_MAVLINK_PROBE,SCANNER,0,,2d37e601,NORMAL,0.0
2026-05-23T20:13:11.874916,69.5.x.x,38b49a577db74904,3888,0,NON_MAVLINK_PROBE,SCANNER,0,,fe7d4fb6,NORMAL,0.0
2026-05-23T21:01:20.341259,193.32.x.x,cbc39a9629e9365c,32902,0,NON_MAVLINK_PROBE,SCANNER,0,,1b4d4db4,NORMAL,0.0
2026-05-23T21:19:40.886965,69.5.x.x,9b81ac819c7cd07f,11860,0,NON_MAVLINK_PROBE,SCANNER,0,,33e2e12e,NORMAL,0.0
2026-05-23T21:20:09.124155,194.88.x.x,58e0f28353c265bc,3260,0,NON_MAVLINK_PROBE,SCANNER,0,,0defb2e2,NORMAL,0.0
2026-05-23T21:52:19.487088,130.12.x.x,ad1a1d352a800c18,54928,0,NON_MAVLINK_PROBE,SCANNER,0,,5d92f211,NORMAL,0.0
2026-05-23T21:54:41.885625,69.5.x.x,6beb4154601dca7d,13828,0,NON_MAVLINK_PROBE,SCANNER,0,,a0d53273,NORMAL,0.0
2026-05-23T22:26:08.319026,124.198.x.x,c8b5fe5cb74f62f3,42804,0,NON_MAVLINK_PROBE,SCANNER,0,,fc4c2e95,NORMAL,0.0
2026-05-23T22:30:22.393740,69.5.x.x,e0e68249a44cf5b5,3392,0,NON_MAVLINK_PROBE,SCANNER,0,,cc018e34,NORMAL,0.0
2026-05-23T22:53:46.675237,68.132.x.x,ceb36102c79e4818,42978,0,NON_MAVLINK_PROBE,SCANNER,0,,ec049088,NORMAL,0.0
2026-05-24T00:35:52.428978,193.32.x.x,a720cf634f6e648b,59436,0,NON_MAVLINK_PROBE,SCANNER,0,,4ae7c3ca,NORMAL,0.0
2026-05-24T01:25:38.510853,98.80.x.x,ae71c86fe8380d08,50032,0,NON_MAVLINK_PROBE,SCANNER,0,,0b746633,NORMAL,0.0
2026-05-24T01:44:43.775346,176.65.x.x,8ecb668eed5ac938,40638,0,NON_MAVLINK_PROBE,SCANNER,0,,dcb3bafb,NORMAL,0.0
2026-05-24T02:31:51.995703,66.132.x.x,5bd362ab191a17af,2782,0,NON_MAVLINK_PROBE,SCANNER,0,,807ce822,NORMAL,0.0
2026-05-24T02:31:55.714581,66.132.x.x,5bd362ab191a17af,2792,4,UNKNOWN_4,UNKNOWN,3,38b3bc10875206003905,2a16f63d,NORMAL,0.2
2026-05-24T02:32:04.424262,66.132.x.x,5bd362ab191a17af,4782,0,NON_MAVLINK_PROBE,SCANNER,0,,bcf63d1d,NORMAL,0.0
2026-05-24T03:16:00.504583,127.0.x.x,ef2f9f91273ffdad,40098,0,NON_MAVLINK_PROBE,SCANNER,0,,dc295da8,NORMAL,0.0
2026-05-24T03:19:08.809401,85.217.x.x,6321e0990f9d228a,55800,0,NON_MAVLINK_PROBE,SCANNER,0,,50aa918a,NORMAL,0.0
2026-05-24T03:19:45.218364,165.154.x.x,7b431a9e30908ff7,33998,0,NON_MAVLINK_PROBE,SCANNER,0,,8ea39117,NORMAL,0.0
2026-05-24T03:25:23.530807,85.217.x.x,b3e14d7488caf981,45460,0,NON_MAVLINK_PROBE,SCANNER,0,,aa114566,NORMAL,0.0
2026-05-24T03:45:01.501953,60.191.x.x,0c462e523e90f3bb,52464,0,NON_MAVLINK_PROBE,SCANNER,0,,8647b420,NORMAL,0.0
2026-05-24T06:25:41.730223,130.12.x.x,ad1a1d352a800c18,43136,0,NON_MAVLINK_PROBE,SCANNER,0,,3ae83d6c,NORMAL,0.0
2026-05-24T06:27:11.069029,91.230.x.x,50d1d5e393730d95,52257,0,NON_MAVLINK_PROBE,SCANNER,0,,e045f961,NORMAL,0.0
2026-05-24T08:06:22.733176,195.96.x.x,ce8e76d96c99b696,60357,0,NON_MAVLINK_PROBE,SCANNER,0,,1c791545,NORMAL,0.0
2026-05-24T08:22:01.156678,185.200.x.x,16e2658a5cdf5571,38100,0,NON_MAVLINK_PROBE,SCANNER,0,,e5b3debc,NORMAL,0.0
2026-05-24T08:36:03.928863,45.79.x.x,1bc88b580d255894,46325,0,NON_MAVLINK_PROBE,SCANNER,0,,1b645a27,NORMAL,0.0
2026-05-24T08:38:12.294287,185.200.x.x,16e2658a5cdf5571,48676,0,NON_MAVLINK_PROBE,SCANNER,0,,8d01b1be,NORMAL,0.0
2026-05-24T08:55:44.845474,194.50.x.x,fdb38eb41196f3be,55884,0,NON_MAVLINK_PROBE,SCANNER,0,,e09446f8,NORMAL,0.0
2026-05-24T09:45:41.861280,69.5.x.x,67d9e43fa1b5ac27,2006,0,NON_MAVLINK_PROBE,SCANNER,0,,47356416,NORMAL,0.0
2026-05-24T10:01:39.393167,128.203.x.x,639e260d5356986c,52068,0,NON_MAVLINK_PROBE,SCANNER,0,,07e4175b,NORMAL,0.0
2026-05-24T10:17:28.521358,69.5.x.x,1e5f251b8d0273b9,4488,0,NON_MAVLINK_PROBE,SCANNER,0,,c799de11,NORMAL,0.0
2026-05-24T10:34:47.854814,94.102.x.x,15b9cc9d8fe97b5a,60568,0,NON_MAVLINK_PROBE,SCANNER,0,,4a0b3ff9,NORMAL,0.0
2026-05-24T11:25:09.579968,69.5.x.x,ac14be78e3666921,60766,0,NON_MAVLINK_PROBE,SCANNER,0,,a5ae8c15,NORMAL,0.0
2026-05-24T11:46:36.871009,69.5.x.x,20a0839efd96a5ad,2422,0,NON_MAVLINK_PROBE,SCANNER,0,,869b3822,NORMAL,0.0
2026-05-24T12:12:15.605628,69.5.x.x,841e87eafeeb57f1,5798,0,NON_MAVLINK_PROBE,SCANNER,0,,8c966129,NORMAL,0.0
2026-05-24T12:15:25.268162,127.0.x.x,ef2f9f91273ffdad,58682,0,NON_MAVLINK_PROBE,SCANNER,0,,7631ccf3,NORMAL,0.0
2026-05-24T12:18:02.143137,162.243.x.x,c9a0c51da8d2df2c,56402,0,NON_MAVLINK_PROBE,SCANNER,0,,a38c5e2b,NORMAL,0.0
2026-05-24T12:19:03.297961,162.243.x.x,c9a0c51da8d2df2c,56154,0,NON_MAVLINK_PROBE,SCANNER,0,,afb5e095,NORMAL,0.0
2026-05-24T12:21:28.207206,127.0.x.x,ef2f9f91273ffdad,58312,0,NON_MAVLINK_PROBE,SCANNER,0,,b4eb31e7,NORMAL,0.0
2026-05-24T12:22:02.118028,65.49.x.x,bc66f5fbb10a0eca,36114,0,NON_MAVLINK_PROBE,SCANNER,0,,3e129e36,NORMAL,0.0
2026-05-24T12:32:15.731575,66.132.x.x,5ad2e15c0678be58,44522,0,NON_MAVLINK_PROBE,SCANNER,0,,0a4a0330,NORMAL,0.0
2026-05-24T12:32:30.392255,66.132.x.x,5ad2e15c0678be58,20584,4,UNKNOWN_4,UNKNOWN,3,db0898748f5206003905,4e304066,NORMAL,0.2
2026-05-24T12:32:35.992704,66.132.x.x,5ad2e15c0678be58,13524,0,NON_MAVLINK_PROBE,SCANNER,0,,54bd4ddc,NORMAL,0.0
2026-05-24T12:37:50.102780,65.49.x.x,bf6d5ab66efe3d53,7186,0,NON_MAVLINK_PROBE,SCANNER,0,,94843820,NORMAL,0.0
2026-05-24T13:00:12.661405,69.5.x.x,e63a09608084dbfd,9660,0,NON_MAVLINK_PROBE,SCANNER,0,,141d27c6,NORMAL,0.0
2026-05-24T13:10:38.280077,66.132.x.x,a5118ace3d8462b7,40454,0,NON_MAVLINK_PROBE,SCANNER,0,,0146f6dd,NORMAL,0.0
2026-05-24T13:10:41.676492,66.132.x.x,a5118ace3d8462b7,7386,4,UNKNOWN_4,UNKNOWN,3,d1f925fd8f5206003905,173c0eea,NORMAL,0.2
2026-05-24T13:10:48.435969,66.132.x.x,a5118ace3d8462b7,7402,0,NON_MAVLINK_PROBE,SCANNER,0,,50db0133,NORMAL,0.0
2026-05-24T13:54:49.647761,91.230.x.x,cd5ae10b71d03080,56299,0,NON_MAVLINK_PROBE,SCANNER,0,,91d37406,NORMAL,0.0
2026-05-24T13:57:04.812031,69.5.x.x,640069eba99abe33,14028,0,NON_MAVLINK_PROBE,SCANNER,0,,c9305f01,NORMAL,0.0
2026-05-24T14:33:35.835829,69.5.x.x,fa4f14fe811eaca0,9798,0,NON_MAVLINK_PROBE,SCANNER,0,,b1e64af9,NORMAL,0.0
2026-05-24T14:55:12.650138,130.12.x.x,ad1a1d352a800c18,46924,0,NON_MAVLINK_PROBE,SCANNER,0,,bda89661,NORMAL,0.0
2026-05-24T15:04:45.076201,185.242.x.x,33dc1795fb750a95,48546,0,NON_MAVLINK_PROBE,SCANNER,0,,c7bed5ef,NORMAL,0.0
2026-05-24T15:20:01.881916,69.5.x.x,f56072e51230d40d,1514,0,NON_MAVLINK_PROBE,SCANNER,0,,59d63cdf,NORMAL,0.0
2026-05-24T15:20:17.222686,69.5.x.x,e5f6cfb14bf23fb6,13314,0,NON_MAVLINK_PROBE,SCANNER,0,,4c2aee66,NORMAL,0.0
2026-05-24T15:46:17.413515,69.5.x.x,f1a73310db0bdb59,10206,0,NON_MAVLINK_PROBE,SCANNER,0,,71a21391,NORMAL,0.0
2026-05-24T15:59:55.009311,118.193.x.x,89233f3a12da2a0c,59904,0,NON_MAVLINK_PROBE,SCANNER,0,,2054b101,NORMAL,0.0
2026-05-24T16:03:30.933609,118.193.x.x,89233f3a12da2a0c,39396,0,NON_MAVLINK_PROBE,SCANNER,0,,cc29f03a,NORMAL,0.0
2026-05-24T16:10:56.108047,69.5.x.x,64943812a58651fd,11028,0,NON_MAVLINK_PROBE,SCANNER,0,,57c7a5f1,NORMAL,0.0
2026-05-24T16:22:16.780765,14.187.x.x,97cb8536a1ee7703,41648,0,NON_MAVLINK_PROBE,SCANNER,0,,6172c6a3,NORMAL,0.0
2026-05-24T16:42:21.606776,66.132.x.x,35e374022e85dffb,36944,0,NON_MAVLINK_PROBE,SCANNER,0,,55ca2867,NORMAL,0.0
2026-05-24T16:42:25.141290,66.132.x.x,35e374022e85dffb,36996,4,UNKNOWN_4,UNKNOWN,3,b9eb56f2925206003905,1420804c,NORMAL,0.2
2026-05-24T16:42:33.818363,66.132.x.x,35e374022e85dffb,58816,0,NON_MAVLINK_PROBE,SCANNER,0,,32972c38,NORMAL,0.0
2026-05-24T17:39:24.792444,45.79.x.x,aafd860cf491b6f4,41726,0,NON_MAVLINK_PROBE,SCANNER,0,,d1baface,NORMAL,0.0
2026-05-24T17:40:19.556895,69.5.x.x,5c4261fb82803249,15864,0,NON_MAVLINK_PROBE,SCANNER,0,,de67ee99,NORMAL,0.0
2026-05-24T17:43:59.726353,69.5.x.x,2987516e85b504e8,6688,0,NON_MAVLINK_PROBE,SCANNER,0,,c675a3eb,NORMAL,0.0
2026-05-24T17:59:25.871450,152.32.x.x,49919253289e1ce2,57680,0,NON_MAVLINK_PROBE,SCANNER,0,,cf4c5ce3,NORMAL,0.0
2026-05-24T18:17:20.714205,165.154.x.x,3550545ebe52ea0b,60680,0,NON_MAVLINK_PROBE,SCANNER,0,,ed46cbf5,NORMAL,0.0
2026-05-24T18:29:17.397932,193.32.x.x,a720cf634f6e648b,37922,0,NON_MAVLINK_PROBE,SCANNER,0,,5cabaedf,NORMAL,0.0
2026-05-24T18:53:35.908388,45.33.x.x,09f682892d1f44dd,44617,0,NON_MAVLINK_PROBE,SCANNER,0,,6f0dadb1,NORMAL,0.0
2026-05-24T20:45:18.548803,58.227.x.x,6244d2b08f849eaf,57287,0,NON_MAVLINK_PROBE,SCANNER,0,,0fb90ef3,NORMAL,0.0
2026-05-24T20:55:36.938805,109.105.x.x,6552f064f79c3fe3,41504,0,NON_MAVLINK_PROBE,SCANNER,0,,9be1d0f2,NORMAL,0.0
2026-05-24T20:55:40.085430,109.105.x.x,02cc7c75bc46429c,57070,0,NON_MAVLINK_PROBE,SCANNER,0,,e8173d12,NORMAL,0.0
2026-05-24T20:55:46.890582,109.105.x.x,6552f064f79c3fe3,40362,0,NON_MAVLINK_PROBE,SCANNER,0,,c6ee4c00,NORMAL,0.0
2026-05-24T20:55:53.858219,109.105.x.x,6552f064f79c3fe3,58842,0,NON_MAVLINK_PROBE,SCANNER,0,,b9081df1,NORMAL,0.0
2026-05-24T21:28:45.316975,127.0.x.x,ef2f9f91273ffdad,46310,0,NON_MAVLINK_PROBE,SCANNER,0,,dd764c59,NORMAL,0.0
2026-05-24T21:34:30.583410,127.0.x.x,ef2f9f91273ffdad,57578,0,NON_MAVLINK_PROBE,SCANNER,0,,60084e14,NORMAL,0.0
2026-05-24T23:24:09.922603,152.32.x.x,de5a0a45f9d0b09e,58804,0,NON_MAVLINK_PROBE,SCANNER,0,,4bd3056d,NORMAL,0.0
2026-05-24T23:24:24.850910,152.32.x.x,de5a0a45f9d0b09e,61250,0,NON_MAVLINK_PROBE,SCANNER,0,,4ea37951,NORMAL,0.0
2026-05-24T23:31:41.901549,130.12.x.x,ad1a1d352a800c18,51912,0,NON_MAVLINK_PROBE,SCANNER,0,,c5873589,NORMAL,0.0
2026-05-24T23:53:30.227234,69.5.x.x,1f2fb0cf8b5efdc2,8456,0,NON_MAVLINK_PROBE,SCANNER,0,,c2004d6e,NORMAL,0.0
2026-05-24T23:55:10.581288,18.205.x.x,0d160b880768df37,16146,0,NON_MAVLINK_PROBE,SCANNER,0,,89502aa5,NORMAL,0.0
2026-05-25T00:06:20.993299,194.88.x.x,394144bf14d53229,9266,0,NON_MAVLINK_PROBE,SCANNER,0,,9501ca11,NORMAL,0.0
2026-05-25T00:08:29.839573,193.32.x.x,a720cf634f6e648b,37056,0,NON_MAVLINK_PROBE,SCANNER,0,,e3f33a9d,NORMAL,0.0
2026-05-25T00:39:05.932871,194.88.x.x,0d1cd0fd955a7e7d,9584,0,NON_MAVLINK_PROBE,SCANNER,0,,5d80504e,NORMAL,0.0
2026-05-25T01:26:24.642485,69.5.x.x,b327119eb67ad41b,7592,0,NON_MAVLINK_PROBE,SCANNER,0,,efa3581f,NORMAL,0.0
2026-05-25T01:58:42.415733,69.5.x.x,ea20eec761182c34,3396,0,NON_MAVLINK_PROBE,SCANNER,0,,d00fad92,NORMAL,0.0
2026-05-25T02:39:18.876889,69.5.x.x,e5f6cfb14bf23fb6,3188,0,NON_MAVLINK_PROBE,SCANNER,0,,7df3a6f1,NORMAL,0.0
2026-05-25T02:39:30.599604,69.5.x.x,ebf667a4a3b65486,15764,0,NON_MAVLINK_PROBE,SCANNER,0,,fb81ce06,NORMAL,0.0
2026-05-25T02:57:03.193483,98.80.x.x,0e750502c6781b69,55670,0,NON_MAVLINK_PROBE,SCANNER,0,,a354951f,NORMAL,0.0
2026-05-25T03:00:44.541721,194.88.x.x,7e4873f614a34348,2168,0,NON_MAVLINK_PROBE,SCANNER,0,,d877f47c,NORMAL,0.0
2026-05-25T03:22:02.724649,69.5.x.x,4e2e963a4569ad98,4312,0,NON_MAVLINK_PROBE,SCANNER,0,,8886edd9,NORMAL,0.0
2026-05-25T03:34:49.450432,66.132.x.x,a958a032e5970ed3,32396,0,NON_MAVLINK_PROBE,SCANNER,0,,0d0fbd6e,NORMAL,0.0
2026-05-25T03:34:54.197536,66.132.x.x,a958a032e5970ed3,30754,4,UNKNOWN_4,UNKNOWN,3,98dece0f9c5206003905,aef3d501,NORMAL,0.2
2026-05-25T03:35:03.277684,66.132.x.x,a958a032e5970ed3,30780,0,NON_MAVLINK_PROBE,SCANNER,0,,3f518458,NORMAL,0.0
2026-05-25T03:51:39.063080,193.32.x.x,a720cf634f6e648b,54936,0,NON_MAVLINK_PROBE,SCANNER,0,,bfc0f4d1,NORMAL,0.0
2026-05-25T04:10:36.806057,1.30.x.x,2b563dc1b3684a6e,23384,0,NON_MAVLINK_PROBE,SCANNER,0,,25670835,NORMAL,0.0
2026-05-25T04:44:49.969145,69.5.x.x,82150cba16c02448,3870,0,NON_MAVLINK_PROBE,SCANNER,0,,1ef0d60e,NORMAL,0.0
2026-05-25T04:49:38.727835,69.5.x.x,bfa08b61fd180488,10888,0,NON_MAVLINK_PROBE,SCANNER,0,,34a17b2e,NORMAL,0.0
2026-05-25T05:58:18.580504,20.65.x.x,15add0deb499114c,33000,0,NON_MAVLINK_PROBE,SCANNER,0,,20aa27a3,NORMAL,0.0
2026-05-25T07:54:48.719365,130.12.x.x,ad1a1d352a800c18,36570,0,NON_MAVLINK_PROBE,SCANNER,0,,3313c8e0,NORMAL,0.0
2026-05-25T09:39:17.104498,167.94.x.x,8aedd6a6119c0cea,56868,0,NON_MAVLINK_PROBE,SCANNER,0,,821b6c0b,NORMAL,0.0
2026-05-25T09:39:21.531651,167.94.x.x,8aedd6a6119c0cea,37028,4,UNKNOWN_4,UNKNOWN,3,5b163427a15206003905,d0f25ffa,NORMAL,0.2
2026-05-25T09:39:28.629770,167.94.x.x,8aedd6a6119c0cea,37118,0,NON_MAVLINK_PROBE,SCANNER,0,,3cb6a6cb,NORMAL,0.0
2026-05-25T10:47:59.924769,185.247.x.x,5709f079c0bb2042,47833,0,NON_MAVLINK_PROBE,SCANNER,0,,6195bca7,NORMAL,0.0
2026-05-25T11:54:22.824118,176.65.x.x,55a7b7f15fe7b86a,37220,0,NON_MAVLINK_PROBE,SCANNER,0,,99bd72e1,NORMAL,0.0
2026-05-25T13:31:34.189673,66.132.x.x,fa4706a67f187dd6,39026,0,NON_MAVLINK_PROBE,SCANNER,0,,ee57bd8e,NORMAL,0.0
2026-05-25T13:31:37.356499,66.132.x.x,fa4706a67f187dd6,37474,4,UNKNOWN_4,UNKNOWN,3,109fd965a45206003905,8d601a00,NORMAL,0.2
2026-05-25T13:31:43.334426,66.132.x.x,fa4706a67f187dd6,37516,0,NON_MAVLINK_PROBE,SCANNER,0,,cb3b645f,NORMAL,0.0
2026-05-25T13:32:01.147445,66.132.x.x,c0594f103e634abf,12802,0,NON_MAVLINK_PROBE,SCANNER,0,,176cfa65,NORMAL,0.0
2026-05-25T13:32:09.165000,66.132.x.x,c0594f103e634abf,45362,4,UNKNOWN_4,UNKNOWN,3,279ebc67a45206003905,7aad4477,NORMAL,0.2
2026-05-25T13:32:23.437268,66.132.x.x,c0594f103e634abf,58418,0,NON_MAVLINK_PROBE,SCANNER,0,,42ff3107,NORMAL,0.0
2026-05-25T13:33:04.075455,66.132.x.x,f1de39062f9afd24,35426,0,NON_MAVLINK_PROBE,SCANNER,0,,c79fbfae,NORMAL,0.0
2026-05-25T13:33:07.390513,66.132.x.x,f1de39062f9afd24,57572,4,UNKNOWN_4,UNKNOWN,3,1143366ba45206003905,5f8d8277,NORMAL,0.2
2026-05-25T13:33:16.221702,66.132.x.x,f1de39062f9afd24,57584,0,NON_MAVLINK_PROBE,SCANNER,0,,b4bc58bb,NORMAL,0.0
2026-05-25T14:22:49.359913,64.62.x.x,bb8dae423e75c877,21480,0,NON_MAVLINK_PROBE,SCANNER,0,,87d3ca61,NORMAL,0.0
2026-05-25T14:28:03.975901,91.230.x.x,b486f7cb0a750fa1,53085,0,NON_MAVLINK_PROBE,SCANNER,0,,57ffba44,NORMAL,0.0
2026-05-25T15:06:18.813135,176.65.x.x,55a7b7f15fe7b86a,37224,0,NON_MAVLINK_PROBE,SCANNER,0,,4f111606,NORMAL,0.0
2026-05-25T15:29:28.260836,184.105.x.x,c8497ad1b840a11e,4764,0,NON_MAVLINK_PROBE,SCANNER,0,,28288215,NORMAL,0.0
2026-05-25T15:41:05.666948,195.96.x.x,05eeb1886ddcc3ce,42069,0,NON_MAVLINK_PROBE,SCANNER,0,,fd01bac3,NORMAL,0.0
2026-05-25T16:14:00.736827,45.91.x.x,82929336d554cace,60021,0,NON_MAVLINK_PROBE,SCANNER,0,,5bf5e961,NORMAL,0.0
2026-05-25T16:15:41.358621,130.12.x.x,ad1a1d352a800c18,37798,0,NON_MAVLINK_PROBE,SCANNER,0,,3edab19d,NORMAL,0.0
2026-05-25T16:22:08.561149,223.122.x.x,5ac265722ea6f4cd,51233,0,NON_MAVLINK_PROBE,SCANNER,0,,c3ebb0e5,NORMAL,0.0
2026-05-25T16:35:16.071471,172.104.x.x,0e185892e04c45d0,48597,0,NON_MAVLINK_PROBE,SCANNER,0,,0f84e675,NORMAL,0.0
2026-05-25T16:39:39.278907,176.132.x.x,e3526f3484d90631,64239,0,NON_MAVLINK_PROBE,SCANNER,0,,7249d2b0,NORMAL,0.0
2026-05-25T17:45:34.819137,199.45.x.x,d1023e055901583d,59284,0,NON_MAVLINK_PROBE,SCANNER,0,,c817515b,NORMAL,0.0
2026-05-25T17:45:37.996031,199.45.x.x,d1023e055901583d,59410,4,UNKNOWN_4,UNKNOWN,3,b09444f2a75206003905,eb832167,NORMAL,0.2
2026-05-25T17:45:47.575483,199.45.x.x,d1023e055901583d,58144,0,NON_MAVLINK_PROBE,SCANNER,0,,a3d705a7,NORMAL,0.0
2026-05-25T18:00:46.393444,152.32.x.x,016970c508ac8739,40752,0,NON_MAVLINK_PROBE,SCANNER,0,,779e1e7e,NORMAL,0.0
2026-05-25T18:13:47.051711,165.154.x.x,adfe2998165ba35b,51686,0,NON_MAVLINK_PROBE,SCANNER,0,,fa016d87,NORMAL,0.0
2026-05-25T18:32:12.051864,176.65.x.x,68fd95ca51eff113,53618,0,NON_MAVLINK_PROBE,SCANNER,0,,c619e707,NORMAL,0.0
2026-05-25T20:37:51.387077,127.0.x.x,ef2f9f91273ffdad,52856,0,NON_MAVLINK_PROBE,SCANNER,0,,cd9314c1,NORMAL,0.0
2026-05-25T22:38:00.524061,45.79.x.x,aafd860cf491b6f4,57211,0,NON_MAVLINK_PROBE,SCANNER,0,,cbf3d3c5,NORMAL,0.0
2026-05-26T00:50:50.740851,130.12.x.x,ad1a1d352a800c18,56778,0,NON_MAVLINK_PROBE,SCANNER,0,,a3b58422,NORMAL,0.0
2026-05-26T01:13:32.979068,109.123.x.x,10f5f3084d345f5b,37096,0,NON_MAVLINK_PROBE,SCANNER,0,,4b0c154e,NORMAL,0.0
2026-05-26T03:19:29.859407,167.94.x.x,74652333f78676b8,60436,0,NON_MAVLINK_PROBE,SCANNER,0,,63ad11ee,NORMAL,0.0
2026-05-26T03:19:33.388794,167.94.x.x,74652333f78676b8,60504,4,UNKNOWN_4,UNKNOWN,3,e212c1f6af5206003905,63a118c2,NORMAL,0.2
2026-05-26T03:19:40.801426,167.94.x.x,74652333f78676b8,18582,0,NON_MAVLINK_PROBE,SCANNER,0,,cb8f1338,NORMAL,0.0
2026-05-26T04:33:16.701950,66.132.x.x,f452e9a19af119bd,47948,0,NON_MAVLINK_PROBE,SCANNER,0,,9d4afb68,NORMAL,0.0
2026-05-26T04:33:30.072456,66.132.x.x,f452e9a19af119bd,35776,0,NON_MAVLINK_PROBE,SCANNER,0,,9e8b919d,NORMAL,0.0
2026-05-26T04:33:42.452491,66.132.x.x,f452e9a19af119bd,23364,0,NON_MAVLINK_PROBE,SCANNER,0,,7dac03ed,NORMAL,0.0
2026-05-26T05:26:02.212496,36.155.x.x,7c11ae46892c2b9f,2321,0,NON_MAVLINK_PROBE,SCANNER,0,,1a99423c,NORMAL,0.0
2026-05-26T06:23:17.565267,101.36.x.x,ac94647e43f0010c,4894,0,NON_MAVLINK_PROBE,SCANNER,0,,5ab41693,NORMAL,0.0
2026-05-26T06:23:23.981537,101.36.x.x,ac94647e43f0010c,7370,0,NON_MAVLINK_PROBE,SCANNER,0,,46dbad5e,NORMAL,0.0
2026-05-26T06:45:00.496569,212.35.x.x,df7e7b55b2e21422,49442,0,NON_MAVLINK_PROBE,SCANNER,0,,f04e8e7d,NORMAL,0.0
2026-05-26T06:45:03.068964,212.35.x.x,df7e7b55b2e21422,35050,0,NON_MAVLINK_PROBE,SCANNER,0,,4a97cd5c,NORMAL,0.0
2026-05-26T06:45:05.145320,212.35.x.x,df7e7b55b2e21422,53934,0,NON_MAVLINK_PROBE,SCANNER,0,,1b7eb4ae,NORMAL,0.0
2026-05-26T06:45:13.553865,212.35.x.x,df7e7b55b2e21422,43980,0,NON_MAVLINK_PROBE,SCANNER,0,,b5749825,NORMAL,0.0
2026-05-26T06:45:24.795898,212.35.x.x,df7e7b55b2e21422,36180,0,NON_MAVLINK_PROBE,SCANNER,0,,ccc164a3,NORMAL,0.0
2026-05-26T06:45:25.635988,212.35.x.x,df7e7b55b2e21422,53222,0,NON_MAVLINK_PROBE,SCANNER,0,,bfddfa25,NORMAL,0.0
2026-05-26T06:45:26.716837,212.35.x.x,df7e7b55b2e21422,35258,0,NON_MAVLINK_PROBE,SCANNER,0,,e194699a,NORMAL,0.0
2026-05-26T06:45:28.072679,212.35.x.x,df7e7b55b2e21422,49346,0,NON_MAVLINK_PROBE,SCANNER,0,,693c2b4d,NORMAL,0.0
2026-05-26T06:45:28.082329,212.35.x.x,df7e7b55b2e21422,49566,0,NON_MAVLINK_PROBE,SCANNER,0,,6fa96224,NORMAL,0.0
2026-05-26T06:45:29.302865,212.35.x.x,df7e7b55b2e21422,56264,0,NON_MAVLINK_PROBE,SCANNER,0,,89d10200,NORMAL,0.0
2026-05-26T06:45:33.818801,212.35.x.x,df7e7b55b2e21422,41958,0,NON_MAVLINK_PROBE,SCANNER,0,,40873f3c,NORMAL,0.0
2026-05-26T06:45:35.632181,212.35.x.x,df7e7b55b2e21422,51172,0,NON_MAVLINK_PROBE,SCANNER,0,,a1ad7e9e,NORMAL,0.0
2026-05-26T06:45:37.210535,212.35.x.x,df7e7b55b2e21422,32874,0,NON_MAVLINK_PROBE,SCANNER,0,,d10c4e56,NORMAL,0.0
2026-05-26T06:45:37.647757,212.35.x.x,df7e7b55b2e21422,37076,0,NON_MAVLINK_PROBE,SCANNER,0,,c347f302,NORMAL,0.0
2026-05-26T06:45:41.984157,212.35.x.x,df7e7b55b2e21422,53388,0,NON_MAVLINK_PROBE,SCANNER,0,,aedad8c5,NORMAL,0.0
2026-05-26T06:45:43.555243,212.35.x.x,df7e7b55b2e21422,38158,0,NON_MAVLINK_PROBE,SCANNER,0,,6d56a2b3,NORMAL,0.0
2026-05-26T06:45:43.935400,212.35.x.x,df7e7b55b2e21422,34788,0,NON_MAVLINK_PROBE,SCANNER,0,,9b9cfa6a,NORMAL,0.0
2026-05-26T06:45:43.957113,212.35.x.x,df7e7b55b2e21422,58742,0,NON_MAVLINK_PROBE,SCANNER,0,,044e6d71,NORMAL,0.0
2026-05-26T07:50:07.991116,31.56.x.x,39ef6ffb1b3f2eda,55148,0,NON_MAVLINK_PROBE,SCANNER,0,,f0e7c025,NORMAL,0.0
2026-05-26T08:47:59.376564,45.156.x.x,bc850097885a9fa7,54746,0,NON_MAVLINK_PROBE,SCANNER,0,,7239d77a,NORMAL,0.0
2026-05-26T08:48:08.472158,45.156.x.x,8ba66d0f1ac080b4,58252,0,NON_MAVLINK_PROBE,SCANNER,0,,a313247f,NORMAL,0.0
2026-05-26T08:48:16.644955,45.156.x.x,8e152528ae2cd3b1,53488,0,NON_MAVLINK_PROBE,SCANNER,0,,badf015d,NORMAL,0.0
2026-05-26T08:48:22.952025,45.156.x.x,bc850097885a9fa7,37688,0,NON_MAVLINK_PROBE,SCANNER,0,,8b59b983,NORMAL,0.0
2026-05-26T09:04:22.513193,130.12.x.x,ad1a1d352a800c18,33928,0,NON_MAVLINK_PROBE,SCANNER,0,,f1ed520d,NORMAL,0.0
2026-05-26T09:33:43.118181,45.33.x.x,063b4070da572353,60281,0,NON_MAVLINK_PROBE,SCANNER,0,,af2905e6,NORMAL,0.0
2026-05-26T10:37:23.425871,66.132.x.x,ef35ee7f2b78b253,4686,0,NON_MAVLINK_PROBE,SCANNER,0,,424b4baa,NORMAL,0.0
2026-05-26T10:37:27.914518,66.132.x.x,ef35ee7f2b78b253,11292,4,UNKNOWN_4,UNKNOWN,3,9c85d514b65206003905,0a1a115f,NORMAL,0.2
2026-05-26T10:37:34.372730,66.132.x.x,ef35ee7f2b78b253,11304,0,NON_MAVLINK_PROBE,SCANNER,0,,07b599c3,NORMAL,0.0
2026-05-26T12:06:54.285020,20.62.x.x,e5bd887914514f1f,56788,0,NON_MAVLINK_PROBE,SCANNER,0,,aa1efc6f,NORMAL,0.0
2026-05-26T12:07:07.904535,18.97.x.x,67d3efaeafabe35e,39840,0,NON_MAVLINK_PROBE,SCANNER,0,,98f7dbac,NORMAL,0.0
2026-05-26T13:17:50.584474,64.62.x.x,92b3c9d4cb299137,58854,0,NON_MAVLINK_PROBE,SCANNER,0,,0adf623f,NORMAL,0.0
2026-05-26T14:03:59.114927,184.105.x.x,e68bdb8bf40a7b0e,62920,0,NON_MAVLINK_PROBE,SCANNER,0,,c192ad18,NORMAL,0.0
2026-05-26T15:01:31.147745,45.82.x.x,c444589278402757,60578,0,NON_MAVLINK_PROBE,SCANNER,0,,4e515b21,NORMAL,0.0
2026-05-26T15:13:06.584470,185.200.x.x,16e2658a5cdf5571,58778,0,NON_MAVLINK_PROBE,SCANNER,0,,a0575771,NORMAL,0.0
2026-05-26T15:24:40.892385,185.200.x.x,16e2658a5cdf5571,47554,0,NON_MAVLINK_PROBE,SCANNER,0,,fdb9fbd3,NORMAL,0.0
2026-05-26T16:38:55.219591,194.195.x.x,ab26c0f03687b368,43087,0,NON_MAVLINK_PROBE,SCANNER,0,,e471fc62,NORMAL,0.0
2026-05-26T16:41:27.235033,185.247.x.x,baea686a214d8fbd,40783,0,NON_MAVLINK_PROBE,SCANNER,0,,f2ca9923,NORMAL,0.0
2026-05-26T17:34:40.985892,130.12.x.x,ad1a1d352a800c18,54662,0,NON_MAVLINK_PROBE,SCANNER,0,,b2875ad0,NORMAL,0.0
2026-05-26T18:00:12.228748,152.32.x.x,130c5544145a4fed,42540,0,NON_MAVLINK_PROBE,SCANNER,0,,40b6b408,NORMAL,0.0
2026-05-26T18:16:45.430616,152.32.x.x,9423914c4ea24702,59548,0,NON_MAVLINK_PROBE,SCANNER,0,,edf74684,NORMAL,0.0
2026-05-26T18:50:30.235427,155.138.x.x,4a587fc34eb8b0a7,46590,0,NON_MAVLINK_PROBE,SCANNER,0,,6845d1a0,NORMAL,0.0
2026-05-26T21:31:01.539830,195.96.x.x,780b6f662d3844b7,39399,0,NON_MAVLINK_PROBE,SCANNER,0,,dc5f80e3,NORMAL,0.0
2026-05-26T22:06:27.878274,45.156.x.x,23025a80d21db7d5,47544,0,NON_MAVLINK_PROBE,SCANNER,0,,9968243c,NORMAL,0.0
2026-05-26T22:30:04.487434,66.132.x.x,0768f19f2c60e9de,28544,0,NON_MAVLINK_PROBE,SCANNER,0,,2169ece7,NORMAL,0.0
2026-05-26T22:30:13.046736,66.132.x.x,0768f19f2c60e9de,49874,4,UNKNOWN_4,UNKNOWN,3,94fbd909c05206003905,bb7f9f8a,NORMAL,0.2
2026-05-26T22:30:20.873947,66.132.x.x,0768f19f2c60e9de,33648,0,NON_MAVLINK_PROBE,SCANNER,0,,96c4a98f,NORMAL,0.0
2026-05-27T00:05:19.363900,109.123.x.x,10f5f3084d345f5b,58542,0,NON_MAVLINK_PROBE,SCANNER,0,,c268dd22,NORMAL,0.0
2026-05-27T00:20:47.914387,66.132.x.x,8c746db77c3d4c3f,38490,0,NON_MAVLINK_PROBE,SCANNER,0,,6f3796f5,NORMAL,0.0
2026-05-27T00:20:58.895899,66.132.x.x,8c746db77c3d4c3f,16766,0,NON_MAVLINK_PROBE,SCANNER,0,,776ab913,NORMAL,0.0
2026-05-27T00:21:10.891702,66.132.x.x,8c746db77c3d4c3f,43654,0,NON_MAVLINK_PROBE,SCANNER,0,,fb07feeb,NORMAL,0.0
2026-05-27T00:57:23.169606,167.94.x.x,c4a55d7e694a9bd2,3268,0,NON_MAVLINK_PROBE,SCANNER,0,,86b8956f,NORMAL,0.0
2026-05-27T00:57:27.883641,167.94.x.x,c4a55d7e694a9bd2,5214,4,UNKNOWN_4,UNKNOWN,3,8dce7418c25206003905,12e22034,NORMAL,0.2
2026-05-27T00:57:36.641776,167.94.x.x,c4a55d7e694a9bd2,5242,0,NON_MAVLINK_PROBE,SCANNER,0,,8ab3fa24,NORMAL,0.0
2026-05-27T01:31:27.317447,185.241.x.x,b9b5a37ca40ad3a6,48332,0,NON_MAVLINK_PROBE,SCANNER,0,,01158842,NORMAL,0.0
2026-05-27T01:57:29.776285,130.12.x.x,ad1a1d352a800c18,52066,0,NON_MAVLINK_PROBE,SCANNER,0,,d00ff11c,NORMAL,0.0
2026-05-27T02:04:50.655603,185.241.x.x,b9b5a37ca40ad3a6,58998,0,NON_MAVLINK_PROBE,SCANNER,0,,6567a078,NORMAL,0.0
2026-05-27T02:06:53.454199,85.217.x.x,41f954ef82b28a30,53958,0,NON_MAVLINK_PROBE,SCANNER,0,,e7b12e02,NORMAL,0.0
2026-05-27T02:13:01.407801,85.217.x.x,8aa228bb1ea2a05a,34386,0,NON_MAVLINK_PROBE,SCANNER,0,,abc1a6e4,NORMAL,0.0
2026-05-27T04:26:39.797723,218.92.x.x,7f56bd6517fdbff6,57662,0,NON_MAVLINK_PROBE,SCANNER,0,,0ce03157,NORMAL,0.0
2026-05-27T04:27:06.348443,45.156.x.x,5599c341682c607c,40664,0,NON_MAVLINK_PROBE,SCANNER,0,,281a258a,NORMAL,0.0
2026-05-27T04:27:13.495389,45.156.x.x,6f5c413a04703015,32802,0,NON_MAVLINK_PROBE,SCANNER,0,,94c43bb7,NORMAL,0.0
2026-05-27T04:27:44.512820,45.156.x.x,1fe56f53541b1c99,34882,0,NON_MAVLINK_PROBE,SCANNER,0,,05edfa8f,NORMAL,0.0
2026-05-27T04:28:08.485100,45.156.x.x,6f5c413a04703015,48796,0,NON_MAVLINK_PROBE,SCANNER,0,,d9a05719,NORMAL,0.0
2026-05-27T05:45:35.857967,60.191.x.x,0c462e523e90f3bb,50248,0,NON_MAVLINK_PROBE,SCANNER,0,,fd53f7bb,NORMAL,0.0
2026-05-27T06:00:26.430349,66.132.x.x,9407d4ef6c8bbbaf,9336,0,NON_MAVLINK_PROBE,SCANNER,0,,ca052f96,NORMAL,0.0
2026-05-27T06:00:31.774306,66.132.x.x,9407d4ef6c8bbbaf,50258,4,UNKNOWN_4,UNKNOWN,3,3edb4b54c65206003905,34abfaea,NORMAL,0.2
2026-05-27T06:00:44.276136,66.132.x.x,9407d4ef6c8bbbaf,50268,0,NON_MAVLINK_PROBE,SCANNER,0,,f4863cfd,NORMAL,0.0
2026-05-27T08:36:33.332475,45.79.x.x,aafd860cf491b6f4,39008,0,NON_MAVLINK_PROBE,SCANNER,0,,eeaa7f1a,NORMAL,0.0
2026-05-27T08:57:21.051941,109.123.x.x,10f5f3084d345f5b,46616,0,NON_MAVLINK_PROBE,SCANNER,0,,cac1417b,NORMAL,0.0
2026-05-27T09:06:04.492664,155.138.x.x,4a587fc34eb8b0a7,39470,0,NON_MAVLINK_PROBE,SCANNER,0,,2a71faa1,NORMAL,0.0
2026-05-27T09:35:39.308105,45.79.x.x,e259006ed454fbf8,60467,0,NON_MAVLINK_PROBE,SCANNER,0,,22db3362,NORMAL,0.0
2026-05-27T10:00:28.240368,91.196.x.x,00ff45507ff46435,37571,0,NON_MAVLINK_PROBE,SCANNER,0,,c34e19f2,NORMAL,0.0
2026-05-27T10:10:59.682950,130.12.x.x,ad1a1d352a800c18,54556,0,NON_MAVLINK_PROBE,SCANNER,0,,45f15e4d,NORMAL,0.0
2026-05-27T10:16:19.411978,127.0.x.x,ef2f9f91273ffdad,39126,0,NON_MAVLINK_PROBE,SCANNER,0,,592d703a,NORMAL,0.0
2026-05-27T10:39:45.754972,45.79.x.x,486bc90fdc7ccd30,33057,0,NON_MAVLINK_PROBE,SCANNER,0,,b068b02b,NORMAL,0.0
2026-05-27T10:52:28.234921,14.21.x.x,0f837c311073d71c,50769,0,NON_MAVLINK_PROBE,SCANNER,0,,50fd5952,NORMAL,0.0
2026-05-27T11:04:12.813989,111.113.x.x,3177702214be4382,18865,0,NON_MAVLINK_PROBE,SCANNER,0,,ac746f24,NORMAL,0.0
2026-05-27T11:04:23.753681,42.48.x.x,8b2992f071f53e8f,10970,0,NON_MAVLINK_PROBE,SCANNER,0,,5fb68fad,NORMAL,0.0
2026-05-27T11:04:26.159787,124.227.x.x,4e49d4e4a3f79365,47524,0,NON_MAVLINK_PROBE,SCANNER,0,,783aff14,NORMAL,0.0
2026-05-27T11:37:45.228206,66.132.x.x,7029132f162875bf,15912,0,NON_MAVLINK_PROBE,SCANNER,0,,be8fbf12,NORMAL,0.0
2026-05-27T11:38:00.005542,66.132.x.x,7029132f162875bf,24566,4,UNKNOWN_4,UNKNOWN,3,844b2b0bcb5206003905,382919d8,NORMAL,0.2
2026-05-27T11:38:10.639347,66.132.x.x,7029132f162875bf,10402,0,NON_MAVLINK_PROBE,SCANNER,0,,32b05385,NORMAL,0.0
2026-05-27T12:11:07.039853,109.123.x.x,10f5f3084d345f5b,49058,0,NON_MAVLINK_PROBE,SCANNER,0,,5bf54fb3,NORMAL,0.0
2026-05-27T13:50:27.337477,64.62.x.x,717c835f3c1a2eaf,40284,0,NON_MAVLINK_PROBE,SCANNER,0,,abd59a02,NORMAL,0.0
2026-05-27T14:00:22.002222,64.62.x.x,f053f28cf2f6b073,35994,0,NON_MAVLINK_PROBE,SCANNER,0,,5a682b7e,NORMAL,0.0
2026-05-27T15:18:59.719778,20.15.x.x,e6b3e8e013576f89,57452,0,NON_MAVLINK_PROBE,SCANNER,0,,f868dd20,NORMAL,0.0
2026-05-27T16:53:51.473912,195.184.x.x,456bc5248df81492,41085,0,NON_MAVLINK_PROBE,SCANNER,0,,56c74888,NORMAL,0.0
2026-05-27T18:00:32.620931,152.32.x.x,9ba256b07159cc09,53450,0,NON_MAVLINK_PROBE,SCANNER,0,,085eff34,NORMAL,0.0
2026-05-27T18:17:57.781731,114.98.x.x,1baafe4054eaa8ae,35804,0,NON_MAVLINK_PROBE,SCANNER,0,,754b098b,NORMAL,0.0
2026-05-27T18:24:22.082813,152.32.x.x,64bc58017c4452f5,44194,0,NON_MAVLINK_PROBE,SCANNER,0,,800bd7ec,NORMAL,0.0
2026-05-27T18:27:46.219884,130.12.x.x,ad1a1d352a800c18,43364,0,NON_MAVLINK_PROBE,SCANNER,0,,5a0e0187,NORMAL,0.0
2026-05-27T18:31:47.805356,95.142.x.x,3e0a92f45877018f,57196,0,NON_MAVLINK_PROBE,SCANNER,0,,584a423a,NORMAL,0.0
2026-05-27T19:59:39.077701,127.0.x.x,ef2f9f91273ffdad,55224,0,NON_MAVLINK_PROBE,SCANNER,0,,d5ad81c5,NORMAL,0.0
2026-05-27T20:55:19.902987,45.33.x.x,6bc9470de6a483f5,50659,0,NON_MAVLINK_PROBE,SCANNER,0,,3ee37257,NORMAL,0.0
2026-05-27T20:59:01.891565,127.0.x.x,ef2f9f91273ffdad,60378,0,NON_MAVLINK_PROBE,SCANNER,0,,4b4ebd6a,NORMAL,0.0
2026-05-27T21:35:00.313653,45.79.x.x,d0a1e9eafbed515a,60194,0,NON_MAVLINK_PROBE,SCANNER,0,,1c962ba9,NORMAL,0.0
2026-05-27T21:47:54.030228,66.132.x.x,e4e38faa2b1311c6,25274,0,NON_MAVLINK_PROBE,SCANNER,0,,4945a5bc,NORMAL,0.0
2026-05-27T21:48:10.587093,66.132.x.x,e4e38faa2b1311c6,38250,0,NON_MAVLINK_PROBE,SCANNER,0,,311dda5a,NORMAL,0.0
2026-05-27T21:48:22.247934,66.132.x.x,e4e38faa2b1311c6,52242,0,NON_MAVLINK_PROBE,SCANNER,0,,9026d03c,NORMAL,0.0
2026-05-27T21:51:47.759761,45.79.x.x,aafd860cf491b6f4,42499,0,NON_MAVLINK_PROBE,SCANNER,0,,9d9110d3,NORMAL,0.0
2026-05-27T22:35:42.308708,45.33.x.x,953fdb6c5e422720,50971,0,NON_MAVLINK_PROBE,SCANNER,0,,7a5c0681,NORMAL,0.0
2026-05-27T23:03:31.532911,109.123.x.x,10f5f3084d345f5b,55474,0,NON_MAVLINK_PROBE,SCANNER,0,,7e249a59,NORMAL,0.0
2026-05-27T23:15:41.456930,185.252.x.x,68b06300f9037104,40512,0,NON_MAVLINK_PROBE,SCANNER,0,,a58443ed,NORMAL,0.0
2026-05-28T00:34:15.766936,66.132.x.x,acd685cefdb8489c,25226,0,NON_MAVLINK_PROBE,SCANNER,0,,c90aeb9d,NORMAL,0.0
2026-05-28T00:34:19.033587,66.132.x.x,acd685cefdb8489c,25284,4,UNKNOWN_4,UNKNOWN,3,84d481e3d55206003905,1fa750f9,NORMAL,0.2
2026-05-28T00:34:29.497491,66.132.x.x,acd685cefdb8489c,50716,0,NON_MAVLINK_PROBE,SCANNER,0,,7a8cf43c,NORMAL,0.0
2026-05-28T00:34:53.903139,66.132.x.x,eebd22b477b07d8d,54848,0,NON_MAVLINK_PROBE,SCANNER,0,,cb908a33,NORMAL,0.0
2026-05-28T00:34:58.117465,66.132.x.x,eebd22b477b07d8d,19340,4,UNKNOWN_4,UNKNOWN,3,41d6d1e5d55206003905,7dbc3f34,NORMAL,0.2
2026-05-28T00:35:06.718253,66.132.x.x,eebd22b477b07d8d,19378,0,NON_MAVLINK_PROBE,SCANNER,0,,99612cb1,NORMAL,0.0
2026-05-28T00:35:24.272923,66.132.x.x,7d3e1ba617e23a4e,13878,0,NON_MAVLINK_PROBE,SCANNER,0,,132e863d,NORMAL,0.0
2026-05-28T00:35:27.434698,66.132.x.x,7d3e1ba617e23a4e,21544,4,UNKNOWN_4,UNKNOWN,3,09c996e7d55206003905,b666eabd,NORMAL,0.2
2026-05-28T00:35:36.478905,66.132.x.x,7d3e1ba617e23a4e,21560,0,NON_MAVLINK_PROBE,SCANNER,0,,68f18172,NORMAL,0.0
2026-05-28T01:23:37.339715,109.123.x.x,10f5f3084d345f5b,35042,0,NON_MAVLINK_PROBE,SCANNER,0,,9226f49e,NORMAL,0.0
2026-05-28T02:32:28.959670,130.12.x.x,ad1a1d352a800c18,48616,0,NON_MAVLINK_PROBE,SCANNER,0,,968d55a3,NORMAL,0.0
2026-05-28T04:00:33.030744,185.252.x.x,68b06300f9037104,59166,0,NON_MAVLINK_PROBE,SCANNER,0,,2f8d128d,NORMAL,0.0
2026-05-28T04:01:05.440600,185.252.x.x,68b06300f9037104,57416,0,NON_MAVLINK_PROBE,SCANNER,0,,efa2edf2,NORMAL,0.0
2026-05-28T04:01:08.144295,185.252.x.x,68b06300f9037104,46402,0,NON_MAVLINK_PROBE,SCANNER,0,,1a524af8,NORMAL,0.0
2026-05-28T04:01:27.755961,185.252.x.x,68b06300f9037104,56432,0,NON_MAVLINK_PROBE,SCANNER,0,,fd43fd94,NORMAL,0.0
2026-05-28T04:01:28.255474,185.252.x.x,68b06300f9037104,37356,0,NON_MAVLINK_PROBE,SCANNER,0,,0814e9a6,NORMAL,0.0
2026-05-28T04:27:49.606872,185.252.x.x,68b06300f9037104,58440,0,NON_MAVLINK_PROBE,SCANNER,0,,1d011c4f,NORMAL,0.0
2026-05-28T04:38:16.566070,185.252.x.x,68b06300f9037104,41526,0,NON_MAVLINK_PROBE,SCANNER,0,,3f53b1f5,NORMAL,0.0
2026-05-28T04:38:17.526459,185.252.x.x,68b06300f9037104,39086,0,NON_MAVLINK_PROBE,SCANNER,0,,721e577b,NORMAL,0.0
2026-05-28T04:38:33.129211,185.252.x.x,68b06300f9037104,42904,0,NON_MAVLINK_PROBE,SCANNER,0,,bd458b05,NORMAL,0.0
2026-05-28T04:38:43.237643,185.252.x.x,68b06300f9037104,44264,0,NON_MAVLINK_PROBE,SCANNER,0,,2a51a6fe,NORMAL,0.0
2026-05-28T04:39:07.027683,185.252.x.x,68b06300f9037104,44742,0,NON_MAVLINK_PROBE,SCANNER,0,,c8fba434,NORMAL,0.0
2026-05-28T04:39:37.303970,185.252.x.x,68b06300f9037104,55284,0,NON_MAVLINK_PROBE,SCANNER,0,,b2c44faa,NORMAL,0.0
2026-05-28T04:43:48.840807,185.252.x.x,68b06300f9037104,40154,0,NON_MAVLINK_PROBE,SCANNER,0,,6e5bf03c,NORMAL,0.0
2026-05-28T04:43:53.903104,185.252.x.x,68b06300f9037104,36680,0,NON_MAVLINK_PROBE,SCANNER,0,,0d956a80,NORMAL,0.0
2026-05-28T04:43:58.247762,185.252.x.x,68b06300f9037104,51454,0,NON_MAVLINK_PROBE,SCANNER,0,,3285c794,NORMAL,0.0
2026-05-28T05:09:56.971960,109.123.x.x,10f5f3084d345f5b,46564,0,NON_MAVLINK_PROBE,SCANNER,0,,50014c82,NORMAL,0.0
2026-05-28T05:09:58.329960,109.123.x.x,10f5f3084d345f5b,33716,0,NON_MAVLINK_PROBE,SCANNER,0,,7e4d4eea,NORMAL,0.0
2026-05-28T05:10:26.033566,109.123.x.x,10f5f3084d345f5b,35690,0,NON_MAVLINK_PROBE,SCANNER,0,,13a47163,NORMAL,0.0
2026-05-28T05:31:22.189113,199.45.x.x,953f1c9a393cc3f3,25274,0,NON_MAVLINK_PROBE,SCANNER,0,,3af3f90a,NORMAL,0.0
2026-05-28T05:31:27.646985,199.45.x.x,953f1c9a393cc3f3,49324,4,UNKNOWN_4,UNKNOWN,3,5a772c0ada5206003905,c2189af6,NORMAL,0.2
2026-05-28T05:31:34.676180,199.45.x.x,953f1c9a393cc3f3,49326,0,NON_MAVLINK_PROBE,SCANNER,0,,4be0eb09,NORMAL,0.0
2026-05-28T07:18:38.543957,91.196.x.x,144e3bea4c8b3024,35221,0,NON_MAVLINK_PROBE,SCANNER,0,,040b1e53,NORMAL,0.0
2026-05-28T08:00:20.608891,195.96.x.x,34abac36710137a4,53319,0,NON_MAVLINK_PROBE,SCANNER,0,,b353742f,NORMAL,0.0
2026-05-28T08:37:03.389294,45.33.x.x,81107a2c7f4fb18b,44073,0,NON_MAVLINK_PROBE,SCANNER,0,,400fa8b3,NORMAL,0.0
2026-05-28T09:32:26.734127,45.33.x.x,3552346abdeadd7c,57934,0,NON_MAVLINK_PROBE,SCANNER,0,,60f404d4,NORMAL,0.0
2026-05-28T09:54:52.888913,220.167.x.x,d6a3392d3aa8aee0,55338,0,NON_MAVLINK_PROBE,SCANNER,0,,dd7227c6,NORMAL,0.0
2026-05-28T10:17:47.404400,121.151.x.x,69642b71ea834533,47032,0,NON_MAVLINK_PROBE,SCANNER,0,,9193f2f7,NORMAL,0.0
2026-05-28T10:38:30.072521,45.33.x.x,09f682892d1f44dd,52391,0,NON_MAVLINK_PROBE,SCANNER,0,,87b8c90d,NORMAL,0.0
2026-05-28T10:51:54.585682,130.12.x.x,ad1a1d352a800c18,45592,0,NON_MAVLINK_PROBE,SCANNER,0,,5bca5f4d,NORMAL,0.0
2026-05-28T12:34:15.337154,66.132.x.x,69242599cd82a5a8,54988,0,NON_MAVLINK_PROBE,SCANNER,0,,179167db,NORMAL,0.0
2026-05-28T12:34:24.153687,66.132.x.x,69242599cd82a5a8,47492,4,UNKNOWN_4,UNKNOWN,3,d584b7f2df5206003905,bec67632,NORMAL,0.2
2026-05-28T12:34:32.517784,66.132.x.x,2fe7f1772a2a3216,11982,0,NON_MAVLINK_PROBE,SCANNER,0,,d625323c,NORMAL,0.0
2026-05-28T12:34:33.835513,66.132.x.x,2fe7f1772a2a3216,12006,0,NON_MAVLINK_PROBE,SCANNER,0,,bb2385bb,NORMAL,0.0
2026-05-28T12:34:34.708098,66.132.x.x,69242599cd82a5a8,24698,0,NON_MAVLINK_PROBE,SCANNER,0,,a315d208,NORMAL,0.0
2026-05-28T12:34:38.523973,66.132.x.x,2fe7f1772a2a3216,12026,0,NON_MAVLINK_PROBE,SCANNER,0,,c6a6fd41,NORMAL,0.0
2026-05-28T12:34:43.767444,66.132.x.x,2fe7f1772a2a3216,5792,4,UNKNOWN_4,UNKNOWN,3,6998e6f3df5206003905,b8bb1646,NORMAL,0.2
2026-05-28T12:34:57.128233,66.132.x.x,2fe7f1772a2a3216,54330,0,NON_MAVLINK_PROBE,SCANNER,0,,c3a36047,NORMAL,0.0
2026-05-28T12:57:00.069964,135.119.x.x,228ed38068b0027d,55932,0,NON_MAVLINK_PROBE,SCANNER,0,,e9f85fc0,NORMAL,0.0
2026-05-28T14:26:31.322444,74.82.x.x,cf286f3d9a1aab67,59816,0,NON_MAVLINK_PROBE,SCANNER,0,,d81e5f6d,NORMAL,0.0
2026-05-28T14:55:26.189114,58.212.x.x,1a3b6eaa7b8eb20d,39273,0,NON_MAVLINK_PROBE,SCANNER,0,,ec9e20ae,NORMAL,0.0
2026-05-28T14:56:59.088667,150.107.x.x,ba0b5713d7583861,38592,0,NON_MAVLINK_PROBE,SCANNER,0,,07bbef5c,NORMAL,0.0
2026-05-28T15:35:13.182910,65.49.x.x,6f2f74d8fa0822a5,50862,0,NON_MAVLINK_PROBE,SCANNER,0,,443a34ee,NORMAL,0.0
2026-05-28T17:06:54.070045,91.231.x.x,9a486146184bca7f,46423,0,NON_MAVLINK_PROBE,SCANNER,0,,b8658ba3,NORMAL,0.0
2026-05-28T17:17:06.138727,69.5.x.x,f970f1bd21284234,19598,0,NON_MAVLINK_PROBE,SCANNER,0,,213b0299,NORMAL,0.0
2026-05-28T17:31:06.206796,69.5.x.x,12f2eddc9806de87,10030,0,NON_MAVLINK_PROBE,SCANNER,0,,842035f5,NORMAL,0.0
2026-05-28T17:58:57.139581,152.32.x.x,2b38be4c2f372bc6,48392,0,NON_MAVLINK_PROBE,SCANNER,0,,7226854b,NORMAL,0.0
2026-05-28T18:11:29.692021,69.5.x.x,e46a08b6223a4713,8376,0,NON_MAVLINK_PROBE,SCANNER,0,,24459560,NORMAL,0.0
2026-05-28T18:15:19.903466,109.123.x.x,10f5f3084d345f5b,52706,0,NON_MAVLINK_PROBE,SCANNER,0,,41171fcb,NORMAL,0.0
2026-05-28T18:15:53.335549,128.14.x.x,420c9b13d7fcfd93,40480,0,NON_MAVLINK_PROBE,SCANNER,0,,274363df,NORMAL,0.0
2026-05-28T18:18:30.456377,109.123.x.x,10f5f3084d345f5b,59876,0,NON_MAVLINK_PROBE,SCANNER,0,,2f280fa2,NORMAL,0.0
2026-05-28T18:38:29.947887,194.88.x.x,0ba63eaae220236b,7342,0,NON_MAVLINK_PROBE,SCANNER,0,,c112f2b6,NORMAL,0.0
2026-05-28T18:39:08.247251,69.5.x.x,895bf1a10572caee,63967,0,NON_MAVLINK_PROBE,SCANNER,0,,0aec4153,NORMAL,0.0
2026-05-28T18:51:51.631705,69.5.x.x,373eb69b3ff406f7,3014,0,NON_MAVLINK_PROBE,SCANNER,0,,9322ce64,NORMAL,0.0
2026-05-28T18:52:31.847739,69.5.x.x,563e5f87269507cc,36202,0,NON_MAVLINK_PROBE,SCANNER,0,,546bb5b7,NORMAL,0.0
2026-05-28T18:58:06.670651,130.12.x.x,ad1a1d352a800c18,43964,0,NON_MAVLINK_PROBE,SCANNER,0,,048ca222,NORMAL,0.0
2026-05-28T19:22:02.276381,69.5.x.x,13589cf6ef1ac02c,1894,0,NON_MAVLINK_PROBE,SCANNER,0,,436a372f,NORMAL,0.0
2026-05-28T19:24:40.249058,45.156.x.x,23025a80d21db7d5,55240,0,NON_MAVLINK_PROBE,SCANNER,0,,b7559f77,NORMAL,0.0
2026-05-28T19:39:42.809053,195.96.x.x,971567e6d8432c44,57505,0,NON_MAVLINK_PROBE,SCANNER,0,,80423def,NORMAL,0.0
2026-05-28T19:52:58.494472,69.5.x.x,ada4d21aa9daf01d,16168,0,NON_MAVLINK_PROBE,SCANNER,0,,dc608f67,NORMAL,0.0
2026-05-28T20:04:48.024997,109.123.x.x,10f5f3084d345f5b,46658,0,NON_MAVLINK_PROBE,SCANNER,0,,0956ff59,NORMAL,0.0
2026-05-28T20:05:36.209964,109.123.x.x,10f5f3084d345f5b,49482,0,NON_MAVLINK_PROBE,SCANNER,0,,0d43fa01,NORMAL,0.0
2026-05-28T21:18:46.316033,199.45.x.x,1261a71cd1b3c453,36428,0,NON_MAVLINK_PROBE,SCANNER,0,,4d2c27b3,NORMAL,0.0
2026-05-28T21:18:50.012723,199.45.x.x,1261a71cd1b3c453,36440,4,UNKNOWN_4,UNKNOWN,3,af4e3e46e75206003905,f8f59300,NORMAL,0.2
2026-05-28T21:18:59.685642,199.45.x.x,1261a71cd1b3c453,53052,0,NON_MAVLINK_PROBE,SCANNER,0,,60500cef,NORMAL,0.0
2026-05-28T22:22:06.104530,66.132.x.x,d38de6e59679b6f4,10998,0,NON_MAVLINK_PROBE,SCANNER,0,,1e69a0f2,NORMAL,0.0
2026-05-28T22:22:09.730890,66.132.x.x,d38de6e59679b6f4,11038,4,UNKNOWN_4,UNKNOWN,3,6122ba28e85206003905,ab4ab107,NORMAL,0.2
2026-05-28T22:22:18.181501,66.132.x.x,d38de6e59679b6f4,16602,0,NON_MAVLINK_PROBE,SCANNER,0,,132b375e,NORMAL,0.0
2026-05-28T22:37:31.276961,114.98.x.x,19ceb5895579aafa,44532,0,NON_MAVLINK_PROBE,SCANNER,0,,31affd09,NORMAL,0.0
2026-05-28T22:48:57.011491,114.242.x.x,257037ef3e15d279,49278,0,NON_MAVLINK_PROBE,SCANNER,0,,78da551c,NORMAL,0.0
2026-05-28T23:26:47.906936,2.178.x.x,a95bf1bfd6542fba,53091,0,NON_MAVLINK_PROBE,SCANNER,0,,95f9a445,NORMAL,0.0
2026-05-28T23:26:48.233098,2.178.x.x,a95bf1bfd6542fba,53100,0,NON_MAVLINK_PROBE,SCANNER,0,,07fc4edd,NORMAL,0.0
2026-05-28T23:26:48.622977,2.178.x.x,a95bf1bfd6542fba,53106,0,NON_MAVLINK_PROBE,SCANNER,0,,45d92da2,NORMAL,0.0
2026-05-28T23:27:51.773934,2.178.x.x,a95bf1bfd6542fba,53151,0,NON_MAVLINK_PROBE,SCANNER,0,,24593c9e,NORMAL,0.0
2026-05-29T00:21:58.748916,160.119.x.x,f06c48d3f514838e,43642,0,NON_MAVLINK_PROBE,SCANNER,0,,9d9da4f6,NORMAL,0.0
2026-05-29T00:50:48.756909,185.252.x.x,68b06300f9037104,38532,0,NON_MAVLINK_PROBE,SCANNER,0,,8454d81e,NORMAL,0.0
2026-05-29T01:53:39.070219,216.180.x.x,cb8d8385e64c3f6d,21517,0,NON_MAVLINK_PROBE,SCANNER,0,,1c9a52e0,NORMAL,0.0
2026-05-29T02:19:28.021536,185.252.x.x,68b06300f9037104,38984,0,NON_MAVLINK_PROBE,SCANNER,0,,bca4e795,NORMAL,0.0
2026-05-29T02:39:50.550648,66.228.x.x,67d6bfe822bfb1f6,37808,0,NON_MAVLINK_PROBE,SCANNER,0,,a7ce015e,NORMAL,0.0
2026-05-29T02:44:25.705152,167.94.x.x,e861ad7e785c94bf,32694,0,NON_MAVLINK_PROBE,SCANNER,0,,08c1ad55,NORMAL,0.0
2026-05-29T02:44:29.169780,167.94.x.x,e861ad7e785c94bf,19100,4,UNKNOWN_4,UNKNOWN,3,c55ddcd2eb5206003905,5da33ee1,NORMAL,0.2
2026-05-29T02:44:37.591127,167.94.x.x,e861ad7e785c94bf,19126,0,NON_MAVLINK_PROBE,SCANNER,0,,1846e2c6,NORMAL,0.0
2026-05-29T03:01:07.141120,152.32.x.x,3b07d7858ad7b77b,44064,0,NON_MAVLINK_PROBE,SCANNER,0,,16f2fa85,NORMAL,0.0
2026-05-29T03:15:20.158743,130.12.x.x,ad1a1d352a800c18,52956,0,NON_MAVLINK_PROBE,SCANNER,0,,bb89c224,NORMAL,0.0
2026-05-29T03:43:38.726841,109.123.x.x,10f5f3084d345f5b,40478,0,NON_MAVLINK_PROBE,SCANNER,0,,ded149d7,NORMAL,0.0
2026-05-29T03:49:06.301466,85.217.x.x,75d21eb297d6f300,57558,0,NON_MAVLINK_PROBE,SCANNER,0,,ba75d0c1,NORMAL,0.0
2026-05-29T04:26:07.248198,3.238.x.x,5923344e258ae004,9398,0,NON_MAVLINK_PROBE,SCANNER,0,,d4fdbe21,NORMAL,0.0
2026-05-29T04:26:13.312821,3.238.x.x,5923344e258ae004,9540,0,NON_MAVLINK_PROBE,SCANNER,0,,858f7643,NORMAL,0.0
2026-05-29T05:07:53.118106,138.68.x.x,f3e38c26692ebe6f,37010,0,NON_MAVLINK_PROBE,SCANNER,0,,02d43754,NORMAL,0.0
2026-05-29T05:07:53.176138,138.68.x.x,f3e38c26692ebe6f,32972,0,NON_MAVLINK_PROBE,SCANNER,0,,796f1201,NORMAL,0.0
2026-05-29T05:17:35.826069,45.142.x.x,b944fb9168bb6749,36900,0,NON_MAVLINK_PROBE,SCANNER,0,,264047cf,NORMAL,0.0
2026-05-29T05:17:55.525689,45.142.x.x,b944fb9168bb6749,44854,0,NON_MAVLINK_PROBE,SCANNER,0,,52aedf65,NORMAL,0.0
2026-05-29T07:20:12.028905,65.49.x.x,ecd4b8cf733d18d3,20482,0,NON_MAVLINK_PROBE,SCANNER,0,,f2871d53,NORMAL,0.0
2026-05-29T09:45:19.236787,172.104.x.x,0e185892e04c45d0,39769,0,NON_MAVLINK_PROBE,SCANNER,0,,cb806fbc,NORMAL,0.0
2026-05-29T10:10:50.819065,185.252.x.x,68b06300f9037104,41158,0,NON_MAVLINK_PROBE,SCANNER,0,,d413729c,NORMAL,0.0
2026-05-29T10:47:49.052494,138.68.x.x,f3e38c26692ebe6f,38296,0,NON_MAVLINK_PROBE,SCANNER,0,,66bc1e80,NORMAL,0.0
2026-05-29T10:47:49.110167,138.68.x.x,f3e38c26692ebe6f,47266,0,NON_MAVLINK_PROBE,SCANNER,0,,fe23f9c3,NORMAL,0.0
2026-05-29T10:49:43.439476,127.0.x.x,ef2f9f91273ffdad,38760,0,NON_MAVLINK_PROBE,SCANNER,0,,391aad00,NORMAL,0.0
2026-05-29T11:29:15.191003,130.12.x.x,ad1a1d352a800c18,39576,0,NON_MAVLINK_PROBE,SCANNER,0,,8884d7d0,NORMAL,0.0
2026-05-29T11:37:10.719956,185.252.x.x,68b06300f9037104,38818,0,NON_MAVLINK_PROBE,SCANNER,0,,10aeb48d,NORMAL,0.0
2026-05-29T12:16:37.195601,185.252.x.x,68b06300f9037104,33296,0,NON_MAVLINK_PROBE,SCANNER,0,,0e040721,NORMAL,0.0
2026-05-29T12:17:20.122288,185.252.x.x,68b06300f9037104,55828,0,NON_MAVLINK_PROBE,SCANNER,0,,13d1aa08,NORMAL,0.0
2026-05-29T12:35:54.266634,185.252.x.x,68b06300f9037104,37812,0,NON_MAVLINK_PROBE,SCANNER,0,,48b2a7a2,NORMAL,0.0
2026-05-29T12:55:37.215791,184.105.x.x,c01aa365feb809c6,45910,0,NON_MAVLINK_PROBE,SCANNER,0,,1fd724bc,NORMAL,0.0
2026-05-29T12:56:05.337690,152.32.x.x,4b467d3f4fb29027,53942,0,NON_MAVLINK_PROBE,SCANNER,0,,a57339c7,NORMAL,0.0
2026-05-29T12:59:15.221630,152.32.x.x,4b467d3f4fb29027,57204,0,NON_MAVLINK_PROBE,SCANNER,0,,4fe80ba1,NORMAL,0.0
2026-05-29T13:38:45.937421,66.132.x.x,39bc0f2a42db2fe6,28042,0,NON_MAVLINK_PROBE,SCANNER,0,,cfdbd97f,NORMAL,0.0
2026-05-29T13:38:55.943576,66.132.x.x,39bc0f2a42db2fe6,11348,4,UNKNOWN_4,UNKNOWN,3,6a9a5bf7f45206003905,c5a7bb06,NORMAL,0.2
2026-05-29T13:39:06.755314,66.132.x.x,39bc0f2a42db2fe6,12846,0,NON_MAVLINK_PROBE,SCANNER,0,,257d91ad,NORMAL,0.0
2026-05-29T15:56:16.699398,40.119.x.x,4a20c38c105bd514,40148,0,NON_MAVLINK_PROBE,SCANNER,0,,eea0a8a6,NORMAL,0.0
2026-05-29T16:03:46.367856,69.5.x.x,ada4d21aa9daf01d,10376,0,NON_MAVLINK_PROBE,SCANNER,0,,861ba3e2,NORMAL,0.0
2026-05-29T16:17:59.695426,217.146.x.x,8dc0703163aaf720,40925,0,NON_MAVLINK_PROBE,SCANNER,0,,7c3d243e,NORMAL,0.0
2026-05-29T16:21:40.898941,194.88.x.x,b9882e55e20e6b1c,14662,0,NON_MAVLINK_PROBE,SCANNER,0,,f2baac7d,NORMAL,0.0
2026-05-29T16:25:37.345991,70.72.x.x,bf415b1333833748,43538,0,NON_MAVLINK_PROBE,SCANNER,0,,f885e3b6,NORMAL,0.0
2026-05-29T16:33:48.766217,172.104.x.x,0e185892e04c45d0,36860,0,NON_MAVLINK_PROBE,SCANNER,0,,aab1a067,NORMAL,0.0
2026-05-29T16:46:34.649502,185.252.x.x,68b06300f9037104,50628,0,NON_MAVLINK_PROBE,SCANNER,0,,4a680167,NORMAL,0.0
2026-05-29T17:13:52.303712,69.5.x.x,1e5f251b8d0273b9,13654,0,NON_MAVLINK_PROBE,SCANNER,0,,5108a71c,NORMAL,0.0
2026-05-29T17:22:42.738547,45.61.x.x,541e622e1072e7d6,53735,0,NON_MAVLINK_PROBE,SCANNER,0,,596cf715,NORMAL,0.0
2026-05-29T17:45:25.384528,69.5.x.x,6a6afb4d9030a7c1,1042,0,NON_MAVLINK_PROBE,SCANNER,0,,b061b254,NORMAL,0.0
2026-05-29T17:46:03.362381,5.226.x.x,4b2084ec46a646eb,31697,0,NON_MAVLINK_PROBE,SCANNER,0,,ee658445,NORMAL,0.0
2026-05-29T19:08:26.663208,45.156.x.x,271286db49c1a748,39924,0,NON_MAVLINK_PROBE,SCANNER,0,,8726a23d,NORMAL,0.0
2026-05-29T19:45:37.266125,69.5.x.x,a0095dfe897106f1,10618,0,NON_MAVLINK_PROBE,SCANNER,0,,f54a26eb,NORMAL,0.0
2026-05-29T19:51:24.593363,130.12.x.x,ad1a1d352a800c18,46940,0,NON_MAVLINK_PROBE,SCANNER,0,,7ea6c297,NORMAL,0.0
2026-05-29T20:04:27.379269,45.79.x.x,9ce294769c8b99c0,46906,0,NON_MAVLINK_PROBE,SCANNER,0,,a6905ed0,NORMAL,0.0
2026-05-29T20:19:20.268850,194.88.x.x,4045882cd5c3a7ed,10260,0,NON_MAVLINK_PROBE,SCANNER,0,,c368d135,NORMAL,0.0
2026-05-29T20:20:42.049586,87.236.x.x,bd5af35f8aa04dfe,47867,0,NON_MAVLINK_PROBE,SCANNER,0,,e57c96ef,NORMAL,0.0
2026-05-29T21:01:52.676917,114.98.x.x,1baafe4054eaa8ae,44496,0,NON_MAVLINK_PROBE,SCANNER,0,,31845c59,NORMAL,0.0
2026-05-29T21:15:29.444663,173.255.x.x,aca04b2aad378df2,58528,0,NON_MAVLINK_PROBE,SCANNER,0,,04b7dd21,NORMAL,0.0
2026-05-29T21:38:52.038952,66.132.x.x,eae6e72bee761c74,54680,0,NON_MAVLINK_PROBE,SCANNER,0,,92e29f53,NORMAL,0.0
2026-05-29T21:38:56.691853,66.132.x.x,eae6e72bee761c74,6486,4,UNKNOWN_4,UNKNOWN,3,c44800acfb5206003905,11513504,NORMAL,0.2
2026-05-29T21:39:09.963029,66.132.x.x,eae6e72bee761c74,25916,0,NON_MAVLINK_PROBE,SCANNER,0,,8a1aa968,NORMAL,0.0
2026-05-29T22:02:36.292970,194.88.x.x,52d440eb84b9d6c3,10552,0,NON_MAVLINK_PROBE,SCANNER,0,,3585ef29,NORMAL,0.0
2026-05-29T22:44:30.304777,69.5.x.x,fa4f14fe811eaca0,3388,0,NON_MAVLINK_PROBE,SCANNER,0,,8517a8e3,NORMAL,0.0
2026-05-29T23:01:27.253356,199.45.x.x,b18ebc8e26c85fd3,37832,0,NON_MAVLINK_PROBE,SCANNER,0,,45def194,NORMAL,0.0
2026-05-29T23:01:32.848663,199.45.x.x,b18ebc8e26c85fd3,51132,4,UNKNOWN_4,UNKNOWN,3,7e056cd3fc5206003905,3f238692,NORMAL,0.2
2026-05-29T23:01:41.975611,199.45.x.x,b18ebc8e26c85fd3,51148,0,NON_MAVLINK_PROBE,SCANNER,0,,60a6c522,NORMAL,0.0
2026-05-29T23:16:23.010947,69.5.x.x,106c5d9a8ebbc549,31329,0,NON_MAVLINK_PROBE,SCANNER,0,,9711f3c0,NORMAL,0.0
2026-05-29T23:20:28.381764,109.123.x.x,10f5f3084d345f5b,45334,0,NON_MAVLINK_PROBE,SCANNER,0,,0a91b8ae,NORMAL,0.0
2026-05-29T23:46:12.844248,69.5.x.x,3688892bb257ec9b,16407,0,NON_MAVLINK_PROBE,SCANNER,0,,35ac9250,NORMAL,0.0
2026-05-30T00:10:49.927376,69.5.x.x,fa4f14fe811eaca0,12408,0,NON_MAVLINK_PROBE,SCANNER,0,,039abdf1,NORMAL,0.0
2026-05-30T00:23:21.555284,69.5.x.x,a8c925163ce70388,12228,0,NON_MAVLINK_PROBE,SCANNER,0,,f78dafc3,NORMAL,0.0
2026-05-30T00:24:13.281752,195.96.x.x,ce8e76d96c99b696,34311,0,NON_MAVLINK_PROBE,SCANNER,0,,0689ad07,NORMAL,0.0
2026-05-30T00:28:52.914626,45.156.x.x,8cbba39722fff337,56582,0,NON_MAVLINK_PROBE,SCANNER,0,,5dbcc099,NORMAL,0.0
2026-05-30T01:23:40.318459,66.132.x.x,6535f14d7ba9de07,17924,0,NON_MAVLINK_PROBE,SCANNER,0,,8c26a627,NORMAL,0.0
2026-05-30T01:23:44.769784,66.132.x.x,6535f14d7ba9de07,27876,4,UNKNOWN_4,UNKNOWN,3,be3ef4cffe5206003905,a3a91ade,NORMAL,0.2
2026-05-30T01:23:57.195018,66.132.x.x,6535f14d7ba9de07,27910,0,NON_MAVLINK_PROBE,SCANNER,0,,9d41d211,NORMAL,0.0
2026-05-30T02:42:14.143671,69.5.x.x,38b49a577db74904,13292,0,NON_MAVLINK_PROBE,SCANNER,0,,e6143481,NORMAL,0.0
2026-05-30T02:57:49.346463,193.46.x.x,960185afabf48559,33140,0,NON_MAVLINK_PROBE,SCANNER,0,,b099fff3,NORMAL,0.0
2026-05-30T02:57:49.389454,193.46.x.x,960185afabf48559,56842,0,NON_MAVLINK_PROBE,SCANNER,0,,1976fd94,NORMAL,0.0
2026-05-30T03:08:14.729365,69.5.x.x,ca3a2147b2dd0604,6140,0,NON_MAVLINK_PROBE,SCANNER,0,,58954fc4,NORMAL,0.0
2026-05-30T03:30:13.377071,142.248.x.x,acc2a1a8eaf5fbbb,4818,0,NON_MAVLINK_PROBE,SCANNER,0,,e86ea5d0,NORMAL,0.0
2026-05-30T03:30:13.636947,142.248.x.x,acc2a1a8eaf5fbbb,48348,0,NON_MAVLINK_PROBE,SCANNER,0,,86c910c9,NORMAL,0.0
2026-05-30T03:32:15.795312,142.248.x.x,acc2a1a8eaf5fbbb,9526,0,NON_MAVLINK_PROBE,SCANNER,0,,e2f2648a,NORMAL,0.0
2026-05-30T03:32:15.840658,142.248.x.x,acc2a1a8eaf5fbbb,56672,0,NON_MAVLINK_PROBE,SCANNER,0,,2dbf7ded,NORMAL,0.0
2026-05-30T03:32:21.404579,142.248.x.x,acc2a1a8eaf5fbbb,41618,0,NON_MAVLINK_PROBE,SCANNER,0,,52fe2a03,NORMAL,0.0
2026-05-30T03:32:25.848849,142.248.x.x,acc2a1a8eaf5fbbb,45150,0,NON_MAVLINK_PROBE,SCANNER,0,,b374a0d5,NORMAL,0.0
2026-05-30T03:34:12.985089,66.132.x.x,929910420fcc1dc4,20078,0,NON_MAVLINK_PROBE,SCANNER,0,,01e9118c,NORMAL,0.0
2026-05-30T03:34:18.829215,66.132.x.x,929910420fcc1dc4,16938,4,UNKNOWN_4,UNKNOWN,3,05f4e4a2005306003905,7a61c1e9,NORMAL,0.2
2026-05-30T03:34:30.348377,66.132.x.x,929910420fcc1dc4,19708,0,NON_MAVLINK_PROBE,SCANNER,0,,7558fd79,NORMAL,0.0
2026-05-30T03:34:48.236136,66.132.x.x,3877ce6c9fde2155,29538,0,NON_MAVLINK_PROBE,SCANNER,0,,6b561768,NORMAL,0.0
2026-05-30T03:34:51.392578,66.132.x.x,3877ce6c9fde2155,36936,4,UNKNOWN_4,UNKNOWN,3,9865d9a4005306003905,3ffdff3f,NORMAL,0.2
2026-05-30T03:35:00.441459,66.132.x.x,3877ce6c9fde2155,36972,0,NON_MAVLINK_PROBE,SCANNER,0,,c963bc2d,NORMAL,0.0
2026-05-30T03:35:16.829513,66.132.x.x,9405ee74c531c695,59358,0,NON_MAVLINK_PROBE,SCANNER,0,,c76ae87f,NORMAL,0.0
2026-05-30T03:35:20.300276,66.132.x.x,9405ee74c531c695,33830,4,UNKNOWN_4,UNKNOWN,3,fa988fa6005306003905,1aad493a,NORMAL,0.2
2026-05-30T03:35:29.334474,66.132.x.x,9405ee74c531c695,33876,0,NON_MAVLINK_PROBE,SCANNER,0,,6fc6d94b,NORMAL,0.0
2026-05-30T04:00:17.677017,130.12.x.x,ad1a1d352a800c18,36892,0,NON_MAVLINK_PROBE,SCANNER,0,,bdfde638,NORMAL,0.0
2026-05-30T04:15:12.656746,54.196.x.x,f5094800ff9df4ea,48794,0,NON_MAVLINK_PROBE,SCANNER,0,,85a2670e,NORMAL,0.0
2026-05-30T09:48:43.399198,109.123.x.x,10f5f3084d345f5b,59916,0,NON_MAVLINK_PROBE,SCANNER,0,,d89c5d86,NORMAL,0.0
2026-05-30T09:49:01.163203,109.123.x.x,10f5f3084d345f5b,45712,0,NON_MAVLINK_PROBE,SCANNER,0,,69743f7b,NORMAL,0.0
2026-05-30T09:49:37.293521,65.49.x.x,bc66f5fbb10a0eca,59990,0,NON_MAVLINK_PROBE,SCANNER,0,,60d737d8,NORMAL,0.0
2026-05-30T12:10:22.198508,130.12.x.x,ad1a1d352a800c18,42916,0,NON_MAVLINK_PROBE,SCANNER,0,,1f29f4bd,NORMAL,0.0
2026-05-30T13:41:48.201987,109.123.x.x,10f5f3084d345f5b,55232,0,NON_MAVLINK_PROBE,SCANNER,0,,a3898d8a,NORMAL,0.0
2026-05-30T13:49:25.754614,64.62.x.x,19aa2e78299d2fbc,17416,0,NON_MAVLINK_PROBE,SCANNER,0,,5f39e577,NORMAL,0.0
2026-05-30T14:09:12.811933,176.65.x.x,f0729786d50e749b,48284,0,NON_MAVLINK_PROBE,SCANNER,0,,54bbed53,NORMAL,0.0
2026-05-30T15:05:40.689502,109.123.x.x,10f5f3084d345f5b,56678,0,NON_MAVLINK_PROBE,SCANNER,0,,b93f5f41,NORMAL,0.0
2026-05-30T16:44:12.089381,112.96.x.x,4f48af3f967c61ca,56665,0,NON_MAVLINK_PROBE,SCANNER,0,,7afceed4,NORMAL,0.0
2026-05-30T17:37:32.198127,45.79.x.x,ec042bc965d2d8c4,43853,0,NON_MAVLINK_PROBE,SCANNER,0,,91fd5aaf,NORMAL,0.0
2026-05-30T17:37:34.252757,172.104.x.x,0e185892e04c45d0,35391,0,NON_MAVLINK_PROBE,SCANNER,0,,d98c703d,NORMAL,0.0
2026-05-30T18:27:15.849743,195.184.x.x,02388e914fb08e96,53951,0,NON_MAVLINK_PROBE,SCANNER,0,,6e25bc48,NORMAL,0.0
2026-05-30T18:54:47.537440,127.0.x.x,ef2f9f91273ffdad,52918,0,NON_MAVLINK_PROBE,SCANNER,0,,7ae5ecaf,NORMAL,0.0
2026-05-30T18:54:47.534541,45.79.x.x,1bc88b580d255894,49010,0,NON_MAVLINK_PROBE,SCANNER,0,,703f6fe2,NORMAL,0.0
2026-05-30T19:03:00.293339,52.180.x.x,800be7fb8b312148,53936,0,NON_MAVLINK_PROBE,SCANNER,0,,188238cb,NORMAL,0.0
2026-05-30T19:24:16.931702,167.94.x.x,0f0b2ec4529266bd,23838,0,NON_MAVLINK_PROBE,SCANNER,0,,7becec88,NORMAL,0.0
2026-05-30T19:24:20.623043,167.94.x.x,0f0b2ec4529266bd,25870,4,UNKNOWN_4,UNKNOWN,3,060b77e80d5306003905,1e46a9e2,NORMAL,0.2
2026-05-30T19:24:29.594400,167.94.x.x,0f0b2ec4529266bd,25948,0,NON_MAVLINK_PROBE,SCANNER,0,,9614f752,NORMAL,0.0
2026-05-30T20:15:36.549376,194.88.x.x,b9882e55e20e6b1c,7982,0,NON_MAVLINK_PROBE,SCANNER,0,,1c6e4d2c,NORMAL,0.0
2026-05-30T20:15:50.278595,69.5.x.x,49d6c6e40e0cb2ce,11504,0,NON_MAVLINK_PROBE,SCANNER,0,,bcca635d,NORMAL,0.0
2026-05-30T20:16:15.364957,217.146.x.x,4549684d89ac762b,36469,0,NON_MAVLINK_PROBE,SCANNER,0,,0e0716ac,NORMAL,0.0
2026-05-30T20:25:51.256080,130.12.x.x,ad1a1d352a800c18,54122,0,NON_MAVLINK_PROBE,SCANNER,0,,f8b18bb9,NORMAL,0.0
2026-05-30T20:30:04.876285,109.123.x.x,10f5f3084d345f5b,40246,0,NON_MAVLINK_PROBE,SCANNER,0,,e538068d,NORMAL,0.0
2026-05-30T20:33:12.893384,109.123.x.x,10f5f3084d345f5b,46840,0,NON_MAVLINK_PROBE,SCANNER,0,,02fd0036,NORMAL,0.0
2026-05-30T21:28:18.877082,69.5.x.x,b327119eb67ad41b,4982,0,NON_MAVLINK_PROBE,SCANNER,0,,ec45023a,NORMAL,0.0
2026-05-30T21:29:03.504813,89.37.x.x,99c62983792eda04,57402,0,NON_MAVLINK_PROBE,SCANNER,0,,0c6b9a0e,NORMAL,0.0
2026-05-30T21:53:39.711755,87.236.x.x,26c48c48084f1143,37395,0,NON_MAVLINK_PROBE,SCANNER,0,,024c548f,NORMAL,0.0
2026-05-30T22:06:50.798904,45.142.x.x,a1f52797aa12246a,39124,0,NON_MAVLINK_PROBE,SCANNER,0,,1a99cd6f,NORMAL,0.0
2026-05-30T22:06:51.915182,45.142.x.x,a1f52797aa12246a,39400,0,NON_MAVLINK_PROBE,SCANNER,0,,c4c81d7c,NORMAL,0.0
2026-05-30T22:06:52.756608,45.142.x.x,a1f52797aa12246a,39588,0,NON_MAVLINK_PROBE,SCANNER,0,,ac5850ab,NORMAL,0.0
2026-05-30T22:07:04.618670,45.142.x.x,a1f52797aa12246a,45520,0,HEARTBEAT,RECON,1,,db287701,NORMAL,0.2
2026-05-30T22:07:05.050656,45.142.x.x,a1f52797aa12246a,45520,0,HEARTBEAT,RECON,1,,db287701,NORMAL,0.4
2026-05-30T22:07:05.602920,45.142.x.x,a1f52797aa12246a,45520,0,HEARTBEAT,RECON,1,,db287701,NORMAL,0.6
2026-05-30T23:34:28.624565,113.61.x.x,e7f52689fb29b815,46904,0,NON_MAVLINK_PROBE,SCANNER,0,,4c9bca39,NORMAL,0.0
2026-05-30T23:56:24.220938,69.5.x.x,aec97763b154e535,12214,0,NON_MAVLINK_PROBE,SCANNER,0,,9109845e,NORMAL,0.0
2026-05-31T01:15:59.442609,69.5.x.x,cdc73a3bac97f578,1772,0,NON_MAVLINK_PROBE,SCANNER,0,,7a5b8e63,NORMAL,0.0
2026-05-31T01:16:38.390118,69.5.x.x,89baa746d8ce6e7a,34334,0,NON_MAVLINK_PROBE,SCANNER,0,,1b4d6d9a,NORMAL,0.0
2026-05-31T01:30:49.688283,66.132.x.x,91e7bebeaea3c3e1,28358,0,NON_MAVLINK_PROBE,SCANNER,0,,238435bd,NORMAL,0.0
2026-05-31T01:30:54.322540,66.132.x.x,91e7bebeaea3c3e1,60532,4,UNKNOWN_4,UNKNOWN,3,a7de6707135306003905,ffbd819b,NORMAL,0.2
2026-05-31T01:31:00.573292,66.132.x.x,91e7bebeaea3c3e1,60554,0,NON_MAVLINK_PROBE,SCANNER,0,,95420bf7,NORMAL,0.0
2026-05-31T02:11:03.889070,194.88.x.x,a94d50342ededd82,1268,0,NON_MAVLINK_PROBE,SCANNER,0,,623e14bd,NORMAL,0.0
2026-05-31T02:11:43.348313,69.5.x.x,c939ea9b942d806c,51302,0,NON_MAVLINK_PROBE,SCANNER,0,,9c854886,NORMAL,0.0
2026-05-31T02:17:06.873929,46.161.x.x,21d9556660c05e99,42888,0,NON_MAVLINK_PROBE,SCANNER,0,,4b1b30cc,NORMAL,0.0
2026-05-31T02:18:07.548803,46.161.x.x,21d9556660c05e99,42890,0,NON_MAVLINK_PROBE,SCANNER,0,,40dc66f8,NORMAL,0.0
2026-05-31T02:31:31.957906,46.161.x.x,21d9556660c05e99,60209,0,NON_MAVLINK_PROBE,SCANNER,0,,d7c6f97c,NORMAL,0.0
2026-05-31T02:32:34.881915,46.161.x.x,21d9556660c05e99,60209,0,NON_MAVLINK_PROBE,SCANNER,0,,cc436f35,NORMAL,0.0
2026-05-31T04:33:26.565525,66.132.x.x,a5118ace3d8462b7,10846,0,NON_MAVLINK_PROBE,SCANNER,0,,d2ea19c2,NORMAL,0.0
2026-05-31T04:33:30.278227,66.132.x.x,a5118ace3d8462b7,35876,4,UNKNOWN_4,UNKNOWN,3,97aa6f94155306003905,366e231e,NORMAL,0.2
2026-05-31T04:33:40.580108,66.132.x.x,a5118ace3d8462b7,35906,0,NON_MAVLINK_PROBE,SCANNER,0,,29ab91fd,NORMAL,0.0
2026-05-31T04:33:51.857442,66.132.x.x,bd1f3c34875ae863,24880,0,NON_MAVLINK_PROBE,SCANNER,0,,21587d51,NORMAL,0.0
2026-05-31T04:33:58.391385,66.132.x.x,bd1f3c34875ae863,1170,4,UNKNOWN_4,UNKNOWN,3,3e911796155306003905,5a459253,NORMAL,0.2
2026-05-31T04:34:06.132342,66.132.x.x,bd1f3c34875ae863,1182,0,NON_MAVLINK_PROBE,SCANNER,0,,3089e11d,NORMAL,0.0
2026-05-31T04:34:17.295080,66.132.x.x,00a5e7b00a13b23a,19966,0,NON_MAVLINK_PROBE,SCANNER,0,,01b57ee7,NORMAL,0.0
2026-05-31T04:34:20.598866,66.132.x.x,00a5e7b00a13b23a,29168,4,UNKNOWN_4,UNKNOWN,3,f4536f97155306003905,194b2259,NORMAL,0.2
2026-05-31T04:34:29.473999,66.132.x.x,00a5e7b00a13b23a,29214,0,NON_MAVLINK_PROBE,SCANNER,0,,4091d43d,NORMAL,0.0
2026-05-31T04:41:01.115465,130.12.x.x,ad1a1d352a800c18,46626,0,NON_MAVLINK_PROBE,SCANNER,0,,bdfde3ce,NORMAL,0.0
2026-05-31T04:46:59.623993,85.217.x.x,e5793a6bf31926f7,58202,0,NON_MAVLINK_PROBE,SCANNER,0,,4f1b559e,NORMAL,0.0
2026-05-31T04:58:06.073652,66.228.x.x,67d6bfe822bfb1f6,36211,0,NON_MAVLINK_PROBE,SCANNER,0,,840647f0,NORMAL,0.0
2026-05-31T05:01:11.357586,212.73.x.x,07beef3352b18872,57548,0,NON_MAVLINK_PROBE,SCANNER,0,,bc9fd76b,NORMAL,0.0
2026-05-31T07:59:59.274061,195.96.x.x,9a03ea98ced79685,37423,0,NON_MAVLINK_PROBE,SCANNER,0,,55aeacf9,NORMAL,0.0
2026-05-31T08:42:05.308395,45.91.x.x,382e08d67f4182df,60021,0,NON_MAVLINK_PROBE,SCANNER,0,,ab4e6af5,NORMAL,0.0
2026-05-31T08:51:07.553604,45.91.x.x,382e08d67f4182df,60021,0,NON_MAVLINK_PROBE,SCANNER,0,,b80a9651,NORMAL,0.0
2026-05-31T09:40:24.581014,207.241.x.x,15196ae9636917e1,5172,0,NON_MAVLINK_PROBE,SCANNER,0,,475e8566,NORMAL,0.0
2026-05-31T09:40:24.585525,207.241.x.x,15196ae9636917e1,21562,0,NON_MAVLINK_PROBE,SCANNER,0,,ecbda6cf,NORMAL,0.0
2026-05-31T09:40:35.280412,207.241.x.x,15196ae9636917e1,63956,0,NON_MAVLINK_PROBE,SCANNER,0,,a0d5019e,NORMAL,0.0
2026-05-31T09:40:38.010790,207.241.x.x,15196ae9636917e1,63966,0,NON_MAVLINK_PROBE,SCANNER,0,,aa13218f,NORMAL,0.0
2026-05-31T09:40:39.661633,207.241.x.x,15196ae9636917e1,63990,0,NON_MAVLINK_PROBE,SCANNER,0,,b810dc64,NORMAL,0.0
2026-05-31T09:40:39.714680,207.241.x.x,15196ae9636917e1,3918,0,NON_MAVLINK_PROBE,SCANNER,0,,ea637f12,NORMAL,0.0
2026-05-31T09:40:44.944233,207.241.x.x,15196ae9636917e1,63998,0,NON_MAVLINK_PROBE,SCANNER,0,,41aa2eb0,NORMAL,0.0
2026-05-31T09:40:46.946336,207.241.x.x,15196ae9636917e1,60858,0,NON_MAVLINK_PROBE,SCANNER,0,,99bf0f48,NORMAL,0.0
2026-05-31T12:51:08.929882,130.12.x.x,ad1a1d352a800c18,56862,0,NON_MAVLINK_PROBE,SCANNER,0,,38f965ce,NORMAL,0.0
2026-05-31T13:31:52.831406,64.62.x.x,facd29100514e6e8,5192,0,NON_MAVLINK_PROBE,SCANNER,0,,ba1a543c,NORMAL,0.0
2026-05-31T13:58:19.227224,65.49.x.x,bf6d5ab66efe3d53,6714,0,NON_MAVLINK_PROBE,SCANNER,0,,d29f2c49,NORMAL,0.0
2026-05-31T14:06:46.615365,127.0.x.x,ef2f9f91273ffdad,51618,0,NON_MAVLINK_PROBE,SCANNER,0,,73773a06,NORMAL,0.0
2026-05-31T16:34:43.123516,45.33.x.x,6bc9470de6a483f5,50322,0,NON_MAVLINK_PROBE,SCANNER,0,,a57e2f6a,NORMAL,0.0
2026-05-31T17:01:04.917202,66.132.x.x,50db2a4695cfc7bd,17958,0,NON_MAVLINK_PROBE,SCANNER,0,,9c5b3649,NORMAL,0.0
2026-05-31T17:01:10.568472,66.132.x.x,50db2a4695cfc7bd,52842,4,UNKNOWN_4,UNKNOWN,3,8f704d06205306003905,8f724f59,NORMAL,0.2
2026-05-31T17:01:19.000016,66.132.x.x,50db2a4695cfc7bd,52924,0,NON_MAVLINK_PROBE,SCANNER,0,,4449c41d,NORMAL,0.0
2026-05-31T17:40:33.862503,45.79.x.x,fbe3b56714d8acbf,39232,0,NON_MAVLINK_PROBE,SCANNER,0,,58a09ff3,NORMAL,0.0
2026-05-31T18:10:11.603354,152.32.x.x,95bcee31d272a696,55872,0,NON_MAVLINK_PROBE,SCANNER,0,,b05c9f72,NORMAL,0.0
2026-05-31T18:14:15.202864,40.124.x.x,6b9243b0227b0f1c,59482,0,NON_MAVLINK_PROBE,SCANNER,0,,32fde126,NORMAL,0.0
2026-05-31T18:32:20.313140,152.32.x.x,f7ec4bc6952670ac,53452,0,NON_MAVLINK_PROBE,SCANNER,0,,8029e032,NORMAL,0.0
2026-05-31T18:39:10.743913,69.5.x.x,12f2eddc9806de87,5766,0,NON_MAVLINK_PROBE,SCANNER,0,,d4679800,NORMAL,0.0
2026-05-31T18:50:39.724084,69.5.x.x,64943812a58651fd,15642,0,NON_MAVLINK_PROBE,SCANNER,0,,7a05505c,NORMAL,0.0
2026-05-31T19:16:07.228060,69.5.x.x,bb4d963eb32fd936,1968,0,NON_MAVLINK_PROBE,SCANNER,0,,96f09890,NORMAL,0.0
2026-05-31T19:31:31.576610,45.79.x.x,c31f641dc3ebbb0f,56399,0,NON_MAVLINK_PROBE,SCANNER,0,,f69c81d6,NORMAL,0.0
2026-05-31T19:37:42.230591,66.132.x.x,9903c202c5ab4986,22518,0,NON_MAVLINK_PROBE,SCANNER,0,,d1c00f0c,NORMAL,0.0
2026-05-31T19:37:51.359447,66.132.x.x,9903c202c5ab4986,17380,4,UNKNOWN_4,UNKNOWN,3,a5aba036225306003905,f591884b,NORMAL,0.2
2026-05-31T19:38:03.058234,66.132.x.x,9903c202c5ab4986,3080,0,NON_MAVLINK_PROBE,SCANNER,0,,cfa2657c,NORMAL,0.0
2026-05-31T19:45:33.797072,165.154.x.x,1171913c78bc8e7b,36468,0,NON_MAVLINK_PROBE,SCANNER,0,,db9f7b21,NORMAL,0.0
2026-05-31T20:06:27.142177,152.32.x.x,7c2cfc1660fb4105,52366,0,NON_MAVLINK_PROBE,SCANNER,0,,be2a1150,NORMAL,0.0
2026-05-31T20:09:58.547715,152.32.x.x,7c2cfc1660fb4105,58206,0,NON_MAVLINK_PROBE,SCANNER,0,,2cfd21b5,NORMAL,0.0
2026-05-31T20:37:56.556217,172.208.x.x,89891bb85a15e379,36889,0,NON_MAVLINK_PROBE,SCANNER,0,,0f566eb5,NORMAL,0.0
2026-05-31T20:47:32.751107,64.236.x.x,73d274d98b98ae3f,36800,0,NON_MAVLINK_PROBE,SCANNER,0,,79e3431a,NORMAL,0.0
2026-05-31T20:50:08.919284,172.203.x.x,9b8844d8d12c83b9,33824,0,NON_MAVLINK_PROBE,SCANNER,0,,15f7adc6,NORMAL,0.0
2026-05-31T20:50:09.621273,69.5.x.x,0190ab006bc86768,10464,0,NON_MAVLINK_PROBE,SCANNER,0,,cbe95841,NORMAL,0.0
2026-05-31T21:03:43.783472,45.79.x.x,87cbcc5c6343ef1c,54141,0,NON_MAVLINK_PROBE,SCANNER,0,,62782f56,NORMAL,0.0
2026-05-31T21:12:49.837728,20.161.x.x,b6b8b74a9303bca3,26632,0,NON_MAVLINK_PROBE,SCANNER,0,,741c8520,NORMAL,0.0
2026-05-31T21:13:43.593234,130.12.x.x,ad1a1d352a800c18,59342,0,NON_MAVLINK_PROBE,SCANNER,0,,72efd8ba,NORMAL,0.0
2026-05-31T21:16:59.203608,109.123.x.x,10f5f3084d345f5b,38686,0,NON_MAVLINK_PROBE,SCANNER,0,,5cb46090,NORMAL,0.0
2026-05-31T21:23:34.407079,20.106.x.x,2829ee942b0d78f2,38976,0,NON_MAVLINK_PROBE,SCANNER,0,,ecd78b9e,NORMAL,0.0
2026-05-31T21:24:51.726512,104.248.x.x,b6e86d03389d41bd,36270,0,NON_MAVLINK_PROBE,SCANNER,0,,b19baa84,NORMAL,0.0
2026-05-31T21:29:00.767341,69.5.x.x,9b254813f853f46c,15800,0,NON_MAVLINK_PROBE,SCANNER,0,,72d0a30c,NORMAL,0.0
2026-05-31T21:29:18.670248,52.186.x.x,87fe3237bf9615ef,12162,0,NON_MAVLINK_PROBE,SCANNER,0,,f4e00171,NORMAL,0.0
2026-05-31T21:29:31.074128,64.236.x.x,602df9e6649a69af,50113,0,NON_MAVLINK_PROBE,SCANNER,0,,6e6a93db,NORMAL,0.0
2026-05-31T21:35:24.764076,69.164.x.x,9e9c13113bf8c643,54523,0,NON_MAVLINK_PROBE,SCANNER,0,,9411c772,NORMAL,0.0
2026-05-31T21:37:26.006258,52.188.x.x,66b462d96fccaef7,6169,0,NON_MAVLINK_PROBE,SCANNER,0,,9ea9abab,NORMAL,0.0
2026-05-31T21:37:41.285423,45.79.x.x,aafd860cf491b6f4,41179,0,NON_MAVLINK_PROBE,SCANNER,0,,aed0e8a6,NORMAL,0.0
2026-05-31T21:46:06.643860,172.183.x.x,b56ff208412a26f4,62480,0,NON_MAVLINK_PROBE,SCANNER,0,,71daab25,NORMAL,0.0
2026-05-31T21:48:57.403575,45.82.x.x,6a4ef0480d256239,34306,0,NON_MAVLINK_PROBE,SCANNER,0,,3f367356,NORMAL,0.0
2026-05-31T22:00:16.615675,64.236.x.x,90dac6614fb92a60,23488,0,NON_MAVLINK_PROBE,SCANNER,0,,a8ea0c03,NORMAL,0.0
2026-05-31T22:10:51.685963,20.169.x.x,751888e2ad5f3cca,56384,0,NON_MAVLINK_PROBE,SCANNER,0,,b34d6b04,NORMAL,0.0
2026-05-31T22:17:04.734999,52.159.x.x,0963e3cb461d4830,1088,0,NON_MAVLINK_PROBE,SCANNER,0,,c13bc673,NORMAL,0.0
2026-05-31T22:18:07.036141,64.236.x.x,b167818d580edd0f,57368,0,NON_MAVLINK_PROBE,SCANNER,0,,0c93851c,NORMAL,0.0
2026-05-31T22:19:07.794853,13.83.x.x,919eb5542a132571,4104,0,NON_MAVLINK_PROBE,SCANNER,0,,754a2108,NORMAL,0.0
2026-05-31T22:29:41.502878,20.55.x.x,dbdb04f34652e9a3,8216,0,NON_MAVLINK_PROBE,SCANNER,0,,256cb184,NORMAL,0.0
2026-05-31T22:41:39.070131,20.3.x.x,29791c9d0a8990e0,5168,0,NON_MAVLINK_PROBE,SCANNER,0,,acc88bf3,NORMAL,0.0
2026-05-31T22:45:47.831493,20.161.x.x,3b5c241047d1a10c,59400,0,NON_MAVLINK_PROBE,SCANNER,0,,0d5bb3c0,NORMAL,0.0
2026-05-31T22:47:24.184981,48.217.x.x,95b82ff3d8442638,52240,0,NON_MAVLINK_PROBE,SCANNER,0,,440aeb4a,NORMAL,0.0
2026-05-31T22:51:22.656627,20.57.x.x,b42274d6adfeea94,58369,0,NON_MAVLINK_PROBE,SCANNER,0,,2fcd5f41,NORMAL,0.0
2026-05-31T22:51:51.603488,52.161.x.x,9edc9e4177440efb,23584,0,NON_MAVLINK_PROBE,SCANNER,0,,ecb5df8e,NORMAL,0.0
2026-05-31T22:54:04.801447,57.154.x.x,912015fdc98bfbdb,52359,0,NON_MAVLINK_PROBE,SCANNER,0,,c521fd18,NORMAL,0.0
2026-05-31T22:56:06.102806,172.184.x.x,e07efaaefa70ba18,42880,0,NON_MAVLINK_PROBE,SCANNER,0,,6bef84e1,NORMAL,0.0
2026-05-31T22:57:41.488041,69.5.x.x,cb7129f514789059,10748,0,NON_MAVLINK_PROBE,SCANNER,0,,2fc11a21,NORMAL,0.0
2026-05-31T23:08:38.945886,52.159.x.x,aafc31c1a0a95cff,59400,0,NON_MAVLINK_PROBE,SCANNER,0,,8a831f1b,NORMAL,0.0
2026-05-31T23:08:39.827662,20.81.x.x,bd0db417fafdeecd,24600,0,NON_MAVLINK_PROBE,SCANNER,0,,8296bd35,NORMAL,0.0
2026-05-31T23:10:53.850051,69.5.x.x,afe397b3e5b36655,3738,0,NON_MAVLINK_PROBE,SCANNER,0,,baaac53e,NORMAL,0.0
2026-05-31T23:23:05.038388,20.83.x.x,423f729bef796459,17424,0,NON_MAVLINK_PROBE,SCANNER,0,,b959d376,NORMAL,0.0
2026-05-31T23:30:07.245669,135.232.x.x,d2ad6c431a134372,19520,0,NON_MAVLINK_PROBE,SCANNER,0,,24d76738,NORMAL,0.0
2026-05-31T23:30:41.094561,172.214.x.x,18650c252da606cf,31777,0,NON_MAVLINK_PROBE,SCANNER,0,,12509252,NORMAL,0.0
2026-05-31T23:40:08.983843,135.232.x.x,1549560eba27aaf9,43008,0,NON_MAVLINK_PROBE,SCANNER,0,,f2b6c88b,NORMAL,0.0
2026-05-31T23:42:16.135702,64.236.x.x,79fe9c7f67e46ccd,13248,0,NON_MAVLINK_PROBE,SCANNER,0,,42f2fb9c,NORMAL,0.0
2026-05-31T23:51:31.660696,5.226.x.x,c40e32bc4ef8b671,29000,0,NON_MAVLINK_PROBE,SCANNER,0,,2eab3a6c,NORMAL,0.0
