timestamp,ip,source_id,port,msg_id,msg_name,intent,severity,payload_hex,session_id,honeypot_state,packet_rate
2026-04-16T06:28:17.424590,223.31.x.x,4454cbcd1c41c537,49301,0,NON_MAVLINK_PROBE,SCANNER,0,,3bcca87f,NORMAL,0.0
2026-04-16T07:25:27.694802,223.31.x.x,4454cbcd1c41c537,56102,0,HEARTBEAT,RECON,1,000000000608000003,6eb3f325,NORMAL,0.2
2026-04-16T10:46:31.977576,223.31.x.x,4454cbcd1c41c537,58806,0,NON_MAVLINK_PROBE,SCANNER,0,,18f9b2d0,NORMAL,0.0
2026-04-16T15:46:15.358857,223.31.x.x,4454cbcd1c41c537,63247,0,HEARTBEAT,RECON,1,000000000608000003,d8d96d1c,NORMAL,0.2
2026-04-16T15:46:16.362501,223.31.x.x,4454cbcd1c41c537,63247,21,PARAM_REQUEST_READ,RECON,2,0101,d8d96d1c,NORMAL,0.4
2026-04-16T15:46:17.910756,223.31.x.x,4454cbcd1c41c537,63247,11,SET_MODE,CONTROL,5,040000000100,d8d96d1c,WEAK,0.6
2026-04-16T15:46:18.798959,223.31.x.x,4454cbcd1c41c537,63247,76,COMMAND_LONG,CONTROL,6,0000803f0000000000000000000000000000000000000000000000009001010100,d8d96d1c,WEAK,0.8
2026-04-16T15:46:19.962416,223.31.x.x,4454cbcd1c41c537,63247,76,COMMAND_LONG,CONTROL,6,0000000000000000000000000000000000000000000000000000c8421600010100,d8d96d1c,WEAK,1.0
2026-04-16T15:46:21.340373,223.31.x.x,4454cbcd1c41c537,63247,45,UNKNOWN_45,UNKNOWN,3,0101,d8d96d1c,NORMAL,0.8
2026-04-16T15:46:22.364910,223.31.x.x,4454cbcd1c41c537,63247,44,UNKNOWN_44,UNKNOWN,3,02000101,d8d96d1c,NORMAL,1.0
2026-04-16T15:46:23.344262,223.31.x.x,4454cbcd1c41c537,63247,39,UNKNOWN_39,UNKNOWN,3,00000000000000000000000000000000e8d92242120394c20000fa43100000000301010101,d8d96d1c,NORMAL,1.0
2026-04-16T15:46:24.077167,223.31.x.x,4454cbcd1c41c537,63247,39,UNKNOWN_39,UNKNOWN,3,0000000000000000000000000000000094074e4201de02be00007a44100001000300010101,d8d96d1c,NORMAL,1.0
2026-04-16T15:46:24.796956,223.31.x.x,4454cbcd1c41c537,63247,76,COMMAND_LONG,CONTROL,9,0000803f000000000000000000000000000000000000000000000000b900010100,d8d96d1c,PARTIAL,1.0
2026-04-16T15:53:03.018781,223.31.x.x,4454cbcd1c41c537,63470,0,HEARTBEAT,RECON,1,000000000608000003,b1425d75,NORMAL,0.2
2026-04-16T15:53:04.045122,223.31.x.x,4454cbcd1c41c537,63470,21,PARAM_REQUEST_READ,RECON,2,0101,b1425d75,NORMAL,0.4
2026-04-16T15:53:05.514483,223.31.x.x,4454cbcd1c41c537,63470,11,SET_MODE,CONTROL,5,040000000100,b1425d75,WEAK,0.6
2026-04-16T15:53:06.559376,223.31.x.x,4454cbcd1c41c537,63470,76,COMMAND_LONG,CONTROL,6,0000803f0000000000000000000000000000000000000000000000009001010100,b1425d75,WEAK,0.8
2026-04-16T15:53:07.579538,223.31.x.x,4454cbcd1c41c537,63470,76,COMMAND_LONG,CONTROL,6,0000000000000000000000000000000000000000000000000000c8421600010100,b1425d75,WEAK,1.0
2026-04-16T15:53:09.022212,223.31.x.x,4454cbcd1c41c537,63470,45,UNKNOWN_45,UNKNOWN,3,0101,b1425d75,NORMAL,0.8
2026-04-16T15:53:09.938980,223.31.x.x,4454cbcd1c41c537,63470,44,UNKNOWN_44,UNKNOWN,3,02000101,b1425d75,NORMAL,1.0
2026-04-16T15:53:10.825644,223.31.x.x,4454cbcd1c41c537,63470,39,UNKNOWN_39,UNKNOWN,3,00000000000000000000000000000000e8d92242120394c20000fa43100000000301010101,b1425d75,NORMAL,1.0
2026-04-16T15:53:11.530355,223.31.x.x,4454cbcd1c41c537,63470,39,UNKNOWN_39,UNKNOWN,3,0000000000000000000000000000000094074e4201de02be00007a44100001000300010101,b1425d75,NORMAL,1.0
2026-04-16T15:53:12.273962,223.31.x.x,4454cbcd1c41c537,63470,76,COMMAND_LONG,CONTROL,9,0000803f000000000000000000000000000000000000000000000000b900010100,b1425d75,PARTIAL,1.2
2026-04-16T16:08:34.103158,223.31.x.x,4454cbcd1c41c537,63944,0,HEARTBEAT,RECON,1,000000000608000003,95c9d77c,NORMAL,0.2
2026-04-16T16:08:35.935420,223.31.x.x,4454cbcd1c41c537,63944,21,PARAM_REQUEST_READ,RECON,2,0101,95c9d77c,NORMAL,0.4
2026-04-16T16:14:20.602707,223.31.x.x,4454cbcd1c41c537,64328,0,HEARTBEAT,RECON,1,000000000608000003,76c752f3,NORMAL,0.2
2026-04-16T16:14:22.456913,223.31.x.x,4454cbcd1c41c537,64328,11,SET_MODE,CONTROL,5,040000000100,76c752f3,WEAK,0.4
2026-04-16T16:14:24.119175,223.31.x.x,4454cbcd1c41c537,64328,76,COMMAND_LONG,CONTROL,6,0000803f0000000000000000000000000000000000000000000000009001010100,76c752f3,WEAK,0.6
2026-04-16T16:14:25.849811,223.31.x.x,4454cbcd1c41c537,64328,76,COMMAND_LONG,CONTROL,6,000000000000000000000000000000000000000000000000000048421600010100,76c752f3,WEAK,0.6
2026-04-20T07:53:32.613933,106.216.x.x,25405cc8cbbdbcd7,49600,0,NON_MAVLINK_PROBE,SCANNER,0,,09c7f9b2,NORMAL,0.0
2026-04-20T08:18:25.356563,185.37.x.x,0ab03b5a0288b20b,28696,0,NON_MAVLINK_PROBE,SCANNER,0,,70ab15da,NORMAL,0.0
2026-04-20T08:18:25.374573,185.19.x.x,1e8ec9158d7c898e,22934,0,NON_MAVLINK_PROBE,SCANNER,0,,644f7f2f,NORMAL,0.0
2026-04-20T08:18:25.400273,81.6.x.x,575ab3206316af55,12410,0,NON_MAVLINK_PROBE,SCANNER,0,,cf9098f5,NORMAL,0.0
2026-04-20T08:18:25.402101,195.154.x.x,a78129945dc2d254,64696,0,NON_MAVLINK_PROBE,SCANNER,0,,16250224,NORMAL,0.0
2026-04-20T08:18:25.407112,45.159.x.x,ae0e8f8cdf9225d6,45466,0,NON_MAVLINK_PROBE,SCANNER,0,,4cb41d4b,NORMAL,0.0
2026-04-20T08:18:25.428079,77.75.x.x,81a0c7ae50be766e,30288,0,NON_MAVLINK_PROBE,SCANNER,0,,349b2ac1,NORMAL,0.0
2026-04-20T08:18:25.433545,116.203.x.x,42f9f0177ae6df9d,4760,0,NON_MAVLINK_PROBE,SCANNER,0,,1af0b89f,NORMAL,0.0
2026-04-20T08:18:25.449130,195.211.x.x,18132d127ca8045c,59804,0,NON_MAVLINK_PROBE,SCANNER,0,,a4ba62ca,NORMAL,0.0
2026-04-20T08:18:25.481053,185.25.x.x,3c2bf77c6f4efa88,41900,0,NON_MAVLINK_PROBE,SCANNER,0,,be523b88,NORMAL,0.0
2026-04-20T08:18:25.482147,185.224.x.x,10c1bd09f9af4ec9,64538,0,NON_MAVLINK_PROBE,SCANNER,0,,2599868e,NORMAL,0.0
2026-04-20T08:18:25.497835,78.40.x.x,1944e87a4e2c3ac3,46680,0,NON_MAVLINK_PROBE,SCANNER,0,,ec7c9577,NORMAL,0.0
2026-04-20T08:18:25.508283,179.43.x.x,4fee7a793ccb7f19,35688,0,NON_MAVLINK_PROBE,SCANNER,0,,4dd1a711,NORMAL,0.0
2026-04-20T08:18:25.513340,194.26.x.x,8c4f72b4d0bbf5a0,18526,0,NON_MAVLINK_PROBE,SCANNER,0,,6aabe943,NORMAL,0.0
2026-04-20T08:18:25.526240,45.9.x.x,1a3ea5adc2a51dde,37796,0,NON_MAVLINK_PROBE,SCANNER,0,,255da011,NORMAL,0.0
2026-04-20T08:18:25.528979,195.137.x.x,2598a97f8b2b06e6,48584,0,NON_MAVLINK_PROBE,SCANNER,0,,37fe90e2,NORMAL,0.0
2026-04-20T08:18:25.540889,178.216.x.x,91c7ceb688997bcb,58980,0,NON_MAVLINK_PROBE,SCANNER,0,,78ed4c5d,NORMAL,0.0
2026-04-20T08:18:25.543748,65.109.x.x,d186a2ae4351eae4,57496,0,NON_MAVLINK_PROBE,SCANNER,0,,38d5020e,NORMAL,0.0
2026-04-20T08:18:25.564486,195.137.x.x,46bf953eec4ac3bb,28550,0,NON_MAVLINK_PROBE,SCANNER,0,,e8964ff7,NORMAL,0.0
2026-04-20T08:18:25.627541,104.28.x.x,fd20a90de750bd9e,45374,0,NON_MAVLINK_PROBE,SCANNER,0,,d1c6f300,NORMAL,0.0
2026-04-20T08:18:25.628366,185.83.x.x,899ba3ee8e6f38da,10520,0,NON_MAVLINK_PROBE,SCANNER,0,,0ae1bfed,NORMAL,0.0
2026-04-20T08:18:25.630739,88.119.x.x,fcbc6afd634dae0e,45166,0,NON_MAVLINK_PROBE,SCANNER,0,,2cea6fc0,NORMAL,0.0
2026-04-20T08:18:25.640815,107.149.x.x,e1954137a9996bc6,61902,0,NON_MAVLINK_PROBE,SCANNER,0,,8c363cf8,NORMAL,0.0
2026-04-20T08:18:25.695335,185.130.x.x,ed3bfe5525264d42,40886,0,NON_MAVLINK_PROBE,SCANNER,0,,426cf44b,NORMAL,0.0
2026-04-20T08:18:25.691615,194.146.x.x,247029d73bd0bdff,23576,0,NON_MAVLINK_PROBE,SCANNER,0,,b6b886d1,NORMAL,0.0
2026-04-20T08:18:25.712911,178.17.x.x,4868aba6b54f6eaf,27568,0,NON_MAVLINK_PROBE,SCANNER,0,,5c29be5a,NORMAL,0.0
2026-04-20T08:18:25.720681,185.86.x.x,399563c156247ba9,1304,0,NON_MAVLINK_PROBE,SCANNER,0,,df83e1b5,NORMAL,0.0
2026-04-20T08:18:25.755326,78.40.x.x,b678a894f2bb2f93,30130,0,NON_MAVLINK_PROBE,SCANNER,0,,7ebbd1fc,NORMAL,0.0
2026-04-20T08:18:25.773558,91.231.x.x,56dcbf38332fd307,10660,0,NON_MAVLINK_PROBE,SCANNER,0,,fbe97fa2,NORMAL,0.0
2026-04-20T08:18:25.811455,83.143.x.x,3a264a9143af691a,46340,0,NON_MAVLINK_PROBE,SCANNER,0,,a0096a59,NORMAL,0.0
2026-04-20T08:18:25.833346,185.221.x.x,50ed437469f650b6,45998,0,NON_MAVLINK_PROBE,SCANNER,0,,3d17d1a7,NORMAL,0.0
2026-04-20T08:18:25.845073,91.199.x.x,612e5aeee8fc7812,33404,0,NON_MAVLINK_PROBE,SCANNER,0,,c82209d1,NORMAL,0.0
2026-04-20T08:18:25.882039,195.211.x.x,b987730f9f23bf42,64042,0,NON_MAVLINK_PROBE,SCANNER,0,,5b676963,NORMAL,0.0
2026-04-20T08:18:25.906252,77.92.x.x,c9c536b7b2090226,46506,0,NON_MAVLINK_PROBE,SCANNER,0,,9b95d634,NORMAL,0.0
2026-04-20T08:18:25.965262,185.23.x.x,0c7feaef9a086343,36588,0,NON_MAVLINK_PROBE,SCANNER,0,,76c99731,NORMAL,0.0
2026-04-20T08:18:25.973086,103.183.x.x,72bf9e96a8a1eb03,52606,0,NON_MAVLINK_PROBE,SCANNER,0,,0201ea7c,NORMAL,0.0
2026-04-20T08:18:26.021702,151.243.x.x,2e2afae4f1437bcc,6922,0,NON_MAVLINK_PROBE,SCANNER,0,,1daadca5,NORMAL,0.0
2026-04-20T08:18:26.059320,181.214.x.x,fcafdf431776ff7b,30258,0,NON_MAVLINK_PROBE,SCANNER,0,,205341fd,NORMAL,0.0
2026-04-20T08:18:26.069712,151.243.x.x,e94f665a27cb3193,46732,0,NON_MAVLINK_PROBE,SCANNER,0,,79e64223,NORMAL,0.0
2026-04-20T08:18:26.246645,64.72.x.x,dcfacad6d06cc74f,44656,0,NON_MAVLINK_PROBE,SCANNER,0,,57550d32,NORMAL,0.0
2026-04-20T08:18:26.201732,147.45.x.x,85a57c2aa251840f,30738,0,NON_MAVLINK_PROBE,SCANNER,0,,b442c235,NORMAL,0.0
2026-04-20T08:18:26.245959,157.254.x.x,b3f907dc20e4a23b,64892,0,NON_MAVLINK_PROBE,SCANNER,0,,bec42b92,NORMAL,0.0
2026-04-20T08:18:26.260472,38.145.x.x,d7a4254220953326,20256,0,NON_MAVLINK_PROBE,SCANNER,0,,676ecb93,NORMAL,0.0
2026-04-20T08:18:26.464397,103.214.x.x,d5f4d138593a6603,37470,0,NON_MAVLINK_PROBE,SCANNER,0,,8c015594,NORMAL,0.0
2026-04-20T08:18:26.470165,217.15.x.x,a166d3fefbf47c20,46478,0,NON_MAVLINK_PROBE,SCANNER,0,,32c38acd,NORMAL,0.0
2026-04-20T08:18:26.608047,185.120.x.x,f3d5481cd21296b3,35520,0,NON_MAVLINK_PROBE,SCANNER,0,,3286d074,NORMAL,0.0
2026-04-20T08:18:26.608740,198.135.x.x,319341baa647e9f1,4590,0,NON_MAVLINK_PROBE,SCANNER,0,,769ecf6a,NORMAL,0.0
2026-04-20T08:18:26.815583,103.42.x.x,58bbf1590bb2c0e8,46316,0,NON_MAVLINK_PROBE,SCANNER,0,,1348fccb,NORMAL,0.0
2026-04-20T08:18:26.854017,45.252.x.x,f07fd5803ffe9b5c,47912,0,NON_MAVLINK_PROBE,SCANNER,0,,1416fbad,NORMAL,0.0
2026-04-20T08:18:27.004274,176.125.x.x,14d4a24867543068,37882,0,NON_MAVLINK_PROBE,SCANNER,0,,821f6499,NORMAL,0.0
2026-04-20T08:18:26.990575,143.14.x.x,2eeeca6a930ddcdd,7070,0,NON_MAVLINK_PROBE,SCANNER,0,,e0d57318,NORMAL,0.0
2026-04-20T08:18:27.028013,110.42.x.x,4444eebe36373015,15920,0,NON_MAVLINK_PROBE,SCANNER,0,,7c1e011c,NORMAL,0.0
2026-04-20T08:18:27.086176,45.162.x.x,9cc70dde04b0ed86,37080,0,NON_MAVLINK_PROBE,SCANNER,0,,cb9ac78a,NORMAL,0.0
2026-04-20T08:18:27.126256,141.98.x.x,aecb9621162590f7,49834,0,NON_MAVLINK_PROBE,SCANNER,0,,e19c52cc,NORMAL,0.0
2026-04-20T08:18:29.279697,223.31.x.x,4454cbcd1c41c537,50240,0,NON_MAVLINK_PROBE,SCANNER,0,,5665c6b6,NORMAL,0.0
2026-04-21T05:27:31.159372,223.31.x.x,4454cbcd1c41c537,53061,0,NON_MAVLINK_PROBE,SCANNER,0,,fe598798,NORMAL,0.0
2026-04-21T05:29:49.515572,223.31.x.x,4454cbcd1c41c537,53093,0,NON_MAVLINK_PROBE,SCANNER,0,,ed135a05,NORMAL,0.0
2026-04-21T05:30:21.934468,223.31.x.x,4454cbcd1c41c537,53108,0,NON_MAVLINK_PROBE,SCANNER,0,,93e28e28,NORMAL,0.0
2026-04-21T05:31:44.406577,223.31.x.x,4454cbcd1c41c537,53123,0,NON_MAVLINK_PROBE,SCANNER,0,,262a427c,NORMAL,0.0
2026-04-21T05:31:44.438561,127.0.x.x,ef2f9f91273ffdad,34774,0,NON_MAVLINK_PROBE,SCANNER,0,,dd420749,NORMAL,0.0
2026-04-21T05:36:36.096300,223.31.x.x,4454cbcd1c41c537,53284,0,NON_MAVLINK_PROBE,SCANNER,0,,0136133b,NORMAL,0.0
2026-04-21T05:36:36.133180,127.0.x.x,ef2f9f91273ffdad,59856,0,NON_MAVLINK_PROBE,SCANNER,0,,cc1a53c4,NORMAL,0.0
2026-04-21T06:47:45.594192,127.0.x.x,ef2f9f91273ffdad,39514,0,NON_MAVLINK_PROBE,SCANNER,0,,e1cced10,NORMAL,0.0
2026-04-21T08:00:38.394937,127.0.x.x,ef2f9f91273ffdad,32808,0,NON_MAVLINK_PROBE,SCANNER,0,,78a530c2,NORMAL,0.0
2026-04-21T08:00:53.013225,127.0.x.x,ef2f9f91273ffdad,55228,0,NON_MAVLINK_PROBE,SCANNER,0,,1e4785f0,NORMAL,0.0
2026-04-21T08:02:59.207343,127.0.x.x,ef2f9f91273ffdad,52912,0,NON_MAVLINK_PROBE,SCANNER,0,,779076da,NORMAL,0.0
2026-04-21T08:03:06.057926,127.0.x.x,ef2f9f91273ffdad,38642,0,NON_MAVLINK_PROBE,SCANNER,0,,22329e78,NORMAL,0.0
2026-04-21T08:05:27.424382,127.0.x.x,ef2f9f91273ffdad,55820,0,NON_MAVLINK_PROBE,SCANNER,0,,284cdf7e,NORMAL,0.0
2026-04-21T08:06:06.575692,127.0.x.x,ef2f9f91273ffdad,52608,0,NON_MAVLINK_PROBE,SCANNER,0,,96404652,NORMAL,0.0
2026-04-21T08:19:02.930431,127.0.x.x,ef2f9f91273ffdad,48874,0,NON_MAVLINK_PROBE,SCANNER,0,,6be98a72,NORMAL,0.0
2026-04-21T08:43:21.128504,127.0.x.x,ef2f9f91273ffdad,60210,0,NON_MAVLINK_PROBE,SCANNER,0,,00100956,NORMAL,0.0
2026-04-21T08:43:38.295994,127.0.x.x,ef2f9f91273ffdad,48170,0,NON_MAVLINK_PROBE,SCANNER,0,,87cc641e,NORMAL,0.0
2026-04-21T08:43:56.506259,127.0.x.x,ef2f9f91273ffdad,43588,0,NON_MAVLINK_PROBE,SCANNER,0,,51dd1e3b,NORMAL,0.0
2026-04-21T08:44:04.597958,127.0.x.x,ef2f9f91273ffdad,39886,0,NON_MAVLINK_PROBE,SCANNER,0,,5cbcc925,NORMAL,0.0
2026-04-21T08:44:12.589222,127.0.x.x,ef2f9f91273ffdad,35230,0,NON_MAVLINK_PROBE,SCANNER,0,,feaba100,NORMAL,0.0
2026-04-21T08:44:20.603333,127.0.x.x,ef2f9f91273ffdad,35232,0,NON_MAVLINK_PROBE,SCANNER,0,,ac610cb7,NORMAL,0.0
2026-04-21T08:44:28.583262,127.0.x.x,ef2f9f91273ffdad,37062,0,NON_MAVLINK_PROBE,SCANNER,0,,1bae5215,NORMAL,0.0
2026-04-21T08:44:36.604153,127.0.x.x,ef2f9f91273ffdad,47500,0,NON_MAVLINK_PROBE,SCANNER,0,,ea514b42,NORMAL,0.0
2026-04-21T08:44:44.592007,127.0.x.x,ef2f9f91273ffdad,48764,0,NON_MAVLINK_PROBE,SCANNER,0,,2235c87d,NORMAL,0.0
2026-04-21T08:44:52.597779,127.0.x.x,ef2f9f91273ffdad,55952,0,NON_MAVLINK_PROBE,SCANNER,0,,24599e42,NORMAL,0.0
2026-04-21T08:45:00.603057,127.0.x.x,ef2f9f91273ffdad,55958,0,NON_MAVLINK_PROBE,SCANNER,0,,aaa82ef1,NORMAL,0.0
2026-04-21T08:45:08.595123,127.0.x.x,ef2f9f91273ffdad,40270,0,NON_MAVLINK_PROBE,SCANNER,0,,78acebd3,NORMAL,0.0
2026-04-21T08:45:16.604502,127.0.x.x,ef2f9f91273ffdad,56652,0,NON_MAVLINK_PROBE,SCANNER,0,,aca14b09,NORMAL,0.0
2026-04-21T08:45:24.604951,127.0.x.x,ef2f9f91273ffdad,33072,0,NON_MAVLINK_PROBE,SCANNER,0,,b6f503f0,NORMAL,0.0
2026-04-21T08:45:32.610727,127.0.x.x,ef2f9f91273ffdad,37378,0,NON_MAVLINK_PROBE,SCANNER,0,,83d8a349,NORMAL,0.0
2026-04-21T09:33:00.432207,127.0.x.x,ef2f9f91273ffdad,57968,0,NON_MAVLINK_PROBE,SCANNER,0,,6f22258a,NORMAL,0.0
2026-04-21T10:49:52.424744,127.0.x.x,ef2f9f91273ffdad,56804,0,NON_MAVLINK_PROBE,SCANNER,0,,075d4a89,NORMAL,0.0
2026-04-21T11:26:50.587563,127.0.x.x,ef2f9f91273ffdad,35582,0,NON_MAVLINK_PROBE,SCANNER,0,,e7d6dfb4,NORMAL,0.0
2026-04-21T11:27:58.319764,80.66.x.x,3092dc1a2a48cab6,64361,0,NON_MAVLINK_PROBE,SCANNER,0,,721d55f3,NORMAL,0.0
2026-04-21T11:58:18.840950,127.0.x.x,ef2f9f91273ffdad,52856,0,NON_MAVLINK_PROBE,SCANNER,0,,fdb09f37,NORMAL,0.0
2026-04-21T12:00:33.998321,127.0.x.x,ef2f9f91273ffdad,39136,0,NON_MAVLINK_PROBE,SCANNER,0,,dac6529a,NORMAL,0.0
2026-04-21T12:26:13.224117,127.0.x.x,ef2f9f91273ffdad,44724,0,NON_MAVLINK_PROBE,SCANNER,0,,53bdc4c6,NORMAL,0.0
2026-04-21T13:30:44.486833,127.0.x.x,ef2f9f91273ffdad,40362,0,NON_MAVLINK_PROBE,SCANNER,0,,6277e421,NORMAL,0.0
2026-04-21T13:30:53.722514,127.0.x.x,ef2f9f91273ffdad,35194,0,NON_MAVLINK_PROBE,SCANNER,0,,d09e267a,NORMAL,0.0
2026-04-21T13:30:59.956152,127.0.x.x,ef2f9f91273ffdad,34610,0,NON_MAVLINK_PROBE,SCANNER,0,,a13d237c,NORMAL,0.0
2026-04-21T13:31:06.205204,127.0.x.x,ef2f9f91273ffdad,34620,0,NON_MAVLINK_PROBE,SCANNER,0,,3214b04a,NORMAL,0.0
2026-04-21T13:31:19.455577,127.0.x.x,ef2f9f91273ffdad,37396,0,NON_MAVLINK_PROBE,SCANNER,0,,b85426bf,NORMAL,0.0
2026-04-21T13:31:29.698137,127.0.x.x,ef2f9f91273ffdad,47764,0,NON_MAVLINK_PROBE,SCANNER,0,,351b8b58,NORMAL,0.0
2026-04-21T13:31:51.930264,127.0.x.x,ef2f9f91273ffdad,54486,0,NON_MAVLINK_PROBE,SCANNER,0,,b5c530a8,NORMAL,0.0
2026-04-21T13:31:58.246636,127.0.x.x,ef2f9f91273ffdad,34672,0,NON_MAVLINK_PROBE,SCANNER,0,,77f060f5,NORMAL,0.0
2026-04-21T13:32:07.942520,127.0.x.x,ef2f9f91273ffdad,34682,0,NON_MAVLINK_PROBE,SCANNER,0,,92baee17,NORMAL,0.0
2026-04-21T13:55:24.085566,127.0.x.x,ef2f9f91273ffdad,58984,0,NON_MAVLINK_PROBE,SCANNER,0,,bf18a2ef,NORMAL,0.0
2026-04-21T13:56:24.338889,127.0.x.x,ef2f9f91273ffdad,58988,0,NON_MAVLINK_PROBE,SCANNER,0,,ce022dc9,NORMAL,0.0
2026-04-21T13:56:32.334882,127.0.x.x,ef2f9f91273ffdad,58992,0,NON_MAVLINK_PROBE,SCANNER,0,,d4144db8,NORMAL,0.0
2026-04-21T13:58:56.227182,127.0.x.x,ef2f9f91273ffdad,37864,0,NON_MAVLINK_PROBE,SCANNER,0,,f86ef823,NORMAL,0.0
2026-04-21T14:18:40.142119,127.0.x.x,ef2f9f91273ffdad,50518,0,NON_MAVLINK_PROBE,SCANNER,0,,67bd7f72,NORMAL,0.0
2026-04-21T14:18:54.252325,127.0.x.x,ef2f9f91273ffdad,53028,0,NON_MAVLINK_PROBE,SCANNER,0,,c17e5677,NORMAL,0.0
2026-04-21T14:18:59.445553,127.0.x.x,ef2f9f91273ffdad,49150,0,NON_MAVLINK_PROBE,SCANNER,0,,d68d8af0,NORMAL,0.0
2026-04-21T14:19:04.686725,127.0.x.x,ef2f9f91273ffdad,49158,0,NON_MAVLINK_PROBE,SCANNER,0,,a3393a04,NORMAL,0.0
2026-04-21T14:19:09.890848,127.0.x.x,ef2f9f91273ffdad,33082,0,NON_MAVLINK_PROBE,SCANNER,0,,6e0f4bb9,NORMAL,0.0
2026-04-21T14:19:15.153304,127.0.x.x,ef2f9f91273ffdad,33088,0,NON_MAVLINK_PROBE,SCANNER,0,,82866e72,NORMAL,0.0
2026-04-21T14:19:20.399373,127.0.x.x,ef2f9f91273ffdad,36282,0,NON_MAVLINK_PROBE,SCANNER,0,,86d5db36,NORMAL,0.0
2026-04-21T14:19:25.599195,127.0.x.x,ef2f9f91273ffdad,36292,0,NON_MAVLINK_PROBE,SCANNER,0,,963ca653,NORMAL,0.0
2026-04-21T14:19:30.877811,127.0.x.x,ef2f9f91273ffdad,54840,0,NON_MAVLINK_PROBE,SCANNER,0,,7d4d0336,NORMAL,0.0
2026-04-21T14:19:36.077418,127.0.x.x,ef2f9f91273ffdad,54842,0,NON_MAVLINK_PROBE,SCANNER,0,,3613aab9,NORMAL,0.0
2026-04-21T14:19:43.839617,127.0.x.x,ef2f9f91273ffdad,54746,0,NON_MAVLINK_PROBE,SCANNER,0,,2a154194,NORMAL,0.0
2026-04-21T14:19:49.089140,127.0.x.x,ef2f9f91273ffdad,50656,0,NON_MAVLINK_PROBE,SCANNER,0,,13ac01aa,NORMAL,0.0
2026-04-21T14:19:54.330245,127.0.x.x,ef2f9f91273ffdad,50662,0,NON_MAVLINK_PROBE,SCANNER,0,,8f010281,NORMAL,0.0
2026-04-21T14:19:59.573182,127.0.x.x,ef2f9f91273ffdad,50282,0,NON_MAVLINK_PROBE,SCANNER,0,,8538f43c,NORMAL,0.0
2026-04-21T14:20:04.812961,127.0.x.x,ef2f9f91273ffdad,50286,0,NON_MAVLINK_PROBE,SCANNER,0,,51ab947e,NORMAL,0.0
2026-04-21T14:20:08.255659,127.0.x.x,ef2f9f91273ffdad,55658,0,NON_MAVLINK_PROBE,SCANNER,0,,29cabd05,NORMAL,0.0
2026-04-21T14:22:02.085531,127.0.x.x,ef2f9f91273ffdad,44674,0,NON_MAVLINK_PROBE,SCANNER,0,,24afe368,NORMAL,0.0
2026-04-21T14:47:19.898778,127.0.x.x,ef2f9f91273ffdad,57948,0,NON_MAVLINK_PROBE,SCANNER,0,,7f24a24d,NORMAL,0.0
2026-04-21T15:20:15.912403,127.0.x.x,ef2f9f91273ffdad,54738,0,NON_MAVLINK_PROBE,SCANNER,0,,11079c61,NORMAL,0.0
2026-04-21T17:25:35.791502,127.0.x.x,ef2f9f91273ffdad,35730,0,NON_MAVLINK_PROBE,SCANNER,0,,ee261c52,NORMAL,0.0
2026-04-21T17:49:51.263822,127.0.x.x,ef2f9f91273ffdad,53478,0,NON_MAVLINK_PROBE,SCANNER,0,,c0b7f887,NORMAL,0.0
2026-04-21T17:50:01.515887,127.0.x.x,ef2f9f91273ffdad,53486,0,NON_MAVLINK_PROBE,SCANNER,0,,f1bdc870,NORMAL,0.0
2026-04-21T17:50:01.573379,127.0.x.x,ef2f9f91273ffdad,53496,0,NON_MAVLINK_PROBE,SCANNER,0,,01294b0a,NORMAL,0.0
2026-04-21T17:50:01.593271,127.0.x.x,ef2f9f91273ffdad,53504,0,NON_MAVLINK_PROBE,SCANNER,0,,6e83f3d3,NORMAL,0.0
2026-04-21T17:50:01.625211,127.0.x.x,ef2f9f91273ffdad,53518,0,NON_MAVLINK_PROBE,SCANNER,0,,846f2ac0,NORMAL,0.0
2026-04-21T17:50:01.638745,127.0.x.x,ef2f9f91273ffdad,53534,0,NON_MAVLINK_PROBE,SCANNER,0,,fc55b245,NORMAL,0.0
2026-04-21T17:50:01.690553,127.0.x.x,ef2f9f91273ffdad,53546,0,NON_MAVLINK_PROBE,SCANNER,0,,1fc5ddb0,NORMAL,0.0
2026-04-21T17:50:01.739721,127.0.x.x,ef2f9f91273ffdad,53562,0,NON_MAVLINK_PROBE,SCANNER,0,,06475d03,NORMAL,0.0
2026-04-21T17:50:01.754864,127.0.x.x,ef2f9f91273ffdad,53572,0,NON_MAVLINK_PROBE,SCANNER,0,,fcb52184,NORMAL,0.0
2026-04-21T17:50:01.769596,127.0.x.x,ef2f9f91273ffdad,53582,0,NON_MAVLINK_PROBE,SCANNER,0,,ccd38b6e,NORMAL,0.0
2026-04-21T17:50:02.562593,127.0.x.x,ef2f9f91273ffdad,53588,0,NON_MAVLINK_PROBE,SCANNER,0,,3e922c29,NORMAL,0.0
2026-04-21T17:50:11.886059,127.0.x.x,ef2f9f91273ffdad,51126,0,NON_MAVLINK_PROBE,SCANNER,0,,5780dd4c,NORMAL,0.0
2026-04-21T17:50:11.902854,127.0.x.x,ef2f9f91273ffdad,51134,0,NON_MAVLINK_PROBE,SCANNER,0,,8438e2dc,NORMAL,0.0
2026-04-21T17:50:11.961007,127.0.x.x,ef2f9f91273ffdad,51146,0,NON_MAVLINK_PROBE,SCANNER,0,,9dd7bbc0,NORMAL,0.0
2026-04-21T17:50:12.006554,127.0.x.x,ef2f9f91273ffdad,51148,0,NON_MAVLINK_PROBE,SCANNER,0,,51c9fefa,NORMAL,0.0
2026-04-21T17:50:12.142138,127.0.x.x,ef2f9f91273ffdad,51150,0,NON_MAVLINK_PROBE,SCANNER,0,,4d07bb22,NORMAL,0.0
2026-04-21T17:50:12.197862,127.0.x.x,ef2f9f91273ffdad,51154,0,NON_MAVLINK_PROBE,SCANNER,0,,db91b5a7,NORMAL,0.0
2026-04-21T17:50:12.222003,127.0.x.x,ef2f9f91273ffdad,51166,0,NON_MAVLINK_PROBE,SCANNER,0,,60d378ab,NORMAL,0.0
2026-04-21T17:50:12.240743,127.0.x.x,ef2f9f91273ffdad,51178,0,NON_MAVLINK_PROBE,SCANNER,0,,10cbec1b,NORMAL,0.0
2026-04-21T17:50:12.769157,127.0.x.x,ef2f9f91273ffdad,51192,0,NON_MAVLINK_PROBE,SCANNER,0,,866026c8,NORMAL,0.0
2026-04-21T17:50:12.801531,127.0.x.x,ef2f9f91273ffdad,51198,0,NON_MAVLINK_PROBE,SCANNER,0,,c6a19314,NORMAL,0.0
2026-04-21T18:39:18.776115,127.0.x.x,ef2f9f91273ffdad,47644,0,NON_MAVLINK_PROBE,SCANNER,0,,bfa9a64b,NORMAL,0.0
2026-04-21T18:40:22.826509,127.0.x.x,ef2f9f91273ffdad,47652,0,NON_MAVLINK_PROBE,SCANNER,0,,758b044b,NORMAL,0.0
2026-04-21T18:42:44.942311,127.0.x.x,ef2f9f91273ffdad,41844,0,NON_MAVLINK_PROBE,SCANNER,0,,23216323,NORMAL,0.0
2026-04-21T19:11:39.702556,127.0.x.x,ef2f9f91273ffdad,60138,0,NON_MAVLINK_PROBE,SCANNER,0,,b4db9b26,NORMAL,0.0
2026-04-21T19:11:50.134244,127.0.x.x,ef2f9f91273ffdad,47914,0,NON_MAVLINK_PROBE,SCANNER,0,,5e7add2e,NORMAL,0.0
2026-04-21T19:12:10.530072,127.0.x.x,ef2f9f91273ffdad,46176,0,NON_MAVLINK_PROBE,SCANNER,0,,1ec5a1fc,NORMAL,0.0
2026-04-21T19:12:20.990864,127.0.x.x,ef2f9f91273ffdad,43546,0,NON_MAVLINK_PROBE,SCANNER,0,,bc04074e,NORMAL,0.0
2026-04-21T19:12:31.361320,127.0.x.x,ef2f9f91273ffdad,51546,0,NON_MAVLINK_PROBE,SCANNER,0,,0ac06483,NORMAL,0.0
2026-04-21T19:12:41.817837,127.0.x.x,ef2f9f91273ffdad,38476,0,NON_MAVLINK_PROBE,SCANNER,0,,dcb47d49,NORMAL,0.0
2026-04-21T19:12:52.290629,127.0.x.x,ef2f9f91273ffdad,50688,0,NON_MAVLINK_PROBE,SCANNER,0,,33d7bbd4,NORMAL,0.0
2026-04-21T19:13:02.786444,127.0.x.x,ef2f9f91273ffdad,45786,0,NON_MAVLINK_PROBE,SCANNER,0,,0421b9c4,NORMAL,0.0
2026-04-21T19:13:13.697174,127.0.x.x,ef2f9f91273ffdad,55442,0,NON_MAVLINK_PROBE,SCANNER,0,,19fd68c5,NORMAL,0.0
2026-04-21T19:13:24.125431,127.0.x.x,ef2f9f91273ffdad,46824,0,NON_MAVLINK_PROBE,SCANNER,0,,53f675e0,NORMAL,0.0
2026-04-21T19:53:26.493722,127.0.x.x,ef2f9f91273ffdad,57370,0,NON_MAVLINK_PROBE,SCANNER,0,,1ea86896,NORMAL,0.0
2026-04-21T19:53:26.490262,127.0.x.x,ef2f9f91273ffdad,57368,0,NON_MAVLINK_PROBE,SCANNER,0,,5a3213e2,NORMAL,0.0
2026-04-21T19:53:36.493088,127.0.x.x,ef2f9f91273ffdad,51672,0,NON_MAVLINK_PROBE,SCANNER,0,,8f81180c,NORMAL,0.0
2026-04-21T19:53:36.490148,127.0.x.x,ef2f9f91273ffdad,51658,0,NON_MAVLINK_PROBE,SCANNER,0,,149d51bd,NORMAL,0.0
2026-04-21T21:26:31.371613,127.0.x.x,ef2f9f91273ffdad,42250,0,NON_MAVLINK_PROBE,SCANNER,0,,c7328c9c,NORMAL,0.0
2026-04-21T21:26:45.617034,127.0.x.x,ef2f9f91273ffdad,42752,0,NON_MAVLINK_PROBE,SCANNER,0,,8f06d3bf,NORMAL,0.0
2026-04-21T21:26:59.824791,127.0.x.x,ef2f9f91273ffdad,33124,0,NON_MAVLINK_PROBE,SCANNER,0,,db556dd9,NORMAL,0.0
2026-04-21T21:27:12.146798,127.0.x.x,ef2f9f91273ffdad,33898,0,NON_MAVLINK_PROBE,SCANNER,0,,973d7dd9,NORMAL,0.0
2026-04-21T21:29:02.365872,127.0.x.x,ef2f9f91273ffdad,51390,0,NON_MAVLINK_PROBE,SCANNER,0,,e4270b2b,NORMAL,0.0
2026-04-21T21:49:22.013722,127.0.x.x,ef2f9f91273ffdad,47370,0,NON_MAVLINK_PROBE,SCANNER,0,,3fde8342,NORMAL,0.0
2026-04-21T21:59:45.406738,127.0.x.x,ef2f9f91273ffdad,57162,0,NON_MAVLINK_PROBE,SCANNER,0,,07d1f077,NORMAL,0.0
2026-04-21T22:10:17.256054,127.0.x.x,ef2f9f91273ffdad,38654,0,NON_MAVLINK_PROBE,SCANNER,0,,38aee569,NORMAL,0.0
2026-04-21T22:10:17.260687,127.0.x.x,ef2f9f91273ffdad,36712,0,NON_MAVLINK_PROBE,SCANNER,0,,007447ca,NORMAL,0.0
2026-04-21T22:14:56.020976,127.0.x.x,ef2f9f91273ffdad,53990,0,NON_MAVLINK_PROBE,SCANNER,0,,b8a659e0,NORMAL,0.0
2026-04-21T22:15:06.225789,127.0.x.x,ef2f9f91273ffdad,44368,0,NON_MAVLINK_PROBE,SCANNER,0,,98c795f9,NORMAL,0.0
2026-04-21T22:31:54.716916,127.0.x.x,ef2f9f91273ffdad,53266,0,NON_MAVLINK_PROBE,SCANNER,0,,181aa1ae,NORMAL,0.0
2026-04-21T22:35:41.889322,127.0.x.x,ef2f9f91273ffdad,55280,0,NON_MAVLINK_PROBE,SCANNER,0,,3ef728e5,NORMAL,0.0
2026-04-21T22:36:46.021494,127.0.x.x,ef2f9f91273ffdad,49912,0,NON_MAVLINK_PROBE,SCANNER,0,,4e244ed1,NORMAL,0.0
2026-04-21T22:44:15.874952,127.0.x.x,ef2f9f91273ffdad,37826,0,NON_MAVLINK_PROBE,SCANNER,0,,12bde393,NORMAL,0.0
2026-04-21T22:48:46.030089,127.0.x.x,ef2f9f91273ffdad,49806,0,NON_MAVLINK_PROBE,SCANNER,0,,caf032f0,NORMAL,0.0
2026-04-21T22:48:49.395389,127.0.x.x,ef2f9f91273ffdad,49086,0,NON_MAVLINK_PROBE,SCANNER,0,,1958d686,NORMAL,0.0
2026-04-21T22:49:22.264345,127.0.x.x,ef2f9f91273ffdad,52378,0,NON_MAVLINK_PROBE,SCANNER,0,,822ca47d,NORMAL,0.0
2026-04-21T22:49:30.317381,127.0.x.x,ef2f9f91273ffdad,50942,0,NON_MAVLINK_PROBE,SCANNER,0,,4ac4218c,NORMAL,0.0
2026-04-21T22:50:08.026174,127.0.x.x,ef2f9f91273ffdad,48524,0,NON_MAVLINK_PROBE,SCANNER,0,,5fc3bafc,NORMAL,0.0
2026-04-21T22:50:08.744901,127.0.x.x,ef2f9f91273ffdad,34702,0,NON_MAVLINK_PROBE,SCANNER,0,,11baa99b,NORMAL,0.0
2026-04-22T00:43:49.724689,127.0.x.x,ef2f9f91273ffdad,34882,0,NON_MAVLINK_PROBE,SCANNER,0,,e82f1e8b,NORMAL,0.0
2026-04-22T02:15:35.741675,127.0.x.x,ef2f9f91273ffdad,42838,0,NON_MAVLINK_PROBE,SCANNER,0,,53815a64,NORMAL,0.0
2026-04-22T02:30:42.411804,127.0.x.x,ef2f9f91273ffdad,33612,0,NON_MAVLINK_PROBE,SCANNER,0,,c3cae19b,NORMAL,0.0
2026-04-22T02:30:45.444634,127.0.x.x,ef2f9f91273ffdad,33618,0,NON_MAVLINK_PROBE,SCANNER,0,,7284c3db,NORMAL,0.0
2026-04-22T02:34:42.647075,127.0.x.x,ef2f9f91273ffdad,36228,0,NON_MAVLINK_PROBE,SCANNER,0,,5ee2c4e9,NORMAL,0.0
2026-04-22T02:34:44.321336,127.0.x.x,ef2f9f91273ffdad,33640,0,NON_MAVLINK_PROBE,SCANNER,0,,c8575652,NORMAL,0.0
2026-04-22T02:35:12.979389,127.0.x.x,ef2f9f91273ffdad,55942,0,NON_MAVLINK_PROBE,SCANNER,0,,aface6a2,NORMAL,0.0
2026-04-22T02:35:20.244023,127.0.x.x,ef2f9f91273ffdad,48928,0,NON_MAVLINK_PROBE,SCANNER,0,,f9b2a5bb,NORMAL,0.0
2026-04-22T02:35:29.669366,127.0.x.x,ef2f9f91273ffdad,52982,0,NON_MAVLINK_PROBE,SCANNER,0,,9e496656,NORMAL,0.0
2026-04-22T02:35:43.291503,127.0.x.x,ef2f9f91273ffdad,43852,0,NON_MAVLINK_PROBE,SCANNER,0,,f542397e,NORMAL,0.0
2026-04-22T02:51:18.946145,127.0.x.x,ef2f9f91273ffdad,48806,0,NON_MAVLINK_PROBE,SCANNER,0,,e6114c62,NORMAL,0.0
2026-04-22T04:52:24.032534,127.0.x.x,ef2f9f91273ffdad,37958,0,NON_MAVLINK_PROBE,SCANNER,0,,0de6752a,NORMAL,0.0
2026-04-22T05:19:16.480663,127.0.x.x,ef2f9f91273ffdad,35752,0,NON_MAVLINK_PROBE,SCANNER,0,,bb5dce78,NORMAL,0.0
2026-04-22T05:32:28.528719,127.0.x.x,ef2f9f91273ffdad,44164,0,NON_MAVLINK_PROBE,SCANNER,0,,eab86f7a,NORMAL,0.0
2026-04-22T05:46:54.201685,127.0.x.x,ef2f9f91273ffdad,34954,0,NON_MAVLINK_PROBE,SCANNER,0,,9cd6cbb1,NORMAL,0.0
2026-04-22T05:47:24.200043,127.0.x.x,ef2f9f91273ffdad,57904,0,NON_MAVLINK_PROBE,SCANNER,0,,0263776a,NORMAL,0.0
2026-04-22T06:14:29.980612,127.0.x.x,ef2f9f91273ffdad,41858,0,NON_MAVLINK_PROBE,SCANNER,0,,05f9b0bf,NORMAL,0.0
2026-04-22T06:48:30.393493,127.0.x.x,ef2f9f91273ffdad,55008,0,NON_MAVLINK_PROBE,SCANNER,0,,13992b7a,NORMAL,0.0
2026-04-22T06:48:43.564141,127.0.x.x,ef2f9f91273ffdad,51548,0,NON_MAVLINK_PROBE,SCANNER,0,,8385fb32,NORMAL,0.0
2026-04-22T06:48:45.675887,127.0.x.x,ef2f9f91273ffdad,45452,0,NON_MAVLINK_PROBE,SCANNER,0,,a36f04cf,NORMAL,0.0
2026-04-22T06:49:23.271962,127.0.x.x,ef2f9f91273ffdad,49780,0,NON_MAVLINK_PROBE,SCANNER,0,,2d409514,NORMAL,0.0
2026-04-22T06:49:23.600282,127.0.x.x,ef2f9f91273ffdad,48972,0,NON_MAVLINK_PROBE,SCANNER,0,,c07bf828,NORMAL,0.0
2026-04-22T06:49:48.934344,127.0.x.x,ef2f9f91273ffdad,44734,0,NON_MAVLINK_PROBE,SCANNER,0,,958ec14d,NORMAL,0.0
2026-04-22T06:49:58.756646,127.0.x.x,ef2f9f91273ffdad,48322,0,NON_MAVLINK_PROBE,SCANNER,0,,e2680077,NORMAL,0.0
2026-04-22T07:14:11.108340,127.0.x.x,ef2f9f91273ffdad,57050,0,NON_MAVLINK_PROBE,SCANNER,0,,5879089f,NORMAL,0.0
2026-04-22T07:34:13.066604,127.0.x.x,ef2f9f91273ffdad,44568,0,NON_MAVLINK_PROBE,SCANNER,0,,dd815dcb,NORMAL,0.0
2026-04-22T08:12:52.074603,127.0.x.x,ef2f9f91273ffdad,36560,0,NON_MAVLINK_PROBE,SCANNER,0,,720f1c78,NORMAL,0.0
2026-04-22T08:14:43.757028,127.0.x.x,ef2f9f91273ffdad,59748,0,NON_MAVLINK_PROBE,SCANNER,0,,77f322a1,NORMAL,0.0
2026-04-22T08:14:47.820306,127.0.x.x,ef2f9f91273ffdad,59732,0,NON_MAVLINK_PROBE,SCANNER,0,,55544be7,NORMAL,0.0
2026-04-22T08:15:01.890467,127.0.x.x,ef2f9f91273ffdad,53670,0,NON_MAVLINK_PROBE,SCANNER,0,,5c01cd8b,NORMAL,0.0
2026-04-22T08:17:47.765013,127.0.x.x,ef2f9f91273ffdad,39670,0,NON_MAVLINK_PROBE,SCANNER,0,,4e8a1fe3,NORMAL,0.0
2026-04-22T08:20:11.169024,127.0.x.x,ef2f9f91273ffdad,43056,0,NON_MAVLINK_PROBE,SCANNER,0,,83e0eca9,NORMAL,0.0
2026-04-22T08:48:34.808721,127.0.x.x,ef2f9f91273ffdad,59112,0,NON_MAVLINK_PROBE,SCANNER,0,,e83dcc29,NORMAL,0.0
2026-04-22T09:18:29.958250,127.0.x.x,ef2f9f91273ffdad,44932,0,NON_MAVLINK_PROBE,SCANNER,0,,e7c9aa37,NORMAL,0.0
2026-04-22T09:18:29.959885,127.0.x.x,ef2f9f91273ffdad,44916,0,NON_MAVLINK_PROBE,SCANNER,0,,22e3fc22,NORMAL,0.0
2026-04-22T09:18:39.959458,127.0.x.x,ef2f9f91273ffdad,49708,0,NON_MAVLINK_PROBE,SCANNER,0,,65b80e25,NORMAL,0.0
2026-04-22T09:18:39.960762,127.0.x.x,ef2f9f91273ffdad,49718,0,NON_MAVLINK_PROBE,SCANNER,0,,b00e9513,NORMAL,0.0
2026-04-22T09:41:39.226267,127.0.x.x,ef2f9f91273ffdad,50464,0,NON_MAVLINK_PROBE,SCANNER,0,,2a96b760,NORMAL,0.0
2026-04-22T09:58:19.424936,127.0.x.x,ef2f9f91273ffdad,36384,0,NON_MAVLINK_PROBE,SCANNER,0,,c5c20dc1,NORMAL,0.0
2026-04-22T09:58:24.423527,127.0.x.x,ef2f9f91273ffdad,36390,0,NON_MAVLINK_PROBE,SCANNER,0,,6be7fbb8,NORMAL,0.0
2026-04-22T09:58:29.423252,127.0.x.x,ef2f9f91273ffdad,35038,0,NON_MAVLINK_PROBE,SCANNER,0,,e584376c,NORMAL,0.0
2026-04-22T09:58:34.432725,127.0.x.x,ef2f9f91273ffdad,35040,0,NON_MAVLINK_PROBE,SCANNER,0,,5e519c34,NORMAL,0.0
2026-04-22T09:58:39.455775,127.0.x.x,ef2f9f91273ffdad,50052,0,NON_MAVLINK_PROBE,SCANNER,0,,b3cd07fd,NORMAL,0.0
2026-04-22T09:58:44.457174,127.0.x.x,ef2f9f91273ffdad,50058,0,NON_MAVLINK_PROBE,SCANNER,0,,e7397de9,NORMAL,0.0
2026-04-22T09:58:49.456166,127.0.x.x,ef2f9f91273ffdad,41638,0,NON_MAVLINK_PROBE,SCANNER,0,,36b53096,NORMAL,0.0
2026-04-22T10:33:12.212815,127.0.x.x,ef2f9f91273ffdad,58686,0,NON_MAVLINK_PROBE,SCANNER,0,,acb0b7de,NORMAL,0.0
2026-04-22T10:36:06.601531,127.0.x.x,ef2f9f91273ffdad,42692,0,NON_MAVLINK_PROBE,SCANNER,0,,b2a9c187,NORMAL,0.0
2026-04-22T10:36:16.230793,127.0.x.x,ef2f9f91273ffdad,43684,0,NON_MAVLINK_PROBE,SCANNER,0,,4c32a1d7,NORMAL,0.0
2026-04-22T10:36:32.425791,127.0.x.x,ef2f9f91273ffdad,47266,0,NON_MAVLINK_PROBE,SCANNER,0,,a6bce74e,NORMAL,0.0
2026-04-22T10:36:46.587695,127.0.x.x,ef2f9f91273ffdad,40098,0,NON_MAVLINK_PROBE,SCANNER,0,,f31a725a,NORMAL,0.0
2026-04-22T10:37:04.406326,127.0.x.x,ef2f9f91273ffdad,39514,0,NON_MAVLINK_PROBE,SCANNER,0,,6ace5ba8,NORMAL,0.0
2026-04-22T10:37:18.666734,127.0.x.x,ef2f9f91273ffdad,41158,0,NON_MAVLINK_PROBE,SCANNER,0,,0244d1f4,NORMAL,0.0
2026-04-22T10:50:35.525280,127.0.x.x,ef2f9f91273ffdad,40378,0,NON_MAVLINK_PROBE,SCANNER,0,,aa7968ad,NORMAL,0.0
2026-04-22T11:26:13.263214,127.0.x.x,ef2f9f91273ffdad,40988,0,NON_MAVLINK_PROBE,SCANNER,0,,96922a12,NORMAL,0.0
2026-04-22T11:58:00.594426,127.0.x.x,ef2f9f91273ffdad,38370,0,NON_MAVLINK_PROBE,SCANNER,0,,ae8aefc5,NORMAL,0.0
2026-04-22T12:19:08.033174,223.31.x.x,4454cbcd1c41c537,57839,0,NON_MAVLINK_PROBE,SCANNER,0,,8ae8253b,NORMAL,0.0
2026-04-22T12:19:50.357088,223.31.x.x,4454cbcd1c41c537,57855,0,NON_MAVLINK_PROBE,SCANNER,0,,fb67c545,NORMAL,0.0
2026-04-22T12:19:50.399031,223.31.x.x,4454cbcd1c41c537,57856,0,NON_MAVLINK_PROBE,SCANNER,0,,ac4fe36f,NORMAL,0.0
2026-04-22T12:23:30.314544,20.169.x.x,e8b2a8c6089aa89f,59360,0,NON_MAVLINK_PROBE,SCANNER,0,,946812f5,NORMAL,0.0
2026-04-22T12:46:10.455693,223.31.x.x,4454cbcd1c41c537,64228,0,NON_MAVLINK_PROBE,SCANNER,0,,46444165,NORMAL,0.0
2026-04-22T12:46:10.555942,223.31.x.x,4454cbcd1c41c537,64229,0,NON_MAVLINK_PROBE,SCANNER,0,,8d5e3839,NORMAL,0.0
2026-04-22T14:16:48.690269,66.132.x.x,7b99094223cf759d,38144,0,NON_MAVLINK_PROBE,SCANNER,0,,cab41fed,NORMAL,0.0
2026-04-22T14:17:00.578745,66.132.x.x,7b99094223cf759d,17848,0,NON_MAVLINK_PROBE,SCANNER,0,,9d33d59c,NORMAL,0.0
2026-04-22T14:17:30.018280,66.132.x.x,3c0334f8ee2b73be,25726,0,NON_MAVLINK_PROBE,SCANNER,0,,7e3ae743,NORMAL,0.0
2026-04-22T14:17:32.244442,66.132.x.x,3c0334f8ee2b73be,32282,0,NON_MAVLINK_PROBE,SCANNER,0,,0e5f9f9f,NORMAL,0.0
2026-04-22T14:17:55.470229,66.132.x.x,e2b619b1e1dddc4f,39942,0,NON_MAVLINK_PROBE,SCANNER,0,,d2a3fe3c,NORMAL,0.0
2026-04-22T14:18:07.550653,66.132.x.x,e2b619b1e1dddc4f,13866,0,NON_MAVLINK_PROBE,SCANNER,0,,6b0e760e,NORMAL,0.0
2026-04-22T14:55:30.031480,176.65.x.x,3caaee43e61f0c4c,38602,0,NON_MAVLINK_PROBE,SCANNER,0,,45a453a7,NORMAL,0.0
2026-04-22T15:10:30.851288,2.26.x.x,c3ca72a28bb1ba84,34206,0,NON_MAVLINK_PROBE,SCANNER,0,,9ff1b7c9,NORMAL,0.0
2026-04-22T15:31:17.914138,209.99.x.x,3dc2280fd6b5dab1,37236,0,NON_MAVLINK_PROBE,SCANNER,0,,37f9f252,NORMAL,0.0
2026-04-22T15:31:28.444295,209.99.x.x,3dc2280fd6b5dab1,56954,0,NON_MAVLINK_PROBE,SCANNER,0,,2a133b4b,NORMAL,0.0
2026-04-22T15:31:38.691154,209.99.x.x,3dc2280fd6b5dab1,42190,0,NON_MAVLINK_PROBE,SCANNER,0,,3c64fd9b,NORMAL,0.0
2026-04-22T15:31:49.158390,209.99.x.x,3dc2280fd6b5dab1,35838,0,NON_MAVLINK_PROBE,SCANNER,0,,aeefac9e,NORMAL,0.0
2026-04-22T15:32:01.357370,209.99.x.x,3dc2280fd6b5dab1,59134,0,NON_MAVLINK_PROBE,SCANNER,0,,adb0fb4f,NORMAL,0.0
2026-04-22T16:13:20.496960,176.65.x.x,3caaee43e61f0c4c,35802,0,NON_MAVLINK_PROBE,SCANNER,0,,7c7d7812,NORMAL,0.0
2026-04-22T16:58:45.088376,223.31.x.x,4454cbcd1c41c537,62817,0,NON_MAVLINK_PROBE,SCANNER,0,,dd718dfd,NORMAL,0.0
2026-04-22T16:59:50.317958,223.31.x.x,4454cbcd1c41c537,62843,0,NON_MAVLINK_PROBE,SCANNER,0,,57c1c01b,NORMAL,0.0
2026-04-22T17:17:53.381477,64.227.x.x,dd6cbcfa7d50bd5d,57212,0,NON_MAVLINK_PROBE,SCANNER,0,,cb4a00e5,NORMAL,0.0
2026-04-22T17:17:54.295129,64.227.x.x,dd6cbcfa7d50bd5d,57228,0,NON_MAVLINK_PROBE,SCANNER,0,,00f8e4b5,NORMAL,0.0
2026-04-22T17:17:55.191227,64.227.x.x,dd6cbcfa7d50bd5d,57244,0,NON_MAVLINK_PROBE,SCANNER,0,,7d1c5648,NORMAL,0.0
2026-04-22T17:17:56.084701,64.227.x.x,dd6cbcfa7d50bd5d,57256,0,NON_MAVLINK_PROBE,SCANNER,0,,01391627,NORMAL,0.0
2026-04-22T17:17:56.973586,64.227.x.x,dd6cbcfa7d50bd5d,57260,0,NON_MAVLINK_PROBE,SCANNER,0,,71c692a0,NORMAL,0.0
2026-04-22T17:17:57.869397,64.227.x.x,dd6cbcfa7d50bd5d,33406,0,NON_MAVLINK_PROBE,SCANNER,0,,fb60a427,NORMAL,0.0
2026-04-22T17:17:58.762049,64.227.x.x,dd6cbcfa7d50bd5d,33408,0,NON_MAVLINK_PROBE,SCANNER,0,,c2bce6d8,NORMAL,0.0
2026-04-22T17:17:59.650223,64.227.x.x,dd6cbcfa7d50bd5d,33422,0,NON_MAVLINK_PROBE,SCANNER,0,,00110d03,NORMAL,0.0
2026-04-22T17:18:00.537141,64.227.x.x,dd6cbcfa7d50bd5d,33430,0,NON_MAVLINK_PROBE,SCANNER,0,,9fb8308b,NORMAL,0.0
2026-04-22T17:52:53.638448,176.65.x.x,8ecb668eed5ac938,44310,0,NON_MAVLINK_PROBE,SCANNER,0,,2a57f924,NORMAL,0.0
2026-04-22T17:59:37.331346,45.63.x.x,ced709a6daad8b7a,47632,0,NON_MAVLINK_PROBE,SCANNER,0,,ab3f0249,NORMAL,0.0
2026-04-22T18:03:35.162051,79.124.x.x,a3dc2bc09007bf5d,51254,0,NON_MAVLINK_PROBE,SCANNER,0,,ec1a4d3e,NORMAL,0.0
2026-04-22T18:11:34.237093,45.156.x.x,5fb542e428fe744e,32904,0,NON_MAVLINK_PROBE,SCANNER,0,,3afe1a7e,NORMAL,0.0
2026-04-22T18:11:42.246823,45.156.x.x,6f98a9202d8376e0,47372,0,NON_MAVLINK_PROBE,SCANNER,0,,f386fe00,NORMAL,0.0
2026-04-22T18:18:57.762140,66.132.x.x,0403a476c9353747,33138,0,NON_MAVLINK_PROBE,SCANNER,0,,3513f544,NORMAL,0.0
2026-04-22T18:19:05.609812,66.132.x.x,0403a476c9353747,33152,0,NON_MAVLINK_PROBE,SCANNER,0,,0ffd7f5f,NORMAL,0.0
2026-04-22T18:19:12.273419,66.132.x.x,0cba1a5d5a989e1d,47524,0,NON_MAVLINK_PROBE,SCANNER,0,,8e642560,NORMAL,0.0
2026-04-22T18:19:25.010100,66.132.x.x,0cba1a5d5a989e1d,47534,0,NON_MAVLINK_PROBE,SCANNER,0,,7d7490dd,NORMAL,0.0
2026-04-22T18:19:50.838017,66.132.x.x,c1e2305ae1e831f1,35262,0,NON_MAVLINK_PROBE,SCANNER,0,,4cc1f31b,NORMAL,0.0
2026-04-22T18:19:53.219360,66.132.x.x,c1e2305ae1e831f1,35312,0,NON_MAVLINK_PROBE,SCANNER,0,,d35a1a13,NORMAL,0.0
2026-04-22T18:31:13.623643,81.29.x.x,71eb0443981e4962,43402,0,NON_MAVLINK_PROBE,SCANNER,0,,79756b8d,NORMAL,0.0
2026-04-22T18:31:36.732885,81.29.x.x,71eb0443981e4962,43408,0,NON_MAVLINK_PROBE,SCANNER,0,,d6c48010,NORMAL,0.0
2026-04-22T18:32:43.352922,216.128.x.x,a5f2fef302289485,37054,0,NON_MAVLINK_PROBE,SCANNER,0,,02f87aa8,NORMAL,0.0
2026-04-22T18:40:15.973202,79.124.x.x,a3dc2bc09007bf5d,35166,0,NON_MAVLINK_PROBE,SCANNER,0,,fb5d906c,NORMAL,0.0
2026-04-22T18:58:42.830830,51.158.x.x,2ad72199ee2dac6a,33958,0,NON_MAVLINK_PROBE,SCANNER,0,,1219014c,NORMAL,0.0
2026-04-22T18:58:43.150263,51.158.x.x,2ad72199ee2dac6a,33962,0,NON_MAVLINK_PROBE,SCANNER,0,,31ddd1bf,NORMAL,0.0
2026-04-22T19:26:23.961855,176.65.x.x,3caaee43e61f0c4c,46002,0,NON_MAVLINK_PROBE,SCANNER,0,,9f580950,NORMAL,0.0
2026-04-22T19:30:19.905933,165.154.x.x,8277aa6cf2a7ce6e,52758,0,NON_MAVLINK_PROBE,SCANNER,0,,74cbf052,NORMAL,0.0
2026-04-22T19:30:38.509943,165.154.x.x,8277aa6cf2a7ce6e,52764,0,NON_MAVLINK_PROBE,SCANNER,0,,2a055fea,NORMAL,0.0
2026-04-22T19:30:57.082737,165.154.x.x,8277aa6cf2a7ce6e,51518,0,NON_MAVLINK_PROBE,SCANNER,0,,7e87ffd0,NORMAL,0.0
2026-04-22T19:31:15.702077,165.154.x.x,8277aa6cf2a7ce6e,46482,0,NON_MAVLINK_PROBE,SCANNER,0,,e0fcae98,NORMAL,0.0
2026-04-22T19:31:34.316408,165.154.x.x,8277aa6cf2a7ce6e,49268,0,NON_MAVLINK_PROBE,SCANNER,0,,0af47154,NORMAL,0.0
2026-04-22T19:31:52.962863,165.154.x.x,8277aa6cf2a7ce6e,36158,0,NON_MAVLINK_PROBE,SCANNER,0,,60c6f700,NORMAL,0.0
2026-04-22T19:32:11.522787,165.154.x.x,8277aa6cf2a7ce6e,39494,0,NON_MAVLINK_PROBE,SCANNER,0,,d540d8a0,NORMAL,0.0
2026-04-22T19:32:30.126714,165.154.x.x,8277aa6cf2a7ce6e,49770,0,NON_MAVLINK_PROBE,SCANNER,0,,68821382,NORMAL,0.0
2026-04-22T19:32:48.657444,165.154.x.x,8277aa6cf2a7ce6e,34936,0,NON_MAVLINK_PROBE,SCANNER,0,,5bb5a3b4,NORMAL,0.0
2026-04-22T19:33:07.236650,165.154.x.x,8277aa6cf2a7ce6e,54100,0,NON_MAVLINK_PROBE,SCANNER,0,,0857b4af,NORMAL,0.0
2026-04-22T19:54:31.240612,158.255.x.x,dcccbf35f9594ecf,37022,0,NON_MAVLINK_PROBE,SCANNER,0,,52c0446c,NORMAL,0.0
2026-04-22T20:32:04.110712,205.210.x.x,f679b1563736e8e1,53954,0,NON_MAVLINK_PROBE,SCANNER,0,,14790b78,NORMAL,0.0
2026-04-22T20:41:49.866199,64.89.x.x,444f37938c56acc4,50480,0,NON_MAVLINK_PROBE,SCANNER,0,,96a0882c,NORMAL,0.0
2026-04-22T21:23:56.274409,176.65.x.x,8ecb668eed5ac938,37410,0,NON_MAVLINK_PROBE,SCANNER,0,,74b129d1,NORMAL,0.0
2026-04-22T21:41:54.547860,128.14.x.x,7b243a5fe207b34f,41384,0,NON_MAVLINK_PROBE,SCANNER,0,,fc2446ed,NORMAL,0.0
2026-04-22T21:42:12.749681,128.14.x.x,7b243a5fe207b34f,41392,0,NON_MAVLINK_PROBE,SCANNER,0,,963886e0,NORMAL,0.0
2026-04-22T21:42:30.982912,128.14.x.x,7b243a5fe207b34f,58266,0,NON_MAVLINK_PROBE,SCANNER,0,,0d8baacc,NORMAL,0.0
2026-04-22T21:42:49.176574,128.14.x.x,7b243a5fe207b34f,48388,0,NON_MAVLINK_PROBE,SCANNER,0,,4fa209ed,NORMAL,0.0
2026-04-22T21:43:07.361823,128.14.x.x,7b243a5fe207b34f,33466,0,NON_MAVLINK_PROBE,SCANNER,0,,273add62,NORMAL,0.0
2026-04-22T21:43:25.554753,128.14.x.x,7b243a5fe207b34f,35776,0,NON_MAVLINK_PROBE,SCANNER,0,,717f49bf,NORMAL,0.0
2026-04-22T21:43:43.737128,128.14.x.x,7b243a5fe207b34f,36816,0,NON_MAVLINK_PROBE,SCANNER,0,,9e60d481,NORMAL,0.0
2026-04-22T21:44:02.002574,128.14.x.x,7b243a5fe207b34f,52010,0,NON_MAVLINK_PROBE,SCANNER,0,,c6edc90a,NORMAL,0.0
2026-04-22T21:44:20.189887,128.14.x.x,7b243a5fe207b34f,36560,0,NON_MAVLINK_PROBE,SCANNER,0,,f9bfbf4d,NORMAL,0.0
2026-04-22T21:44:38.382661,128.14.x.x,7b243a5fe207b34f,38780,0,NON_MAVLINK_PROBE,SCANNER,0,,0310668a,NORMAL,0.0
2026-04-22T21:52:12.052507,2.26.x.x,c3ca72a28bb1ba84,52872,0,NON_MAVLINK_PROBE,SCANNER,0,,5248143d,NORMAL,0.0
2026-04-22T22:40:18.102377,66.132.x.x,2a46738656b4ea48,59776,0,NON_MAVLINK_PROBE,SCANNER,0,,dd42b9c2,NORMAL,0.0
2026-04-22T22:40:20.017252,66.132.x.x,2a46738656b4ea48,59784,0,NON_MAVLINK_PROBE,SCANNER,0,,b22b3c0a,NORMAL,0.0
2026-04-22T22:40:49.811182,66.132.x.x,13a33a3c01d8fb38,49076,0,NON_MAVLINK_PROBE,SCANNER,0,,7709ba5b,NORMAL,0.0
2026-04-22T22:41:00.445389,66.132.x.x,13a33a3c01d8fb38,49092,0,NON_MAVLINK_PROBE,SCANNER,0,,54a79ed0,NORMAL,0.0
2026-04-22T22:41:20.312927,66.132.x.x,492cc1232d63f7bf,29406,0,NON_MAVLINK_PROBE,SCANNER,0,,96fa9a16,NORMAL,0.0
2026-04-22T22:41:21.506654,66.132.x.x,492cc1232d63f7bf,29422,0,NON_MAVLINK_PROBE,SCANNER,0,,0d90aaa9,NORMAL,0.0
2026-04-22T23:26:26.220024,20.84.x.x,551f5b1022b4151c,56460,0,NON_MAVLINK_PROBE,SCANNER,0,,134177a1,NORMAL,0.0
2026-04-22T23:26:26.695488,20.84.x.x,551f5b1022b4151c,56470,0,NON_MAVLINK_PROBE,SCANNER,0,,29d4eb10,NORMAL,0.0
2026-04-22T23:54:37.269819,193.142.x.x,5d4b64e08b501f68,33568,0,NON_MAVLINK_PROBE,SCANNER,0,,1b6554e1,NORMAL,0.0
2026-04-23T00:20:42.458795,205.210.x.x,8931c629867c9dfb,64676,0,NON_MAVLINK_PROBE,SCANNER,0,,f64cafbd,NORMAL,0.0
2026-04-23T00:43:25.174145,54.160.x.x,12f5326c7e290c78,24004,0,NON_MAVLINK_PROBE,SCANNER,0,,0f389381,NORMAL,0.0
2026-04-23T00:47:08.153263,64.62.x.x,d77f9517db603218,53418,0,NON_MAVLINK_PROBE,SCANNER,0,,a6a25c39,NORMAL,0.0
2026-04-23T02:14:44.070097,159.89.x.x,fcba2fde0ce228f2,55328,0,NON_MAVLINK_PROBE,SCANNER,0,,1e52c226,NORMAL,0.0
2026-04-23T02:14:47.310881,159.89.x.x,fcba2fde0ce228f2,55338,0,NON_MAVLINK_PROBE,SCANNER,0,,1c7959ae,NORMAL,0.0
2026-04-23T02:32:42.846418,142.93.x.x,27050879a13afb62,53526,0,NON_MAVLINK_PROBE,SCANNER,0,,411421a7,NORMAL,0.0
2026-04-23T02:59:53.995262,66.132.x.x,1650920b31fbc7f3,57216,0,NON_MAVLINK_PROBE,SCANNER,0,,8bc1af6b,NORMAL,0.0
2026-04-23T02:59:54.085667,66.132.x.x,1650920b31fbc7f3,57228,0,NON_MAVLINK_PROBE,SCANNER,0,,371161a7,NORMAL,0.0
2026-04-23T03:00:03.929486,66.132.x.x,9878e18114e41726,22264,0,NON_MAVLINK_PROBE,SCANNER,0,,89991008,NORMAL,0.0
2026-04-23T03:00:13.597871,66.132.x.x,9878e18114e41726,22290,0,NON_MAVLINK_PROBE,SCANNER,0,,a090a961,NORMAL,0.0
2026-04-23T03:00:25.825034,66.132.x.x,d1247943d0acd929,6892,0,NON_MAVLINK_PROBE,SCANNER,0,,42827f73,NORMAL,0.0
2026-04-23T03:00:33.517663,66.132.x.x,d1247943d0acd929,6918,0,NON_MAVLINK_PROBE,SCANNER,0,,afb0c10c,NORMAL,0.0
2026-04-23T03:46:53.925498,185.219.x.x,d25fa1b4784a9935,60528,0,NON_MAVLINK_PROBE,SCANNER,0,,e99315d9,NORMAL,0.0
2026-04-23T04:06:02.869479,5.61.x.x,7202821ba1a8b28a,54024,0,NON_MAVLINK_PROBE,SCANNER,0,,ed0b0838,NORMAL,0.0
2026-04-23T04:17:48.147145,92.63.x.x,d3d69a66dc865704,12782,0,NON_MAVLINK_PROBE,SCANNER,0,,421fe9b5,NORMAL,0.0
2026-04-23T04:17:48.435148,92.63.x.x,d3d69a66dc865704,12784,0,NON_MAVLINK_PROBE,SCANNER,0,,e70423c8,NORMAL,0.0
2026-04-23T05:08:53.018897,64.62.x.x,f6785c83cea77fcd,63124,0,NON_MAVLINK_PROBE,SCANNER,0,,8cdcc5d7,NORMAL,0.0
2026-04-23T05:25:51.575828,74.249.x.x,fad21061bdec6dcc,50488,0,NON_MAVLINK_PROBE,SCANNER,0,,e803bb27,NORMAL,0.0
2026-04-23T05:25:52.082732,74.249.x.x,fad21061bdec6dcc,52476,0,NON_MAVLINK_PROBE,SCANNER,0,,e12395f4,NORMAL,0.0
2026-04-23T06:09:46.793810,3.142.x.x,049b4f5db083c02e,52368,0,NON_MAVLINK_PROBE,SCANNER,0,,19e4e1b4,NORMAL,0.0
2026-04-23T06:48:59.888635,2.26.x.x,c3ca72a28bb1ba84,54900,0,NON_MAVLINK_PROBE,SCANNER,0,,e5fc3053,NORMAL,0.0
2026-04-23T06:55:44.514433,198.235.x.x,b43c5f8fc17bc892,61896,0,NON_MAVLINK_PROBE,SCANNER,0,,eb337a79,NORMAL,0.0
2026-04-23T06:55:44.520827,198.235.x.x,b43c5f8fc17bc892,61882,0,NON_MAVLINK_PROBE,SCANNER,0,,b0b25b3f,NORMAL,0.0
2026-04-23T07:18:51.739744,16.58.x.x,09ea7c1bce3720fb,53418,0,NON_MAVLINK_PROBE,SCANNER,0,,7bb1c7f2,NORMAL,0.0
2026-04-23T07:20:38.276491,16.58.x.x,09ea7c1bce3720fb,56452,0,NON_MAVLINK_PROBE,SCANNER,0,,cf0a3c07,NORMAL,0.0
2026-04-23T07:20:49.870021,16.58.x.x,09ea7c1bce3720fb,35562,0,NON_MAVLINK_PROBE,SCANNER,0,,0ab5d597,NORMAL,0.0
2026-04-23T07:21:52.058913,16.58.x.x,09ea7c1bce3720fb,54866,0,NON_MAVLINK_PROBE,SCANNER,0,,7f7fe9e4,NORMAL,0.0
2026-04-23T07:22:49.298750,16.58.x.x,09ea7c1bce3720fb,55368,0,NON_MAVLINK_PROBE,SCANNER,0,,59209e7d,NORMAL,0.0
2026-04-23T07:23:59.292327,16.58.x.x,09ea7c1bce3720fb,44478,0,NON_MAVLINK_PROBE,SCANNER,0,,18df1878,NORMAL,0.0
2026-04-23T07:51:58.437261,80.66.x.x,e2beb78c1934d766,63876,0,NON_MAVLINK_PROBE,SCANNER,0,,541c7f29,NORMAL,0.0
2026-04-23T10:11:06.929115,176.65.x.x,41bb7d873b9097f3,45068,0,NON_MAVLINK_PROBE,SCANNER,0,,0520c7ba,NORMAL,0.0
2026-04-23T10:53:30.650395,20.64.x.x,5702661702429ee6,53942,0,NON_MAVLINK_PROBE,SCANNER,0,,ff918d5e,NORMAL,0.0
2026-04-23T10:57:45.055593,195.184.x.x,3eb4f552cf621b92,35365,0,NON_MAVLINK_PROBE,SCANNER,0,,69815a3b,NORMAL,0.0
2026-04-23T10:57:48.280742,195.184.x.x,eb27865df9995e20,47443,0,NON_MAVLINK_PROBE,SCANNER,0,,5affd31d,NORMAL,0.0
2026-04-23T12:57:11.733053,87.236.x.x,673cee98581d7c2e,48835,0,NON_MAVLINK_PROBE,SCANNER,0,,5242b158,NORMAL,0.0
2026-04-23T13:06:31.068058,64.62.x.x,0f246977e5c4f48f,7304,0,NON_MAVLINK_PROBE,SCANNER,0,,a8b3197b,NORMAL,0.0
2026-04-23T13:30:38.699951,223.123.x.x,4792bc2366c9ac2b,2425,0,NON_MAVLINK_PROBE,SCANNER,0,,97d5fcac,NORMAL,0.0
2026-04-23T13:38:48.688016,185.219.x.x,d25fa1b4784a9935,54968,0,NON_MAVLINK_PROBE,SCANNER,0,,83ebbb6a,NORMAL,0.0
2026-04-23T13:40:26.034460,176.65.x.x,3caaee43e61f0c4c,49786,0,NON_MAVLINK_PROBE,SCANNER,0,,5051de7b,NORMAL,0.0
2026-04-23T13:43:08.090006,176.65.x.x,8ecb668eed5ac938,57148,0,NON_MAVLINK_PROBE,SCANNER,0,,b5345579,NORMAL,0.0
2026-04-23T14:12:45.362429,104.131.x.x,a5f8b3742454c4a3,33662,0,NON_MAVLINK_PROBE,SCANNER,0,,59863f73,NORMAL,0.0
2026-04-23T14:33:57.787030,176.65.x.x,3caaee43e61f0c4c,47148,0,NON_MAVLINK_PROBE,SCANNER,0,,1300ff4d,NORMAL,0.0
2026-04-23T15:37:50.716683,45.156.x.x,6db5861ba2a2dcb1,56434,0,NON_MAVLINK_PROBE,SCANNER,0,,e692bac3,NORMAL,0.0
2026-04-23T15:37:58.717991,45.156.x.x,b3d0153caf3207eb,39702,0,NON_MAVLINK_PROBE,SCANNER,0,,aabd9e99,NORMAL,0.0
2026-04-23T16:42:47.587788,204.76.x.x,6c2d4e16a012734a,11843,0,NON_MAVLINK_PROBE,SCANNER,0,,5797c9b5,NORMAL,0.0
2026-04-23T16:42:47.593955,204.76.x.x,1b633c0115883f2b,13981,0,NON_MAVLINK_PROBE,SCANNER,0,,20255255,NORMAL,0.0
2026-04-23T16:42:47.862335,204.76.x.x,aadcc7685a2b3a1a,7669,0,NON_MAVLINK_PROBE,SCANNER,0,,8e6ed310,NORMAL,0.0
2026-04-23T16:42:47.903860,204.76.x.x,aadcc7685a2b3a1a,29775,0,NON_MAVLINK_PROBE,SCANNER,0,,e905e15b,NORMAL,0.0
2026-04-23T17:18:46.273098,5.61.x.x,7202821ba1a8b28a,41764,0,NON_MAVLINK_PROBE,SCANNER,0,,f325db2c,NORMAL,0.0
2026-04-23T17:43:14.047448,168.144.x.x,a628626de2909704,35734,0,NON_MAVLINK_PROBE,SCANNER,0,,30078a35,NORMAL,0.0
2026-04-23T17:49:04.479559,176.65.x.x,3caaee43e61f0c4c,50934,0,NON_MAVLINK_PROBE,SCANNER,0,,09e295d0,NORMAL,0.0
2026-04-23T18:44:17.870498,79.124.x.x,a3dc2bc09007bf5d,34288,0,NON_MAVLINK_PROBE,SCANNER,0,,ee10f87c,NORMAL,0.0
2026-04-23T19:21:57.160845,79.124.x.x,a3dc2bc09007bf5d,52704,0,NON_MAVLINK_PROBE,SCANNER,0,,e4275ad3,NORMAL,0.0
2026-04-23T19:41:11.971209,209.38.x.x,fad20ef3bdb57258,60808,0,NON_MAVLINK_PROBE,SCANNER,0,,9037a707,NORMAL,0.0
2026-04-23T19:43:43.341664,68.183.x.x,7103f66025864912,59984,0,NON_MAVLINK_PROBE,SCANNER,0,,2b66aa54,NORMAL,0.0
2026-04-23T19:50:41.135933,118.26.x.x,c03feed45a6dfdfa,48112,0,NON_MAVLINK_PROBE,SCANNER,0,,309b93a1,NORMAL,0.0
2026-04-23T19:50:59.476107,118.26.x.x,c03feed45a6dfdfa,48114,0,NON_MAVLINK_PROBE,SCANNER,0,,db91fe3a,NORMAL,0.0
2026-04-23T19:51:17.764627,118.26.x.x,c03feed45a6dfdfa,53214,0,NON_MAVLINK_PROBE,SCANNER,0,,6207271e,NORMAL,0.0
2026-04-23T19:51:36.115480,118.26.x.x,c03feed45a6dfdfa,43100,0,NON_MAVLINK_PROBE,SCANNER,0,,4bc6ed91,NORMAL,0.0
2026-04-23T19:51:54.424069,118.26.x.x,c03feed45a6dfdfa,49832,0,NON_MAVLINK_PROBE,SCANNER,0,,8c95bd5e,NORMAL,0.0
2026-04-23T19:52:12.746318,118.26.x.x,c03feed45a6dfdfa,52058,0,NON_MAVLINK_PROBE,SCANNER,0,,651c8132,NORMAL,0.0
2026-04-23T19:52:31.046937,118.26.x.x,c03feed45a6dfdfa,33312,0,NON_MAVLINK_PROBE,SCANNER,0,,9a87b4a6,NORMAL,0.0
2026-04-23T19:52:49.382368,118.26.x.x,c03feed45a6dfdfa,33796,0,NON_MAVLINK_PROBE,SCANNER,0,,136b77d7,NORMAL,0.0
2026-04-23T19:53:07.774861,118.26.x.x,c03feed45a6dfdfa,53738,0,NON_MAVLINK_PROBE,SCANNER,0,,f6021b4b,NORMAL,0.0
2026-04-23T19:53:26.204351,118.26.x.x,c03feed45a6dfdfa,42342,0,NON_MAVLINK_PROBE,SCANNER,0,,4251b8ca,NORMAL,0.0
2026-04-23T20:02:30.712836,152.42.x.x,e6ede3bf1f421b55,38334,0,NON_MAVLINK_PROBE,SCANNER,0,,e9fdc3ad,NORMAL,0.0
2026-04-23T20:12:14.751571,168.144.x.x,2f264dd5727c66de,34144,0,NON_MAVLINK_PROBE,SCANNER,0,,c2098fcc,NORMAL,0.0
2026-04-23T20:45:12.657713,167.94.x.x,1483a8b1b3af8c24,45174,0,NON_MAVLINK_PROBE,SCANNER,0,,f0c188d4,NORMAL,0.0
2026-04-23T20:45:18.710900,167.94.x.x,1483a8b1b3af8c24,9676,4,UNKNOWN_4,UNKNOWN,3,9793ebb9265006003905,d5850734,NORMAL,0.2
2026-04-23T20:45:31.803967,167.94.x.x,1483a8b1b3af8c24,9704,0,NON_MAVLINK_PROBE,SCANNER,0,,6f958865,NORMAL,0.0
2026-04-23T20:48:43.622159,176.65.x.x,3caaee43e61f0c4c,58216,0,NON_MAVLINK_PROBE,SCANNER,0,,996c6a6a,NORMAL,0.0
2026-04-23T21:01:36.017933,168.144.x.x,b50b162a3c64c0d9,47852,0,NON_MAVLINK_PROBE,SCANNER,0,,dd1a3069,NORMAL,0.0
2026-04-23T21:04:45.031847,134.209.x.x,63f828819091247f,57494,0,NON_MAVLINK_PROBE,SCANNER,0,,95593fc6,NORMAL,0.0
2026-04-23T21:16:24.992353,167.99.x.x,1dddcac07cd71725,45402,0,NON_MAVLINK_PROBE,SCANNER,0,,8a5e9d54,NORMAL,0.0
2026-04-23T21:26:09.692684,134.209.x.x,374bfc5add599432,59144,0,NON_MAVLINK_PROBE,SCANNER,0,,7b42dda2,NORMAL,0.0
2026-04-23T21:43:46.394301,160.119.x.x,bc2464a9f4e92311,59100,0,NON_MAVLINK_PROBE,SCANNER,0,,ff369990,NORMAL,0.0
2026-04-23T21:43:51.542515,160.119.x.x,bc2464a9f4e92311,45132,0,NON_MAVLINK_PROBE,SCANNER,0,,4c00df34,NORMAL,0.0
2026-04-23T21:43:51.846737,160.119.x.x,bc2464a9f4e92311,45134,0,NON_MAVLINK_PROBE,SCANNER,0,,5a05cf89,NORMAL,0.0
2026-04-23T21:43:52.113535,160.119.x.x,bc2464a9f4e92311,45142,0,NON_MAVLINK_PROBE,SCANNER,0,,c0a35c38,NORMAL,0.0
2026-04-23T21:44:25.999261,160.119.x.x,bc2464a9f4e92311,45646,0,NON_MAVLINK_PROBE,SCANNER,0,,77061b03,NORMAL,0.0
2026-04-23T21:44:26.481088,160.119.x.x,bc2464a9f4e92311,46982,0,NON_MAVLINK_PROBE,SCANNER,0,,1351713f,NORMAL,0.0
2026-04-23T21:51:25.880768,68.183.x.x,0ae05c78670ce0ce,48194,0,NON_MAVLINK_PROBE,SCANNER,0,,ac3f9b66,NORMAL,0.0
2026-04-23T21:52:31.872957,160.119.x.x,bc2464a9f4e92311,48666,0,NON_MAVLINK_PROBE,SCANNER,0,,f72a520e,NORMAL,0.0
2026-04-23T22:22:05.196813,168.144.x.x,5342547dd7afffe4,55372,0,NON_MAVLINK_PROBE,SCANNER,0,,fb3b771b,NORMAL,0.0
2026-04-23T22:22:47.948521,161.35.x.x,74d949e953774f59,35946,0,NON_MAVLINK_PROBE,SCANNER,0,,cdd9689b,NORMAL,0.0
2026-04-23T22:38:41.547621,209.38.x.x,0b8941072fb79b62,43340,0,NON_MAVLINK_PROBE,SCANNER,0,,ff3f9fec,NORMAL,0.0
2026-04-23T22:54:13.541723,68.183.x.x,75acf822ea16a9c1,38992,0,NON_MAVLINK_PROBE,SCANNER,0,,402f8658,NORMAL,0.0
2026-04-23T23:01:49.969118,176.65.x.x,1c233f18e373798e,23538,0,NON_MAVLINK_PROBE,SCANNER,0,,48095210,NORMAL,0.0
2026-04-23T23:05:56.698139,168.144.x.x,b718ec8b0e745c49,44192,0,NON_MAVLINK_PROBE,SCANNER,0,,a4656eab,NORMAL,0.0
2026-04-23T23:17:51.462146,185.132.x.x,cf4e172c1f948ae8,50420,0,NON_MAVLINK_PROBE,SCANNER,0,,86a94de7,NORMAL,0.0
2026-04-23T23:26:55.255267,104.236.x.x,b2dfdbf2458a5e3e,53300,0,NON_MAVLINK_PROBE,SCANNER,0,,256e7e98,NORMAL,0.0
2026-04-23T23:35:25.768231,167.99.x.x,d4163bae38e49164,53810,0,NON_MAVLINK_PROBE,SCANNER,0,,dc4d021e,NORMAL,0.0
2026-04-23T23:42:17.669044,5.187.x.x,7c5d66f95da34862,47124,0,NON_MAVLINK_PROBE,SCANNER,0,,6c8549b1,NORMAL,0.0
2026-04-23T23:44:36.347630,129.212.x.x,8a6d4073a12cbc98,46540,0,NON_MAVLINK_PROBE,SCANNER,0,,08276c17,NORMAL,0.0
2026-04-23T23:53:50.115522,198.235.x.x,ebebc6a4dbbc6f15,58094,0,NON_MAVLINK_PROBE,SCANNER,0,,7ddd6b24,NORMAL,0.0
2026-04-24T00:08:26.923867,167.71.x.x,047f0ee71595b4b8,56790,0,NON_MAVLINK_PROBE,SCANNER,0,,55446ec4,NORMAL,0.0
2026-04-24T00:11:40.577255,104.131.x.x,a5f8b3742454c4a3,50730,0,NON_MAVLINK_PROBE,SCANNER,0,,f48436a1,NORMAL,0.0
2026-04-24T00:12:15.860578,157.245.x.x,9c8de6d14f76c309,37710,0,NON_MAVLINK_PROBE,SCANNER,0,,a1f6c764,NORMAL,0.0
2026-04-24T00:31:31.297965,167.99.x.x,261e6c8dd75d1874,53884,0,NON_MAVLINK_PROBE,SCANNER,0,,053e6cfc,NORMAL,0.0
2026-04-24T00:33:42.027274,3.80.x.x,cf804b48797c0da3,15550,0,NON_MAVLINK_PROBE,SCANNER,0,,f27ef316,NORMAL,0.0
2026-04-24T00:34:43.901452,143.198.x.x,205f9fa1c7ab1068,50066,0,NON_MAVLINK_PROBE,SCANNER,0,,4b502653,NORMAL,0.0
2026-04-24T00:37:24.599225,168.144.x.x,a3b30591e689b12c,37504,0,NON_MAVLINK_PROBE,SCANNER,0,,43e0a192,NORMAL,0.0
2026-04-24T00:57:46.205361,195.178.x.x,4393ae9e88d5b51e,37896,0,NON_MAVLINK_PROBE,SCANNER,0,,9940325e,NORMAL,0.0
2026-04-24T01:29:22.057081,167.99.x.x,03fe87e15abe7d81,32888,0,NON_MAVLINK_PROBE,SCANNER,0,,7e89f280,NORMAL,0.0
2026-04-24T01:50:43.126877,188.209.x.x,1517bb356f9aab9a,59930,0,NON_MAVLINK_PROBE,SCANNER,0,,fa53b70b,NORMAL,0.0
2026-04-24T01:52:25.813607,45.156.x.x,872e2e1629caa00c,38506,0,NON_MAVLINK_PROBE,SCANNER,0,,5a645125,NORMAL,0.0
2026-04-24T02:00:33.792539,173.197.x.x,cf512e18b3994563,50269,0,NON_MAVLINK_PROBE,SCANNER,0,,6eaecc2b,NORMAL,0.0
2026-04-24T02:00:45.437237,185.219.x.x,d25fa1b4784a9935,39426,0,NON_MAVLINK_PROBE,SCANNER,0,,97fa10de,NORMAL,0.0
2026-04-24T02:01:10.224787,173.197.x.x,cf512e18b3994563,59950,0,NON_MAVLINK_PROBE,SCANNER,0,,f5bb39e8,NORMAL,0.0
2026-04-24T02:10:10.468404,198.235.x.x,66b87834fe8184b5,54723,0,NON_MAVLINK_PROBE,SCANNER,0,,94b49868,NORMAL,0.0
2026-04-24T02:33:03.754933,168.144.x.x,3e165589e06ae0c8,52514,0,NON_MAVLINK_PROBE,SCANNER,0,,f2170429,NORMAL,0.0
2026-04-24T02:35:03.933405,143.198.x.x,a873a87703868566,52962,0,NON_MAVLINK_PROBE,SCANNER,0,,27f09815,NORMAL,0.0
2026-04-24T02:46:04.058143,159.223.x.x,e5b05e4f80d14adf,55846,0,NON_MAVLINK_PROBE,SCANNER,0,,471ef01e,NORMAL,0.0
2026-04-24T03:07:16.646158,206.189.x.x,be4e555df00a3ccf,52348,0,NON_MAVLINK_PROBE,SCANNER,0,,8256067a,NORMAL,0.0
2026-04-24T03:12:05.545860,65.49.x.x,a68635b56e3e44d8,46240,0,NON_MAVLINK_PROBE,SCANNER,0,,4ca8d06f,NORMAL,0.0
2026-04-24T04:02:47.779548,135.237.x.x,cdb5b6850b2dd308,35074,0,NON_MAVLINK_PROBE,SCANNER,0,,dd5b3a38,NORMAL,0.0
2026-04-24T04:06:10.496414,195.184.x.x,6b386003d2b77d42,35039,0,NON_MAVLINK_PROBE,SCANNER,0,,007d151d,NORMAL,0.0
2026-04-24T04:06:13.764043,195.184.x.x,0873e5c9f0b85201,43647,0,NON_MAVLINK_PROBE,SCANNER,0,,5e920681,NORMAL,0.0
2026-04-24T04:33:32.241208,20.171.x.x,5b352ebe211a85ce,38684,0,NON_MAVLINK_PROBE,SCANNER,0,,e0119dd4,NORMAL,0.0
2026-04-24T04:44:03.817398,85.217.x.x,3dce81730fe414e7,54664,0,NON_MAVLINK_PROBE,SCANNER,0,,938e35db,NORMAL,0.0
2026-04-24T04:55:56.728700,176.65.x.x,5a756abfcab67230,50030,0,NON_MAVLINK_PROBE,SCANNER,0,,23a453bd,NORMAL,0.0
2026-04-24T05:58:13.856505,5.61.x.x,7202821ba1a8b28a,24102,0,NON_MAVLINK_PROBE,SCANNER,0,,b241dd4f,NORMAL,0.0
2026-04-24T06:13:49.856562,152.42.x.x,e6ede3bf1f421b55,34256,0,NON_MAVLINK_PROBE,SCANNER,0,,4cd442bc,NORMAL,0.0
2026-04-24T07:00:46.761273,147.185.x.x,19b2fb92cc66087e,63604,0,NON_MAVLINK_PROBE,SCANNER,0,,a7f1384c,NORMAL,0.0
2026-04-24T07:00:46.757186,147.185.x.x,19b2fb92cc66087e,63590,0,NON_MAVLINK_PROBE,SCANNER,0,,cbfe6d32,NORMAL,0.0
2026-04-24T07:06:58.042693,65.49.x.x,b73e76c4419cda58,38084,0,NON_MAVLINK_PROBE,SCANNER,0,,4d676126,NORMAL,0.0
2026-04-24T07:12:20.404598,18.218.x.x,a1cedf5443bfca11,50346,0,NON_MAVLINK_PROBE,SCANNER,0,,bac89af5,NORMAL,0.0
2026-04-24T07:15:04.994912,18.218.x.x,a1cedf5443bfca11,46068,0,NON_MAVLINK_PROBE,SCANNER,0,,bbc055a2,NORMAL,0.0
2026-04-24T07:15:09.909276,18.218.x.x,a1cedf5443bfca11,37484,0,NON_MAVLINK_PROBE,SCANNER,0,,8f549cf4,NORMAL,0.0
2026-04-24T07:17:10.895106,18.218.x.x,a1cedf5443bfca11,37488,0,NON_MAVLINK_PROBE,SCANNER,0,,227efd9c,NORMAL,0.0
2026-04-24T07:18:59.300078,18.218.x.x,a1cedf5443bfca11,36350,0,NON_MAVLINK_PROBE,SCANNER,0,,6e6313b6,NORMAL,0.0
2026-04-24T07:20:01.397023,18.218.x.x,a1cedf5443bfca11,41102,0,NON_MAVLINK_PROBE,SCANNER,0,,cf3c6d82,NORMAL,0.0
2026-04-24T07:25:15.228933,80.66.x.x,e2beb78c1934d766,65416,0,NON_MAVLINK_PROBE,SCANNER,0,,73725ac8,NORMAL,0.0
2026-04-24T07:49:25.133818,216.218.x.x,9f0ea67c35a16546,25212,0,NON_MAVLINK_PROBE,SCANNER,0,,82966974,NORMAL,0.0
2026-04-24T08:39:15.214885,209.38.x.x,0b8941072fb79b62,56280,0,NON_MAVLINK_PROBE,SCANNER,0,,57834ab7,NORMAL,0.0
2026-04-24T08:49:40.905624,206.189.x.x,be4e555df00a3ccf,51448,0,NON_MAVLINK_PROBE,SCANNER,0,,ce606c5e,NORMAL,0.0
2026-04-24T08:51:16.174667,168.144.x.x,a628626de2909704,42746,0,NON_MAVLINK_PROBE,SCANNER,0,,ecd8ddb4,NORMAL,0.0
2026-04-24T09:16:41.454135,143.198.x.x,a873a87703868566,35900,0,NON_MAVLINK_PROBE,SCANNER,0,,64cceb90,NORMAL,0.0
2026-04-24T09:25:33.896109,66.132.x.x,7d2c58fefb66c63e,35024,0,NON_MAVLINK_PROBE,SCANNER,0,,f077a1eb,NORMAL,0.0
2026-04-24T09:25:39.642509,66.132.x.x,7d2c58fefb66c63e,1724,4,UNKNOWN_4,UNKNOWN,3,8f362359315006003905,707f0377,NORMAL,0.2
2026-04-24T09:25:53.138055,66.132.x.x,7d2c58fefb66c63e,16988,0,NON_MAVLINK_PROBE,SCANNER,0,,285ab376,NORMAL,0.0
2026-04-24T09:36:31.716889,168.144.x.x,b50b162a3c64c0d9,47374,0,NON_MAVLINK_PROBE,SCANNER,0,,e491a849,NORMAL,0.0
2026-04-24T09:39:19.658817,143.198.x.x,205f9fa1c7ab1068,44154,0,NON_MAVLINK_PROBE,SCANNER,0,,cff16a76,NORMAL,0.0
2026-04-24T10:37:04.284994,168.144.x.x,a628626de2909704,60036,0,NON_MAVLINK_PROBE,SCANNER,0,,3e69217f,NORMAL,0.0
2026-04-24T10:46:03.289137,20.171.x.x,72b846c160337fe5,55896,0,NON_MAVLINK_PROBE,SCANNER,0,,ea8dd1ea,NORMAL,0.0
2026-04-24T10:46:03.774864,20.171.x.x,72b846c160337fe5,55804,0,NON_MAVLINK_PROBE,SCANNER,0,,27800036,NORMAL,0.0
2026-04-24T11:22:42.593386,212.73.x.x,02d39f576725e746,40832,0,NON_MAVLINK_PROBE,SCANNER,0,,f0fd42bb,NORMAL,0.0
2026-04-24T12:13:53.686414,167.99.x.x,d4163bae38e49164,38538,0,NON_MAVLINK_PROBE,SCANNER,0,,2a795614,NORMAL,0.0
2026-04-24T12:40:11.282190,185.242.x.x,33dc1795fb750a95,43922,0,NON_MAVLINK_PROBE,SCANNER,0,,af71af27,NORMAL,0.0
2026-04-24T12:52:07.014810,167.99.x.x,261e6c8dd75d1874,42350,0,NON_MAVLINK_PROBE,SCANNER,0,,d1482679,NORMAL,0.0
2026-04-24T13:27:20.977459,93.123.x.x,7241acd881f52dff,50200,0,NON_MAVLINK_PROBE,SCANNER,0,,8db1d4ad,NORMAL,0.0
2026-04-24T14:20:29.608876,185.242.x.x,33dc1795fb750a95,50000,0,NON_MAVLINK_PROBE,SCANNER,0,,0869ac0d,NORMAL,0.0
2026-04-24T14:20:47.324966,185.242.x.x,33dc1795fb750a95,50380,0,NON_MAVLINK_PROBE,SCANNER,0,,2bdc3cbb,NORMAL,0.0
2026-04-24T14:54:28.394450,20.15.x.x,4ef2ca1cbb39d03c,41210,0,NON_MAVLINK_PROBE,SCANNER,0,,c416c5e8,NORMAL,0.0
2026-04-24T15:34:08.010769,161.35.x.x,628096429544fbc1,52264,0,NON_MAVLINK_PROBE,SCANNER,0,,f0d5f5b9,NORMAL,0.0
2026-04-24T15:36:00.609460,176.65.x.x,3caaee43e61f0c4c,56146,0,NON_MAVLINK_PROBE,SCANNER,0,,8aafbbf3,NORMAL,0.0
2026-04-24T15:42:08.797001,157.245.x.x,9c8de6d14f76c309,60938,0,NON_MAVLINK_PROBE,SCANNER,0,,b193a9f4,NORMAL,0.0
2026-04-24T15:42:12.243899,185.219.x.x,d25fa1b4784a9935,59106,0,NON_MAVLINK_PROBE,SCANNER,0,,fe48bf02,NORMAL,0.0
2026-04-24T15:49:47.296045,134.209.x.x,63f828819091247f,51600,0,NON_MAVLINK_PROBE,SCANNER,0,,5f5e5fd5,NORMAL,0.0
2026-04-24T16:02:25.143140,176.65.x.x,3caaee43e61f0c4c,42510,0,NON_MAVLINK_PROBE,SCANNER,0,,777185dd,NORMAL,0.0
2026-04-24T16:28:25.600930,168.144.x.x,b718ec8b0e745c49,35354,0,NON_MAVLINK_PROBE,SCANNER,0,,6b8de760,NORMAL,0.0
2026-04-24T16:59:57.076372,143.198.x.x,205f9fa1c7ab1068,57056,0,NON_MAVLINK_PROBE,SCANNER,0,,7d4786a8,NORMAL,0.0
2026-04-24T17:26:55.782379,129.212.x.x,8a6d4073a12cbc98,38722,0,NON_MAVLINK_PROBE,SCANNER,0,,bbb31add,NORMAL,0.0
2026-04-24T18:01:26.670327,167.94.x.x,e861ad7e785c94bf,45248,0,NON_MAVLINK_PROBE,SCANNER,0,,f4fa9bb6,NORMAL,0.0
2026-04-24T18:01:30.143559,167.94.x.x,e861ad7e785c94bf,9110,4,UNKNOWN_4,UNKNOWN,3,7ba7ed8d385006003905,584629b7,NORMAL,0.2
2026-04-24T18:01:43.215539,167.94.x.x,e861ad7e785c94bf,9228,0,NON_MAVLINK_PROBE,SCANNER,0,,ed886a23,NORMAL,0.0
2026-04-24T18:31:56.434315,5.61.x.x,7202821ba1a8b28a,9480,0,NON_MAVLINK_PROBE,SCANNER,0,,4052c4bd,NORMAL,0.0
2026-04-24T18:37:54.688249,188.166.x.x,ccfd17550b9e628b,59258,0,NON_MAVLINK_PROBE,SCANNER,0,,dd28040c,NORMAL,0.0
2026-04-24T18:41:59.046237,172.202.x.x,3c327389745cc1a6,54160,0,NON_MAVLINK_PROBE,SCANNER,0,,2f68aa96,NORMAL,0.0
2026-04-24T18:45:36.541448,167.71.x.x,047f0ee71595b4b8,55304,0,NON_MAVLINK_PROBE,SCANNER,0,,3918d50e,NORMAL,0.0
2026-04-24T18:49:39.365674,167.99.x.x,261e6c8dd75d1874,49006,0,NON_MAVLINK_PROBE,SCANNER,0,,7410092c,NORMAL,0.0
2026-04-24T18:52:32.583739,172.238.x.x,1431a9c232a3ad51,48342,0,NON_MAVLINK_PROBE,SCANNER,0,,61448657,NORMAL,0.0
2026-04-24T18:52:42.585610,172.238.x.x,1431a9c232a3ad51,40178,0,NON_MAVLINK_PROBE,SCANNER,0,,3b8c3592,NORMAL,0.0
2026-04-24T19:00:20.783831,209.38.x.x,0b8941072fb79b62,34856,0,NON_MAVLINK_PROBE,SCANNER,0,,68d2d6a3,NORMAL,0.0
2026-04-24T19:18:04.450945,79.124.x.x,a3dc2bc09007bf5d,37206,0,NON_MAVLINK_PROBE,SCANNER,0,,6f064f77,NORMAL,0.0
2026-04-24T19:20:53.885561,176.65.x.x,3caaee43e61f0c4c,37342,0,NON_MAVLINK_PROBE,SCANNER,0,,6590a256,NORMAL,0.0
2026-04-24T19:27:30.569089,66.132.x.x,acd685cefdb8489c,29796,0,NON_MAVLINK_PROBE,SCANNER,0,,5c7ddefd,NORMAL,0.0
2026-04-24T19:27:33.843155,66.132.x.x,acd685cefdb8489c,40670,4,UNKNOWN_4,UNKNOWN,3,78eab7c1395006003905,f69f5658,NORMAL,0.2
2026-04-24T19:27:47.249495,66.132.x.x,acd685cefdb8489c,40726,0,NON_MAVLINK_PROBE,SCANNER,0,,5127e610,NORMAL,0.0
2026-04-24T19:53:19.385243,79.124.x.x,a3dc2bc09007bf5d,53580,0,NON_MAVLINK_PROBE,SCANNER,0,,4e6165ed,NORMAL,0.0
2026-04-24T20:14:33.759906,198.235.x.x,fc41203f4308ef67,63632,0,NON_MAVLINK_PROBE,SCANNER,0,,364e06e7,NORMAL,0.0
2026-04-24T20:14:33.774935,198.235.x.x,fc41203f4308ef67,63624,0,NON_MAVLINK_PROBE,SCANNER,0,,d9274050,NORMAL,0.0
2026-04-24T20:19:07.907829,168.144.x.x,5342547dd7afffe4,58372,0,NON_MAVLINK_PROBE,SCANNER,0,,af2b7502,NORMAL,0.0
2026-04-24T20:45:41.753753,103.70.x.x,9ad7fa7ffdbdd727,63176,0,NON_MAVLINK_PROBE,SCANNER,0,,fbce68fc,NORMAL,0.0
2026-04-24T20:52:10.629142,147.185.x.x,1f59414967484893,60924,0,NON_MAVLINK_PROBE,SCANNER,0,,24e942f9,NORMAL,0.0
2026-04-24T21:01:19.182466,176.65.x.x,3caaee43e61f0c4c,44224,0,NON_MAVLINK_PROBE,SCANNER,0,,94164d70,NORMAL,0.0
2026-04-24T22:13:24.050385,205.166.x.x,fc2e68056c44c6ff,60438,0,NON_MAVLINK_PROBE,SCANNER,0,,34bccba8,NORMAL,0.0
2026-04-24T22:39:32.170028,176.65.x.x,63900dfda186186e,40986,0,NON_MAVLINK_PROBE,SCANNER,0,,ee3fe632,NORMAL,0.0
2026-04-24T23:41:46.848754,45.156.x.x,a485647cc50417b4,54050,0,NON_MAVLINK_PROBE,SCANNER,0,,81ce409a,NORMAL,0.0
2026-04-24T23:41:54.833796,45.156.x.x,ecf3db59819342c1,58950,0,NON_MAVLINK_PROBE,SCANNER,0,,af3fe2a6,NORMAL,0.0
2026-04-24T23:45:44.985893,112.46.x.x,55a0f660cd39c701,38901,0,NON_MAVLINK_PROBE,SCANNER,0,,1d43152e,NORMAL,0.0
2026-04-25T00:41:22.305924,34.203.x.x,569b46fc8187b091,12176,0,NON_MAVLINK_PROBE,SCANNER,0,,d67968b5,NORMAL,0.0
2026-04-25T01:14:47.238161,152.32.x.x,3cae052bcff62036,34066,0,NON_MAVLINK_PROBE,SCANNER,0,,3a010cd7,NORMAL,0.0
2026-04-25T01:14:49.386435,152.32.x.x,3cae052bcff62036,34364,0,NON_MAVLINK_PROBE,SCANNER,0,,5090e1ee,NORMAL,0.0
2026-04-25T01:14:52.566031,152.32.x.x,3cae052bcff62036,35196,0,NON_MAVLINK_PROBE,SCANNER,0,,6e4fb426,NORMAL,0.0
2026-04-25T01:14:52.709669,152.32.x.x,3cae052bcff62036,35310,0,NON_MAVLINK_PROBE,SCANNER,0,,955ffd1d,NORMAL,0.0
2026-04-25T01:14:52.909708,152.32.x.x,3cae052bcff62036,35318,0,NON_MAVLINK_PROBE,SCANNER,0,,1aafc1ec,NORMAL,0.0
2026-04-25T01:14:53.068577,152.32.x.x,3cae052bcff62036,35330,0,NON_MAVLINK_PROBE,SCANNER,0,,89ce82ee,NORMAL,0.0
2026-04-25T01:15:01.069444,152.32.x.x,3cae052bcff62036,35334,0,NON_MAVLINK_PROBE,SCANNER,0,,54a475ef,NORMAL,0.0
2026-04-25T01:15:09.066204,152.32.x.x,3cae052bcff62036,36276,0,NON_MAVLINK_PROBE,SCANNER,0,,2fd5efd1,NORMAL,0.0
2026-04-25T01:15:17.057584,152.32.x.x,3cae052bcff62036,38050,0,NON_MAVLINK_PROBE,SCANNER,0,,67e154ea,NORMAL,0.0
2026-04-25T01:15:17.197951,152.32.x.x,3cae052bcff62036,39146,0,NON_MAVLINK_PROBE,SCANNER,0,,811784a6,NORMAL,0.0
2026-04-25T01:15:17.355446,152.32.x.x,3cae052bcff62036,39150,0,NON_MAVLINK_PROBE,SCANNER,0,,84caf3cf,NORMAL,0.0
2026-04-25T01:15:25.351664,152.32.x.x,3cae052bcff62036,39172,0,NON_MAVLINK_PROBE,SCANNER,0,,2f421233,NORMAL,0.0
2026-04-25T01:15:25.509836,152.32.x.x,3cae052bcff62036,40730,0,NON_MAVLINK_PROBE,SCANNER,0,,8f21d309,NORMAL,0.0
2026-04-25T01:15:25.649792,152.32.x.x,3cae052bcff62036,40864,0,NON_MAVLINK_PROBE,SCANNER,0,,bcdd349d,NORMAL,0.0
2026-04-25T01:15:25.795837,152.32.x.x,3cae052bcff62036,40896,0,NON_MAVLINK_PROBE,SCANNER,0,,0f7e5767,NORMAL,0.0
2026-04-25T03:21:27.684428,65.49.x.x,bf6d5ab66efe3d53,29212,0,NON_MAVLINK_PROBE,SCANNER,0,,8e7cab44,NORMAL,0.0
2026-04-25T03:31:32.157609,159.223.x.x,e5b05e4f80d14adf,42730,0,NON_MAVLINK_PROBE,SCANNER,0,,1c83550d,NORMAL,0.0
2026-04-25T04:20:16.888066,172.234.x.x,eb819d78ecfea590,46696,0,NON_MAVLINK_PROBE,SCANNER,0,,c0e3015f,NORMAL,0.0
2026-04-25T04:20:16.908459,172.234.x.x,eb819d78ecfea590,46712,0,NON_MAVLINK_PROBE,SCANNER,0,,1512d71c,NORMAL,0.0
2026-04-25T04:20:26.883785,172.234.x.x,eb819d78ecfea590,51916,0,NON_MAVLINK_PROBE,SCANNER,0,,bd84d41e,NORMAL,0.0
2026-04-25T04:20:27.121818,172.234.x.x,eb819d78ecfea590,59996,0,NON_MAVLINK_PROBE,SCANNER,0,,459a0633,NORMAL,0.0
2026-04-25T04:20:37.111909,172.234.x.x,eb819d78ecfea590,60000,0,NON_MAVLINK_PROBE,SCANNER,0,,8b539979,NORMAL,0.0
2026-04-25T04:20:37.348795,172.234.x.x,eb819d78ecfea590,36656,0,NON_MAVLINK_PROBE,SCANNER,0,,2edfaba6,NORMAL,0.0
2026-04-25T04:20:47.358189,172.234.x.x,eb819d78ecfea590,36664,0,NON_MAVLINK_PROBE,SCANNER,0,,9b320d26,NORMAL,0.0
2026-04-25T04:39:11.250757,176.65.x.x,5a756abfcab67230,40662,0,NON_MAVLINK_PROBE,SCANNER,0,,af3e187a,NORMAL,0.0
2026-04-25T05:26:59.734936,65.49.x.x,d1c3612419a0f9ab,51560,0,NON_MAVLINK_PROBE,SCANNER,0,,ae42de9e,NORMAL,0.0
2026-04-25T05:38:48.248873,188.209.x.x,2711fd096f9aed2f,48782,0,NON_MAVLINK_PROBE,SCANNER,0,,6ece12fd,NORMAL,0.0
2026-04-25T06:05:15.445460,176.65.x.x,005fc190cb64f6b9,37364,0,NON_MAVLINK_PROBE,SCANNER,0,,bbd1369c,NORMAL,0.0
2026-04-25T06:27:59.648277,3.130.x.x,df7aa93c9c5b5b54,59476,0,NON_MAVLINK_PROBE,SCANNER,0,,1a8169f5,NORMAL,0.0
2026-04-25T06:28:52.764215,3.130.x.x,df7aa93c9c5b5b54,56222,0,NON_MAVLINK_PROBE,SCANNER,0,,57a95e05,NORMAL,0.0
2026-04-25T06:33:05.617786,3.130.x.x,df7aa93c9c5b5b54,41998,0,NON_MAVLINK_PROBE,SCANNER,0,,9fd7d11a,NORMAL,0.0
2026-04-25T06:35:24.168354,3.130.x.x,df7aa93c9c5b5b54,56398,0,NON_MAVLINK_PROBE,SCANNER,0,,986dad22,NORMAL,0.0
2026-04-25T06:37:12.171652,3.130.x.x,df7aa93c9c5b5b54,35584,0,NON_MAVLINK_PROBE,SCANNER,0,,102dac08,NORMAL,0.0
2026-04-25T07:01:26.963056,168.144.x.x,5342547dd7afffe4,54366,0,NON_MAVLINK_PROBE,SCANNER,0,,c862252d,NORMAL,0.0
2026-04-25T07:50:29.877727,2.26.x.x,c3ca72a28bb1ba84,39938,0,NON_MAVLINK_PROBE,SCANNER,0,,64a7e52b,NORMAL,0.0
2026-04-25T08:17:29.570323,5.61.x.x,7202821ba1a8b28a,21838,0,NON_MAVLINK_PROBE,SCANNER,0,,3c99f30b,NORMAL,0.0
2026-04-25T09:37:40.631606,176.65.x.x,3caaee43e61f0c4c,53930,0,NON_MAVLINK_PROBE,SCANNER,0,,4a970806,NORMAL,0.0
2026-04-25T10:29:17.286624,45.194.x.x,f40aa739329c406d,47656,0,NON_MAVLINK_PROBE,SCANNER,0,,2118cd87,NORMAL,0.0
2026-04-25T11:36:06.224256,141.98.x.x,0033b357820b9621,59122,0,NON_MAVLINK_PROBE,SCANNER,0,,2395fcf1,NORMAL,0.0
2026-04-25T12:26:18.159793,8.208.x.x,6c8371b37d1f3743,34584,0,NON_MAVLINK_PROBE,SCANNER,0,,e32c50ef,NORMAL,0.0
2026-04-25T12:37:40.360025,176.65.x.x,7f82c8f0ea8a2a54,40406,0,NON_MAVLINK_PROBE,SCANNER,0,,3c84e5e1,NORMAL,0.0
2026-04-25T12:38:36.164663,176.65.x.x,1f90893f8388df8b,43530,0,NON_MAVLINK_PROBE,SCANNER,0,,ca71250a,NORMAL,0.0
2026-04-25T13:10:49.946533,65.49.x.x,bbb8c8d4d4b2ea2a,19990,0,NON_MAVLINK_PROBE,SCANNER,0,,b460cdcb,NORMAL,0.0
2026-04-25T14:19:06.320345,45.91.x.x,82929336d554cace,60021,0,NON_MAVLINK_PROBE,SCANNER,0,,1219c08b,NORMAL,0.0
2026-04-25T14:28:34.326783,176.65.x.x,3caaee43e61f0c4c,44962,0,NON_MAVLINK_PROBE,SCANNER,0,,81a8cee1,NORMAL,0.0
2026-04-25T15:05:15.210917,176.65.x.x,3caaee43e61f0c4c,54534,0,NON_MAVLINK_PROBE,SCANNER,0,,db331daa,NORMAL,0.0
2026-04-25T15:10:37.625329,160.119.x.x,f06c48d3f514838e,43148,0,NON_MAVLINK_PROBE,SCANNER,0,,b39baac7,NORMAL,0.0
2026-04-25T15:10:37.957081,160.119.x.x,f06c48d3f514838e,43160,0,NON_MAVLINK_PROBE,SCANNER,0,,f0d655d5,NORMAL,0.0
2026-04-25T15:15:11.039528,160.119.x.x,f06c48d3f514838e,34384,0,NON_MAVLINK_PROBE,SCANNER,0,,b446826b,NORMAL,0.0
2026-04-25T15:24:37.921223,168.144.x.x,1356fdf082b0773e,57354,0,NON_MAVLINK_PROBE,SCANNER,0,,94468fbf,NORMAL,0.0
2026-04-25T15:24:41.086618,168.144.x.x,1356fdf082b0773e,57380,0,NON_MAVLINK_PROBE,SCANNER,0,,088849c0,NORMAL,0.0
2026-04-25T15:24:41.491535,168.144.x.x,1356fdf082b0773e,57372,0,NON_MAVLINK_PROBE,SCANNER,0,,d7301cbb,NORMAL,0.0
2026-04-25T15:24:41.488462,168.144.x.x,1356fdf082b0773e,57356,0,NON_MAVLINK_PROBE,SCANNER,0,,a43143c8,NORMAL,0.0
2026-04-25T15:24:43.091253,168.144.x.x,1356fdf082b0773e,57382,0,NON_MAVLINK_PROBE,SCANNER,0,,ef1fd7e8,NORMAL,0.0
2026-04-25T15:24:43.168132,168.144.x.x,1356fdf082b0773e,57398,0,NON_MAVLINK_PROBE,SCANNER,0,,128678c2,NORMAL,0.0
2026-04-25T15:24:43.297605,168.144.x.x,1356fdf082b0773e,57410,0,NON_MAVLINK_PROBE,SCANNER,0,,373320b4,NORMAL,0.0
2026-04-25T15:24:43.396531,168.144.x.x,1356fdf082b0773e,57418,0,NON_MAVLINK_PROBE,SCANNER,0,,b5d9bac0,NORMAL,0.0
2026-04-25T15:24:43.486741,168.144.x.x,1356fdf082b0773e,57422,0,NON_MAVLINK_PROBE,SCANNER,0,,78c1cdef,NORMAL,0.0
2026-04-25T15:32:09.788206,176.65.x.x,005fc190cb64f6b9,32822,0,NON_MAVLINK_PROBE,SCANNER,0,,ea7b6cd6,NORMAL,0.0
2026-04-25T15:44:53.693937,185.219.x.x,d25fa1b4784a9935,56946,0,NON_MAVLINK_PROBE,SCANNER,0,,17f0eee8,NORMAL,0.0
2026-04-25T16:37:10.721365,185.107.x.x,ed9cde2492167b57,52802,0,NON_MAVLINK_PROBE,SCANNER,0,,336f1213,NORMAL,0.0
2026-04-25T16:37:11.253426,185.107.x.x,ed9cde2492167b57,52818,0,NON_MAVLINK_PROBE,SCANNER,0,,edf26b29,NORMAL,0.0
2026-04-25T16:52:19.013363,20.14.x.x,adb92d081ed688f9,47866,0,NON_MAVLINK_PROBE,SCANNER,0,,1c9a171a,NORMAL,0.0
2026-04-25T16:52:19.494023,20.14.x.x,adb92d081ed688f9,56640,0,NON_MAVLINK_PROBE,SCANNER,0,,8e603f07,NORMAL,0.0
2026-04-25T17:45:35.785322,130.12.x.x,9358db51a690d798,36044,0,NON_MAVLINK_PROBE,SCANNER,0,,7f5bc475,NORMAL,0.0
2026-04-25T17:45:36.089877,130.12.x.x,9358db51a690d798,36048,0,NON_MAVLINK_PROBE,SCANNER,0,,4480e607,NORMAL,0.0
2026-04-25T17:45:38.190094,130.12.x.x,9358db51a690d798,36054,0,NON_MAVLINK_PROBE,SCANNER,0,,2f34c4b8,NORMAL,0.0
2026-04-25T17:45:40.413980,130.12.x.x,9358db51a690d798,36066,0,NON_MAVLINK_PROBE,SCANNER,0,,ba9192bf,NORMAL,0.0
2026-04-25T17:45:41.083569,130.12.x.x,9358db51a690d798,36080,0,NON_MAVLINK_PROBE,SCANNER,0,,38586171,NORMAL,0.0
2026-04-25T17:45:47.086882,130.12.x.x,9358db51a690d798,47446,0,NON_MAVLINK_PROBE,SCANNER,0,,e544ca47,NORMAL,0.0
2026-04-25T17:45:53.109128,130.12.x.x,9358db51a690d798,47458,0,NON_MAVLINK_PROBE,SCANNER,0,,6c38521b,NORMAL,0.0
2026-04-25T17:45:56.642939,130.12.x.x,9358db51a690d798,42672,0,NON_MAVLINK_PROBE,SCANNER,0,,2f8e853d,NORMAL,0.0
2026-04-25T17:55:12.989740,81.29.x.x,f7b662d7880c6243,33662,0,NON_MAVLINK_PROBE,SCANNER,0,,bfc3b925,NORMAL,0.0
2026-04-25T17:55:14.961865,81.29.x.x,f7b662d7880c6243,33676,0,NON_MAVLINK_PROBE,SCANNER,0,,afbea0a6,NORMAL,0.0
2026-04-25T17:56:24.319598,91.92.x.x,a2edd09c0c9bf9d9,37250,0,NON_MAVLINK_PROBE,SCANNER,0,,31f6dede,NORMAL,0.0
2026-04-25T19:09:06.759737,195.178.x.x,4393ae9e88d5b51e,40970,0,NON_MAVLINK_PROBE,SCANNER,0,,7766634e,NORMAL,0.0
2026-04-25T19:13:45.906664,20.168.x.x,d5be1fade222ab5f,38714,0,NON_MAVLINK_PROBE,SCANNER,0,,7cd4c727,NORMAL,0.0
2026-04-25T19:22:17.222301,168.144.x.x,5342547dd7afffe4,45774,0,NON_MAVLINK_PROBE,SCANNER,0,,4fdc6227,NORMAL,0.0
2026-04-25T19:30:54.605587,66.132.x.x,2724aeb0da964e19,63474,0,NON_MAVLINK_PROBE,SCANNER,0,,51152907,NORMAL,0.0
2026-04-25T19:31:01.598481,66.132.x.x,2724aeb0da964e19,59706,4,UNKNOWN_4,UNKNOWN,3,09d1eeeb4d5006003905,fbcfc690,NORMAL,0.2
2026-04-25T19:31:15.612943,66.132.x.x,2724aeb0da964e19,59718,0,NON_MAVLINK_PROBE,SCANNER,0,,16cdb3dd,NORMAL,0.0
2026-04-25T19:43:20.160430,198.235.x.x,9773f9d101594f8a,65150,0,NON_MAVLINK_PROBE,SCANNER,0,,e1a6be98,NORMAL,0.0
2026-04-25T19:54:49.106949,217.168.x.x,d17aa903587f1cc6,45995,0,NON_MAVLINK_PROBE,SCANNER,0,,66ebaf37,NORMAL,0.0
2026-04-25T19:57:44.910093,167.71.x.x,047f0ee71595b4b8,44870,0,NON_MAVLINK_PROBE,SCANNER,0,,8631f414,NORMAL,0.0
2026-04-25T19:59:09.020591,79.124.x.x,a3dc2bc09007bf5d,59390,0,NON_MAVLINK_PROBE,SCANNER,0,,8b279927,NORMAL,0.0
2026-04-25T20:06:19.052883,5.61.x.x,7202821ba1a8b28a,1034,0,NON_MAVLINK_PROBE,SCANNER,0,,10ff941a,NORMAL,0.0
2026-04-25T20:24:41.783369,176.65.x.x,f3ea178df3529122,59014,0,NON_MAVLINK_PROBE,SCANNER,0,,c0a9a5f4,NORMAL,0.0
2026-04-25T20:30:25.858403,79.124.x.x,a3dc2bc09007bf5d,33684,0,NON_MAVLINK_PROBE,SCANNER,0,,8dc6579d,NORMAL,0.0
2026-04-25T20:33:44.664480,91.92.x.x,a2edd09c0c9bf9d9,55342,0,NON_MAVLINK_PROBE,SCANNER,0,,3c2cd7b9,NORMAL,0.0
2026-04-25T20:33:59.117519,45.33.x.x,81107a2c7f4fb18b,42031,0,NON_MAVLINK_PROBE,SCANNER,0,,29d5cfc7,NORMAL,0.0
2026-04-25T20:46:31.276012,45.156.x.x,6f98a9202d8376e0,38656,0,NON_MAVLINK_PROBE,SCANNER,0,,6223eda3,NORMAL,0.0
2026-04-25T20:51:48.253475,115.55.x.x,d04c457ced18685f,59931,0,NON_MAVLINK_PROBE,SCANNER,0,,283cf8ca,NORMAL,0.0
2026-04-25T21:01:50.518454,81.29.x.x,f7b662d7880c6243,9322,0,NON_MAVLINK_PROBE,SCANNER,0,,ab0e2f50,NORMAL,0.0
2026-04-25T21:02:11.046408,81.29.x.x,f7b662d7880c6243,4310,0,NON_MAVLINK_PROBE,SCANNER,0,,5ee593bf,NORMAL,0.0
2026-04-25T21:08:34.927461,66.132.x.x,1cf99c792000d359,38328,0,NON_MAVLINK_PROBE,SCANNER,0,,468e05ad,NORMAL,0.0
2026-04-25T21:08:40.652854,66.132.x.x,1cf99c792000d359,44762,4,UNKNOWN_4,UNKNOWN,3,cab62a494f5006003905,def365a8,NORMAL,0.2
2026-04-25T21:08:54.033455,66.132.x.x,1cf99c792000d359,44828,0,NON_MAVLINK_PROBE,SCANNER,0,,e03fc55a,NORMAL,0.0
2026-04-26T00:04:36.982182,45.135.x.x,26437232e5952619,56952,0,NON_MAVLINK_PROBE,SCANNER,0,,b9e0015b,NORMAL,0.0
2026-04-26T00:04:47.142561,45.135.x.x,26437232e5952619,51546,0,NON_MAVLINK_PROBE,SCANNER,0,,eaed122b,NORMAL,0.0
2026-04-26T00:22:21.958905,176.65.x.x,8ecb668eed5ac938,50578,0,NON_MAVLINK_PROBE,SCANNER,0,,678ce5f5,NORMAL,0.0
2026-04-26T00:35:18.494104,100.55.x.x,02a350b630823723,48040,0,NON_MAVLINK_PROBE,SCANNER,0,,78ed2ef0,NORMAL,0.0
2026-04-26T01:00:30.024174,176.65.x.x,3caaee43e61f0c4c,47596,0,NON_MAVLINK_PROBE,SCANNER,0,,4d482e56,NORMAL,0.0
2026-04-26T01:04:31.872309,176.65.x.x,8ecb668eed5ac938,34196,0,NON_MAVLINK_PROBE,SCANNER,0,,ce0de0bf,NORMAL,0.0
2026-04-26T01:05:19.068355,134.209.x.x,316ecc81e2c803c8,40734,0,NON_MAVLINK_PROBE,SCANNER,0,,07c1fd2a,NORMAL,0.0
2026-04-26T01:05:22.250500,134.209.x.x,316ecc81e2c803c8,40738,0,NON_MAVLINK_PROBE,SCANNER,0,,708a9b8a,NORMAL,0.0
2026-04-26T01:16:46.230934,20.163.x.x,5f88197628639904,40048,0,NON_MAVLINK_PROBE,SCANNER,0,,6c88da91,NORMAL,0.0
2026-04-26T01:16:46.723850,20.163.x.x,5f88197628639904,40052,0,NON_MAVLINK_PROBE,SCANNER,0,,2a3c14b2,NORMAL,0.0
2026-04-26T01:35:13.087116,87.121.x.x,13a53ff7924e1628,51224,0,NON_MAVLINK_PROBE,SCANNER,0,,1d4607ab,NORMAL,0.0
2026-04-26T02:28:40.047296,198.235.x.x,9111e28f1acef0af,59934,0,NON_MAVLINK_PROBE,SCANNER,0,,3d8515e6,NORMAL,0.0
2026-04-26T02:28:40.048525,198.235.x.x,9111e28f1acef0af,59940,0,NON_MAVLINK_PROBE,SCANNER,0,,835dd11b,NORMAL,0.0
2026-04-26T02:37:31.898856,43.161.x.x,28ff65be86bcb466,52156,0,NON_MAVLINK_PROBE,SCANNER,0,,b1269627,NORMAL,0.0
2026-04-26T02:37:32.261497,43.161.x.x,28ff65be86bcb466,52168,0,NON_MAVLINK_PROBE,SCANNER,0,,7a2611c7,NORMAL,0.0
2026-04-26T02:48:13.073950,64.62.x.x,92b3c9d4cb299137,62086,0,NON_MAVLINK_PROBE,SCANNER,0,,07531c5f,NORMAL,0.0
2026-04-26T03:20:31.283191,159.223.x.x,e5b05e4f80d14adf,57920,0,NON_MAVLINK_PROBE,SCANNER,0,,16f74456,NORMAL,0.0
2026-04-26T04:02:27.087962,23.111.x.x,3303ab6a65c0e935,38804,0,NON_MAVLINK_PROBE,SCANNER,0,,e0be5458,NORMAL,0.0
2026-04-26T04:55:56.649826,139.59.x.x,d6f530f2c610c1c3,45250,0,NON_MAVLINK_PROBE,SCANNER,0,,de21412a,NORMAL,0.0
2026-04-26T05:30:27.612362,152.42.x.x,c21143f16611eae6,33460,0,NON_MAVLINK_PROBE,SCANNER,0,,58f47c30,NORMAL,0.0
2026-04-26T06:04:26.701601,18.218.x.x,a1cedf5443bfca11,44412,0,NON_MAVLINK_PROBE,SCANNER,0,,e9920358,NORMAL,0.0
2026-04-26T06:04:28.720016,18.218.x.x,a1cedf5443bfca11,32806,0,NON_MAVLINK_PROBE,SCANNER,0,,86448af8,NORMAL,0.0
2026-04-26T06:04:41.432745,42.194.x.x,0c28f0b3ff78c257,54334,0,NON_MAVLINK_PROBE,SCANNER,0,,8632ad35,NORMAL,0.0
2026-04-26T06:04:43.198693,42.194.x.x,0c28f0b3ff78c257,54603,0,NON_MAVLINK_PROBE,SCANNER,0,,68efb2eb,NORMAL,0.0
2026-04-26T06:04:43.893098,42.194.x.x,0c28f0b3ff78c257,55390,0,NON_MAVLINK_PROBE,SCANNER,0,,5892688a,NORMAL,0.0
2026-04-26T06:06:56.934536,18.218.x.x,a1cedf5443bfca11,35486,0,NON_MAVLINK_PROBE,SCANNER,0,,5c70f0cc,NORMAL,0.0
2026-04-26T06:07:52.217916,18.218.x.x,a1cedf5443bfca11,33072,0,NON_MAVLINK_PROBE,SCANNER,0,,5a0c4f39,NORMAL,0.0
2026-04-26T06:11:42.642320,18.218.x.x,a1cedf5443bfca11,38324,0,NON_MAVLINK_PROBE,SCANNER,0,,68e7fffe,NORMAL,0.0
2026-04-26T06:58:19.639992,172.236.x.x,f21343d5fcd150e3,8598,0,NON_MAVLINK_PROBE,SCANNER,0,,54dc883a,NORMAL,0.0
2026-04-26T06:58:20.084508,172.236.x.x,f21343d5fcd150e3,8606,0,NON_MAVLINK_PROBE,SCANNER,0,,5ddbf5c2,NORMAL,0.0
2026-04-26T07:11:27.634786,64.62.x.x,6fc4f9175854b645,17962,0,NON_MAVLINK_PROBE,SCANNER,0,,f6416a1a,NORMAL,0.0
2026-04-26T08:21:11.864311,167.71.x.x,047f0ee71595b4b8,60460,0,NON_MAVLINK_PROBE,SCANNER,0,,c46f1519,NORMAL,0.0
2026-04-26T08:50:44.929167,5.61.x.x,7202821ba1a8b28a,5060,0,NON_MAVLINK_PROBE,SCANNER,0,,d50404e3,NORMAL,0.0
2026-04-26T08:59:17.813437,85.217.x.x,af7d9a2a4fba6716,39564,0,NON_MAVLINK_PROBE,SCANNER,0,,b3400fa8,NORMAL,0.0
2026-04-26T09:12:03.210198,168.144.x.x,5342547dd7afffe4,36048,0,NON_MAVLINK_PROBE,SCANNER,0,,ea2c4298,NORMAL,0.0
2026-04-26T10:09:38.943652,45.142.x.x,d64285cf35e0aea9,40442,0,NON_MAVLINK_PROBE,SCANNER,0,,d3e52818,NORMAL,0.0
2026-04-26T10:29:15.366403,64.62.x.x,d4e2d2af3a6ec2b5,37002,0,NON_MAVLINK_PROBE,SCANNER,0,,f7d90275,NORMAL,0.0
2026-04-26T10:51:00.077471,85.11.x.x,c61ab3d4f11bfb9f,36024,0,NON_MAVLINK_PROBE,SCANNER,0,,5434201b,NORMAL,0.0
2026-04-26T11:12:30.369783,176.65.x.x,938ad174c86fecba,56726,0,NON_MAVLINK_PROBE,SCANNER,0,,a02b1b44,NORMAL,0.0
2026-04-26T11:25:08.964756,45.79.x.x,2cef746364ca5191,10002,0,NON_MAVLINK_PROBE,SCANNER,0,,29441d7e,NORMAL,0.0
2026-04-26T11:25:09.442534,45.79.x.x,2cef746364ca5191,7376,0,NON_MAVLINK_PROBE,SCANNER,0,,e1207765,NORMAL,0.0
2026-04-26T12:20:54.984837,87.236.x.x,f8c1c77f1e580e88,57189,0,NON_MAVLINK_PROBE,SCANNER,0,,07e89dde,NORMAL,0.0
2026-04-26T12:41:59.553219,204.76.x.x,1b633c0115883f2b,3879,0,NON_MAVLINK_PROBE,SCANNER,0,,6a98b3fb,NORMAL,0.0
2026-04-26T12:41:59.558324,204.76.x.x,6c2d4e16a012734a,4035,0,NON_MAVLINK_PROBE,SCANNER,0,,699c7f98,NORMAL,0.0
2026-04-26T12:41:59.841804,204.76.x.x,1b633c0115883f2b,7293,0,NON_MAVLINK_PROBE,SCANNER,0,,47b835b1,NORMAL,0.0
2026-04-26T12:41:59.848013,204.76.x.x,6c2d4e16a012734a,20885,0,NON_MAVLINK_PROBE,SCANNER,0,,a147de4a,NORMAL,0.0
2026-04-26T13:06:44.165224,176.65.x.x,e526934389ab0551,55798,0,NON_MAVLINK_PROBE,SCANNER,0,,83b40773,NORMAL,0.0
2026-04-26T13:21:10.810055,91.231.x.x,c6682e9738af3c73,58911,0,NON_MAVLINK_PROBE,SCANNER,0,,08d45dce,NORMAL,0.0
2026-04-26T13:21:14.023873,91.231.x.x,169b49f6800772bc,52675,0,NON_MAVLINK_PROBE,SCANNER,0,,8b78447e,NORMAL,0.0
2026-04-26T13:56:11.530747,93.123.x.x,7241acd881f52dff,35360,0,NON_MAVLINK_PROBE,SCANNER,0,,c61d4ef5,NORMAL,0.0
2026-04-26T14:05:08.790162,147.224.x.x,ea674d4e2ec75536,20886,0,NON_MAVLINK_PROBE,SCANNER,0,,cc35a92b,NORMAL,0.0
2026-04-26T14:05:08.844814,147.224.x.x,ea674d4e2ec75536,20878,0,NON_MAVLINK_PROBE,SCANNER,0,,cec1f33c,NORMAL,0.0
2026-04-26T14:14:20.926671,176.65.x.x,3caaee43e61f0c4c,36596,0,NON_MAVLINK_PROBE,SCANNER,0,,3cb47174,NORMAL,0.0
2026-04-26T15:15:34.299532,127.0.x.x,ef2f9f91273ffdad,46282,0,HEARTBEAT,RECON,1,000000000006080000,a2118ea3,NORMAL,0.2
2026-04-26T15:16:04.774834,127.0.x.x,ef2f9f91273ffdad,60900,0,HEARTBEAT,RECON,1,000000000006080000,94bf1c48,NORMAL,0.2
2026-04-26T15:19:03.394254,223.31.x.x,4454cbcd1c41c537,62890,0,HEARTBEAT,RECON,1,000000000006080000,8463340a,NORMAL,0.2
2026-04-26T15:20:40.941984,223.31.x.x,4454cbcd1c41c537,62903,0,HEARTBEAT,RECON,1,000000000006080000,ad3208f8,NORMAL,0.2
2026-04-26T15:20:41.919880,127.0.x.x,ef2f9f91273ffdad,56084,0,HEARTBEAT,RECON,1,000000000006080000,64496a36,NORMAL,0.2
2026-04-26T15:20:43.463364,127.0.x.x,ef2f9f91273ffdad,57866,0,HEARTBEAT,RECON,1,000000000006080000,d440e175,NORMAL,0.2
2026-04-26T15:26:14.721556,40.67.x.x,c58a74f14db6a363,44220,0,NON_MAVLINK_PROBE,SCANNER,0,,d1d2d1fd,NORMAL,0.0
2026-04-26T15:58:21.648743,168.144.x.x,0fb354cd3745dcc9,46376,0,NON_MAVLINK_PROBE,SCANNER,0,,9fbb63de,NORMAL,0.0
2026-04-26T17:48:46.390029,87.121.x.x,13a53ff7924e1628,44454,0,NON_MAVLINK_PROBE,SCANNER,0,,9841b8ff,NORMAL,0.0
2026-04-26T19:35:44.457565,172.245.x.x,d3e88505832a41f0,31128,0,NON_MAVLINK_PROBE,SCANNER,0,,bee9b8b7,NORMAL,0.0
2026-04-26T20:02:13.301825,165.154.x.x,1f678b2b789711bd,45124,0,NON_MAVLINK_PROBE,SCANNER,0,,93a4ad39,NORMAL,0.0
2026-04-26T20:02:31.790733,165.154.x.x,1f678b2b789711bd,45138,0,NON_MAVLINK_PROBE,SCANNER,0,,abb865d9,NORMAL,0.0
2026-04-26T20:02:50.275753,165.154.x.x,1f678b2b789711bd,52278,0,NON_MAVLINK_PROBE,SCANNER,0,,6c5f54fe,NORMAL,0.0
2026-04-26T20:03:08.761053,165.154.x.x,1f678b2b789711bd,45830,0,NON_MAVLINK_PROBE,SCANNER,0,,b0ed44c0,NORMAL,0.0
2026-04-26T20:03:27.286544,165.154.x.x,1f678b2b789711bd,51442,0,NON_MAVLINK_PROBE,SCANNER,0,,1ded26d7,NORMAL,0.0
2026-04-26T20:03:45.937831,165.154.x.x,1f678b2b789711bd,34136,0,NON_MAVLINK_PROBE,SCANNER,0,,29dc5af1,NORMAL,0.0
2026-04-26T20:04:04.504252,165.154.x.x,1f678b2b789711bd,35584,0,NON_MAVLINK_PROBE,SCANNER,0,,56acdaab,NORMAL,0.0
2026-04-26T20:04:23.037213,165.154.x.x,1f678b2b789711bd,39084,0,NON_MAVLINK_PROBE,SCANNER,0,,8850550f,NORMAL,0.0
2026-04-26T20:04:41.626213,165.154.x.x,1f678b2b789711bd,57290,0,NON_MAVLINK_PROBE,SCANNER,0,,be21bb23,NORMAL,0.0
2026-04-26T20:05:01.098649,165.154.x.x,1f678b2b789711bd,52526,0,NON_MAVLINK_PROBE,SCANNER,0,,f3dd31a7,NORMAL,0.0
2026-04-26T20:23:47.671282,205.210.x.x,977ac322bc3951e7,55915,0,NON_MAVLINK_PROBE,SCANNER,0,,2195cf07,NORMAL,0.0
2026-04-26T20:33:54.887998,79.124.x.x,a3dc2bc09007bf5d,41970,0,NON_MAVLINK_PROBE,SCANNER,0,,b206c217,NORMAL,0.0
2026-04-26T20:39:41.297956,195.178.x.x,4393ae9e88d5b51e,48416,0,NON_MAVLINK_PROBE,SCANNER,0,,8d9bc100,NORMAL,0.0
2026-04-26T20:54:04.383873,2.26.x.x,c3ca72a28bb1ba84,55324,0,NON_MAVLINK_PROBE,SCANNER,0,,8e113ee8,NORMAL,0.0
2026-04-26T20:58:31.447299,159.223.x.x,e5b05e4f80d14adf,37424,0,NON_MAVLINK_PROBE,SCANNER,0,,eb513503,NORMAL,0.0
2026-04-26T21:14:05.228870,79.124.x.x,a3dc2bc09007bf5d,48602,0,NON_MAVLINK_PROBE,SCANNER,0,,5d181bf1,NORMAL,0.0
2026-04-26T21:34:33.424944,72.14.x.x,2fa4c6b3a4bc67ea,36621,0,NON_MAVLINK_PROBE,SCANNER,0,,ca83bbe6,NORMAL,0.0
2026-04-26T21:40:03.440502,66.132.x.x,c1f0c872e15cc274,14046,0,NON_MAVLINK_PROBE,SCANNER,0,,7e8d2590,NORMAL,0.0
2026-04-26T21:40:07.868146,66.132.x.x,c1f0c872e15cc274,14094,4,UNKNOWN_4,UNKNOWN,3,c31a7bd7635006003905,ed22e777,NORMAL,0.2
2026-04-26T21:40:21.708214,66.132.x.x,c1f0c872e15cc274,22004,0,NON_MAVLINK_PROBE,SCANNER,0,,1f40d55a,NORMAL,0.0
2026-04-26T21:49:40.202832,20.14.x.x,ac6bb07c5e953e4f,44106,0,NON_MAVLINK_PROBE,SCANNER,0,,5e35fad4,NORMAL,0.0
2026-04-26T21:49:40.704008,20.14.x.x,ac6bb07c5e953e4f,42360,0,NON_MAVLINK_PROBE,SCANNER,0,,750f04a9,NORMAL,0.0
2026-04-26T21:57:25.627083,66.228.x.x,e9072d1e60c50981,12876,0,NON_MAVLINK_PROBE,SCANNER,0,,1898faef,NORMAL,0.0
2026-04-26T21:57:26.107074,66.228.x.x,e9072d1e60c50981,22242,0,NON_MAVLINK_PROBE,SCANNER,0,,0cc744a5,NORMAL,0.0
2026-04-26T22:33:50.813626,45.33.x.x,063b4070da572353,54360,0,NON_MAVLINK_PROBE,SCANNER,0,,73412c89,NORMAL,0.0
2026-04-26T22:36:16.612592,5.61.x.x,7202821ba1a8b28a,63692,0,NON_MAVLINK_PROBE,SCANNER,0,,89870dde,NORMAL,0.0
2026-04-26T23:45:59.104515,176.65.x.x,f3ea178df3529122,37846,0,NON_MAVLINK_PROBE,SCANNER,0,,1e47cea4,NORMAL,0.0
2026-04-27T00:11:13.963149,87.121.x.x,13a53ff7924e1628,47714,0,NON_MAVLINK_PROBE,SCANNER,0,,ad744561,NORMAL,0.0
2026-04-27T00:12:27.764544,66.228.x.x,e743a40fbd819489,22444,0,NON_MAVLINK_PROBE,SCANNER,0,,36866956,NORMAL,0.0
2026-04-27T00:12:28.297812,66.228.x.x,e743a40fbd819489,27928,0,NON_MAVLINK_PROBE,SCANNER,0,,ec6ad0f9,NORMAL,0.0
2026-04-27T00:44:59.380097,54.210.x.x,50b9025b1da44611,55478,0,NON_MAVLINK_PROBE,SCANNER,0,,a95c657c,NORMAL,0.0
2026-04-27T00:46:52.357368,205.210.x.x,c1d5b9accfdf2726,58728,0,NON_MAVLINK_PROBE,SCANNER,0,,169f4155,NORMAL,0.0
2026-04-27T01:03:38.657551,167.71.x.x,047f0ee71595b4b8,59560,0,NON_MAVLINK_PROBE,SCANNER,0,,498d7ffc,NORMAL,0.0
2026-04-27T01:51:56.852082,172.236.x.x,c1346177848723a5,24464,0,NON_MAVLINK_PROBE,SCANNER,0,,d5ece59f,NORMAL,0.0
2026-04-27T01:51:57.288146,172.236.x.x,c1346177848723a5,49674,0,NON_MAVLINK_PROBE,SCANNER,0,,4ed017fb,NORMAL,0.0
2026-04-27T03:13:14.372790,101.36.x.x,ba64f237824aa1d4,41596,0,NON_MAVLINK_PROBE,SCANNER,0,,acfc4397,NORMAL,0.0
2026-04-27T03:13:32.691538,101.36.x.x,ba64f237824aa1d4,41598,0,NON_MAVLINK_PROBE,SCANNER,0,,168af06d,NORMAL,0.0
2026-04-27T03:13:50.954207,101.36.x.x,ba64f237824aa1d4,45868,0,NON_MAVLINK_PROBE,SCANNER,0,,91e27a50,NORMAL,0.0
2026-04-27T03:14:09.306417,101.36.x.x,ba64f237824aa1d4,52316,0,NON_MAVLINK_PROBE,SCANNER,0,,580bf7ca,NORMAL,0.0
2026-04-27T03:14:27.682260,101.36.x.x,ba64f237824aa1d4,39490,0,NON_MAVLINK_PROBE,SCANNER,0,,b3b1f531,NORMAL,0.0
2026-04-27T03:14:46.001248,101.36.x.x,ba64f237824aa1d4,36918,0,NON_MAVLINK_PROBE,SCANNER,0,,516e2f6f,NORMAL,0.0
2026-04-27T03:15:04.358499,101.36.x.x,ba64f237824aa1d4,58112,0,NON_MAVLINK_PROBE,SCANNER,0,,3dc5f19e,NORMAL,0.0
2026-04-27T03:15:22.677769,101.36.x.x,ba64f237824aa1d4,60056,0,NON_MAVLINK_PROBE,SCANNER,0,,82b35471,NORMAL,0.0
2026-04-27T03:15:41.026867,101.36.x.x,ba64f237824aa1d4,52528,0,NON_MAVLINK_PROBE,SCANNER,0,,8b1bbca1,NORMAL,0.0
2026-04-27T03:15:59.283114,101.36.x.x,ba64f237824aa1d4,41756,0,NON_MAVLINK_PROBE,SCANNER,0,,9cf4cb4e,NORMAL,0.0
2026-04-27T03:30:27.050304,205.210.x.x,46d2cb610a37dcc5,64562,0,NON_MAVLINK_PROBE,SCANNER,0,,5682cad5,NORMAL,0.0
2026-04-27T03:30:27.063796,205.210.x.x,46d2cb610a37dcc5,64572,0,NON_MAVLINK_PROBE,SCANNER,0,,d4929a79,NORMAL,0.0
2026-04-27T03:47:19.459526,64.227.x.x,cb888672703e687c,25576,0,NON_MAVLINK_PROBE,SCANNER,0,,6a6728b8,NORMAL,0.0
2026-04-27T05:00:53.409159,45.153.x.x,0b28fdd13c52a535,45376,0,NON_MAVLINK_PROBE,SCANNER,0,,a5b78d0e,NORMAL,0.0
2026-04-27T05:39:10.615742,71.6.x.x,c0c19464de56bd87,46186,0,NON_MAVLINK_PROBE,SCANNER,0,,0edc123b,NORMAL,0.0
2026-04-27T05:48:18.872774,3.131.x.x,33a4e31c62c5a2fe,41968,0,NON_MAVLINK_PROBE,SCANNER,0,,d86aa33b,NORMAL,0.0
2026-04-27T05:48:59.347163,3.131.x.x,33a4e31c62c5a2fe,54916,0,NON_MAVLINK_PROBE,SCANNER,0,,0b114b61,NORMAL,0.0
2026-04-27T05:50:19.470189,3.131.x.x,33a4e31c62c5a2fe,43626,0,NON_MAVLINK_PROBE,SCANNER,0,,478c91fd,NORMAL,0.0
2026-04-27T05:53:25.294829,3.131.x.x,33a4e31c62c5a2fe,33892,0,NON_MAVLINK_PROBE,SCANNER,0,,7eaaf368,NORMAL,0.0
2026-04-27T05:54:39.423699,3.131.x.x,33a4e31c62c5a2fe,47172,0,NON_MAVLINK_PROBE,SCANNER,0,,1d6a205d,NORMAL,0.0
2026-04-27T05:56:42.681130,3.131.x.x,33a4e31c62c5a2fe,45844,0,NON_MAVLINK_PROBE,SCANNER,0,,730ed4cd,NORMAL,0.0
2026-04-27T07:38:49.750691,172.202.x.x,39c5f5a529aba267,40300,0,NON_MAVLINK_PROBE,SCANNER,0,,7ee03b8d,NORMAL,0.0
2026-04-27T07:57:45.922773,104.243.x.x,51d26760670db67a,44796,0,NON_MAVLINK_PROBE,SCANNER,0,,fb582d0c,NORMAL,0.0
2026-04-27T07:57:46.420030,104.243.x.x,51d26760670db67a,44800,0,NON_MAVLINK_PROBE,SCANNER,0,,7ff3c021,NORMAL,0.0
2026-04-27T09:34:04.862522,176.65.x.x,938ad174c86fecba,42168,0,NON_MAVLINK_PROBE,SCANNER,0,,4bd798b3,NORMAL,0.0
2026-04-27T10:08:32.110042,64.62.x.x,b88e9fd5a82ea3b3,54690,0,NON_MAVLINK_PROBE,SCANNER,0,,1dfbfff2,NORMAL,0.0
2026-04-27T10:24:35.158264,66.228.x.x,b49bbd6652059768,27264,0,NON_MAVLINK_PROBE,SCANNER,0,,fd71a821,NORMAL,0.0
2026-04-27T10:24:35.613033,66.228.x.x,b49bbd6652059768,30714,0,NON_MAVLINK_PROBE,SCANNER,0,,6ca0a46b,NORMAL,0.0
2026-04-27T10:29:16.316006,176.65.x.x,3caaee43e61f0c4c,45910,0,NON_MAVLINK_PROBE,SCANNER,0,,9de7269f,NORMAL,0.0
2026-04-27T10:32:32.337713,64.62.x.x,bb8dae423e75c877,43542,0,NON_MAVLINK_PROBE,SCANNER,0,,cb68225a,NORMAL,0.0
2026-04-27T10:39:40.286102,64.227.x.x,47745c356bb86b08,39340,0,NON_MAVLINK_PROBE,SCANNER,0,,50b7b210,NORMAL,0.0
2026-04-27T10:39:43.152821,64.227.x.x,47745c356bb86b08,57892,0,NON_MAVLINK_PROBE,SCANNER,0,,144405c9,NORMAL,0.0
2026-04-27T10:40:40.313903,64.227.x.x,47745c356bb86b08,57902,0,NON_MAVLINK_PROBE,SCANNER,0,,128a6c1e,NORMAL,0.0
2026-04-27T10:40:47.741898,64.227.x.x,47745c356bb86b08,51062,0,NON_MAVLINK_PROBE,SCANNER,0,,9a255b18,NORMAL,0.0
2026-04-27T11:07:21.501027,20.169.x.x,778de7ef6d287126,44614,0,NON_MAVLINK_PROBE,SCANNER,0,,486a3bc4,NORMAL,0.0
2026-04-27T12:17:08.921216,167.71.x.x,047f0ee71595b4b8,52218,0,NON_MAVLINK_PROBE,SCANNER,0,,4b94e0b5,NORMAL,0.0
2026-04-27T12:29:41.150318,5.61.x.x,7202821ba1a8b28a,39800,0,NON_MAVLINK_PROBE,SCANNER,0,,36b2b996,NORMAL,0.0
2026-04-27T12:40:55.371761,87.121.x.x,13a53ff7924e1628,53212,0,NON_MAVLINK_PROBE,SCANNER,0,,df7ab979,NORMAL,0.0
2026-04-27T13:03:13.387585,190.109.x.x,e0d47ddf4e36802d,52206,0,NON_MAVLINK_PROBE,SCANNER,0,,16e5e58a,NORMAL,0.0
2026-04-27T13:04:16.830500,179.6.x.x,043884e1f1be5b38,24320,0,NON_MAVLINK_PROBE,SCANNER,0,,3bc16814,NORMAL,0.0
2026-04-27T13:18:41.870287,115.190.x.x,e0a45b1ced8edec5,55048,0,NON_MAVLINK_PROBE,SCANNER,0,,4fb816c0,NORMAL,0.0
2026-04-27T13:31:33.332406,65.49.x.x,2411812615d1863a,50696,0,NON_MAVLINK_PROBE,SCANNER,0,,4cc6f042,NORMAL,0.0
2026-04-27T14:20:12.961486,152.42.x.x,333e29e46d723efa,52684,0,NON_MAVLINK_PROBE,SCANNER,0,,5bba7fde,NORMAL,0.0
2026-04-27T15:04:17.915773,129.212.x.x,c2e4cd1452a1a19f,33550,0,NON_MAVLINK_PROBE,SCANNER,0,,9c15cede,NORMAL,0.0
2026-04-27T15:30:43.681895,176.65.x.x,f3ea178df3529122,60898,0,NON_MAVLINK_PROBE,SCANNER,0,,123d9562,NORMAL,0.0
2026-04-27T15:51:12.093536,176.65.x.x,3caaee43e61f0c4c,51712,0,NON_MAVLINK_PROBE,SCANNER,0,,24bd9f63,NORMAL,0.0
2026-04-27T16:39:30.601445,160.119.x.x,f15f16f3fb66086b,58436,0,NON_MAVLINK_PROBE,SCANNER,0,,987e8498,NORMAL,0.0
2026-04-27T16:39:30.936969,160.119.x.x,f15f16f3fb66086b,58446,0,NON_MAVLINK_PROBE,SCANNER,0,,bce4ab56,NORMAL,0.0
2026-04-27T16:44:34.102001,160.119.x.x,f15f16f3fb66086b,54924,0,NON_MAVLINK_PROBE,SCANNER,0,,d8f76f2f,NORMAL,0.0
2026-04-27T18:11:13.394191,205.210.x.x,8d89399ffed50a18,60084,0,NON_MAVLINK_PROBE,SCANNER,0,,b28224e6,NORMAL,0.0
2026-04-27T18:55:49.490530,220.167.x.x,93595a09686d8654,14888,0,NON_MAVLINK_PROBE,SCANNER,0,,4ae3466d,NORMAL,0.0
2026-04-27T18:55:58.235649,124.72.x.x,045bf518c928fee1,52832,0,NON_MAVLINK_PROBE,SCANNER,0,,db8cd8f4,NORMAL,0.0
2026-04-27T18:56:06.684628,123.191.x.x,42ec665391656154,13674,0,NON_MAVLINK_PROBE,SCANNER,0,,3c22a563,NORMAL,0.0
2026-04-27T18:56:12.303088,223.166.x.x,2794c7d83cffde7c,9698,0,NON_MAVLINK_PROBE,SCANNER,0,,051671da,NORMAL,0.0
2026-04-27T20:20:12.233540,87.121.x.x,13a53ff7924e1628,34986,0,NON_MAVLINK_PROBE,SCANNER,0,,1c2e32e4,NORMAL,0.0
2026-04-27T20:29:08.809320,152.32.x.x,e912fed399031b05,60808,0,NON_MAVLINK_PROBE,SCANNER,0,,040b1a7d,NORMAL,0.0
2026-04-27T20:29:26.914302,152.32.x.x,e912fed399031b05,60818,0,NON_MAVLINK_PROBE,SCANNER,0,,5ca28c36,NORMAL,0.0
2026-04-27T20:29:45.019811,152.32.x.x,e912fed399031b05,40788,0,NON_MAVLINK_PROBE,SCANNER,0,,5397f834,NORMAL,0.0
2026-04-27T20:30:03.157214,152.32.x.x,e912fed399031b05,41954,0,NON_MAVLINK_PROBE,SCANNER,0,,7ed93cd5,NORMAL,0.0
2026-04-27T20:30:21.314219,152.32.x.x,e912fed399031b05,57418,0,NON_MAVLINK_PROBE,SCANNER,0,,41c8fa94,NORMAL,0.0
2026-04-27T20:30:39.650728,152.32.x.x,e912fed399031b05,51768,0,NON_MAVLINK_PROBE,SCANNER,0,,c4b0785d,NORMAL,0.0
2026-04-27T20:30:59.081535,152.32.x.x,e912fed399031b05,43656,0,NON_MAVLINK_PROBE,SCANNER,0,,910f18d5,NORMAL,0.0
2026-04-27T20:31:18.136431,152.32.x.x,e912fed399031b05,56684,0,NON_MAVLINK_PROBE,SCANNER,0,,25145461,NORMAL,0.0
2026-04-27T20:31:36.329445,152.32.x.x,e912fed399031b05,42554,0,NON_MAVLINK_PROBE,SCANNER,0,,37a934c9,NORMAL,0.0
2026-04-27T20:31:55.458369,152.32.x.x,e912fed399031b05,37420,0,NON_MAVLINK_PROBE,SCANNER,0,,b251e8cf,NORMAL,0.0
2026-04-27T20:32:42.285062,176.65.x.x,8ecb668eed5ac938,59018,0,NON_MAVLINK_PROBE,SCANNER,0,,1db2dad8,NORMAL,0.0
2026-04-27T20:35:49.463788,198.235.x.x,263e428d72d19fc7,64818,0,NON_MAVLINK_PROBE,SCANNER,0,,d6c1926b,NORMAL,0.0
2026-04-27T20:35:49.466507,198.235.x.x,263e428d72d19fc7,64812,0,NON_MAVLINK_PROBE,SCANNER,0,,2a1a8ce1,NORMAL,0.0
2026-04-27T21:05:40.456010,79.124.x.x,a3dc2bc09007bf5d,58044,0,NON_MAVLINK_PROBE,SCANNER,0,,b10c916d,NORMAL,0.0
2026-04-27T21:36:14.091710,79.124.x.x,a3dc2bc09007bf5d,44146,0,NON_MAVLINK_PROBE,SCANNER,0,,bb255825,NORMAL,0.0
2026-04-27T21:54:07.707220,185.132.x.x,cf4e172c1f948ae8,42650,0,NON_MAVLINK_PROBE,SCANNER,0,,4af9c453,NORMAL,0.0
2026-04-27T21:55:14.159541,176.65.x.x,005fc190cb64f6b9,40926,0,NON_MAVLINK_PROBE,SCANNER,0,,21f0f9f2,NORMAL,0.0
2026-04-27T22:26:16.505811,147.185.x.x,ed38a9e4afa71e88,51628,0,NON_MAVLINK_PROBE,SCANNER,0,,76fc6f5f,NORMAL,0.0
2026-04-27T22:30:12.724387,159.223.x.x,e5b05e4f80d14adf,36670,0,NON_MAVLINK_PROBE,SCANNER,0,,2f0f7c27,NORMAL,0.0
2026-04-27T22:31:03.316620,66.132.x.x,0a9c608bc025f76d,45152,0,NON_MAVLINK_PROBE,SCANNER,0,,061c289d,NORMAL,0.0
2026-04-27T22:31:10.394173,66.132.x.x,0a9c608bc025f76d,57994,4,UNKNOWN_4,UNKNOWN,3,e922dfab785006003905,2883605f,NORMAL,0.2
2026-04-27T22:31:24.381855,66.132.x.x,0a9c608bc025f76d,45928,0,NON_MAVLINK_PROBE,SCANNER,0,,ddc85144,NORMAL,0.0
2026-04-27T22:44:36.237198,5.61.x.x,7202821ba1a8b28a,49548,0,NON_MAVLINK_PROBE,SCANNER,0,,0ad0e1c0,NORMAL,0.0
2026-04-27T23:11:02.436444,45.135.x.x,dc84db7200fbd020,29108,0,NON_MAVLINK_PROBE,SCANNER,0,,3538a40d,NORMAL,0.0
2026-04-27T23:38:35.169755,45.135.x.x,dc84db7200fbd020,56858,0,NON_MAVLINK_PROBE,SCANNER,0,,ea74fc45,NORMAL,0.0
2026-04-28T00:14:49.513271,45.135.x.x,dc84db7200fbd020,11248,0,NON_MAVLINK_PROBE,SCANNER,0,,bcc4c3ad,NORMAL,0.0
2026-04-28T00:33:00.535949,87.121.x.x,13a53ff7924e1628,59284,0,NON_MAVLINK_PROBE,SCANNER,0,,436bb35e,NORMAL,0.0
2026-04-28T00:34:55.757959,3.94.x.x,20533a02d29ed058,55286,0,NON_MAVLINK_PROBE,SCANNER,0,,a159141c,NORMAL,0.0
2026-04-28T00:50:22.505372,172.203.x.x,21746f579bf5e2d6,55526,0,NON_MAVLINK_PROBE,SCANNER,0,,680c4483,NORMAL,0.0
2026-04-28T00:50:22.917975,172.203.x.x,21746f579bf5e2d6,46706,0,NON_MAVLINK_PROBE,SCANNER,0,,4f514c91,NORMAL,0.0
2026-04-28T01:38:07.365818,81.29.x.x,71eb0443981e4962,48050,0,NON_MAVLINK_PROBE,SCANNER,0,,faf22afa,NORMAL,0.0
2026-04-28T01:38:08.501071,81.29.x.x,71eb0443981e4962,48056,0,NON_MAVLINK_PROBE,SCANNER,0,,085da29a,NORMAL,0.0
2026-04-28T03:20:27.876432,164.92.x.x,3f1dbfaa19139bfd,35100,0,NON_MAVLINK_PROBE,SCANNER,0,,6417213b,NORMAL,0.0
2026-04-28T03:20:31.117961,164.92.x.x,3f1dbfaa19139bfd,57660,0,NON_MAVLINK_PROBE,SCANNER,0,,bef8066a,NORMAL,0.0
2026-04-28T05:05:07.397043,176.65.x.x,f3ea178df3529122,40942,0,NON_MAVLINK_PROBE,SCANNER,0,,884ae7fb,NORMAL,0.0
2026-04-28T05:06:16.139011,45.135.x.x,dc84db7200fbd020,60132,0,NON_MAVLINK_PROBE,SCANNER,0,,d1bcf666,NORMAL,0.0
2026-04-28T06:10:07.390258,167.71.x.x,047f0ee71595b4b8,43350,0,NON_MAVLINK_PROBE,SCANNER,0,,3ce28de7,NORMAL,0.0
2026-04-28T06:34:07.361737,176.65.x.x,231b2332032de53e,42648,0,NON_MAVLINK_PROBE,SCANNER,0,,2a5a60b8,NORMAL,0.0
2026-04-28T07:21:35.460552,18.116.x.x,5824e96b9673eccb,39926,0,NON_MAVLINK_PROBE,SCANNER,0,,7a1b7dab,NORMAL,0.0
2026-04-28T07:22:32.415812,18.116.x.x,5824e96b9673eccb,38784,0,NON_MAVLINK_PROBE,SCANNER,0,,8dcd97f3,NORMAL,0.0
2026-04-28T07:23:41.290830,18.116.x.x,5824e96b9673eccb,53280,0,NON_MAVLINK_PROBE,SCANNER,0,,e03fcf7e,NORMAL,0.0
2026-04-28T07:24:26.344071,18.116.x.x,5824e96b9673eccb,43858,0,NON_MAVLINK_PROBE,SCANNER,0,,cb54b5aa,NORMAL,0.0
2026-04-28T07:25:06.471097,18.116.x.x,5824e96b9673eccb,38346,0,NON_MAVLINK_PROBE,SCANNER,0,,c87234b4,NORMAL,0.0
2026-04-28T07:38:51.677165,74.82.x.x,cf286f3d9a1aab67,65160,0,NON_MAVLINK_PROBE,SCANNER,0,,ef307551,NORMAL,0.0
2026-04-28T07:56:52.508071,185.150.x.x,c48f5bbb5eba79ed,48874,0,NON_MAVLINK_PROBE,SCANNER,0,,a5b8f343,NORMAL,0.0
2026-04-28T07:56:52.991576,185.150.x.x,c48f5bbb5eba79ed,48890,0,NON_MAVLINK_PROBE,SCANNER,0,,1887d96d,NORMAL,0.0
2026-04-28T08:08:25.082610,199.45.x.x,63336184d7d8330c,56096,0,NON_MAVLINK_PROBE,SCANNER,0,,0bd0da1d,NORMAL,0.0
2026-04-28T08:08:28.573671,199.45.x.x,63336184d7d8330c,46906,4,UNKNOWN_4,UNKNOWN,3,36e075bc805006003905,eca6dc77,NORMAL,0.2
2026-04-28T08:08:41.374515,199.45.x.x,63336184d7d8330c,46908,0,NON_MAVLINK_PROBE,SCANNER,0,,0505222d,NORMAL,0.0
2026-04-28T08:09:25.646559,45.135.x.x,dc84db7200fbd020,60622,0,NON_MAVLINK_PROBE,SCANNER,0,,6b24a553,NORMAL,0.0
2026-04-28T09:03:04.457353,81.29.x.x,f7b662d7880c6243,50382,0,NON_MAVLINK_PROBE,SCANNER,0,,8609d800,NORMAL,0.0
2026-04-28T09:03:25.304023,81.29.x.x,f7b662d7880c6243,50392,0,NON_MAVLINK_PROBE,SCANNER,0,,d3c5e068,NORMAL,0.0
2026-04-28T10:32:21.164671,64.62.x.x,7a4cf02331c5d866,13218,0,NON_MAVLINK_PROBE,SCANNER,0,,468ed9b9,NORMAL,0.0
2026-04-28T11:42:04.772010,165.154.x.x,659267b4a8383b55,38366,0,NON_MAVLINK_PROBE,SCANNER,0,,9f947c27,NORMAL,0.0
2026-04-28T11:42:09.777978,165.154.x.x,659267b4a8383b55,39870,0,NON_MAVLINK_PROBE,SCANNER,0,,8889760e,NORMAL,0.0
2026-04-28T11:42:20.102056,165.154.x.x,659267b4a8383b55,39878,0,NON_MAVLINK_PROBE,SCANNER,0,,e5fa46e6,NORMAL,0.0
2026-04-28T11:42:21.840073,165.154.x.x,659267b4a8383b55,44448,0,NON_MAVLINK_PROBE,SCANNER,0,,5a2e7cda,NORMAL,0.0
2026-04-28T12:14:25.412762,45.194.x.x,a5c875792cddc114,40398,0,NON_MAVLINK_PROBE,SCANNER,0,,53ef9595,NORMAL,0.0
2026-04-28T12:58:09.481561,74.82.x.x,cf286f3d9a1aab67,60500,0,NON_MAVLINK_PROBE,SCANNER,0,,4955b2e6,NORMAL,0.0
2026-04-28T13:07:42.191380,178.62.x.x,756fe504676524d6,58136,0,NON_MAVLINK_PROBE,SCANNER,0,,eff9d368,NORMAL,0.0
2026-04-28T13:22:10.878288,185.242.x.x,4b85ea11ceb4d33e,44170,0,NON_MAVLINK_PROBE,SCANNER,0,,80acd7c6,NORMAL,0.0
2026-04-28T13:40:40.742665,5.187.x.x,7c5d66f95da34862,34866,0,NON_MAVLINK_PROBE,SCANNER,0,,36780377,NORMAL,0.0
2026-04-28T14:02:10.040842,115.50.x.x,8823efa37809e101,44990,0,NON_MAVLINK_PROBE,SCANNER,0,,ea2d0e90,NORMAL,0.0
2026-04-28T14:16:22.822425,176.65.x.x,3caaee43e61f0c4c,48442,0,NON_MAVLINK_PROBE,SCANNER,0,,e5640a0e,NORMAL,0.0
2026-04-28T14:51:28.960904,87.121.x.x,13a53ff7924e1628,50980,0,NON_MAVLINK_PROBE,SCANNER,0,,6200a7d1,NORMAL,0.0
2026-04-28T16:04:16.336140,45.156.x.x,271286db49c1a748,60838,0,NON_MAVLINK_PROBE,SCANNER,0,,7f8e821a,NORMAL,0.0
2026-04-28T16:04:24.333016,45.156.x.x,271286db49c1a748,60844,0,NON_MAVLINK_PROBE,SCANNER,0,,dd786aff,NORMAL,0.0
2026-04-28T16:45:47.940957,92.63.x.x,d3d69a66dc865704,8032,0,NON_MAVLINK_PROBE,SCANNER,0,,686bb2e0,NORMAL,0.0
2026-04-28T16:45:48.247485,92.63.x.x,d3d69a66dc865704,8038,0,NON_MAVLINK_PROBE,SCANNER,0,,db765238,NORMAL,0.0
2026-04-28T18:33:29.717479,5.61.x.x,7202821ba1a8b28a,52908,0,NON_MAVLINK_PROBE,SCANNER,0,,62143fff,NORMAL,0.0
2026-04-28T18:56:30.583901,45.142.x.x,10b8d3c587950e83,46702,0,NON_MAVLINK_PROBE,SCANNER,0,,60c351fc,NORMAL,0.0
2026-04-28T18:56:32.818268,45.142.x.x,10b8d3c587950e83,47220,0,NON_MAVLINK_PROBE,SCANNER,0,,4bbe2c61,NORMAL,0.0
2026-04-28T18:56:35.947976,45.142.x.x,10b8d3c587950e83,48444,0,NON_MAVLINK_PROBE,SCANNER,0,,04804b49,NORMAL,0.0
2026-04-28T18:56:36.114058,45.142.x.x,10b8d3c587950e83,48838,0,NON_MAVLINK_PROBE,SCANNER,0,,8dcc1da8,NORMAL,0.0
2026-04-28T18:56:36.275172,45.142.x.x,10b8d3c587950e83,48924,0,NON_MAVLINK_PROBE,SCANNER,0,,a1c7134f,NORMAL,0.0
2026-04-28T18:56:36.427034,45.142.x.x,10b8d3c587950e83,49056,0,NON_MAVLINK_PROBE,SCANNER,0,,6d0788fb,NORMAL,0.0
2026-04-28T18:56:46.423133,45.142.x.x,10b8d3c587950e83,49106,0,NON_MAVLINK_PROBE,SCANNER,0,,1ee798d5,NORMAL,0.0
2026-04-28T18:56:56.421744,45.142.x.x,10b8d3c587950e83,51588,0,NON_MAVLINK_PROBE,SCANNER,0,,61b6d8fc,NORMAL,0.0
2026-04-28T18:57:06.417957,45.142.x.x,10b8d3c587950e83,55982,0,NON_MAVLINK_PROBE,SCANNER,0,,b7ccefe2,NORMAL,0.0
2026-04-28T18:57:06.626687,45.142.x.x,10b8d3c587950e83,59764,0,NON_MAVLINK_PROBE,SCANNER,0,,27985809,NORMAL,0.0
2026-04-28T18:57:07.094198,45.142.x.x,10b8d3c587950e83,59800,0,NON_MAVLINK_PROBE,SCANNER,0,,8442d397,NORMAL,0.0
2026-04-28T18:57:17.097509,45.142.x.x,10b8d3c587950e83,59884,0,NON_MAVLINK_PROBE,SCANNER,0,,dce4adc7,NORMAL,0.0
2026-04-28T18:57:17.271871,45.142.x.x,10b8d3c587950e83,35954,0,NON_MAVLINK_PROBE,SCANNER,0,,1e311b0b,NORMAL,0.0
2026-04-28T18:57:17.441899,45.142.x.x,10b8d3c587950e83,36002,0,NON_MAVLINK_PROBE,SCANNER,0,,6922cea8,NORMAL,0.0
2026-04-28T18:57:17.606814,45.142.x.x,10b8d3c587950e83,36066,0,NON_MAVLINK_PROBE,SCANNER,0,,e90be5e2,NORMAL,0.0
2026-04-28T19:31:48.009517,165.154.x.x,adfe2998165ba35b,56762,0,NON_MAVLINK_PROBE,SCANNER,0,,92ed82aa,NORMAL,0.0
2026-04-28T19:32:06.579073,165.154.x.x,adfe2998165ba35b,56776,0,NON_MAVLINK_PROBE,SCANNER,0,,1da1b2f6,NORMAL,0.0
2026-04-28T19:32:25.087514,165.154.x.x,adfe2998165ba35b,32908,0,NON_MAVLINK_PROBE,SCANNER,0,,24f62b69,NORMAL,0.0
2026-04-28T19:32:43.680235,165.154.x.x,adfe2998165ba35b,46158,0,NON_MAVLINK_PROBE,SCANNER,0,,1f3c5c45,NORMAL,0.0
2026-04-28T19:33:02.296380,165.154.x.x,adfe2998165ba35b,41334,0,NON_MAVLINK_PROBE,SCANNER,0,,1ce8374b,NORMAL,0.0
2026-04-28T19:33:20.860285,165.154.x.x,adfe2998165ba35b,33844,0,NON_MAVLINK_PROBE,SCANNER,0,,cec0705e,NORMAL,0.0
2026-04-28T19:33:39.366663,165.154.x.x,adfe2998165ba35b,58454,0,NON_MAVLINK_PROBE,SCANNER,0,,a2c3bad4,NORMAL,0.0
2026-04-28T19:33:58.055841,165.154.x.x,adfe2998165ba35b,39620,0,NON_MAVLINK_PROBE,SCANNER,0,,be293bbb,NORMAL,0.0
2026-04-28T19:34:16.878115,165.154.x.x,adfe2998165ba35b,57470,0,NON_MAVLINK_PROBE,SCANNER,0,,e470f686,NORMAL,0.0
2026-04-28T19:34:35.451633,165.154.x.x,adfe2998165ba35b,42826,0,NON_MAVLINK_PROBE,SCANNER,0,,de2ffee6,NORMAL,0.0
2026-04-28T19:42:18.421307,176.65.x.x,8ecb668eed5ac938,46252,0,NON_MAVLINK_PROBE,SCANNER,0,,1e9b7f76,NORMAL,0.0
2026-04-28T19:42:57.358378,147.185.x.x,4f6e2abb3ec8e4fa,53414,0,NON_MAVLINK_PROBE,SCANNER,0,,560c2bc7,NORMAL,0.0
2026-04-28T19:46:12.963843,176.65.x.x,005fc190cb64f6b9,41644,0,NON_MAVLINK_PROBE,SCANNER,0,,c0759204,NORMAL,0.0
2026-04-28T19:55:33.791836,176.65.x.x,f3ea178df3529122,59554,0,NON_MAVLINK_PROBE,SCANNER,0,,084e3c18,NORMAL,0.0
2026-04-28T20:21:29.977498,160.119.x.x,b6dc724d0c3cc856,43404,0,NON_MAVLINK_PROBE,SCANNER,0,,b04e19fd,NORMAL,0.0
2026-04-28T20:21:30.359560,160.119.x.x,b6dc724d0c3cc856,43420,0,NON_MAVLINK_PROBE,SCANNER,0,,a3c82e40,NORMAL,0.0
2026-04-28T20:42:26.493968,159.223.x.x,e5b05e4f80d14adf,47826,0,NON_MAVLINK_PROBE,SCANNER,0,,48abb166,NORMAL,0.0
2026-04-28T21:44:21.863846,167.71.x.x,047f0ee71595b4b8,54026,0,NON_MAVLINK_PROBE,SCANNER,0,,89691bca,NORMAL,0.0
2026-04-28T21:47:32.124751,79.124.x.x,a3dc2bc09007bf5d,35528,0,NON_MAVLINK_PROBE,SCANNER,0,,84417c40,NORMAL,0.0
2026-04-28T22:18:10.857912,79.124.x.x,a3dc2bc09007bf5d,48432,0,NON_MAVLINK_PROBE,SCANNER,0,,1ac2d78d,NORMAL,0.0
2026-04-28T22:56:58.491587,45.144.x.x,2f7b599a2977b036,41902,0,NON_MAVLINK_PROBE,SCANNER,0,,193905bd,NORMAL,0.0
2026-04-28T23:56:25.815228,45.135.x.x,dc84db7200fbd020,25078,0,NON_MAVLINK_PROBE,SCANNER,0,,51b600fb,NORMAL,0.0
2026-04-29T00:21:07.554042,216.218.x.x,d28fb6cce92bc7cb,55068,0,NON_MAVLINK_PROBE,SCANNER,0,,7bf41800,NORMAL,0.0
2026-04-29T00:22:36.104174,45.135.x.x,dc84db7200fbd020,62222,0,NON_MAVLINK_PROBE,SCANNER,0,,55dbe7e8,NORMAL,0.0
2026-04-29T00:41:24.720056,13.221.x.x,4b36b2219e028579,56492,0,NON_MAVLINK_PROBE,SCANNER,0,,b23177ac,NORMAL,0.0
2026-04-29T01:29:40.678907,206.221.x.x,e918384012f256bb,46124,0,NON_MAVLINK_PROBE,SCANNER,0,,41eb4619,NORMAL,0.0
2026-04-29T01:29:41.146189,206.221.x.x,e918384012f256bb,46128,0,NON_MAVLINK_PROBE,SCANNER,0,,68c7e9b4,NORMAL,0.0
2026-04-29T02:28:32.883910,85.11.x.x,5fb0d166ed1e1e4b,43536,0,NON_MAVLINK_PROBE,SCANNER,0,,dd18da10,NORMAL,0.0
2026-04-29T02:28:33.192743,85.11.x.x,5fb0d166ed1e1e4b,43550,0,NON_MAVLINK_PROBE,SCANNER,0,,8e9edf64,NORMAL,0.0
2026-04-29T02:49:23.738095,195.170.x.x,4e01c6d466aa19b2,34900,0,NON_MAVLINK_PROBE,SCANNER,0,,2922a1ba,NORMAL,0.0
2026-04-29T02:49:25.886321,195.170.x.x,4e01c6d466aa19b2,34914,0,NON_MAVLINK_PROBE,SCANNER,0,,90cf65d7,NORMAL,0.0
2026-04-29T02:49:27.386097,195.170.x.x,4e01c6d466aa19b2,34916,0,NON_MAVLINK_PROBE,SCANNER,0,,f6520540,NORMAL,0.0
2026-04-29T02:49:29.001288,195.170.x.x,4e01c6d466aa19b2,34924,0,NON_MAVLINK_PROBE,SCANNER,0,,7161e413,NORMAL,0.0
2026-04-29T03:05:16.747896,65.49.x.x,bbb8c8d4d4b2ea2a,52832,0,NON_MAVLINK_PROBE,SCANNER,0,,30e2f4d1,NORMAL,0.0
2026-04-29T04:40:11.116280,172.93.x.x,e5e70e0cdeab9d32,47286,0,NON_MAVLINK_PROBE,SCANNER,0,,2c0efbad,NORMAL,0.0
2026-04-29T04:40:11.535420,172.93.x.x,e5e70e0cdeab9d32,47298,0,NON_MAVLINK_PROBE,SCANNER,0,,91f1e689,NORMAL,0.0
2026-04-29T04:43:27.596791,176.65.x.x,5a756abfcab67230,51644,0,NON_MAVLINK_PROBE,SCANNER,0,,174e7638,NORMAL,0.0
2026-04-29T05:08:33.892017,20.106.x.x,d0c89b6e9afefdd0,34912,0,NON_MAVLINK_PROBE,SCANNER,0,,358fabfc,NORMAL,0.0
2026-04-29T05:21:18.770882,147.185.x.x,549ec194901a80ac,59864,0,NON_MAVLINK_PROBE,SCANNER,0,,ed5ab8c5,NORMAL,0.0
2026-04-29T05:40:55.926645,45.135.x.x,dc84db7200fbd020,10164,0,NON_MAVLINK_PROBE,SCANNER,0,,a608bc38,NORMAL,0.0
2026-04-29T05:51:22.827863,34.208.x.x,9b6ea9151863a012,48856,0,NON_MAVLINK_PROBE,SCANNER,0,,0b4e57fe,NORMAL,0.0
2026-04-29T05:55:45.147815,44.220.x.x,3e7752749e09d804,34572,0,NON_MAVLINK_PROBE,SCANNER,0,,6e8bf3d3,NORMAL,0.0
2026-04-29T05:55:45.688527,44.220.x.x,3e7752749e09d804,47616,0,NON_MAVLINK_PROBE,SCANNER,0,,26d30e47,NORMAL,0.0
2026-04-29T05:56:46.007475,44.220.x.x,3e7752749e09d804,47626,0,NON_MAVLINK_PROBE,SCANNER,0,,763a6f63,NORMAL,0.0
2026-04-29T05:56:46.852029,44.220.x.x,3e7752749e09d804,49034,0,NON_MAVLINK_PROBE,SCANNER,0,,9aaa18b8,NORMAL,0.0
2026-04-29T05:56:47.418775,44.220.x.x,3e7752749e09d804,49042,0,NON_MAVLINK_PROBE,SCANNER,0,,a754de4d,NORMAL,0.0
2026-04-29T05:56:47.971279,44.220.x.x,3e7752749e09d804,49050,0,NON_MAVLINK_PROBE,SCANNER,0,,5c89c273,NORMAL,0.0
2026-04-29T06:01:37.371069,205.210.x.x,da9bff1533f47bc8,58712,0,NON_MAVLINK_PROBE,SCANNER,0,,5f093fb8,NORMAL,0.0
2026-04-29T06:01:37.366474,205.210.x.x,da9bff1533f47bc8,58716,0,NON_MAVLINK_PROBE,SCANNER,0,,2c9e2c28,NORMAL,0.0
2026-04-29T06:13:33.215609,80.94.x.x,5124050f5a3f8ea6,65204,0,NON_MAVLINK_PROBE,SCANNER,0,,8ac36175,NORMAL,0.0
2026-04-29T06:30:30.646956,45.135.x.x,dc84db7200fbd020,50702,0,NON_MAVLINK_PROBE,SCANNER,0,,79db05dc,NORMAL,0.0
2026-04-29T06:37:59.158715,104.248.x.x,750bb6fcb485a3f3,30447,0,NON_MAVLINK_PROBE,SCANNER,0,,80170333,NORMAL,0.0
2026-04-29T06:38:10.474387,104.248.x.x,750bb6fcb485a3f3,18169,0,NON_MAVLINK_PROBE,SCANNER,0,,c709e6ae,NORMAL,0.0
2026-04-29T06:38:15.642076,104.248.x.x,750bb6fcb485a3f3,3201,0,NON_MAVLINK_PROBE,SCANNER,0,,64840ebb,NORMAL,0.0
2026-04-29T06:38:20.744318,104.248.x.x,750bb6fcb485a3f3,21695,0,NON_MAVLINK_PROBE,SCANNER,0,,168cd2de,NORMAL,0.0
2026-04-29T06:38:25.885402,104.248.x.x,750bb6fcb485a3f3,12615,0,NON_MAVLINK_PROBE,SCANNER,0,,1f3bf22d,NORMAL,0.0
2026-04-29T06:38:31.061172,104.248.x.x,750bb6fcb485a3f3,12199,0,NON_MAVLINK_PROBE,SCANNER,0,,e3728bdc,NORMAL,0.0
2026-04-29T06:38:36.216180,104.248.x.x,750bb6fcb485a3f3,31679,0,NON_MAVLINK_PROBE,SCANNER,0,,839c352d,NORMAL,0.0
2026-04-29T06:38:41.370044,104.248.x.x,750bb6fcb485a3f3,16743,0,NON_MAVLINK_PROBE,SCANNER,0,,e6b7c427,NORMAL,0.0
2026-04-29T06:38:46.554595,104.248.x.x,750bb6fcb485a3f3,14021,0,NON_MAVLINK_PROBE,SCANNER,0,,841de0e1,NORMAL,0.0
2026-04-29T06:38:51.639961,104.248.x.x,750bb6fcb485a3f3,11447,0,NON_MAVLINK_PROBE,SCANNER,0,,07315137,NORMAL,0.0
2026-04-29T06:38:59.322684,104.248.x.x,750bb6fcb485a3f3,8093,0,NON_MAVLINK_PROBE,SCANNER,0,,f6a2cb37,NORMAL,0.0
2026-04-29T06:39:04.435242,104.248.x.x,750bb6fcb485a3f3,30475,0,NON_MAVLINK_PROBE,SCANNER,0,,14e17be9,NORMAL,0.0
2026-04-29T06:39:09.631832,104.248.x.x,750bb6fcb485a3f3,25945,0,NON_MAVLINK_PROBE,SCANNER,0,,4ce04621,NORMAL,0.0
2026-04-29T06:39:14.735285,104.248.x.x,750bb6fcb485a3f3,26417,0,NON_MAVLINK_PROBE,SCANNER,0,,5fb0dab2,NORMAL,0.0
2026-04-29T06:39:19.924552,104.248.x.x,750bb6fcb485a3f3,8279,0,NON_MAVLINK_PROBE,SCANNER,0,,950bb101,NORMAL,0.0
2026-04-29T06:39:25.081379,104.248.x.x,750bb6fcb485a3f3,11701,0,NON_MAVLINK_PROBE,SCANNER,0,,6a869721,NORMAL,0.0
2026-04-29T06:39:32.742409,104.248.x.x,750bb6fcb485a3f3,24883,0,NON_MAVLINK_PROBE,SCANNER,0,,4a184698,NORMAL,0.0
2026-04-29T06:39:42.871842,139.59.x.x,c4ee3b33c026d929,42564,0,NON_MAVLINK_PROBE,SCANNER,0,,6dee9e94,NORMAL,0.0
2026-04-29T06:39:52.851201,139.59.x.x,c4ee3b33c026d929,65506,0,NON_MAVLINK_PROBE,SCANNER,0,,1703ee07,NORMAL,0.0
2026-04-29T06:40:02.902852,139.59.x.x,c4ee3b33c026d929,30596,0,NON_MAVLINK_PROBE,SCANNER,0,,db9ed6df,NORMAL,0.0
2026-04-29T07:16:03.747208,3.129.x.x,e3111d802ac43609,57270,0,NON_MAVLINK_PROBE,SCANNER,0,,b8490199,NORMAL,0.0
2026-04-29T07:16:13.785592,3.129.x.x,e3111d802ac43609,57278,0,NON_MAVLINK_PROBE,SCANNER,0,,571fcfe8,NORMAL,0.0
2026-04-29T07:17:03.306232,3.129.x.x,e3111d802ac43609,56122,0,NON_MAVLINK_PROBE,SCANNER,0,,42cf6d44,NORMAL,0.0
2026-04-29T07:19:35.143072,3.129.x.x,e3111d802ac43609,54878,0,NON_MAVLINK_PROBE,SCANNER,0,,94633fca,NORMAL,0.0
2026-04-29T07:20:10.393342,3.129.x.x,e3111d802ac43609,51932,0,NON_MAVLINK_PROBE,SCANNER,0,,f74ba086,NORMAL,0.0
2026-04-29T07:27:27.096755,45.135.x.x,dc84db7200fbd020,53228,0,NON_MAVLINK_PROBE,SCANNER,0,,aaa7549b,NORMAL,0.0
2026-04-29T07:35:13.209352,40.124.x.x,92bf2408109f52b8,60324,0,NON_MAVLINK_PROBE,SCANNER,0,,4c615cf5,NORMAL,0.0
2026-04-29T07:35:13.689086,40.124.x.x,92bf2408109f52b8,45068,0,NON_MAVLINK_PROBE,SCANNER,0,,6925dcdb,NORMAL,0.0
2026-04-29T07:58:34.797122,176.65.x.x,1c233f18e373798e,48090,0,NON_MAVLINK_PROBE,SCANNER,0,,a7909831,NORMAL,0.0
2026-04-29T08:25:53.967906,45.135.x.x,dc84db7200fbd020,8466,0,NON_MAVLINK_PROBE,SCANNER,0,,c65d7b2a,NORMAL,0.0
2026-04-29T08:35:36.024287,66.132.x.x,057a0561254fd5df,47154,0,NON_MAVLINK_PROBE,SCANNER,0,,d1bbfaea,NORMAL,0.0
2026-04-29T08:35:40.578198,66.132.x.x,057a0561254fd5df,47180,4,UNKNOWN_4,UNKNOWN,3,7854943b955006003905,ff372b91,NORMAL,0.2
2026-04-29T08:35:53.721189,66.132.x.x,057a0561254fd5df,12960,0,NON_MAVLINK_PROBE,SCANNER,0,,6b6c7a77,NORMAL,0.0
2026-04-29T09:22:49.638669,185.247.x.x,396cb2107fd215e4,49827,0,NON_MAVLINK_PROBE,SCANNER,0,,7f84405f,NORMAL,0.0
2026-04-29T09:46:01.356249,103.181.x.x,c4d009eaa6122a13,21698,0,NON_MAVLINK_PROBE,SCANNER,0,,e7ac452c,NORMAL,0.0
2026-04-29T09:50:33.086190,34.126.x.x,dff8baf1c7c7182e,46342,0,NON_MAVLINK_PROBE,SCANNER,0,,0907e088,NORMAL,0.0
2026-04-29T10:27:40.502837,85.217.x.x,b4593640b82580ff,55328,0,NON_MAVLINK_PROBE,SCANNER,0,,70834f38,NORMAL,0.0
2026-04-29T10:44:25.142429,40.76.x.x,e0d61e9cce161e2e,36740,0,NON_MAVLINK_PROBE,SCANNER,0,,5754d78d,NORMAL,0.0
2026-04-29T10:44:25.655454,40.76.x.x,e0d61e9cce161e2e,36756,0,NON_MAVLINK_PROBE,SCANNER,0,,499c9c42,NORMAL,0.0
2026-04-29T10:58:47.703386,93.123.x.x,7241acd881f52dff,33578,0,NON_MAVLINK_PROBE,SCANNER,0,,eed7258d,NORMAL,0.0
2026-04-29T11:34:44.566943,176.65.x.x,9880f1c3a55845dd,58070,0,NON_MAVLINK_PROBE,SCANNER,0,,86f46cc4,NORMAL,0.0
2026-04-29T13:37:49.113064,65.49.x.x,bbb8c8d4d4b2ea2a,33758,0,NON_MAVLINK_PROBE,SCANNER,0,,eaec6a4a,NORMAL,0.0
2026-04-29T13:52:09.252060,176.65.x.x,f3ea178df3529122,56682,0,NON_MAVLINK_PROBE,SCANNER,0,,72aa6d9c,NORMAL,0.0
2026-04-29T14:35:29.232060,35.216.x.x,0dda7af7fc2ea2cd,34440,0,NON_MAVLINK_PROBE,SCANNER,0,,94b27396,NORMAL,0.0
2026-04-29T14:57:11.324641,172.233.x.x,b82fd533575f5fad,40494,0,NON_MAVLINK_PROBE,SCANNER,0,,0adb5a1f,NORMAL,0.0
2026-04-29T14:57:11.325747,172.233.x.x,b82fd533575f5fad,40510,0,NON_MAVLINK_PROBE,SCANNER,0,,1a45b345,NORMAL,0.0
2026-04-29T14:57:21.345072,172.233.x.x,b82fd533575f5fad,40522,0,NON_MAVLINK_PROBE,SCANNER,0,,303a649b,NORMAL,0.0
2026-04-29T14:57:21.807912,172.233.x.x,b82fd533575f5fad,39086,0,NON_MAVLINK_PROBE,SCANNER,0,,ba883217,NORMAL,0.0
2026-04-29T14:57:31.777297,172.233.x.x,b82fd533575f5fad,59724,0,NON_MAVLINK_PROBE,SCANNER,0,,c383e860,NORMAL,0.0
2026-04-29T14:57:32.197836,172.233.x.x,b82fd533575f5fad,56368,0,NON_MAVLINK_PROBE,SCANNER,0,,1b96e6a5,NORMAL,0.0
2026-04-29T14:57:42.190628,172.233.x.x,b82fd533575f5fad,56370,0,NON_MAVLINK_PROBE,SCANNER,0,,6ae2f2dd,NORMAL,0.0
2026-04-29T16:39:21.927088,81.29.x.x,f7b662d7880c6243,24856,0,NON_MAVLINK_PROBE,SCANNER,0,,a64d91a8,NORMAL,0.0
2026-04-29T16:39:42.144007,81.29.x.x,f7b662d7880c6243,24864,0,NON_MAVLINK_PROBE,SCANNER,0,,d491d0ab,NORMAL,0.0
2026-04-29T16:58:19.059750,142.93.x.x,0c143e86d8ef7df4,60278,0,NON_MAVLINK_PROBE,SCANNER,0,,effc96a4,NORMAL,0.0
2026-04-29T16:58:19.892576,142.93.x.x,0c143e86d8ef7df4,60290,0,NON_MAVLINK_PROBE,SCANNER,0,,fe517471,NORMAL,0.0
2026-04-29T16:58:20.713995,142.93.x.x,0c143e86d8ef7df4,60300,0,NON_MAVLINK_PROBE,SCANNER,0,,a9522fe1,NORMAL,0.0
2026-04-29T16:58:21.528713,142.93.x.x,0c143e86d8ef7df4,60310,0,NON_MAVLINK_PROBE,SCANNER,0,,8f61de31,NORMAL,0.0
2026-04-29T16:58:22.343423,142.93.x.x,0c143e86d8ef7df4,60326,0,NON_MAVLINK_PROBE,SCANNER,0,,49cebe60,NORMAL,0.0
2026-04-29T16:58:23.220732,142.93.x.x,0c143e86d8ef7df4,60334,0,NON_MAVLINK_PROBE,SCANNER,0,,da336dd4,NORMAL,0.0
2026-04-29T16:58:23.968881,142.93.x.x,0c143e86d8ef7df4,46058,0,NON_MAVLINK_PROBE,SCANNER,0,,ba1ce16c,NORMAL,0.0
2026-04-29T16:58:24.709653,142.93.x.x,0c143e86d8ef7df4,46070,0,NON_MAVLINK_PROBE,SCANNER,0,,19d59393,NORMAL,0.0
2026-04-29T16:58:25.466771,142.93.x.x,0c143e86d8ef7df4,46084,0,NON_MAVLINK_PROBE,SCANNER,0,,727949db,NORMAL,0.0
2026-04-29T16:58:26.299554,142.93.x.x,0c143e86d8ef7df4,46086,0,NON_MAVLINK_PROBE,SCANNER,0,,dcc20d10,NORMAL,0.0
2026-04-29T17:04:39.592542,185.132.x.x,cf4e172c1f948ae8,43598,0,NON_MAVLINK_PROBE,SCANNER,0,,4f95ad21,NORMAL,0.0
2026-04-29T17:19:07.044366,167.71.x.x,047f0ee71595b4b8,59480,0,NON_MAVLINK_PROBE,SCANNER,0,,42b51f3a,NORMAL,0.0
2026-04-29T17:41:37.449105,35.216.x.x,62d74d495b154448,35582,0,NON_MAVLINK_PROBE,SCANNER,0,,82e0876f,NORMAL,0.0
2026-04-29T17:41:42.621452,35.216.x.x,62d74d495b154448,35584,0,NON_MAVLINK_PROBE,SCANNER,0,,450f01fc,NORMAL,0.0
2026-04-29T17:43:14.451520,206.221.x.x,e918384012f256bb,36514,0,NON_MAVLINK_PROBE,SCANNER,0,,994918ea,NORMAL,0.0
2026-04-29T17:43:14.925796,206.221.x.x,e918384012f256bb,36528,0,NON_MAVLINK_PROBE,SCANNER,0,,de6e06f1,NORMAL,0.0
2026-04-29T18:20:27.046974,5.61.x.x,7202821ba1a8b28a,63106,0,NON_MAVLINK_PROBE,SCANNER,0,,c4c7fbe3,NORMAL,0.0
2026-04-29T18:21:51.705438,176.65.x.x,9880f1c3a55845dd,40446,0,NON_MAVLINK_PROBE,SCANNER,0,,40761deb,NORMAL,0.0
2026-04-29T19:34:01.405070,165.154.x.x,b334f6280f9a4000,34342,0,NON_MAVLINK_PROBE,SCANNER,0,,ffb3835b,NORMAL,0.0
2026-04-29T19:34:19.628570,165.154.x.x,b334f6280f9a4000,34348,0,NON_MAVLINK_PROBE,SCANNER,0,,a029cd8d,NORMAL,0.0
2026-04-29T19:34:37.925383,165.154.x.x,b334f6280f9a4000,52056,0,NON_MAVLINK_PROBE,SCANNER,0,,b902e58c,NORMAL,0.0
2026-04-29T19:34:56.111940,165.154.x.x,b334f6280f9a4000,33230,0,NON_MAVLINK_PROBE,SCANNER,0,,6e43ce01,NORMAL,0.0
2026-04-29T19:35:14.340147,165.154.x.x,b334f6280f9a4000,55040,0,NON_MAVLINK_PROBE,SCANNER,0,,388ad58f,NORMAL,0.0
2026-04-29T19:35:32.516388,165.154.x.x,b334f6280f9a4000,56636,0,NON_MAVLINK_PROBE,SCANNER,0,,fa96f7ae,NORMAL,0.0
2026-04-29T19:35:50.714801,165.154.x.x,b334f6280f9a4000,44368,0,NON_MAVLINK_PROBE,SCANNER,0,,92587ad4,NORMAL,0.0
2026-04-29T19:36:08.935916,165.154.x.x,b334f6280f9a4000,44030,0,NON_MAVLINK_PROBE,SCANNER,0,,0d4cedbe,NORMAL,0.0
2026-04-29T19:36:27.178154,165.154.x.x,b334f6280f9a4000,47720,0,NON_MAVLINK_PROBE,SCANNER,0,,7b9d469f,NORMAL,0.0
2026-04-29T19:36:45.399353,165.154.x.x,b334f6280f9a4000,37844,0,NON_MAVLINK_PROBE,SCANNER,0,,257ebd8a,NORMAL,0.0
2026-04-29T19:43:42.186422,176.65.x.x,3caaee43e61f0c4c,53634,0,NON_MAVLINK_PROBE,SCANNER,0,,2dccd926,NORMAL,0.0
2026-04-29T19:57:20.705290,159.223.x.x,e5b05e4f80d14adf,51114,0,NON_MAVLINK_PROBE,SCANNER,0,,796fe416,NORMAL,0.0
2026-04-29T20:03:04.370706,87.121.x.x,4c23187a04740841,56080,0,NON_MAVLINK_PROBE,SCANNER,0,,e2eeb9d4,NORMAL,0.0
2026-04-29T20:10:29.916370,45.156.x.x,4c9df486460f0d07,57294,0,NON_MAVLINK_PROBE,SCANNER,0,,6f6954dd,NORMAL,0.0
2026-04-29T20:10:37.950925,45.156.x.x,e7316c66c0f5d6ea,60550,0,NON_MAVLINK_PROBE,SCANNER,0,,dff626c2,NORMAL,0.0
2026-04-29T20:31:25.006195,20.84.x.x,879415e561e50ced,38474,0,NON_MAVLINK_PROBE,SCANNER,0,,6f633f21,NORMAL,0.0
2026-04-29T20:36:07.842267,45.33.x.x,81107a2c7f4fb18b,51322,0,NON_MAVLINK_PROBE,SCANNER,0,,3ac680c9,NORMAL,0.0
2026-04-29T20:38:33.166440,147.185.x.x,fad646235cf7d7c3,54384,0,NON_MAVLINK_PROBE,SCANNER,0,,8b9e697a,NORMAL,0.0
2026-04-29T21:37:06.470174,20.163.x.x,41bf27c9a9490ba4,45870,0,NON_MAVLINK_PROBE,SCANNER,0,,c0808e84,NORMAL,0.0
2026-04-29T21:43:19.902525,95.80.x.x,82ba168f259a006d,57882,0,NON_MAVLINK_PROBE,SCANNER,0,,a23a4393,NORMAL,0.0
2026-04-29T21:43:19.918388,95.80.x.x,82ba168f259a006d,56947,0,NON_MAVLINK_PROBE,SCANNER,0,,50c72826,NORMAL,0.0
2026-04-29T21:43:30.253466,95.80.x.x,82ba168f259a006d,57752,0,NON_MAVLINK_PROBE,SCANNER,0,,d48d62c6,NORMAL,0.0
2026-04-29T21:43:30.269297,95.80.x.x,82ba168f259a006d,61250,0,NON_MAVLINK_PROBE,SCANNER,0,,d74492b6,NORMAL,0.0
2026-04-29T22:17:22.594705,79.124.x.x,a3dc2bc09007bf5d,55016,0,NON_MAVLINK_PROBE,SCANNER,0,,d66e77a2,NORMAL,0.0
2026-04-29T22:21:13.797084,195.178.x.x,4393ae9e88d5b51e,48150,0,NON_MAVLINK_PROBE,SCANNER,0,,066de893,NORMAL,0.0
2026-04-29T22:51:42.061508,79.124.x.x,a3dc2bc09007bf5d,59258,0,NON_MAVLINK_PROBE,SCANNER,0,,cc9b37f6,NORMAL,0.0
2026-04-29T23:37:42.989439,152.32.x.x,91916ce2d001fcff,34204,0,NON_MAVLINK_PROBE,SCANNER,0,,d446289a,NORMAL,0.0
2026-04-29T23:37:46.009308,152.32.x.x,91916ce2d001fcff,34886,0,NON_MAVLINK_PROBE,SCANNER,0,,40722dcf,NORMAL,0.0
2026-04-29T23:37:49.133712,152.32.x.x,91916ce2d001fcff,35510,0,NON_MAVLINK_PROBE,SCANNER,0,,e251e615,NORMAL,0.0
2026-04-29T23:37:52.296186,152.32.x.x,91916ce2d001fcff,36632,0,NON_MAVLINK_PROBE,SCANNER,0,,aa164f0a,NORMAL,0.0
2026-04-29T23:37:55.459157,152.32.x.x,91916ce2d001fcff,37294,0,NON_MAVLINK_PROBE,SCANNER,0,,cbebcb67,NORMAL,0.0
2026-04-29T23:37:58.566434,152.32.x.x,91916ce2d001fcff,38124,0,NON_MAVLINK_PROBE,SCANNER,0,,3fde21b0,NORMAL,0.0
2026-04-29T23:38:01.714564,152.32.x.x,91916ce2d001fcff,38978,0,NON_MAVLINK_PROBE,SCANNER,0,,9ee6635d,NORMAL,0.0
2026-04-29T23:38:04.818900,152.32.x.x,91916ce2d001fcff,39774,0,NON_MAVLINK_PROBE,SCANNER,0,,48d1ed66,NORMAL,0.0
2026-04-29T23:38:07.942283,152.32.x.x,91916ce2d001fcff,40592,0,NON_MAVLINK_PROBE,SCANNER,0,,e3921a57,NORMAL,0.0
2026-04-29T23:38:11.046237,152.32.x.x,91916ce2d001fcff,41454,0,NON_MAVLINK_PROBE,SCANNER,0,,7e83c0db,NORMAL,0.0
2026-04-29T23:38:14.192496,152.32.x.x,91916ce2d001fcff,42186,0,NON_MAVLINK_PROBE,SCANNER,0,,3dfe1cb6,NORMAL,0.0
2026-04-29T23:38:17.273559,152.32.x.x,91916ce2d001fcff,42970,0,NON_MAVLINK_PROBE,SCANNER,0,,898f25d9,NORMAL,0.0
2026-04-29T23:38:20.392350,152.32.x.x,91916ce2d001fcff,43806,0,NON_MAVLINK_PROBE,SCANNER,0,,a91387e5,NORMAL,0.0
2026-04-29T23:38:23.522909,152.32.x.x,91916ce2d001fcff,44466,0,NON_MAVLINK_PROBE,SCANNER,0,,4747eda6,NORMAL,0.0
2026-04-29T23:38:26.632277,152.32.x.x,91916ce2d001fcff,45310,0,NON_MAVLINK_PROBE,SCANNER,0,,fc2d5907,NORMAL,0.0
2026-04-29T23:38:29.720970,152.32.x.x,91916ce2d001fcff,46002,0,NON_MAVLINK_PROBE,SCANNER,0,,eaffcb25,NORMAL,0.0
2026-04-29T23:38:32.825632,152.32.x.x,91916ce2d001fcff,46722,0,NON_MAVLINK_PROBE,SCANNER,0,,45c7d887,NORMAL,0.0
2026-04-29T23:38:35.959972,152.32.x.x,91916ce2d001fcff,47400,0,NON_MAVLINK_PROBE,SCANNER,0,,3a0fc964,NORMAL,0.0
2026-04-29T23:38:39.134895,152.32.x.x,91916ce2d001fcff,48046,0,NON_MAVLINK_PROBE,SCANNER,0,,de1aed72,NORMAL,0.0
2026-04-29T23:38:42.238397,152.32.x.x,91916ce2d001fcff,48774,0,NON_MAVLINK_PROBE,SCANNER,0,,b8dcbacc,NORMAL,0.0
2026-04-29T23:38:45.362196,152.32.x.x,91916ce2d001fcff,49390,0,NON_MAVLINK_PROBE,SCANNER,0,,3e4d4c6b,NORMAL,0.0
2026-04-29T23:38:48.483964,152.32.x.x,91916ce2d001fcff,50172,0,NON_MAVLINK_PROBE,SCANNER,0,,0cd5a056,NORMAL,0.0
2026-04-29T23:38:51.633652,152.32.x.x,91916ce2d001fcff,50902,0,NON_MAVLINK_PROBE,SCANNER,0,,6fe40631,NORMAL,0.0
2026-04-29T23:38:54.742144,152.32.x.x,91916ce2d001fcff,51662,0,NON_MAVLINK_PROBE,SCANNER,0,,27ef0a04,NORMAL,0.0
2026-04-29T23:38:57.870517,152.32.x.x,91916ce2d001fcff,52452,0,NON_MAVLINK_PROBE,SCANNER,0,,921a4e66,NORMAL,0.0
2026-04-29T23:39:00.964086,152.32.x.x,91916ce2d001fcff,53194,0,NON_MAVLINK_PROBE,SCANNER,0,,fd4fe2d7,NORMAL,0.0
2026-04-29T23:39:04.061256,152.32.x.x,91916ce2d001fcff,53836,0,NON_MAVLINK_PROBE,SCANNER,0,,0246955f,NORMAL,0.0
2026-04-29T23:39:07.184304,152.32.x.x,91916ce2d001fcff,54792,0,NON_MAVLINK_PROBE,SCANNER,0,,fc1701ac,NORMAL,0.0
2026-04-29T23:39:10.290386,152.32.x.x,91916ce2d001fcff,55510,0,NON_MAVLINK_PROBE,SCANNER,0,,b54eb5d7,NORMAL,0.0
2026-04-29T23:39:13.382136,152.32.x.x,91916ce2d001fcff,56260,0,NON_MAVLINK_PROBE,SCANNER,0,,0b8d17b9,NORMAL,0.0
2026-04-29T23:39:16.519051,152.32.x.x,91916ce2d001fcff,56952,0,NON_MAVLINK_PROBE,SCANNER,0,,bbceff9f,NORMAL,0.0
2026-04-29T23:39:19.652567,152.32.x.x,91916ce2d001fcff,57510,0,NON_MAVLINK_PROBE,SCANNER,0,,3e38e57d,NORMAL,0.0
2026-04-29T23:39:22.756569,152.32.x.x,91916ce2d001fcff,58294,0,NON_MAVLINK_PROBE,SCANNER,0,,9dc647b0,NORMAL,0.0
2026-04-29T23:39:25.883952,152.32.x.x,91916ce2d001fcff,58984,0,NON_MAVLINK_PROBE,SCANNER,0,,472faa0b,NORMAL,0.0
2026-04-29T23:39:28.985020,152.32.x.x,91916ce2d001fcff,59592,0,NON_MAVLINK_PROBE,SCANNER,0,,b774b745,NORMAL,0.0
2026-04-29T23:39:32.105497,152.32.x.x,91916ce2d001fcff,60266,0,NON_MAVLINK_PROBE,SCANNER,0,,406963a1,NORMAL,0.0
2026-04-29T23:39:35.361436,152.32.x.x,91916ce2d001fcff,60958,0,NON_MAVLINK_PROBE,SCANNER,0,,fedcb6c8,NORMAL,0.0
2026-04-29T23:39:38.499402,152.32.x.x,91916ce2d001fcff,33562,0,NON_MAVLINK_PROBE,SCANNER,0,,a899dc2e,NORMAL,0.0
2026-04-29T23:39:41.615370,152.32.x.x,91916ce2d001fcff,34372,0,NON_MAVLINK_PROBE,SCANNER,0,,e3c22843,NORMAL,0.0
2026-04-29T23:39:44.779871,152.32.x.x,91916ce2d001fcff,35068,0,NON_MAVLINK_PROBE,SCANNER,0,,b7b49b2c,NORMAL,0.0
2026-04-29T23:39:47.916395,152.32.x.x,91916ce2d001fcff,35628,0,NON_MAVLINK_PROBE,SCANNER,0,,faced1e9,NORMAL,0.0
2026-04-29T23:39:51.045892,152.32.x.x,91916ce2d001fcff,36228,0,NON_MAVLINK_PROBE,SCANNER,0,,5c3a1f16,NORMAL,0.0
2026-04-29T23:39:54.166485,152.32.x.x,91916ce2d001fcff,36806,0,NON_MAVLINK_PROBE,SCANNER,0,,9326a644,NORMAL,0.0
2026-04-29T23:39:57.328836,152.32.x.x,91916ce2d001fcff,37598,0,NON_MAVLINK_PROBE,SCANNER,0,,a36c50e8,NORMAL,0.0
2026-04-29T23:40:00.476244,152.32.x.x,91916ce2d001fcff,38332,0,NON_MAVLINK_PROBE,SCANNER,0,,21b5e709,NORMAL,0.0
2026-04-29T23:40:03.606756,152.32.x.x,91916ce2d001fcff,38946,0,NON_MAVLINK_PROBE,SCANNER,0,,b29f27a1,NORMAL,0.0
2026-04-29T23:40:06.714240,152.32.x.x,91916ce2d001fcff,39612,0,NON_MAVLINK_PROBE,SCANNER,0,,c9f60f98,NORMAL,0.0
2026-04-29T23:40:09.845323,152.32.x.x,91916ce2d001fcff,40294,0,NON_MAVLINK_PROBE,SCANNER,0,,d9b28f73,NORMAL,0.0
2026-04-29T23:40:12.969304,152.32.x.x,91916ce2d001fcff,41004,0,NON_MAVLINK_PROBE,SCANNER,0,,68d3ee2e,NORMAL,0.0
2026-04-29T23:40:16.117572,152.32.x.x,91916ce2d001fcff,41750,0,NON_MAVLINK_PROBE,SCANNER,0,,9989bbb9,NORMAL,0.0
2026-04-29T23:40:19.223593,152.32.x.x,91916ce2d001fcff,42598,0,NON_MAVLINK_PROBE,SCANNER,0,,9dd8a416,NORMAL,0.0
2026-04-29T23:40:22.386145,152.32.x.x,91916ce2d001fcff,43246,0,NON_MAVLINK_PROBE,SCANNER,0,,ca41f86c,NORMAL,0.0
2026-04-29T23:40:25.504944,152.32.x.x,91916ce2d001fcff,43892,0,NON_MAVLINK_PROBE,SCANNER,0,,6126aada,NORMAL,0.0
2026-04-29T23:40:28.591994,152.32.x.x,91916ce2d001fcff,44570,0,NON_MAVLINK_PROBE,SCANNER,0,,a3becb60,NORMAL,0.0
2026-04-29T23:40:31.712453,152.32.x.x,91916ce2d001fcff,45274,0,NON_MAVLINK_PROBE,SCANNER,0,,622a4a38,NORMAL,0.0
2026-04-29T23:40:34.843978,152.32.x.x,91916ce2d001fcff,45966,0,NON_MAVLINK_PROBE,SCANNER,0,,ef233010,NORMAL,0.0
2026-04-29T23:40:38.023687,152.32.x.x,91916ce2d001fcff,46688,0,NON_MAVLINK_PROBE,SCANNER,0,,acaf6f57,NORMAL,0.0
2026-04-29T23:40:41.117894,152.32.x.x,91916ce2d001fcff,47392,0,NON_MAVLINK_PROBE,SCANNER,0,,d83b31ab,NORMAL,0.0
2026-04-29T23:40:44.218794,152.32.x.x,91916ce2d001fcff,48022,0,NON_MAVLINK_PROBE,SCANNER,0,,f0a5e657,NORMAL,0.0
2026-04-29T23:40:47.330740,152.32.x.x,91916ce2d001fcff,48772,0,NON_MAVLINK_PROBE,SCANNER,0,,475a26db,NORMAL,0.0
2026-04-29T23:40:50.454415,152.32.x.x,91916ce2d001fcff,49436,0,NON_MAVLINK_PROBE,SCANNER,0,,9b36ad71,NORMAL,0.0
2026-04-29T23:40:53.585837,152.32.x.x,91916ce2d001fcff,50064,0,NON_MAVLINK_PROBE,SCANNER,0,,578d6ab5,NORMAL,0.0
2026-04-29T23:40:56.744319,152.32.x.x,91916ce2d001fcff,50762,0,NON_MAVLINK_PROBE,SCANNER,0,,9844b987,NORMAL,0.0
2026-04-29T23:40:59.865707,152.32.x.x,91916ce2d001fcff,51486,0,NON_MAVLINK_PROBE,SCANNER,0,,4a725544,NORMAL,0.0
2026-04-29T23:41:03.019667,152.32.x.x,91916ce2d001fcff,52144,0,NON_MAVLINK_PROBE,SCANNER,0,,89252c56,NORMAL,0.0
2026-04-29T23:41:06.173000,152.32.x.x,91916ce2d001fcff,52962,0,NON_MAVLINK_PROBE,SCANNER,0,,27cbd4bb,NORMAL,0.0
2026-04-29T23:41:09.201654,152.32.x.x,91916ce2d001fcff,53764,0,NON_MAVLINK_PROBE,SCANNER,0,,ed131233,NORMAL,0.0
2026-04-29T23:41:12.316050,152.32.x.x,91916ce2d001fcff,54520,0,NON_MAVLINK_PROBE,SCANNER,0,,3a86c056,NORMAL,0.0
2026-04-29T23:41:15.429370,152.32.x.x,91916ce2d001fcff,55344,0,NON_MAVLINK_PROBE,SCANNER,0,,a2875268,NORMAL,0.0
2026-04-29T23:41:18.557247,152.32.x.x,91916ce2d001fcff,56076,0,NON_MAVLINK_PROBE,SCANNER,0,,8e0c4afd,NORMAL,0.0
2026-04-29T23:41:21.698934,152.32.x.x,91916ce2d001fcff,56812,0,NON_MAVLINK_PROBE,SCANNER,0,,c7e73523,NORMAL,0.0
2026-04-29T23:41:24.890010,152.32.x.x,91916ce2d001fcff,57588,0,NON_MAVLINK_PROBE,SCANNER,0,,2a8af2d5,NORMAL,0.0
2026-04-29T23:41:27.986652,152.32.x.x,91916ce2d001fcff,58438,0,NON_MAVLINK_PROBE,SCANNER,0,,6ff314c8,NORMAL,0.0
2026-04-30T00:27:35.398540,87.121.x.x,4c23187a04740841,35572,0,NON_MAVLINK_PROBE,SCANNER,0,,b6a97dac,NORMAL,0.0
2026-04-30T00:32:31.245682,45.156.x.x,aa09dbedf5953ec8,59900,0,NON_MAVLINK_PROBE,SCANNER,0,,27f9b56e,NORMAL,0.0
2026-04-30T00:32:39.276723,45.156.x.x,aa09dbedf5953ec8,59908,0,NON_MAVLINK_PROBE,SCANNER,0,,46ee39a9,NORMAL,0.0
2026-04-30T00:42:24.208175,34.201.x.x,956c2e26e5dce242,60386,0,NON_MAVLINK_PROBE,SCANNER,0,,ac2f643f,NORMAL,0.0
2026-04-30T00:52:17.712278,65.49.x.x,629828670879a146,47362,0,NON_MAVLINK_PROBE,SCANNER,0,,0e316799,NORMAL,0.0
2026-04-30T01:06:24.963147,160.119.x.x,b6dc724d0c3cc856,37506,0,NON_MAVLINK_PROBE,SCANNER,0,,022b368f,NORMAL,0.0
2026-04-30T01:06:25.297695,160.119.x.x,b6dc724d0c3cc856,37510,0,NON_MAVLINK_PROBE,SCANNER,0,,c8486005,NORMAL,0.0
2026-04-30T01:12:35.549217,160.119.x.x,b6dc724d0c3cc856,52362,0,NON_MAVLINK_PROBE,SCANNER,0,,1022f093,NORMAL,0.0
2026-04-30T02:00:46.388474,87.121.x.x,13a53ff7924e1628,44348,0,NON_MAVLINK_PROBE,SCANNER,0,,fd7e5ea6,NORMAL,0.0
2026-04-30T02:52:29.997756,87.121.x.x,4c23187a04740841,50234,0,NON_MAVLINK_PROBE,SCANNER,0,,2471f1f8,NORMAL,0.0
2026-04-30T04:11:06.878601,104.140.x.x,05fdbe2303d11ec6,56318,0,NON_MAVLINK_PROBE,SCANNER,0,,1961e7de,NORMAL,0.0
2026-04-30T04:11:26.946321,104.140.x.x,05fdbe2303d11ec6,58964,0,NON_MAVLINK_PROBE,SCANNER,0,,e15bec33,NORMAL,0.0
2026-04-30T04:24:09.900677,104.243.x.x,364aac6d4bfb619d,47990,0,NON_MAVLINK_PROBE,SCANNER,0,,d0747c1c,NORMAL,0.0
2026-04-30T04:24:10.459553,104.243.x.x,364aac6d4bfb619d,47994,0,NON_MAVLINK_PROBE,SCANNER,0,,9cc7caba,NORMAL,0.0
2026-04-30T05:15:11.476937,205.210.x.x,e2572f60d0441190,61764,0,NON_MAVLINK_PROBE,SCANNER,0,,80811975,NORMAL,0.0
2026-04-30T05:30:53.075868,74.82.x.x,d680e82f122f6120,47502,0,NON_MAVLINK_PROBE,SCANNER,0,,a5a39e91,NORMAL,0.0
2026-04-30T05:33:22.530205,172.236.x.x,054fc6079d6b6eb7,12032,0,NON_MAVLINK_PROBE,SCANNER,0,,77eae51f,NORMAL,0.0
2026-04-30T05:33:22.976234,172.236.x.x,054fc6079d6b6eb7,55832,0,NON_MAVLINK_PROBE,SCANNER,0,,1194b340,NORMAL,0.0
2026-04-30T06:35:16.901671,138.68.x.x,18a859d6b2758175,42972,0,NON_MAVLINK_PROBE,SCANNER,0,,093faf72,NORMAL,0.0
2026-04-30T06:52:12.794348,80.66.x.x,e2beb78c1934d766,64495,0,NON_MAVLINK_PROBE,SCANNER,0,,b8ddb5e6,NORMAL,0.0
2026-04-30T07:08:06.606549,16.58.x.x,09ea7c1bce3720fb,50258,0,NON_MAVLINK_PROBE,SCANNER,0,,afbfa0c5,NORMAL,0.0
2026-04-30T07:08:13.844264,16.58.x.x,09ea7c1bce3720fb,42610,0,NON_MAVLINK_PROBE,SCANNER,0,,3ac06d30,NORMAL,0.0
2026-04-30T07:08:36.585916,16.58.x.x,09ea7c1bce3720fb,46626,0,NON_MAVLINK_PROBE,SCANNER,0,,33f4d063,NORMAL,0.0
2026-04-30T07:10:50.340501,16.58.x.x,09ea7c1bce3720fb,35334,0,NON_MAVLINK_PROBE,SCANNER,0,,64ac8fc7,NORMAL,0.0
2026-04-30T08:37:55.682599,87.121.x.x,4c23187a04740841,41666,0,NON_MAVLINK_PROBE,SCANNER,0,,f8a5c6da,NORMAL,0.0
2026-04-30T09:11:05.838647,103.116.x.x,4c8300975e4692e1,53352,0,NON_MAVLINK_PROBE,SCANNER,0,,b20dcb63,NORMAL,0.0
2026-04-30T09:11:07.834078,103.116.x.x,4c8300975e4692e1,54464,0,NON_MAVLINK_PROBE,SCANNER,0,,458f4d72,NORMAL,0.0
2026-04-30T09:11:35.853479,103.116.x.x,4c8300975e4692e1,58744,0,NON_MAVLINK_PROBE,SCANNER,0,,f9d70085,NORMAL,0.0
2026-04-30T09:43:53.852453,66.132.x.x,c0594f103e634abf,20072,0,NON_MAVLINK_PROBE,SCANNER,0,,236db66c,NORMAL,0.0
2026-04-30T09:44:03.156328,66.132.x.x,c0594f103e634abf,14208,4,UNKNOWN_4,UNKNOWN,3,7506f54daa5006003905,1d333a10,NORMAL,0.2
2026-04-30T09:44:21.740488,66.132.x.x,c0594f103e634abf,14956,0,NON_MAVLINK_PROBE,SCANNER,0,,b4289ddd,NORMAL,0.0
2026-04-30T09:46:47.031689,74.82.x.x,316adf5a18d074c3,49980,0,NON_MAVLINK_PROBE,SCANNER,0,,cc358162,NORMAL,0.0
2026-04-30T10:02:39.779357,167.71.x.x,047f0ee71595b4b8,45090,0,NON_MAVLINK_PROBE,SCANNER,0,,3e874473,NORMAL,0.0
2026-04-30T10:33:38.488040,80.94.x.x,7c82a5885cc1d386,52928,0,NON_MAVLINK_PROBE,SCANNER,0,,49fb85b7,NORMAL,0.0
2026-04-30T10:33:45.794768,80.94.x.x,7c82a5885cc1d386,43036,0,NON_MAVLINK_PROBE,SCANNER,0,,8b2722d2,NORMAL,0.0
2026-04-30T10:33:52.877404,80.94.x.x,7c82a5885cc1d386,34888,0,NON_MAVLINK_PROBE,SCANNER,0,,601b65a6,NORMAL,0.0
2026-04-30T10:34:00.143414,80.94.x.x,7c82a5885cc1d386,34902,0,NON_MAVLINK_PROBE,SCANNER,0,,1a1c2021,NORMAL,0.0
2026-04-30T10:34:06.871462,80.94.x.x,7c82a5885cc1d386,55910,0,NON_MAVLINK_PROBE,SCANNER,0,,a1da1b59,NORMAL,0.0
2026-04-30T10:34:09.858741,80.94.x.x,7c82a5885cc1d386,44410,0,NON_MAVLINK_PROBE,SCANNER,0,,c1bc697d,NORMAL,0.0
2026-04-30T10:37:20.397221,172.236.x.x,0b816b323082aec5,47424,0,NON_MAVLINK_PROBE,SCANNER,0,,57980362,NORMAL,0.0
2026-04-30T10:37:20.825938,172.236.x.x,0b816b323082aec5,47436,0,NON_MAVLINK_PROBE,SCANNER,0,,aa3961e9,NORMAL,0.0
2026-04-30T10:48:45.904517,13.89.x.x,d8ac616960aa075f,51938,0,NON_MAVLINK_PROBE,SCANNER,0,,c5f817e6,NORMAL,0.0
2026-04-30T10:48:46.468144,13.89.x.x,d8ac616960aa075f,40916,0,NON_MAVLINK_PROBE,SCANNER,0,,009e092c,NORMAL,0.0
2026-04-30T10:53:21.918026,195.184.x.x,c270924b43cfe5be,59549,0,NON_MAVLINK_PROBE,SCANNER,0,,6c957109,NORMAL,0.0
2026-04-30T10:53:25.190494,195.184.x.x,4c5bbc42dc962432,46063,0,NON_MAVLINK_PROBE,SCANNER,0,,cf8a1328,NORMAL,0.0
2026-04-30T11:10:53.949366,20.84.x.x,d5a30cf7f9681f55,51860,0,NON_MAVLINK_PROBE,SCANNER,0,,5b9a8938,NORMAL,0.0
2026-04-30T12:12:25.912363,5.61.x.x,7202821ba1a8b28a,39720,0,NON_MAVLINK_PROBE,SCANNER,0,,10db0735,NORMAL,0.0
2026-04-30T12:33:18.519524,159.223.x.x,e5b05e4f80d14adf,36996,0,NON_MAVLINK_PROBE,SCANNER,0,,9f539dc8,NORMAL,0.0
2026-04-30T13:06:13.853226,2.26.x.x,c3ca72a28bb1ba84,57554,0,NON_MAVLINK_PROBE,SCANNER,0,,74f3a1e0,NORMAL,0.0
2026-04-30T15:28:48.555407,85.11.x.x,5e8f553179564551,60636,0,NON_MAVLINK_PROBE,SCANNER,0,,a55cadd7,NORMAL,0.0
2026-04-30T15:28:48.881624,85.11.x.x,5e8f553179564551,60642,0,NON_MAVLINK_PROBE,SCANNER,0,,0eb2a9f2,NORMAL,0.0
2026-04-30T18:41:30.354536,128.14.x.x,f53a04b695963c31,58726,0,NON_MAVLINK_PROBE,SCANNER,0,,3d1c26ab,NORMAL,0.0
2026-04-30T18:41:48.586796,128.14.x.x,f53a04b695963c31,58728,0,NON_MAVLINK_PROBE,SCANNER,0,,03266bcf,NORMAL,0.0
2026-04-30T18:42:06.769528,128.14.x.x,f53a04b695963c31,55702,0,NON_MAVLINK_PROBE,SCANNER,0,,b0dc3d25,NORMAL,0.0
2026-04-30T18:42:24.978884,128.14.x.x,f53a04b695963c31,58472,0,NON_MAVLINK_PROBE,SCANNER,0,,15bcf8b9,NORMAL,0.0
2026-04-30T18:42:43.190570,128.14.x.x,f53a04b695963c31,40142,0,NON_MAVLINK_PROBE,SCANNER,0,,dbf06c2f,NORMAL,0.0
2026-04-30T18:43:01.457678,128.14.x.x,f53a04b695963c31,57792,0,NON_MAVLINK_PROBE,SCANNER,0,,7a204208,NORMAL,0.0
2026-04-30T18:43:19.718733,128.14.x.x,f53a04b695963c31,55638,0,NON_MAVLINK_PROBE,SCANNER,0,,daccee88,NORMAL,0.0
2026-04-30T18:43:37.887339,128.14.x.x,f53a04b695963c31,34334,0,NON_MAVLINK_PROBE,SCANNER,0,,e5123e5f,NORMAL,0.0
2026-04-30T18:43:56.146652,128.14.x.x,f53a04b695963c31,48932,0,NON_MAVLINK_PROBE,SCANNER,0,,72a1cc4a,NORMAL,0.0
2026-04-30T18:44:14.311386,128.14.x.x,f53a04b695963c31,52718,0,NON_MAVLINK_PROBE,SCANNER,0,,2c423df9,NORMAL,0.0
2026-04-30T19:04:24.801419,45.156.x.x,8ba66d0f1ac080b4,40760,0,NON_MAVLINK_PROBE,SCANNER,0,,1aee81d4,NORMAL,0.0
2026-04-30T19:04:32.274805,45.156.x.x,bc850097885a9fa7,41058,0,NON_MAVLINK_PROBE,SCANNER,0,,1155920e,NORMAL,0.0
2026-04-30T19:04:34.040297,45.156.x.x,8e152528ae2cd3b1,47810,0,NON_MAVLINK_PROBE,SCANNER,0,,2e4d0fed,NORMAL,0.0
2026-04-30T19:04:34.511795,45.156.x.x,8e152528ae2cd3b1,47814,0,NON_MAVLINK_PROBE,SCANNER,0,,521bf4b9,NORMAL,0.0
2026-04-30T19:04:41.718625,45.156.x.x,8ba66d0f1ac080b4,36274,0,NON_MAVLINK_PROBE,SCANNER,0,,63003553,NORMAL,0.0
2026-04-30T19:04:53.981834,45.156.x.x,8e152528ae2cd3b1,53718,0,NON_MAVLINK_PROBE,SCANNER,0,,bf6a9fdf,NORMAL,0.0
2026-04-30T19:05:04.394543,45.156.x.x,8e152528ae2cd3b1,55334,0,NON_MAVLINK_PROBE,SCANNER,0,,715dde77,NORMAL,0.0
2026-04-30T19:05:08.109437,45.156.x.x,bc850097885a9fa7,34656,0,NON_MAVLINK_PROBE,SCANNER,0,,6dc66242,NORMAL,0.0
2026-04-30T19:05:09.083061,45.156.x.x,8e152528ae2cd3b1,35858,0,NON_MAVLINK_PROBE,SCANNER,0,,bfb20ace,NORMAL,0.0
2026-04-30T19:05:16.703494,45.156.x.x,8ba66d0f1ac080b4,51216,0,NON_MAVLINK_PROBE,SCANNER,0,,51014b90,NORMAL,0.0
2026-04-30T19:05:18.663247,45.156.x.x,bc850097885a9fa7,55128,0,NON_MAVLINK_PROBE,SCANNER,0,,75df4672,NORMAL,0.0
2026-04-30T19:43:22.253916,139.180.x.x,59cff8f7d7da944c,52266,0,NON_MAVLINK_PROBE,SCANNER,0,,e9beeca4,NORMAL,0.0
2026-04-30T20:06:02.950349,95.80.x.x,82ba168f259a006d,65297,0,NON_MAVLINK_PROBE,SCANNER,0,,5ee0a3e9,NORMAL,0.0
2026-04-30T20:06:11.280296,95.80.x.x,82ba168f259a006d,49152,0,NON_MAVLINK_PROBE,SCANNER,0,,786fad9e,NORMAL,0.0
2026-04-30T20:06:12.947997,95.80.x.x,82ba168f259a006d,49181,0,NON_MAVLINK_PROBE,SCANNER,0,,e71eca75,NORMAL,0.0
2026-04-30T20:06:21.604697,95.80.x.x,82ba168f259a006d,64356,0,NON_MAVLINK_PROBE,SCANNER,0,,e3f6c6b6,NORMAL,0.0
2026-04-30T20:06:23.252158,95.80.x.x,82ba168f259a006d,49222,0,NON_MAVLINK_PROBE,SCANNER,0,,dac5b930,NORMAL,0.0
2026-04-30T20:15:06.334755,176.65.x.x,005fc190cb64f6b9,33256,0,NON_MAVLINK_PROBE,SCANNER,0,,c7467878,NORMAL,0.0
2026-04-30T20:23:54.130275,152.32.x.x,e402fa3462ea0160,46846,0,NON_MAVLINK_PROBE,SCANNER,0,,47c2be3c,NORMAL,0.0
2026-04-30T20:33:35.622163,192.155.x.x,8ccc3a917cd13fb8,16124,0,NON_MAVLINK_PROBE,SCANNER,0,,45deac3b,NORMAL,0.0
2026-04-30T20:33:36.065890,192.155.x.x,8ccc3a917cd13fb8,33380,0,NON_MAVLINK_PROBE,SCANNER,0,,ade999ec,NORMAL,0.0
2026-04-30T20:34:03.995717,50.116.x.x,9bad4b5117680e51,41383,0,NON_MAVLINK_PROBE,SCANNER,0,,af2eed0b,NORMAL,0.0
2026-04-30T20:46:51.176949,198.235.x.x,cb8f21aefe5062fc,63032,0,NON_MAVLINK_PROBE,SCANNER,0,,4a25679e,NORMAL,0.0
2026-04-30T20:49:45.759600,164.92.x.x,70a5dff02a0ccc5a,53088,0,NON_MAVLINK_PROBE,SCANNER,0,,63020987,NORMAL,0.0
2026-04-30T20:49:48.847755,164.92.x.x,70a5dff02a0ccc5a,39906,0,NON_MAVLINK_PROBE,SCANNER,0,,6f26ac54,NORMAL,0.0
2026-04-30T21:21:00.814553,161.35.x.x,50535079262a01ac,62124,0,NON_MAVLINK_PROBE,SCANNER,0,,d3ebadfd,NORMAL,0.0
2026-04-30T21:21:12.829088,161.35.x.x,50535079262a01ac,5716,0,NON_MAVLINK_PROBE,SCANNER,0,,4f77d56b,NORMAL,0.0
2026-04-30T21:25:54.833638,176.65.x.x,3caaee43e61f0c4c,32872,0,NON_MAVLINK_PROBE,SCANNER,0,,127f7d5c,NORMAL,0.0
2026-04-30T22:05:12.676581,77.89.x.x,9eb8ec9872e4d27a,7842,0,NON_MAVLINK_PROBE,SCANNER,0,,06ae7671,NORMAL,0.0
2026-04-30T22:06:13.008347,77.89.x.x,9eb8ec9872e4d27a,7858,0,NON_MAVLINK_PROBE,SCANNER,0,,be6bfea4,NORMAL,0.0
2026-04-30T22:24:51.767726,167.94.x.x,dffaa894a17f0da1,25810,0,NON_MAVLINK_PROBE,SCANNER,0,,b2098025,NORMAL,0.0
2026-04-30T22:24:56.152522,167.94.x.x,dffaa894a17f0da1,25920,4,UNKNOWN_4,UNKNOWN,3,29cd15efb45006003905,1062e086,NORMAL,0.2
2026-04-30T22:25:09.333061,167.94.x.x,dffaa894a17f0da1,33424,0,NON_MAVLINK_PROBE,SCANNER,0,,81e25325,NORMAL,0.0
2026-04-30T22:29:14.579939,191.101.x.x,7906389cd424a16c,60536,0,NON_MAVLINK_PROBE,SCANNER,0,,ce9db5bd,NORMAL,0.0
2026-04-30T22:32:59.526357,45.33.x.x,6bc9470de6a483f5,50334,0,NON_MAVLINK_PROBE,SCANNER,0,,77736dce,NORMAL,0.0
2026-04-30T23:08:51.621111,79.124.x.x,a3dc2bc09007bf5d,59818,0,NON_MAVLINK_PROBE,SCANNER,0,,aaf7380d,NORMAL,0.0
2026-04-30T23:12:23.784172,20.168.x.x,5b5c9056479b274a,57660,0,NON_MAVLINK_PROBE,SCANNER,0,,07450b56,NORMAL,0.0
2026-04-30T23:16:12.206939,176.65.x.x,9880f1c3a55845dd,35486,0,NON_MAVLINK_PROBE,SCANNER,0,,4a67deaf,NORMAL,0.0
2026-04-30T23:28:42.999301,72.255.x.x,597d631a5a55281f,6427,0,NON_MAVLINK_PROBE,SCANNER,0,,4e1ccf8b,NORMAL,0.0
2026-04-30T23:45:09.893050,79.124.x.x,a3dc2bc09007bf5d,39700,0,NON_MAVLINK_PROBE,SCANNER,0,,7da2353f,NORMAL,0.0
2026-04-30T23:56:27.067287,176.65.x.x,8ecb668eed5ac938,55522,0,NON_MAVLINK_PROBE,SCANNER,0,,61555fab,NORMAL,0.0
2026-05-01T00:13:02.177204,176.65.x.x,3caaee43e61f0c4c,51884,0,NON_MAVLINK_PROBE,SCANNER,0,,5377f5a6,NORMAL,0.0
2026-05-01T00:30:42.436489,205.210.x.x,27ece7a5aff4cccd,60838,0,NON_MAVLINK_PROBE,SCANNER,0,,d9e8986a,NORMAL,0.0
2026-05-01T00:30:42.429992,205.210.x.x,27ece7a5aff4cccd,60828,0,NON_MAVLINK_PROBE,SCANNER,0,,3a40ac62,NORMAL,0.0
2026-05-01T00:36:56.228452,54.165.x.x,1468cd47388754e8,14176,0,NON_MAVLINK_PROBE,SCANNER,0,,dfea0052,NORMAL,0.0
2026-05-01T01:08:05.181375,176.65.x.x,1c233f18e373798e,5848,0,NON_MAVLINK_PROBE,SCANNER,0,,7151b6fd,NORMAL,0.0
2026-05-01T01:23:02.444649,124.198.x.x,4ee1d1c3a7d5aab9,23396,0,NON_MAVLINK_PROBE,SCANNER,0,,3d8c8308,NORMAL,0.0
2026-05-01T03:22:22.830695,176.120.x.x,7dd74e23d6362d3b,60948,0,NON_MAVLINK_PROBE,SCANNER,0,,af4964a0,NORMAL,0.0
2026-05-01T03:22:32.880041,176.120.x.x,7dd74e23d6362d3b,52674,0,NON_MAVLINK_PROBE,SCANNER,0,,c56bce89,NORMAL,0.0
2026-05-01T04:08:33.025498,176.65.x.x,9880f1c3a55845dd,53306,0,NON_MAVLINK_PROBE,SCANNER,0,,1b430b63,NORMAL,0.0
2026-05-01T04:22:34.726113,51.158.x.x,2ad72199ee2dac6a,50998,0,NON_MAVLINK_PROBE,SCANNER,0,,c04081dd,NORMAL,0.0
2026-05-01T04:22:35.106394,51.158.x.x,2ad72199ee2dac6a,51010,0,NON_MAVLINK_PROBE,SCANNER,0,,3532ff84,NORMAL,0.0
2026-05-01T04:47:43.694326,5.61.x.x,4daa61e0b2e4ba7f,59914,0,NON_MAVLINK_PROBE,SCANNER,0,,c6b94cba,NORMAL,0.0
2026-05-01T04:48:15.579682,5.61.x.x,7202821ba1a8b28a,58450,0,NON_MAVLINK_PROBE,SCANNER,0,,1c25d199,NORMAL,0.0
2026-05-01T06:05:56.833070,160.119.x.x,4662d262d41658d7,27110,0,NON_MAVLINK_PROBE,SCANNER,0,,8fa2a671,NORMAL,0.0
2026-05-01T06:06:06.549478,160.119.x.x,4662d262d41658d7,26834,0,NON_MAVLINK_PROBE,SCANNER,0,,33539eee,NORMAL,0.0
2026-05-01T06:06:17.135887,160.119.x.x,4662d262d41658d7,51648,0,NON_MAVLINK_PROBE,SCANNER,0,,0bf2e098,NORMAL,0.0
2026-05-01T06:06:42.722919,160.119.x.x,4662d262d41658d7,16608,0,NON_MAVLINK_PROBE,SCANNER,0,,aec5fc64,NORMAL,0.0
2026-05-01T06:07:29.606155,160.119.x.x,4662d262d41658d7,41052,0,NON_MAVLINK_PROBE,SCANNER,0,,f490f325,NORMAL,0.0
2026-05-01T06:09:01.199205,160.119.x.x,4662d262d41658d7,22118,0,NON_MAVLINK_PROBE,SCANNER,0,,6e49d6de,NORMAL,0.0
2026-05-01T06:17:19.894828,160.119.x.x,4662d262d41658d7,15750,0,NON_MAVLINK_PROBE,SCANNER,0,,fe4121b3,NORMAL,0.0
2026-05-01T06:17:20.228148,160.119.x.x,4662d262d41658d7,15766,0,NON_MAVLINK_PROBE,SCANNER,0,,8f41a6c0,NORMAL,0.0
2026-05-01T06:46:21.264435,176.65.x.x,9880f1c3a55845dd,50454,0,NON_MAVLINK_PROBE,SCANNER,0,,754f1d93,NORMAL,0.0
2026-05-01T07:04:45.373213,18.116.x.x,5824e96b9673eccb,53750,0,NON_MAVLINK_PROBE,SCANNER,0,,30b2555f,NORMAL,0.0
2026-05-01T07:04:45.859386,18.116.x.x,5824e96b9673eccb,53752,0,NON_MAVLINK_PROBE,SCANNER,0,,581b890a,NORMAL,0.0
2026-05-01T07:04:52.609525,18.116.x.x,5824e96b9673eccb,43276,0,NON_MAVLINK_PROBE,SCANNER,0,,ca0b8f27,NORMAL,0.0
2026-05-01T07:07:13.536768,18.116.x.x,5824e96b9673eccb,45422,0,NON_MAVLINK_PROBE,SCANNER,0,,514ff5db,NORMAL,0.0
2026-05-01T07:08:03.406712,18.116.x.x,5824e96b9673eccb,40736,0,NON_MAVLINK_PROBE,SCANNER,0,,c5c46a64,NORMAL,0.0
2026-05-01T07:25:04.655740,45.156.x.x,11361a186b3bacb6,39656,0,NON_MAVLINK_PROBE,SCANNER,0,,e5ac289d,NORMAL,0.0
2026-05-01T07:25:12.651696,45.156.x.x,b4b13cc12e09c0f5,41402,0,NON_MAVLINK_PROBE,SCANNER,0,,a8c22243,NORMAL,0.0
2026-05-01T07:28:08.623836,192.159.x.x,e4ae6c61552c0d1c,61530,0,NON_MAVLINK_PROBE,SCANNER,0,,ac7618de,NORMAL,0.0
2026-05-01T07:41:30.713969,172.232.x.x,28930672c07fe243,38660,0,NON_MAVLINK_PROBE,SCANNER,0,,69e86c57,NORMAL,0.0
2026-05-01T07:42:22.117302,172.232.x.x,28930672c07fe243,51210,0,NON_MAVLINK_PROBE,SCANNER,0,,9b8dd9ec,NORMAL,0.0
2026-05-01T07:42:27.204197,172.232.x.x,28930672c07fe243,40248,0,NON_MAVLINK_PROBE,SCANNER,0,,e0184047,NORMAL,0.0
2026-05-01T07:42:32.223898,172.232.x.x,28930672c07fe243,40290,0,NON_MAVLINK_PROBE,SCANNER,0,,14144a39,NORMAL,0.0
2026-05-01T07:42:37.287822,172.232.x.x,28930672c07fe243,41792,0,NON_MAVLINK_PROBE,SCANNER,0,,4cc0a020,NORMAL,0.0
2026-05-01T07:42:42.326725,172.232.x.x,28930672c07fe243,41874,0,NON_MAVLINK_PROBE,SCANNER,0,,923a1835,NORMAL,0.0
2026-05-01T07:42:47.388669,172.232.x.x,28930672c07fe243,38882,0,NON_MAVLINK_PROBE,SCANNER,0,,f1df8627,NORMAL,0.0
2026-05-01T07:42:52.456848,172.232.x.x,28930672c07fe243,38956,0,NON_MAVLINK_PROBE,SCANNER,0,,4323168d,NORMAL,0.0
2026-05-01T07:42:57.545307,172.232.x.x,28930672c07fe243,53598,0,NON_MAVLINK_PROBE,SCANNER,0,,2a52ccbd,NORMAL,0.0
2026-05-01T07:43:02.587925,172.232.x.x,28930672c07fe243,53722,0,NON_MAVLINK_PROBE,SCANNER,0,,fe7f6784,NORMAL,0.0
2026-05-01T07:43:07.616645,172.232.x.x,28930672c07fe243,55502,0,NON_MAVLINK_PROBE,SCANNER,0,,ccec0371,NORMAL,0.0
2026-05-01T07:43:15.195778,172.232.x.x,28930672c07fe243,55568,0,NON_MAVLINK_PROBE,SCANNER,0,,9e89b591,NORMAL,0.0
2026-05-01T07:43:20.217058,172.232.x.x,28930672c07fe243,53226,0,NON_MAVLINK_PROBE,SCANNER,0,,0175de68,NORMAL,0.0
2026-05-01T07:43:25.272037,172.232.x.x,28930672c07fe243,44104,0,NON_MAVLINK_PROBE,SCANNER,0,,76156273,NORMAL,0.0
2026-05-01T07:43:30.314833,172.232.x.x,28930672c07fe243,44154,0,NON_MAVLINK_PROBE,SCANNER,0,,4b75e44d,NORMAL,0.0
2026-05-01T07:43:35.413843,172.232.x.x,28930672c07fe243,40466,0,NON_MAVLINK_PROBE,SCANNER,0,,871eb78e,NORMAL,0.0
2026-05-01T07:43:40.463192,172.232.x.x,28930672c07fe243,40520,0,NON_MAVLINK_PROBE,SCANNER,0,,e340d77e,NORMAL,0.0
2026-05-01T07:43:45.509184,172.232.x.x,28930672c07fe243,55700,0,NON_MAVLINK_PROBE,SCANNER,0,,61bc240e,NORMAL,0.0
2026-05-01T07:43:50.569541,172.232.x.x,28930672c07fe243,55726,0,NON_MAVLINK_PROBE,SCANNER,0,,a90cfddf,NORMAL,0.0
2026-05-01T07:43:55.610412,172.232.x.x,28930672c07fe243,38426,0,NON_MAVLINK_PROBE,SCANNER,0,,ac29202e,NORMAL,0.0
2026-05-01T07:44:00.668496,172.232.x.x,28930672c07fe243,38556,0,NON_MAVLINK_PROBE,SCANNER,0,,3a024e13,NORMAL,0.0
2026-05-01T07:44:08.202433,172.232.x.x,28930672c07fe243,42840,0,NON_MAVLINK_PROBE,SCANNER,0,,f2c491b8,NORMAL,0.0
2026-05-01T07:44:13.265092,172.232.x.x,28930672c07fe243,42914,0,NON_MAVLINK_PROBE,SCANNER,0,,82b66b80,NORMAL,0.0
2026-05-01T07:44:18.334160,172.232.x.x,28930672c07fe243,42676,0,NON_MAVLINK_PROBE,SCANNER,0,,dbb517fb,NORMAL,0.0
2026-05-01T07:44:23.395182,172.232.x.x,28930672c07fe243,42690,0,NON_MAVLINK_PROBE,SCANNER,0,,0904b7d4,NORMAL,0.0
2026-05-01T07:44:28.451575,172.232.x.x,28930672c07fe243,58842,0,NON_MAVLINK_PROBE,SCANNER,0,,9acc5bb7,NORMAL,0.0
2026-05-01T07:44:33.551287,172.232.x.x,28930672c07fe243,52432,0,NON_MAVLINK_PROBE,SCANNER,0,,5ce65e97,NORMAL,0.0
2026-05-01T07:44:38.553647,172.232.x.x,28930672c07fe243,52478,0,NON_MAVLINK_PROBE,SCANNER,0,,cddf8174,NORMAL,0.0
2026-05-01T07:44:43.625557,172.232.x.x,28930672c07fe243,60568,0,NON_MAVLINK_PROBE,SCANNER,0,,df9e8ccd,NORMAL,0.0
2026-05-01T07:44:48.657878,172.232.x.x,28930672c07fe243,60642,0,NON_MAVLINK_PROBE,SCANNER,0,,3af2d943,NORMAL,0.0
2026-05-01T07:44:53.713527,172.232.x.x,28930672c07fe243,53548,0,NON_MAVLINK_PROBE,SCANNER,0,,9a714797,NORMAL,0.0
2026-05-01T07:44:58.761739,172.232.x.x,28930672c07fe243,53588,0,NON_MAVLINK_PROBE,SCANNER,0,,2c9d543b,NORMAL,0.0
2026-05-01T07:45:03.867264,172.232.x.x,28930672c07fe243,50454,0,NON_MAVLINK_PROBE,SCANNER,0,,3e79b891,NORMAL,0.0
2026-05-01T07:45:08.905764,172.232.x.x,28930672c07fe243,50590,0,NON_MAVLINK_PROBE,SCANNER,0,,3825930c,NORMAL,0.0
2026-05-01T07:45:13.950169,172.232.x.x,28930672c07fe243,55830,0,NON_MAVLINK_PROBE,SCANNER,0,,e14a5dfc,NORMAL,0.0
2026-05-01T07:45:18.996366,172.232.x.x,28930672c07fe243,55926,0,NON_MAVLINK_PROBE,SCANNER,0,,568e000c,NORMAL,0.0
2026-05-01T07:45:24.051304,172.232.x.x,28930672c07fe243,45698,0,NON_MAVLINK_PROBE,SCANNER,0,,bc3458df,NORMAL,0.0
2026-05-01T07:45:29.120695,172.232.x.x,28930672c07fe243,45776,0,NON_MAVLINK_PROBE,SCANNER,0,,2091df4f,NORMAL,0.0
2026-05-01T07:45:29.745197,172.232.x.x,28930672c07fe243,45494,0,NON_MAVLINK_PROBE,SCANNER,0,,04771957,NORMAL,0.0
2026-05-01T07:45:29.774190,172.232.x.x,28930672c07fe243,45480,0,NON_MAVLINK_PROBE,SCANNER,0,,49f3390c,NORMAL,0.0
2026-05-01T07:45:29.881332,172.232.x.x,28930672c07fe243,45602,0,NON_MAVLINK_PROBE,SCANNER,0,,23b98dab,NORMAL,0.0
2026-05-01T07:45:29.951830,172.232.x.x,28930672c07fe243,45610,0,NON_MAVLINK_PROBE,SCANNER,0,,06bb85c6,NORMAL,0.0
2026-05-01T07:45:30.122815,172.232.x.x,28930672c07fe243,45624,0,NON_MAVLINK_PROBE,SCANNER,0,,f2fbb2f0,NORMAL,0.0
2026-05-01T07:45:30.412741,172.232.x.x,28930672c07fe243,45758,0,NON_MAVLINK_PROBE,SCANNER,0,,4785db71,NORMAL,0.0
2026-05-01T07:45:30.592638,172.232.x.x,28930672c07fe243,45874,0,NON_MAVLINK_PROBE,SCANNER,0,,c6e4c930,NORMAL,0.0
2026-05-01T07:45:30.790631,172.232.x.x,28930672c07fe243,45944,0,NON_MAVLINK_PROBE,SCANNER,0,,1fd588a0,NORMAL,0.0
2026-05-01T07:45:38.512455,172.232.x.x,28930672c07fe243,45514,0,NON_MAVLINK_PROBE,SCANNER,0,,96f06f4b,NORMAL,0.0
2026-05-01T07:45:45.282208,172.232.x.x,28930672c07fe243,45548,0,NON_MAVLINK_PROBE,SCANNER,0,,15154a7e,NORMAL,0.0
2026-05-01T07:46:00.542035,172.232.x.x,28930672c07fe243,45608,0,NON_MAVLINK_PROBE,SCANNER,0,,b7f0a12b,NORMAL,0.0
2026-05-01T07:46:01.847236,172.232.x.x,28930672c07fe243,45496,0,NON_MAVLINK_PROBE,SCANNER,0,,ac278755,NORMAL,0.0
2026-05-01T07:46:01.856350,172.232.x.x,28930672c07fe243,45488,0,NON_MAVLINK_PROBE,SCANNER,0,,85949e82,NORMAL,0.0
2026-05-01T07:46:01.853324,172.232.x.x,28930672c07fe243,45602,0,NON_MAVLINK_PROBE,SCANNER,0,,3b94590a,NORMAL,0.0
2026-05-01T07:46:01.880068,172.232.x.x,28930672c07fe243,45524,0,NON_MAVLINK_PROBE,SCANNER,0,,6a44c930,NORMAL,0.0
2026-05-01T07:46:01.879764,172.232.x.x,28930672c07fe243,45498,0,NON_MAVLINK_PROBE,SCANNER,0,,20d60714,NORMAL,0.0
2026-05-01T07:46:01.880892,172.232.x.x,28930672c07fe243,45688,0,NON_MAVLINK_PROBE,SCANNER,0,,86c18545,NORMAL,0.0
2026-05-01T07:46:01.875098,172.232.x.x,28930672c07fe243,46028,0,NON_MAVLINK_PROBE,SCANNER,0,,f4a8ee2b,NORMAL,0.0
2026-05-01T07:46:01.884086,172.232.x.x,28930672c07fe243,45534,0,NON_MAVLINK_PROBE,SCANNER,0,,5930063b,NORMAL,0.0
2026-05-01T07:46:01.885285,172.232.x.x,28930672c07fe243,45518,0,NON_MAVLINK_PROBE,SCANNER,0,,27a0367f,NORMAL,0.0
2026-05-01T07:55:57.360909,176.65.x.x,9880f1c3a55845dd,47268,0,NON_MAVLINK_PROBE,SCANNER,0,,8f3bec18,NORMAL,0.0
2026-05-01T08:05:59.933800,124.198.x.x,4ee1d1c3a7d5aab9,47602,0,NON_MAVLINK_PROBE,SCANNER,0,,5a93c057,NORMAL,0.0
2026-05-01T08:06:00.960695,124.198.x.x,4ee1d1c3a7d5aab9,2362,0,NON_MAVLINK_PROBE,SCANNER,0,,d3447099,NORMAL,0.0
2026-05-01T08:22:37.701643,188.209.x.x,2b0205759bd782f5,35824,0,NON_MAVLINK_PROBE,SCANNER,0,,0d951014,NORMAL,0.0
2026-05-01T08:22:57.341609,65.49.x.x,f5aa39682ed2eb15,61136,0,NON_MAVLINK_PROBE,SCANNER,0,,e4d30494,NORMAL,0.0
2026-05-01T09:41:37.970126,159.223.x.x,e5b05e4f80d14adf,51124,0,NON_MAVLINK_PROBE,SCANNER,0,,95601ce6,NORMAL,0.0
2026-05-01T10:41:50.512099,93.123.x.x,7241acd881f52dff,58200,0,NON_MAVLINK_PROBE,SCANNER,0,,dc6c323d,NORMAL,0.0
2026-05-01T10:46:47.095383,165.154.x.x,af6da66871d18709,57744,0,NON_MAVLINK_PROBE,SCANNER,0,,d532ffff,NORMAL,0.0
2026-05-01T10:46:52.112291,165.154.x.x,af6da66871d18709,39500,0,NON_MAVLINK_PROBE,SCANNER,0,,297cb8bf,NORMAL,0.0
2026-05-01T10:47:02.374036,165.154.x.x,af6da66871d18709,39510,0,NON_MAVLINK_PROBE,SCANNER,0,,681f5f6f,NORMAL,0.0
2026-05-01T10:47:03.867253,165.154.x.x,af6da66871d18709,43552,0,NON_MAVLINK_PROBE,SCANNER,0,,459d4879,NORMAL,0.0
2026-05-01T10:48:58.426641,165.154.x.x,af6da66871d18709,48436,0,NON_MAVLINK_PROBE,SCANNER,0,,ffb76c81,NORMAL,0.0
2026-05-01T10:48:58.908161,165.154.x.x,af6da66871d18709,48442,0,NON_MAVLINK_PROBE,SCANNER,0,,0ce3428e,NORMAL,0.0
2026-05-01T10:48:59.630381,165.154.x.x,af6da66871d18709,48460,0,NON_MAVLINK_PROBE,SCANNER,0,,a4ee6e4a,NORMAL,0.0
2026-05-01T10:48:59.892508,165.154.x.x,af6da66871d18709,48452,0,NON_MAVLINK_PROBE,SCANNER,0,,3442d23e,NORMAL,0.0
2026-05-01T10:50:09.902887,204.76.x.x,6c2d4e16a012734a,10589,0,NON_MAVLINK_PROBE,SCANNER,0,,e498adee,NORMAL,0.0
2026-05-01T10:50:09.912161,204.76.x.x,aadcc7685a2b3a1a,26887,0,NON_MAVLINK_PROBE,SCANNER,0,,1e3de7d6,NORMAL,0.0
2026-05-01T10:50:10.253899,204.76.x.x,6c2d4e16a012734a,11755,0,NON_MAVLINK_PROBE,SCANNER,0,,abcc6f53,NORMAL,0.0
2026-05-01T10:50:10.267846,204.76.x.x,aadcc7685a2b3a1a,2947,0,NON_MAVLINK_PROBE,SCANNER,0,,0bc21604,NORMAL,0.0
2026-05-01T10:50:10.596198,204.76.x.x,1b633c0115883f2b,12097,0,NON_MAVLINK_PROBE,SCANNER,0,,4ea87442,NORMAL,0.0
2026-05-01T10:50:10.598014,204.76.x.x,1b633c0115883f2b,11747,0,NON_MAVLINK_PROBE,SCANNER,0,,7f4edd51,NORMAL,0.0
2026-05-01T11:29:15.783714,188.209.x.x,4bb5724bb0038d0d,34518,0,NON_MAVLINK_PROBE,SCANNER,0,,3666bd22,NORMAL,0.0
2026-05-01T12:30:10.722931,176.65.x.x,9880f1c3a55845dd,60664,0,NON_MAVLINK_PROBE,SCANNER,0,,223a2398,NORMAL,0.0
2026-05-01T13:25:37.746812,185.91.x.x,2a2b0990dd4071ec,46162,0,NON_MAVLINK_PROBE,SCANNER,0,,f37c864c,NORMAL,0.0
2026-05-01T13:25:37.767564,185.91.x.x,2a2b0990dd4071ec,46160,0,NON_MAVLINK_PROBE,SCANNER,0,,64030823,NORMAL,0.0
2026-05-01T13:25:42.461000,185.91.x.x,2a2b0990dd4071ec,46180,0,NON_MAVLINK_PROBE,SCANNER,0,,df2c43c5,NORMAL,0.0
2026-05-01T13:25:42.492070,185.91.x.x,2a2b0990dd4071ec,46166,0,NON_MAVLINK_PROBE,SCANNER,0,,3f88ea82,NORMAL,0.0
2026-05-01T14:06:27.559817,20.106.x.x,dbfb941183b61824,52328,0,NON_MAVLINK_PROBE,SCANNER,0,,7b9142d2,NORMAL,0.0
2026-05-01T14:06:28.025768,20.106.x.x,dbfb941183b61824,43666,0,NON_MAVLINK_PROBE,SCANNER,0,,e38df886,NORMAL,0.0
2026-05-01T14:26:11.257306,64.62.x.x,dbd74eb099daecb4,44108,0,NON_MAVLINK_PROBE,SCANNER,0,,1b4fe202,NORMAL,0.0
2026-05-01T14:42:14.533700,176.65.x.x,1d4d0ccbdfc1a4b5,52164,0,NON_MAVLINK_PROBE,SCANNER,0,,486b3b4f,NORMAL,0.0
2026-05-01T15:02:33.877794,176.65.x.x,1d4d0ccbdfc1a4b5,35096,0,NON_MAVLINK_PROBE,SCANNER,0,,30ae9d9f,NORMAL,0.0
2026-05-01T15:16:35.140320,66.228.x.x,c265a7de2c0ac7a8,60552,0,NON_MAVLINK_PROBE,SCANNER,0,,824f8f71,NORMAL,0.0
2026-05-01T15:16:35.678715,66.228.x.x,c265a7de2c0ac7a8,7830,0,NON_MAVLINK_PROBE,SCANNER,0,,a555b957,NORMAL,0.0
2026-05-01T15:24:03.574168,185.132.x.x,cf4e172c1f948ae8,48874,0,NON_MAVLINK_PROBE,SCANNER,0,,85200795,NORMAL,0.0
2026-05-01T15:56:03.625801,176.65.x.x,b13267e16fec16a6,47208,0,NON_MAVLINK_PROBE,SCANNER,0,,2c0fe155,NORMAL,0.0
2026-05-01T17:34:06.273551,95.80.x.x,82ba168f259a006d,58897,0,NON_MAVLINK_PROBE,SCANNER,0,,f195150f,NORMAL,0.0
2026-05-01T17:34:06.279620,95.80.x.x,82ba168f259a006d,58964,0,NON_MAVLINK_PROBE,SCANNER,0,,e7367496,NORMAL,0.0
2026-05-01T17:34:16.597348,95.80.x.x,82ba168f259a006d,56824,0,NON_MAVLINK_PROBE,SCANNER,0,,c9cf3349,NORMAL,0.0
2026-05-01T17:34:16.609147,95.80.x.x,82ba168f259a006d,65059,0,NON_MAVLINK_PROBE,SCANNER,0,,24d78988,NORMAL,0.0
2026-05-01T17:36:05.701748,176.65.x.x,9880f1c3a55845dd,57006,0,NON_MAVLINK_PROBE,SCANNER,0,,7fdddbd0,NORMAL,0.0
2026-05-01T18:06:50.044523,40.124.x.x,a6703bad06c0192d,38560,0,NON_MAVLINK_PROBE,SCANNER,0,,371dc952,NORMAL,0.0
2026-05-01T18:20:46.430475,124.198.x.x,4ee1d1c3a7d5aab9,12478,0,NON_MAVLINK_PROBE,SCANNER,0,,eac71061,NORMAL,0.0
2026-05-01T18:46:29.344767,107.150.x.x,c21baa93caa6f1a2,46546,0,NON_MAVLINK_PROBE,SCANNER,0,,e470ab71,NORMAL,0.0
2026-05-01T18:46:34.348851,107.150.x.x,c21baa93caa6f1a2,46550,0,NON_MAVLINK_PROBE,SCANNER,0,,abb27c67,NORMAL,0.0
2026-05-01T18:46:44.592818,107.150.x.x,c21baa93caa6f1a2,51788,0,NON_MAVLINK_PROBE,SCANNER,0,,1b94ab9a,NORMAL,0.0
2026-05-01T18:46:46.088429,107.150.x.x,c21baa93caa6f1a2,51796,0,NON_MAVLINK_PROBE,SCANNER,0,,6f655146,NORMAL,0.0
2026-05-01T18:50:50.509312,107.150.x.x,c21baa93caa6f1a2,53526,0,NON_MAVLINK_PROBE,SCANNER,0,,699c37f5,NORMAL,0.0
2026-05-01T18:50:51.019795,107.150.x.x,c21baa93caa6f1a2,53540,0,NON_MAVLINK_PROBE,SCANNER,0,,a3965b47,NORMAL,0.0
2026-05-01T18:50:51.760353,107.150.x.x,c21baa93caa6f1a2,41654,0,NON_MAVLINK_PROBE,SCANNER,0,,4e9888e3,NORMAL,0.0
2026-05-01T18:50:52.046908,107.150.x.x,c21baa93caa6f1a2,41638,0,NON_MAVLINK_PROBE,SCANNER,0,,a4a7549c,NORMAL,0.0
2026-05-01T19:28:49.211657,188.209.x.x,a92665ac19ef947b,60224,0,NON_MAVLINK_PROBE,SCANNER,0,,ada4fed1,NORMAL,0.0
2026-05-01T19:53:28.940881,176.65.x.x,1d4d0ccbdfc1a4b5,53590,0,NON_MAVLINK_PROBE,SCANNER,0,,59f5dbf2,NORMAL,0.0
2026-05-01T20:11:45.022826,192.159.x.x,e4ae6c61552c0d1c,3692,0,NON_MAVLINK_PROBE,SCANNER,0,,f2e12d2b,NORMAL,0.0
2026-05-01T20:47:39.089233,66.132.x.x,03c69c3f355ed3c0,58636,0,NON_MAVLINK_PROBE,SCANNER,0,,ae8c928e,NORMAL,0.0
2026-05-01T20:47:46.009436,66.132.x.x,03c69c3f355ed3c0,53388,4,UNKNOWN_4,UNKNOWN,3,55746eb1c75006003905,dfe0d2d0,NORMAL,0.2
2026-05-01T20:48:01.087715,66.132.x.x,03c69c3f355ed3c0,62862,0,NON_MAVLINK_PROBE,SCANNER,0,,acee8063,NORMAL,0.0
2026-05-01T21:34:01.665913,81.29.x.x,f7b662d7880c6243,10276,0,NON_MAVLINK_PROBE,SCANNER,0,,07b7f836,NORMAL,0.0
2026-05-01T22:07:38.921898,5.61.x.x,7202821ba1a8b28a,62650,0,NON_MAVLINK_PROBE,SCANNER,0,,21c7daa7,NORMAL,0.0
2026-05-01T22:25:55.482484,172.232.x.x,38127d1772c78cd4,54724,0,NON_MAVLINK_PROBE,SCANNER,0,,c0b5eeb2,NORMAL,0.0
2026-05-01T22:44:21.407571,77.89.x.x,9eb8ec9872e4d27a,44160,0,NON_MAVLINK_PROBE,SCANNER,0,,f2a0b9b6,NORMAL,0.0
2026-05-01T22:45:21.812548,77.89.x.x,9eb8ec9872e4d27a,44172,0,NON_MAVLINK_PROBE,SCANNER,0,,ed7e0b54,NORMAL,0.0
2026-05-01T23:16:25.049025,195.178.x.x,4393ae9e88d5b51e,41124,0,NON_MAVLINK_PROBE,SCANNER,0,,953450a5,NORMAL,0.0
2026-05-01T23:48:45.616467,79.124.x.x,a3dc2bc09007bf5d,54834,0,NON_MAVLINK_PROBE,SCANNER,0,,d7d51f9e,NORMAL,0.0
2026-05-01T23:50:06.803937,205.210.x.x,8a26ae41a1c7ec4a,50357,0,NON_MAVLINK_PROBE,SCANNER,0,,40573ea4,NORMAL,0.0
2026-05-02T00:13:20.350748,20.65.x.x,15add0deb499114c,45418,0,NON_MAVLINK_PROBE,SCANNER,0,,10a9623d,NORMAL,0.0
2026-05-02T00:24:34.009148,79.124.x.x,a3dc2bc09007bf5d,35064,0,NON_MAVLINK_PROBE,SCANNER,0,,11513853,NORMAL,0.0
2026-05-02T00:35:49.553598,3.88.x.x,9bbf81f54910e087,15184,0,NON_MAVLINK_PROBE,SCANNER,0,,5bf28380,NORMAL,0.0
2026-05-02T00:44:51.492223,64.62.x.x,ecf73608cb2df368,42150,0,NON_MAVLINK_PROBE,SCANNER,0,,55153348,NORMAL,0.0
2026-05-02T01:25:13.033386,147.185.x.x,9c1553a351ba9563,61928,0,NON_MAVLINK_PROBE,SCANNER,0,,a158992c,NORMAL,0.0
2026-05-02T01:25:13.055522,147.185.x.x,9c1553a351ba9563,61942,0,NON_MAVLINK_PROBE,SCANNER,0,,80151b4f,NORMAL,0.0
2026-05-02T01:25:48.604687,205.210.x.x,977ac322bc3951e7,63036,0,NON_MAVLINK_PROBE,SCANNER,0,,4e4fab89,NORMAL,0.0
2026-05-02T01:38:15.476029,176.65.x.x,005fc190cb64f6b9,59614,0,NON_MAVLINK_PROBE,SCANNER,0,,5c474c33,NORMAL,0.0
2026-05-02T01:38:50.264224,107.150.x.x,865558c8bdd8375f,39706,0,NON_MAVLINK_PROBE,SCANNER,0,,9e60150f,NORMAL,0.0
2026-05-02T01:38:55.268411,107.150.x.x,865558c8bdd8375f,39708,0,NON_MAVLINK_PROBE,SCANNER,0,,0ced40af,NORMAL,0.0
2026-05-02T01:39:05.527921,107.150.x.x,865558c8bdd8375f,35430,0,NON_MAVLINK_PROBE,SCANNER,0,,ba43bb77,NORMAL,0.0
2026-05-02T01:39:07.016312,107.150.x.x,865558c8bdd8375f,35434,0,NON_MAVLINK_PROBE,SCANNER,0,,db4a8570,NORMAL,0.0
2026-05-02T01:41:40.926331,107.150.x.x,865558c8bdd8375f,49704,0,NON_MAVLINK_PROBE,SCANNER,0,,e3504449,NORMAL,0.0
2026-05-02T01:41:41.441950,107.150.x.x,865558c8bdd8375f,49720,0,NON_MAVLINK_PROBE,SCANNER,0,,158541c7,NORMAL,0.0
2026-05-02T01:41:42.158819,107.150.x.x,865558c8bdd8375f,40326,0,NON_MAVLINK_PROBE,SCANNER,0,,b8535e54,NORMAL,0.0
2026-05-02T01:41:42.449551,107.150.x.x,865558c8bdd8375f,49728,0,NON_MAVLINK_PROBE,SCANNER,0,,c11fea88,NORMAL,0.0
2026-05-02T01:46:27.586876,172.236.x.x,84608e06fcf11886,12522,0,NON_MAVLINK_PROBE,SCANNER,0,,a043c194,NORMAL,0.0
2026-05-02T01:46:28.078657,172.236.x.x,84608e06fcf11886,40786,0,NON_MAVLINK_PROBE,SCANNER,0,,b27b8e34,NORMAL,0.0
2026-05-02T01:55:29.929947,87.236.x.x,e56d6bacc27bcbbb,48945,0,NON_MAVLINK_PROBE,SCANNER,0,,76cd9a7d,NORMAL,0.0
2026-05-02T02:34:47.314925,124.198.x.x,4ee1d1c3a7d5aab9,13206,0,NON_MAVLINK_PROBE,SCANNER,0,,c6403888,NORMAL,0.0
2026-05-02T03:31:52.040722,172.105.x.x,1d75bf74b0cc4a2e,36538,0,NON_MAVLINK_PROBE,SCANNER,0,,0cd74b03,NORMAL,0.0
2026-05-02T03:31:52.534905,172.105.x.x,1d75bf74b0cc4a2e,25282,0,NON_MAVLINK_PROBE,SCANNER,0,,30bce9a2,NORMAL,0.0
2026-05-02T04:45:38.896298,64.89.x.x,444f37938c56acc4,56640,0,NON_MAVLINK_PROBE,SCANNER,0,,bb616642,NORMAL,0.0
2026-05-02T05:47:28.259018,176.65.x.x,231b2332032de53e,30660,0,NON_MAVLINK_PROBE,SCANNER,0,,7913fa73,NORMAL,0.0
2026-05-02T06:43:48.457004,3.131.x.x,33a4e31c62c5a2fe,35974,0,NON_MAVLINK_PROBE,SCANNER,0,,afebf3d6,NORMAL,0.0
2026-05-02T06:45:17.729589,3.131.x.x,33a4e31c62c5a2fe,59890,0,NON_MAVLINK_PROBE,SCANNER,0,,f954b1b8,NORMAL,0.0
2026-05-02T06:46:39.001487,3.131.x.x,33a4e31c62c5a2fe,48394,0,NON_MAVLINK_PROBE,SCANNER,0,,0f13c587,NORMAL,0.0
2026-05-02T06:48:14.437312,3.131.x.x,33a4e31c62c5a2fe,51792,0,NON_MAVLINK_PROBE,SCANNER,0,,bca6de49,NORMAL,0.0
2026-05-02T07:16:34.413891,3.143.x.x,7b223785b04c30de,49200,0,NON_MAVLINK_PROBE,SCANNER,0,,7ac4f95f,NORMAL,0.0
2026-05-02T07:16:37.024158,3.143.x.x,7b223785b04c30de,49214,0,NON_MAVLINK_PROBE,SCANNER,0,,d8789fdd,NORMAL,0.0
2026-05-02T07:18:17.284334,3.143.x.x,7b223785b04c30de,39056,0,NON_MAVLINK_PROBE,SCANNER,0,,85d466c0,NORMAL,0.0
2026-05-02T07:20:21.205245,3.143.x.x,7b223785b04c30de,52664,0,NON_MAVLINK_PROBE,SCANNER,0,,ef801d1e,NORMAL,0.0
2026-05-02T07:23:42.585818,152.57.x.x,234dab5a561717cd,56395,66,UNKNOWN_66,UNKNOWN,3,040000000001,b99693ae,NORMAL,0.2
2026-05-02T07:23:43.519619,152.57.x.x,234dab5a561717cd,56395,76,COMMAND_LONG,CONTROL,6,0000803f0000000000000000000000000000000000000000000000000002000000,b99693ae,WEAK,0.4
2026-05-02T07:23:44.441490,152.57.x.x,234dab5a561717cd,56395,76,COMMAND_LONG,CONTROL,6,0000803f0000000000000000000000000000000000000000000000009001000000,b99693ae,WEAK,0.6
2026-05-02T07:23:49.529906,152.57.x.x,234dab5a561717cd,56395,11,SET_MODE,CONTROL,5,040000000001,b99693ae,WEAK,0.2
2026-05-02T07:23:50.612127,152.57.x.x,234dab5a561717cd,56395,21,PARAM_REQUEST_READ,RECON,2,0000,b99693ae,NORMAL,0.4
2026-05-02T07:23:55.665128,152.57.x.x,234dab5a561717cd,56395,76,COMMAND_LONG,CONTROL,9,000000000000000000000000000000000000000000000000000048421600000000,b99693ae,PARTIAL,0.2
2026-05-02T07:23:56.325026,152.57.x.x,234dab5a561717cd,56395,76,COMMAND_LONG,CONTROL,9,000000000000000000000000000000000000000000000000000000009001000000,b99693ae,PARTIAL,0.4
2026-05-02T09:17:24.425898,45.43.x.x,a61e999e4dcde0ae,42076,0,NON_MAVLINK_PROBE,SCANNER,0,,884e4bff,NORMAL,0.0
2026-05-02T09:17:29.400938,45.43.x.x,a61e999e4dcde0ae,42090,0,NON_MAVLINK_PROBE,SCANNER,0,,8ba74c09,NORMAL,0.0
2026-05-02T09:17:39.653604,45.43.x.x,a61e999e4dcde0ae,50998,0,NON_MAVLINK_PROBE,SCANNER,0,,bbaa4a8f,NORMAL,0.0
2026-05-02T09:17:41.136561,45.43.x.x,a61e999e4dcde0ae,51006,0,NON_MAVLINK_PROBE,SCANNER,0,,52fa617c,NORMAL,0.0
2026-05-02T09:20:34.318891,45.43.x.x,a61e999e4dcde0ae,34104,0,NON_MAVLINK_PROBE,SCANNER,0,,0082ea66,NORMAL,0.0
2026-05-02T09:20:34.764557,45.43.x.x,a61e999e4dcde0ae,34112,0,NON_MAVLINK_PROBE,SCANNER,0,,5c01f8ab,NORMAL,0.0
2026-05-02T09:20:35.510459,45.43.x.x,a61e999e4dcde0ae,34134,0,NON_MAVLINK_PROBE,SCANNER,0,,740dfea3,NORMAL,0.0
2026-05-02T09:20:35.805336,45.43.x.x,a61e999e4dcde0ae,34124,0,NON_MAVLINK_PROBE,SCANNER,0,,562416ba,NORMAL,0.0
2026-05-02T10:29:23.418888,216.218.x.x,d28fb6cce92bc7cb,11456,0,NON_MAVLINK_PROBE,SCANNER,0,,a11828b6,NORMAL,0.0
2026-05-02T11:15:31.175812,219.153.x.x,b45b18cc1bef5427,30015,0,NON_MAVLINK_PROBE,SCANNER,0,,c3593dd2,NORMAL,0.0
2026-05-02T11:44:01.315906,176.65.x.x,1d4d0ccbdfc1a4b5,47824,0,NON_MAVLINK_PROBE,SCANNER,0,,87d54dcd,NORMAL,0.0
2026-05-02T11:59:34.045389,118.193.x.x,d63407033229ed41,25710,0,NON_MAVLINK_PROBE,SCANNER,0,,acc5e3c3,NORMAL,0.0
2026-05-02T11:59:36.205755,118.193.x.x,d63407033229ed41,26442,0,NON_MAVLINK_PROBE,SCANNER,0,,2c848b90,NORMAL,0.0
2026-05-02T11:59:39.366080,118.193.x.x,d63407033229ed41,29524,0,NON_MAVLINK_PROBE,SCANNER,0,,9534f8ed,NORMAL,0.0
2026-05-02T11:59:39.521556,118.193.x.x,d63407033229ed41,30176,0,NON_MAVLINK_PROBE,SCANNER,0,,3a769e7c,NORMAL,0.0
2026-05-02T11:59:39.688719,118.193.x.x,d63407033229ed41,30244,0,NON_MAVLINK_PROBE,SCANNER,0,,0b6d9ad3,NORMAL,0.0
2026-05-02T11:59:39.894918,118.193.x.x,d63407033229ed41,30318,0,NON_MAVLINK_PROBE,SCANNER,0,,6ad63b57,NORMAL,0.0
2026-05-02T11:59:47.867855,118.193.x.x,d63407033229ed41,30492,0,NON_MAVLINK_PROBE,SCANNER,0,,f58e57de,NORMAL,0.0
2026-05-02T11:59:55.886259,118.193.x.x,d63407033229ed41,34204,0,NON_MAVLINK_PROBE,SCANNER,0,,1d30efbb,NORMAL,0.0
2026-05-02T12:00:03.904256,118.193.x.x,d63407033229ed41,37744,0,NON_MAVLINK_PROBE,SCANNER,0,,e496c6cc,NORMAL,0.0
2026-05-02T12:00:04.071894,118.193.x.x,d63407033229ed41,39764,0,NON_MAVLINK_PROBE,SCANNER,0,,c5fbfb96,NORMAL,0.0
2026-05-02T12:00:04.226022,118.193.x.x,d63407033229ed41,39780,0,NON_MAVLINK_PROBE,SCANNER,0,,5a9aa2d0,NORMAL,0.0
2026-05-02T12:00:12.221607,118.193.x.x,d63407033229ed41,39796,0,NON_MAVLINK_PROBE,SCANNER,0,,f66674c7,NORMAL,0.0
2026-05-02T12:00:12.402130,118.193.x.x,d63407033229ed41,41414,0,NON_MAVLINK_PROBE,SCANNER,0,,b12cfb6f,NORMAL,0.0
2026-05-02T12:00:12.549280,118.193.x.x,d63407033229ed41,41422,0,NON_MAVLINK_PROBE,SCANNER,0,,0bb52afe,NORMAL,0.0
2026-05-02T12:00:12.713819,118.193.x.x,d63407033229ed41,41438,0,NON_MAVLINK_PROBE,SCANNER,0,,e53a9a46,NORMAL,0.0
2026-05-02T12:05:27.331733,85.217.x.x,71d69b6e3c4e6076,44798,0,NON_MAVLINK_PROBE,SCANNER,0,,de6602bc,NORMAL,0.0
2026-05-02T12:20:48.633500,64.62.x.x,d2c8504717291ad1,7430,0,NON_MAVLINK_PROBE,SCANNER,0,,813aa860,NORMAL,0.0
2026-05-02T12:32:17.114803,103.160.x.x,9f8bd5fd1e2670c1,1878,0,NON_MAVLINK_PROBE,SCANNER,0,,9d8df597,NORMAL,0.0
2026-05-02T12:53:46.318390,176.65.x.x,1d4d0ccbdfc1a4b5,33598,0,NON_MAVLINK_PROBE,SCANNER,0,,d153c4c7,NORMAL,0.0
2026-05-02T13:38:41.330266,138.68.x.x,2c1aea61e9453c4c,54834,0,NON_MAVLINK_PROBE,SCANNER,0,,016c0934,NORMAL,0.0
2026-05-02T13:38:46.363327,138.68.x.x,2c1aea61e9453c4c,46750,0,NON_MAVLINK_PROBE,SCANNER,0,,0ab16e8b,NORMAL,0.0
2026-05-02T14:22:18.226163,92.63.x.x,ad0372d920be4845,52282,0,NON_MAVLINK_PROBE,SCANNER,0,,a8bb0a84,NORMAL,0.0
2026-05-02T14:22:18.518803,92.63.x.x,ad0372d920be4845,52298,0,NON_MAVLINK_PROBE,SCANNER,0,,84c6e4fe,NORMAL,0.0
2026-05-02T14:32:00.053994,141.98.x.x,0033b357820b9621,35546,0,NON_MAVLINK_PROBE,SCANNER,0,,4fd4f260,NORMAL,0.0
2026-05-02T14:52:22.877829,176.65.x.x,325a07763207f3b3,59852,0,NON_MAVLINK_PROBE,SCANNER,0,,a5386295,NORMAL,0.0
2026-05-02T15:37:29.147660,5.61.x.x,7202821ba1a8b28a,33160,0,NON_MAVLINK_PROBE,SCANNER,0,,7374a927,NORMAL,0.0
2026-05-02T15:41:30.438055,209.38.x.x,9045a9cd0c4df53a,40774,0,NON_MAVLINK_PROBE,SCANNER,0,,ac4741a4,NORMAL,0.0
2026-05-02T16:04:45.308980,40.119.x.x,dad0f95edb86fdea,52522,0,NON_MAVLINK_PROBE,SCANNER,0,,dbff7cfd,NORMAL,0.0
2026-05-02T16:04:45.805496,40.119.x.x,dad0f95edb86fdea,42364,0,NON_MAVLINK_PROBE,SCANNER,0,,f4b50265,NORMAL,0.0
2026-05-02T16:09:02.414579,176.65.x.x,1d4d0ccbdfc1a4b5,35692,0,NON_MAVLINK_PROBE,SCANNER,0,,a4c3c43d,NORMAL,0.0
2026-05-02T17:35:21.366594,176.65.x.x,9880f1c3a55845dd,37896,0,NON_MAVLINK_PROBE,SCANNER,0,,66c112aa,NORMAL,0.0
2026-05-02T18:02:10.851612,176.65.x.x,9880f1c3a55845dd,58546,0,NON_MAVLINK_PROBE,SCANNER,0,,1730d653,NORMAL,0.0
2026-05-02T18:02:19.558340,185.107.x.x,ed9cde2492167b57,53110,0,NON_MAVLINK_PROBE,SCANNER,0,,5e289a20,NORMAL,0.0
2026-05-02T18:02:20.125807,185.107.x.x,ed9cde2492167b57,58048,0,NON_MAVLINK_PROBE,SCANNER,0,,3569fe4d,NORMAL,0.0
2026-05-02T18:25:38.037514,176.65.x.x,3caaee43e61f0c4c,52446,0,NON_MAVLINK_PROBE,SCANNER,0,,ae244d2c,NORMAL,0.0
2026-05-02T18:28:24.195691,176.65.x.x,9880f1c3a55845dd,54408,0,NON_MAVLINK_PROBE,SCANNER,0,,c81782fe,NORMAL,0.0
2026-05-02T18:29:34.075859,165.154.x.x,0df4d0cd926aaec6,39786,0,NON_MAVLINK_PROBE,SCANNER,0,,90ddabae,NORMAL,0.0
2026-05-02T18:29:39.089533,165.154.x.x,0df4d0cd926aaec6,39790,0,NON_MAVLINK_PROBE,SCANNER,0,,801ad4f9,NORMAL,0.0
2026-05-02T18:29:49.332147,165.154.x.x,0df4d0cd926aaec6,59672,0,NON_MAVLINK_PROBE,SCANNER,0,,c46b1ba3,NORMAL,0.0
2026-05-02T18:29:50.831958,165.154.x.x,0df4d0cd926aaec6,59684,0,NON_MAVLINK_PROBE,SCANNER,0,,5fbe65ce,NORMAL,0.0
2026-05-02T18:32:00.065004,165.154.x.x,0df4d0cd926aaec6,33488,0,NON_MAVLINK_PROBE,SCANNER,0,,16a0a7da,NORMAL,0.0
2026-05-02T18:32:00.546718,165.154.x.x,0df4d0cd926aaec6,33502,0,NON_MAVLINK_PROBE,SCANNER,0,,a1fb286a,NORMAL,0.0
2026-05-02T18:32:01.280630,165.154.x.x,0df4d0cd926aaec6,33512,0,NON_MAVLINK_PROBE,SCANNER,0,,54624718,NORMAL,0.0
2026-05-02T18:32:01.562787,165.154.x.x,0df4d0cd926aaec6,33510,0,NON_MAVLINK_PROBE,SCANNER,0,,159d533f,NORMAL,0.0
2026-05-02T18:41:37.009925,176.65.x.x,9880f1c3a55845dd,43416,0,NON_MAVLINK_PROBE,SCANNER,0,,d1f6ceb8,NORMAL,0.0
2026-05-02T19:30:16.473134,176.65.x.x,9880f1c3a55845dd,59552,0,NON_MAVLINK_PROBE,SCANNER,0,,9507bc08,NORMAL,0.0
2026-05-02T19:33:45.454311,133.175.x.x,07ffdc3e7c837032,61853,0,NON_MAVLINK_PROBE,SCANNER,0,,903407a0,NORMAL,0.0
2026-05-02T19:41:16.352715,176.65.x.x,9880f1c3a55845dd,40546,0,NON_MAVLINK_PROBE,SCANNER,0,,a7f5d8fa,NORMAL,0.0
2026-05-02T20:01:22.105258,66.167.x.x,3d37b34be977f21b,10067,0,NON_MAVLINK_PROBE,SCANNER,0,,5fa6a944,NORMAL,0.0
2026-05-02T20:12:00.330724,147.185.x.x,19b2fb92cc66087e,59924,0,NON_MAVLINK_PROBE,SCANNER,0,,9e8270f6,NORMAL,0.0
2026-05-02T20:15:58.993256,194.246.x.x,1f92766dc35a9ab9,56414,0,NON_MAVLINK_PROBE,SCANNER,0,,9d36c3b8,NORMAL,0.0
2026-05-02T20:23:04.040274,23.88.x.x,bff3be4a3bb6be45,59902,0,NON_MAVLINK_PROBE,SCANNER,0,,6b5c972d,NORMAL,0.0
2026-05-02T20:33:46.997564,45.33.x.x,953fdb6c5e422720,41008,0,NON_MAVLINK_PROBE,SCANNER,0,,29be4c87,NORMAL,0.0
2026-05-02T20:50:24.390186,176.65.x.x,1d4d0ccbdfc1a4b5,36034,0,NON_MAVLINK_PROBE,SCANNER,0,,7a50567e,NORMAL,0.0
2026-05-02T20:51:01.368278,20.65.x.x,98b85effa5e7c42d,52428,0,NON_MAVLINK_PROBE,SCANNER,0,,d66c1bda,NORMAL,0.0
2026-05-02T20:51:01.821540,20.65.x.x,98b85effa5e7c42d,55956,0,NON_MAVLINK_PROBE,SCANNER,0,,6b994404,NORMAL,0.0
2026-05-02T20:54:28.886738,194.246.x.x,1f92766dc35a9ab9,51550,0,NON_MAVLINK_PROBE,SCANNER,0,,5d2c6ce8,NORMAL,0.0
2026-05-02T20:54:33.314266,194.246.x.x,1f92766dc35a9ab9,51566,0,NON_MAVLINK_PROBE,SCANNER,0,,6f89212f,NORMAL,0.0
2026-05-02T21:00:12.869711,206.168.x.x,ada3868e7c6e7d8b,26810,0,NON_MAVLINK_PROBE,SCANNER,0,,1dcfd75c,NORMAL,0.0
2026-05-02T21:04:12.959216,205.210.x.x,117d968428c3012f,54185,0,NON_MAVLINK_PROBE,SCANNER,0,,a210e6e3,NORMAL,0.0
2026-05-02T21:33:50.908350,194.195.x.x,ab26c0f03687b368,47958,0,NON_MAVLINK_PROBE,SCANNER,0,,7f13f226,NORMAL,0.0
2026-05-02T21:34:27.729233,66.132.x.x,ff45c8d0792f27b0,33374,0,NON_MAVLINK_PROBE,SCANNER,0,,3fe9bdf3,NORMAL,0.0
2026-05-02T21:34:32.996267,66.132.x.x,ff45c8d0792f27b0,33384,4,UNKNOWN_4,UNKNOWN,3,944e9176dc5006003905,d8f9bdc8,NORMAL,0.2
2026-05-02T21:34:47.860265,66.132.x.x,ff45c8d0792f27b0,7694,0,NON_MAVLINK_PROBE,SCANNER,0,,99b54222,NORMAL,0.0
2026-05-02T21:35:06.253824,194.246.x.x,1f92766dc35a9ab9,44310,0,NON_MAVLINK_PROBE,SCANNER,0,,d9f52e9b,NORMAL,0.0
2026-05-02T21:35:15.574649,194.246.x.x,1f92766dc35a9ab9,44378,0,NON_MAVLINK_PROBE,SCANNER,0,,7fb42b5e,NORMAL,0.0
2026-05-02T21:44:35.030488,157.245.x.x,877eed9b781a7af2,33608,0,NON_MAVLINK_PROBE,SCANNER,0,,f94bc7e1,NORMAL,0.0
2026-05-02T22:02:59.688855,185.91.x.x,2a2b0990dd4071ec,34234,0,NON_MAVLINK_PROBE,SCANNER,0,,75da9d47,NORMAL,0.0
2026-05-02T22:02:59.695785,185.91.x.x,2a2b0990dd4071ec,34244,0,NON_MAVLINK_PROBE,SCANNER,0,,927ebc34,NORMAL,0.0
2026-05-02T22:02:59.706406,185.91.x.x,2a2b0990dd4071ec,34230,0,NON_MAVLINK_PROBE,SCANNER,0,,0519f0cd,NORMAL,0.0
2026-05-02T22:03:04.301887,185.91.x.x,2a2b0990dd4071ec,34252,0,NON_MAVLINK_PROBE,SCANNER,0,,cbb7f227,NORMAL,0.0
2026-05-02T22:03:04.316058,185.91.x.x,2a2b0990dd4071ec,34258,0,NON_MAVLINK_PROBE,SCANNER,0,,d3e7cffd,NORMAL,0.0
2026-05-02T22:03:04.330444,185.91.x.x,2a2b0990dd4071ec,34274,0,NON_MAVLINK_PROBE,SCANNER,0,,c93bc9e8,NORMAL,0.0
2026-05-02T22:33:49.390843,45.79.x.x,d13d813592c10593,45330,0,NON_MAVLINK_PROBE,SCANNER,0,,b7440720,NORMAL,0.0
2026-05-02T22:56:57.805952,138.124.x.x,177a9f3c0c84b7c9,53999,0,NON_MAVLINK_PROBE,SCANNER,0,,3dc7349f,NORMAL,0.0
2026-05-02T23:12:36.678268,176.65.x.x,64860789f872b2c4,38618,0,NON_MAVLINK_PROBE,SCANNER,0,,7cdb8c35,NORMAL,0.0
2026-05-02T23:15:58.992601,176.65.x.x,3caaee43e61f0c4c,39522,0,NON_MAVLINK_PROBE,SCANNER,0,,2efe3984,NORMAL,0.0
2026-05-02T23:24:22.172017,87.121.x.x,7d34a820b4b262f2,48476,0,NON_MAVLINK_PROBE,SCANNER,0,,ef4b9608,NORMAL,0.0
2026-05-02T23:42:26.601820,176.65.x.x,e7884f4887563b62,18468,0,NON_MAVLINK_PROBE,SCANNER,0,,c47e07bb,NORMAL,0.0
2026-05-02T23:42:36.791544,176.65.x.x,e7884f4887563b62,12574,0,NON_MAVLINK_PROBE,SCANNER,0,,edaacc57,NORMAL,0.0
2026-05-17T00:01:57.292380,62.171.x.x,dee11e8c26a65fe0,51912,0,NON_MAVLINK_PROBE,SCANNER,0,,9bf779db,NORMAL,0.0
2026-05-17T00:01:57.317258,62.171.x.x,dee11e8c26a65fe0,51924,0,NON_MAVLINK_PROBE,SCANNER,0,,20eb512e,NORMAL,0.0
2026-05-17T00:15:42.340289,178.128.x.x,a83a3cc6de6f743b,40548,0,NON_MAVLINK_PROBE,SCANNER,0,,f0a8e05c,NORMAL,0.0
2026-05-17T00:15:47.855532,178.128.x.x,a83a3cc6de6f743b,45938,0,NON_MAVLINK_PROBE,SCANNER,0,,a304e7e0,NORMAL,0.0
2026-05-17T00:15:53.294210,178.128.x.x,a83a3cc6de6f743b,47646,0,NON_MAVLINK_PROBE,SCANNER,0,,1edf9f2a,NORMAL,0.0
2026-05-17T00:15:58.811238,178.128.x.x,a83a3cc6de6f743b,47656,0,NON_MAVLINK_PROBE,SCANNER,0,,589dbdb9,NORMAL,0.0
2026-05-17T00:16:04.337197,178.128.x.x,a83a3cc6de6f743b,36482,0,NON_MAVLINK_PROBE,SCANNER,0,,de049631,NORMAL,0.0
2026-05-17T00:16:09.822066,178.128.x.x,a83a3cc6de6f743b,36488,0,NON_MAVLINK_PROBE,SCANNER,0,,3fd77484,NORMAL,0.0
2026-05-17T00:16:15.310645,178.128.x.x,a83a3cc6de6f743b,57876,0,NON_MAVLINK_PROBE,SCANNER,0,,b30e0dd8,NORMAL,0.0
2026-05-17T00:16:20.790559,178.128.x.x,a83a3cc6de6f743b,57884,0,NON_MAVLINK_PROBE,SCANNER,0,,d2d06bea,NORMAL,0.0
2026-05-17T00:16:26.313805,178.128.x.x,a83a3cc6de6f743b,53788,0,NON_MAVLINK_PROBE,SCANNER,0,,efa9b6f1,NORMAL,0.0
2026-05-17T00:16:31.762163,178.128.x.x,a83a3cc6de6f743b,53794,0,NON_MAVLINK_PROBE,SCANNER,0,,f680b0cc,NORMAL,0.0
2026-05-17T00:16:37.307299,178.128.x.x,a83a3cc6de6f743b,50524,0,NON_MAVLINK_PROBE,SCANNER,0,,3becfce0,NORMAL,0.0
2026-05-17T00:16:42.797791,178.128.x.x,a83a3cc6de6f743b,50536,0,NON_MAVLINK_PROBE,SCANNER,0,,9e3d509e,NORMAL,0.0
2026-05-17T00:16:48.330118,178.128.x.x,a83a3cc6de6f743b,46526,0,NON_MAVLINK_PROBE,SCANNER,0,,100af500,NORMAL,0.0
2026-05-17T00:16:53.844530,178.128.x.x,a83a3cc6de6f743b,37578,0,NON_MAVLINK_PROBE,SCANNER,0,,3606816b,NORMAL,0.0
2026-05-17T00:16:59.395430,178.128.x.x,a83a3cc6de6f743b,37580,0,NON_MAVLINK_PROBE,SCANNER,0,,06890eac,NORMAL,0.0
2026-05-17T00:17:04.814606,178.128.x.x,a83a3cc6de6f743b,56528,0,NON_MAVLINK_PROBE,SCANNER,0,,dcb0488d,NORMAL,0.0
2026-05-17T00:17:10.321800,178.128.x.x,a83a3cc6de6f743b,56538,0,NON_MAVLINK_PROBE,SCANNER,0,,7bea8c40,NORMAL,0.0
2026-05-17T00:17:15.823031,178.128.x.x,a83a3cc6de6f743b,53188,0,NON_MAVLINK_PROBE,SCANNER,0,,a8c0e1b4,NORMAL,0.0
2026-05-17T00:17:21.353637,178.128.x.x,a83a3cc6de6f743b,53200,0,NON_MAVLINK_PROBE,SCANNER,0,,019c0937,NORMAL,0.0
2026-05-17T00:17:26.820487,178.128.x.x,a83a3cc6de6f743b,59330,0,NON_MAVLINK_PROBE,SCANNER,0,,9ea6fafa,NORMAL,0.0
2026-05-17T00:17:32.313509,64.62.x.x,98eec68c9b8c709d,64002,0,NON_MAVLINK_PROBE,SCANNER,0,,67e1326f,NORMAL,0.0
2026-05-17T00:17:32.385717,178.128.x.x,a83a3cc6de6f743b,59336,0,NON_MAVLINK_PROBE,SCANNER,0,,882f6953,NORMAL,0.0
2026-05-17T00:17:37.855554,178.128.x.x,a83a3cc6de6f743b,46726,0,NON_MAVLINK_PROBE,SCANNER,0,,a80232d4,NORMAL,0.0
2026-05-17T00:17:43.362282,178.128.x.x,a83a3cc6de6f743b,42098,0,NON_MAVLINK_PROBE,SCANNER,0,,d91b23dd,NORMAL,0.0
2026-05-17T00:17:48.915166,178.128.x.x,a83a3cc6de6f743b,42112,0,NON_MAVLINK_PROBE,SCANNER,0,,507ced75,NORMAL,0.0
2026-05-17T00:17:54.470602,178.128.x.x,a83a3cc6de6f743b,39278,0,NON_MAVLINK_PROBE,SCANNER,0,,faba42c4,NORMAL,0.0
2026-05-17T00:17:59.901068,178.128.x.x,a83a3cc6de6f743b,39290,0,NON_MAVLINK_PROBE,SCANNER,0,,7277d266,NORMAL,0.0
2026-05-17T00:18:05.437367,178.128.x.x,a83a3cc6de6f743b,33282,0,NON_MAVLINK_PROBE,SCANNER,0,,182eb483,NORMAL,0.0
2026-05-17T00:18:10.968250,178.128.x.x,a83a3cc6de6f743b,33294,0,NON_MAVLINK_PROBE,SCANNER,0,,3cda9e54,NORMAL,0.0
2026-05-17T00:18:16.514807,178.128.x.x,a83a3cc6de6f743b,33688,0,NON_MAVLINK_PROBE,SCANNER,0,,411eb825,NORMAL,0.0
2026-05-17T00:18:21.948738,178.128.x.x,a83a3cc6de6f743b,33692,0,NON_MAVLINK_PROBE,SCANNER,0,,bebee0ea,NORMAL,0.0
2026-05-17T00:18:27.469155,178.128.x.x,a83a3cc6de6f743b,40022,0,NON_MAVLINK_PROBE,SCANNER,0,,b7b1ac1a,NORMAL,0.0
2026-05-17T00:18:32.921726,178.128.x.x,a83a3cc6de6f743b,40032,0,NON_MAVLINK_PROBE,SCANNER,0,,8e69a482,NORMAL,0.0
2026-05-17T00:18:38.470720,178.128.x.x,a83a3cc6de6f743b,34184,0,NON_MAVLINK_PROBE,SCANNER,0,,6562d4e9,NORMAL,0.0
2026-05-17T00:18:43.925263,178.128.x.x,a83a3cc6de6f743b,50604,0,NON_MAVLINK_PROBE,SCANNER,0,,13344587,NORMAL,0.0
2026-05-17T00:18:49.487280,178.128.x.x,a83a3cc6de6f743b,50614,0,NON_MAVLINK_PROBE,SCANNER,0,,fc75b9af,NORMAL,0.0
2026-05-17T00:18:54.997481,178.128.x.x,a83a3cc6de6f743b,55862,0,NON_MAVLINK_PROBE,SCANNER,0,,124e04c7,NORMAL,0.0
2026-05-17T00:19:00.556967,178.128.x.x,a83a3cc6de6f743b,55874,0,NON_MAVLINK_PROBE,SCANNER,0,,22f33898,NORMAL,0.0
2026-05-17T00:19:05.996022,178.128.x.x,a83a3cc6de6f743b,50994,0,NON_MAVLINK_PROBE,SCANNER,0,,3ee5b3ce,NORMAL,0.0
2026-05-17T00:19:11.492762,178.128.x.x,a83a3cc6de6f743b,51006,0,NON_MAVLINK_PROBE,SCANNER,0,,6411e6f7,NORMAL,0.0
2026-05-17T00:23:24.437686,111.123.x.x,b207471fb54e73e7,57978,0,NON_MAVLINK_PROBE,SCANNER,0,,7f13db71,NORMAL,0.0
2026-05-17T00:33:28.750849,66.132.x.x,b8ddab6bbac9841c,3750,0,NON_MAVLINK_PROBE,SCANNER,0,,7feea1f9,NORMAL,0.0
2026-05-17T00:33:50.151268,66.132.x.x,b8ddab6bbac9841c,41018,0,NON_MAVLINK_PROBE,SCANNER,0,,97a96522,NORMAL,0.0
2026-05-17T00:34:07.012716,66.132.x.x,b8ddab6bbac9841c,46020,0,NON_MAVLINK_PROBE,SCANNER,0,,45e0b9d0,NORMAL,0.0
2026-05-17T00:35:03.486574,176.65.x.x,9880f1c3a55845dd,44382,0,NON_MAVLINK_PROBE,SCANNER,0,,3837561d,NORMAL,0.0
2026-05-17T00:38:46.568569,100.53.x.x,74a37f6dcc7d23a2,41718,0,NON_MAVLINK_PROBE,SCANNER,0,,5172b9a7,NORMAL,0.0
2026-05-17T01:01:30.246207,64.62.x.x,c77ae9aaa717c47b,6490,0,NON_MAVLINK_PROBE,SCANNER,0,,2bc0265d,NORMAL,0.0
2026-05-17T01:17:14.688637,40.76.x.x,3eb3f48a8575badb,38578,0,NON_MAVLINK_PROBE,SCANNER,0,,45a00b81,NORMAL,0.0
2026-05-17T01:17:15.222472,40.76.x.x,3eb3f48a8575badb,45596,0,NON_MAVLINK_PROBE,SCANNER,0,,b69562a2,NORMAL,0.0
2026-05-17T01:30:12.573835,198.235.x.x,8d0395e3ecb602cf,58556,0,NON_MAVLINK_PROBE,SCANNER,0,,ddc14bfc,NORMAL,0.0
2026-05-17T01:30:12.570372,198.235.x.x,8d0395e3ecb602cf,58566,0,NON_MAVLINK_PROBE,SCANNER,0,,448430ca,NORMAL,0.0
2026-05-17T01:32:49.404198,124.198.x.x,891bf3e0c9c22b1d,48048,0,NON_MAVLINK_PROBE,SCANNER,0,,6cd4b07d,NORMAL,0.0
2026-05-17T01:35:10.207780,114.67.x.x,5b19e138af4a063c,49762,0,NON_MAVLINK_PROBE,SCANNER,0,,8636871a,NORMAL,0.0
2026-05-17T01:49:17.769746,124.198.x.x,891bf3e0c9c22b1d,46204,0,NON_MAVLINK_PROBE,SCANNER,0,,b290431d,NORMAL,0.0
2026-05-17T01:58:00.642421,147.185.x.x,bc27dc9aa12fac9a,62608,0,NON_MAVLINK_PROBE,SCANNER,0,,756c4123,NORMAL,0.0
2026-05-17T01:58:31.140613,159.203.x.x,cdc81c51f27788cb,41760,0,NON_MAVLINK_PROBE,SCANNER,0,,76f33a99,NORMAL,0.0
2026-05-17T01:58:34.385222,159.203.x.x,cdc81c51f27788cb,41776,0,NON_MAVLINK_PROBE,SCANNER,0,,7372bf79,NORMAL,0.0
2026-05-17T02:09:47.470127,124.198.x.x,891bf3e0c9c22b1d,51186,0,NON_MAVLINK_PROBE,SCANNER,0,,4c2e5015,NORMAL,0.0
2026-05-17T02:14:51.962497,45.139.x.x,6ffc60e32f4da65f,37074,0,NON_MAVLINK_PROBE,SCANNER,0,,f7cfb98a,NORMAL,0.0
2026-05-17T02:22:39.938847,45.198.x.x,7db0b45618a77305,38896,0,NON_MAVLINK_PROBE,SCANNER,0,,a830fe76,NORMAL,0.0
2026-05-17T02:24:21.520194,124.198.x.x,891bf3e0c9c22b1d,50032,0,NON_MAVLINK_PROBE,SCANNER,0,,f4c921d2,NORMAL,0.0
2026-05-17T03:02:49.809767,147.185.x.x,04ab1320c7f89bb9,62996,0,NON_MAVLINK_PROBE,SCANNER,0,,f511a10a,NORMAL,0.0
2026-05-17T03:02:49.811686,147.185.x.x,04ab1320c7f89bb9,63002,0,NON_MAVLINK_PROBE,SCANNER,0,,837f0fcf,NORMAL,0.0
2026-05-17T03:50:51.609613,45.198.x.x,7db0b45618a77305,45948,0,NON_MAVLINK_PROBE,SCANNER,0,,cd4d1dee,NORMAL,0.0
2026-05-17T03:52:42.388870,79.124.x.x,a3dc2bc09007bf5d,51042,0,NON_MAVLINK_PROBE,SCANNER,0,,189b108b,NORMAL,0.0
2026-05-17T04:10:11.449456,93.123.x.x,7241acd881f52dff,34036,0,NON_MAVLINK_PROBE,SCANNER,0,,0b91e3ee,NORMAL,0.0
2026-05-17T04:11:21.971256,130.12.x.x,ad1a1d352a800c18,38332,0,NON_MAVLINK_PROBE,SCANNER,0,,a185acd0,NORMAL,0.0
2026-05-17T04:30:05.009630,79.124.x.x,a3dc2bc09007bf5d,39080,0,NON_MAVLINK_PROBE,SCANNER,0,,e0af3f3b,NORMAL,0.0
2026-05-17T04:37:31.544356,176.65.x.x,9880f1c3a55845dd,50644,0,NON_MAVLINK_PROBE,SCANNER,0,,72bda2d4,NORMAL,0.0
2026-05-17T04:50:18.565017,130.12.x.x,ad1a1d352a800c18,32964,0,NON_MAVLINK_PROBE,SCANNER,0,,2dae19e7,NORMAL,0.0
2026-05-17T05:02:40.301967,205.210.x.x,5a208c93cf9622ad,50140,0,NON_MAVLINK_PROBE,SCANNER,0,,fda0f4e7,NORMAL,0.0
2026-05-17T05:10:51.274607,16.58.x.x,09ea7c1bce3720fb,47780,0,NON_MAVLINK_PROBE,SCANNER,0,,0a088ad6,NORMAL,0.0
2026-05-17T05:11:44.882411,16.58.x.x,09ea7c1bce3720fb,37804,0,NON_MAVLINK_PROBE,SCANNER,0,,bf921f7e,NORMAL,0.0
2026-05-17T05:12:21.627029,138.197.x.x,baf2bd702ec101d9,49598,0,NON_MAVLINK_PROBE,SCANNER,0,,04098487,NORMAL,0.0
2026-05-17T05:12:22.549104,138.197.x.x,baf2bd702ec101d9,49610,0,NON_MAVLINK_PROBE,SCANNER,0,,359f0797,NORMAL,0.0
2026-05-17T05:12:23.461998,138.197.x.x,baf2bd702ec101d9,49612,0,NON_MAVLINK_PROBE,SCANNER,0,,59726430,NORMAL,0.0
2026-05-17T05:12:24.384012,138.197.x.x,baf2bd702ec101d9,58134,0,NON_MAVLINK_PROBE,SCANNER,0,,a21ea201,NORMAL,0.0
2026-05-17T05:12:25.295970,138.197.x.x,baf2bd702ec101d9,58136,0,NON_MAVLINK_PROBE,SCANNER,0,,167e5098,NORMAL,0.0
2026-05-17T05:12:26.215310,138.197.x.x,baf2bd702ec101d9,58152,0,NON_MAVLINK_PROBE,SCANNER,0,,f68b7cfe,NORMAL,0.0
2026-05-17T05:12:27.141460,138.197.x.x,baf2bd702ec101d9,58162,0,NON_MAVLINK_PROBE,SCANNER,0,,1eaa45e6,NORMAL,0.0
2026-05-17T05:12:28.053360,138.197.x.x,baf2bd702ec101d9,58166,0,NON_MAVLINK_PROBE,SCANNER,0,,7050dc21,NORMAL,0.0
2026-05-17T05:12:28.977765,138.197.x.x,baf2bd702ec101d9,58170,0,NON_MAVLINK_PROBE,SCANNER,0,,d5b453f0,NORMAL,0.0
2026-05-17T05:13:13.254399,16.58.x.x,09ea7c1bce3720fb,59288,0,NON_MAVLINK_PROBE,SCANNER,0,,7b883132,NORMAL,0.0
2026-05-17T05:13:53.555188,45.198.x.x,0b7935160d26b4c8,10948,0,NON_MAVLINK_PROBE,SCANNER,0,,abf5b6b0,NORMAL,0.0
2026-05-17T05:13:55.647841,16.58.x.x,09ea7c1bce3720fb,55844,0,NON_MAVLINK_PROBE,SCANNER,0,,88f87be6,NORMAL,0.0
2026-05-17T05:15:10.613695,16.58.x.x,09ea7c1bce3720fb,48232,0,NON_MAVLINK_PROBE,SCANNER,0,,44287201,NORMAL,0.0
2026-05-17T05:19:41.093820,3.129.x.x,e3111d802ac43609,59982,0,NON_MAVLINK_PROBE,SCANNER,0,,f2520069,NORMAL,0.0
2026-05-17T05:20:49.992223,3.129.x.x,e3111d802ac43609,37120,0,NON_MAVLINK_PROBE,SCANNER,0,,86f88ab2,NORMAL,0.0
2026-05-17T05:21:25.935456,3.129.x.x,e3111d802ac43609,44136,0,NON_MAVLINK_PROBE,SCANNER,0,,6476ef49,NORMAL,0.0
2026-05-17T05:21:29.141577,3.129.x.x,e3111d802ac43609,33580,0,NON_MAVLINK_PROBE,SCANNER,0,,1402f16a,NORMAL,0.0
2026-05-17T05:22:51.945574,3.129.x.x,e3111d802ac43609,58098,0,NON_MAVLINK_PROBE,SCANNER,0,,87d682c1,NORMAL,0.0
2026-05-17T05:40:54.436101,45.198.x.x,0b7935160d26b4c8,63304,0,NON_MAVLINK_PROBE,SCANNER,0,,39bbe3f3,NORMAL,0.0
2026-05-17T05:41:52.254953,68.183.x.x,ec1fe5c8222ec038,60034,0,NON_MAVLINK_PROBE,SCANNER,0,,3e1f2fb0,NORMAL,0.0
2026-05-17T05:41:53.835114,68.183.x.x,ec1fe5c8222ec038,60048,0,NON_MAVLINK_PROBE,SCANNER,0,,6ea35210,NORMAL,0.0
2026-05-17T06:25:14.312981,65.49.x.x,2411812615d1863a,11610,0,NON_MAVLINK_PROBE,SCANNER,0,,bfec7995,NORMAL,0.0
2026-05-17T06:44:24.592799,66.132.x.x,3c5688780cc646fc,53708,0,NON_MAVLINK_PROBE,SCANNER,0,,7b23c04f,NORMAL,0.0
2026-05-17T06:44:28.443437,66.132.x.x,3c5688780cc646fc,17996,4,UNKNOWN_4,UNKNOWN,3,162c0ac7fd5106003905,de75ee91,NORMAL,0.2
2026-05-17T06:44:41.967152,66.132.x.x,3c5688780cc646fc,18032,0,NON_MAVLINK_PROBE,SCANNER,0,,79b5f80c,NORMAL,0.0
2026-05-17T06:44:56.293245,115.231.x.x,2b9183930ac3199f,30000,0,NON_MAVLINK_PROBE,SCANNER,0,,6c5a38f0,NORMAL,0.0
2026-05-17T07:18:23.762541,64.62.x.x,505d0728dd7c0f82,5036,0,NON_MAVLINK_PROBE,SCANNER,0,,fd7b7868,NORMAL,0.0
2026-05-17T07:18:50.117205,64.225.x.x,2e9559fff8a0e3a9,56154,0,NON_MAVLINK_PROBE,SCANNER,0,,0c002174,NORMAL,0.0
2026-05-17T07:18:50.116839,64.225.x.x,2e9559fff8a0e3a9,42092,0,NON_MAVLINK_PROBE,SCANNER,0,,1141c8d2,NORMAL,0.0
2026-05-17T07:18:50.140313,64.225.x.x,2e9559fff8a0e3a9,60174,0,NON_MAVLINK_PROBE,SCANNER,0,,a1fef8f6,NORMAL,0.0
2026-05-17T07:18:50.168245,64.225.x.x,2e9559fff8a0e3a9,46694,0,NON_MAVLINK_PROBE,SCANNER,0,,0bec4526,NORMAL,0.0
2026-05-17T07:19:00.626507,64.225.x.x,2e9559fff8a0e3a9,56158,0,NON_MAVLINK_PROBE,SCANNER,0,,a0c24291,NORMAL,0.0
2026-05-17T07:19:00.726059,64.225.x.x,2e9559fff8a0e3a9,46708,0,NON_MAVLINK_PROBE,SCANNER,0,,d6f70dd6,NORMAL,0.0
2026-05-17T07:19:00.741450,64.225.x.x,2e9559fff8a0e3a9,60184,0,NON_MAVLINK_PROBE,SCANNER,0,,823529c1,NORMAL,0.0
2026-05-17T07:19:00.745486,64.225.x.x,2e9559fff8a0e3a9,42104,0,NON_MAVLINK_PROBE,SCANNER,0,,64b6810a,NORMAL,0.0
2026-05-17T07:24:17.898710,65.49.x.x,e64e0e90499d1fdb,17542,0,NON_MAVLINK_PROBE,SCANNER,0,,711b5162,NORMAL,0.0
2026-05-17T07:30:55.710253,45.198.x.x,7db0b45618a77305,52630,0,NON_MAVLINK_PROBE,SCANNER,0,,05cd09c5,NORMAL,0.0
2026-05-17T07:38:18.844787,206.81.x.x,1e04a99970836ab4,60604,0,NON_MAVLINK_PROBE,SCANNER,0,,332f1947,NORMAL,0.0
2026-05-17T07:38:22.061073,206.81.x.x,1e04a99970836ab4,60610,0,NON_MAVLINK_PROBE,SCANNER,0,,d0940738,NORMAL,0.0
2026-05-17T08:03:14.510501,178.128.x.x,77ed0396addc4d6f,55423,0,NON_MAVLINK_PROBE,SCANNER,0,,a5db1d8d,NORMAL,0.0
2026-05-17T08:09:43.105793,104.218.x.x,12caffa7cbfef4df,58414,0,NON_MAVLINK_PROBE,SCANNER,0,,630f407d,NORMAL,0.0
2026-05-17T08:10:01.381418,104.218.x.x,12caffa7cbfef4df,58430,0,NON_MAVLINK_PROBE,SCANNER,0,,89956fd3,NORMAL,0.0
2026-05-17T08:10:19.694583,104.218.x.x,12caffa7cbfef4df,60084,0,NON_MAVLINK_PROBE,SCANNER,0,,6bc96a78,NORMAL,0.0
2026-05-17T08:10:37.940363,104.218.x.x,12caffa7cbfef4df,40994,0,NON_MAVLINK_PROBE,SCANNER,0,,2874f025,NORMAL,0.0
2026-05-17T08:10:56.273084,104.218.x.x,12caffa7cbfef4df,46630,0,NON_MAVLINK_PROBE,SCANNER,0,,0e90efb3,NORMAL,0.0
2026-05-17T08:11:14.560090,104.218.x.x,12caffa7cbfef4df,41780,0,NON_MAVLINK_PROBE,SCANNER,0,,c2731e62,NORMAL,0.0
2026-05-17T08:11:32.908867,104.218.x.x,12caffa7cbfef4df,40182,0,NON_MAVLINK_PROBE,SCANNER,0,,dfe2daf9,NORMAL,0.0
2026-05-17T08:11:51.382779,104.218.x.x,12caffa7cbfef4df,58614,0,NON_MAVLINK_PROBE,SCANNER,0,,bcf7ca1b,NORMAL,0.0
2026-05-17T08:12:10.838512,104.218.x.x,12caffa7cbfef4df,54922,0,NON_MAVLINK_PROBE,SCANNER,0,,708b281a,NORMAL,0.0
2026-05-17T08:12:30.226868,104.218.x.x,12caffa7cbfef4df,45512,0,NON_MAVLINK_PROBE,SCANNER,0,,5148a2ef,NORMAL,0.0
2026-05-17T08:22:28.579220,65.49.x.x,6365c20afed71ee1,46280,0,NON_MAVLINK_PROBE,SCANNER,0,,c2172ced,NORMAL,0.0
2026-05-17T08:25:53.357288,5.61.x.x,d0a8dba3a7165f20,38374,0,NON_MAVLINK_PROBE,SCANNER,0,,89ad4e58,NORMAL,0.0
2026-05-17T08:25:53.985222,45.198.x.x,7db0b45618a77305,45016,0,NON_MAVLINK_PROBE,SCANNER,0,,42d399bf,NORMAL,0.0
2026-05-17T08:29:08.295175,176.65.x.x,9880f1c3a55845dd,49268,0,NON_MAVLINK_PROBE,SCANNER,0,,c28906f5,NORMAL,0.0
2026-05-17T08:38:21.811927,65.49.x.x,b73e76c4419cda58,13908,0,NON_MAVLINK_PROBE,SCANNER,0,,1413edf1,NORMAL,0.0
2026-05-17T08:45:36.286132,176.65.x.x,9880f1c3a55845dd,36404,0,NON_MAVLINK_PROBE,SCANNER,0,,8a8dc647,NORMAL,0.0
2026-05-17T08:50:12.184966,87.121.x.x,96a18b7f493391f2,33412,0,NON_MAVLINK_PROBE,SCANNER,0,,78af0022,NORMAL,0.0
2026-05-17T08:56:03.417205,176.65.x.x,f5c06469c3fb7469,47572,0,NON_MAVLINK_PROBE,SCANNER,0,,d96711d5,NORMAL,0.0
2026-05-17T08:56:24.431559,151.245.x.x,518d26dd4dee99dd,37484,0,NON_MAVLINK_PROBE,SCANNER,0,,a625f2f2,NORMAL,0.0
2026-05-17T09:09:00.823060,45.249.x.x,d1dd888777b5ed52,12864,0,NON_MAVLINK_PROBE,SCANNER,0,,e12f0208,NORMAL,0.0
2026-05-17T09:09:02.966047,45.249.x.x,d1dd888777b5ed52,13368,0,NON_MAVLINK_PROBE,SCANNER,0,,dcc25737,NORMAL,0.0
2026-05-17T09:09:06.134852,45.249.x.x,d1dd888777b5ed52,14244,0,NON_MAVLINK_PROBE,SCANNER,0,,b2ffd14f,NORMAL,0.0
2026-05-17T09:09:06.274557,45.249.x.x,d1dd888777b5ed52,14536,0,NON_MAVLINK_PROBE,SCANNER,0,,3fa2360a,NORMAL,0.0
2026-05-17T09:09:06.437624,45.249.x.x,d1dd888777b5ed52,14570,0,NON_MAVLINK_PROBE,SCANNER,0,,5a71f9c6,NORMAL,0.0
2026-05-17T09:09:06.593662,45.249.x.x,d1dd888777b5ed52,14598,0,NON_MAVLINK_PROBE,SCANNER,0,,864bba89,NORMAL,0.0
2026-05-17T09:09:14.584218,45.249.x.x,d1dd888777b5ed52,14622,0,NON_MAVLINK_PROBE,SCANNER,0,,6af0a05a,NORMAL,0.0
2026-05-17T09:09:22.598569,45.249.x.x,d1dd888777b5ed52,16442,0,NON_MAVLINK_PROBE,SCANNER,0,,6ca7a42b,NORMAL,0.0
2026-05-17T09:09:30.600429,45.249.x.x,d1dd888777b5ed52,18306,0,NON_MAVLINK_PROBE,SCANNER,0,,7c6b3ce1,NORMAL,0.0
2026-05-17T09:09:30.754778,45.249.x.x,d1dd888777b5ed52,20558,0,NON_MAVLINK_PROBE,SCANNER,0,,1174b9ef,NORMAL,0.0
2026-05-17T09:09:30.921523,45.249.x.x,d1dd888777b5ed52,20598,0,NON_MAVLINK_PROBE,SCANNER,0,,6e3fd23a,NORMAL,0.0
2026-05-17T09:09:38.912476,45.249.x.x,d1dd888777b5ed52,20618,0,NON_MAVLINK_PROBE,SCANNER,0,,941ad655,NORMAL,0.0
2026-05-17T09:09:39.058820,45.249.x.x,d1dd888777b5ed52,22810,0,NON_MAVLINK_PROBE,SCANNER,0,,02f75314,NORMAL,0.0
2026-05-17T09:09:39.243976,45.249.x.x,d1dd888777b5ed52,22822,0,NON_MAVLINK_PROBE,SCANNER,0,,316a39a6,NORMAL,0.0
2026-05-17T09:09:39.380607,45.249.x.x,d1dd888777b5ed52,22844,0,NON_MAVLINK_PROBE,SCANNER,0,,ace3b4fb,NORMAL,0.0
2026-05-17T09:19:08.855628,127.0.x.x,ef2f9f91273ffdad,56804,0,NON_MAVLINK_PROBE,SCANNER,0,,831e2bb7,NORMAL,0.0
2026-05-17T09:22:26.565187,127.0.x.x,ef2f9f91273ffdad,42204,0,NON_MAVLINK_PROBE,SCANNER,0,,724a5971,NORMAL,0.0
2026-05-17T09:35:51.846403,3.129.x.x,e3111d802ac43609,46262,0,NON_MAVLINK_PROBE,SCANNER,0,,9ebac564,NORMAL,0.0
2026-05-17T09:35:57.308589,3.129.x.x,e3111d802ac43609,52684,0,NON_MAVLINK_PROBE,SCANNER,0,,1b367ffa,NORMAL,0.0
2026-05-17T09:37:48.140453,3.129.x.x,e3111d802ac43609,35368,0,NON_MAVLINK_PROBE,SCANNER,0,,8d929f47,NORMAL,0.0
2026-05-17T09:39:19.038133,3.129.x.x,e3111d802ac43609,40116,0,NON_MAVLINK_PROBE,SCANNER,0,,ffc43f5a,NORMAL,0.0
2026-05-17T09:40:45.168093,3.129.x.x,e3111d802ac43609,43114,0,NON_MAVLINK_PROBE,SCANNER,0,,2b56c43a,NORMAL,0.0
2026-05-17T09:59:07.054070,94.232.x.x,c8927ea3b0a89219,39776,0,NON_MAVLINK_PROBE,SCANNER,0,,35462ca1,NORMAL,0.0
2026-05-17T10:27:56.694647,218.205.x.x,25ae4a134164718b,54233,0,NON_MAVLINK_PROBE,SCANNER,0,,ba3ab346,NORMAL,0.0
2026-05-17T10:27:57.537714,218.205.x.x,25ae4a134164718b,54232,0,NON_MAVLINK_PROBE,SCANNER,0,,06a70ddb,NORMAL,0.0
2026-05-17T10:27:58.901387,218.205.x.x,25ae4a134164718b,54234,0,NON_MAVLINK_PROBE,SCANNER,0,,f0d61632,NORMAL,0.0
2026-05-17T10:28:01.085119,218.205.x.x,25ae4a134164718b,54235,0,NON_MAVLINK_PROBE,SCANNER,0,,58d46602,NORMAL,0.0
2026-05-17T10:28:03.280803,218.205.x.x,25ae4a134164718b,54236,0,NON_MAVLINK_PROBE,SCANNER,0,,98e3fbb9,NORMAL,0.0
2026-05-17T10:28:03.535370,109.105.x.x,02cc7c75bc46429c,38562,0,NON_MAVLINK_PROBE,SCANNER,0,,03fdb164,NORMAL,0.0
2026-05-17T10:28:09.185208,109.105.x.x,6552f064f79c3fe3,49588,0,NON_MAVLINK_PROBE,SCANNER,0,,25c1345c,NORMAL,0.0
2026-05-17T10:28:09.773291,109.105.x.x,a3e35ddbe5bd38d7,53000,0,NON_MAVLINK_PROBE,SCANNER,0,,8a8a702d,NORMAL,0.0
2026-05-17T10:28:11.834886,109.105.x.x,a3e35ddbe5bd38d7,53016,0,NON_MAVLINK_PROBE,SCANNER,0,,fe43edce,NORMAL,0.0
2026-05-17T10:28:11.839531,109.105.x.x,6552f064f79c3fe3,51944,0,NON_MAVLINK_PROBE,SCANNER,0,,0c596bdf,NORMAL,0.0
2026-05-17T10:28:20.080321,109.105.x.x,4b398dcea45109f8,53544,0,NON_MAVLINK_PROBE,SCANNER,0,,e0252404,NORMAL,0.0
2026-05-17T10:28:25.084780,109.105.x.x,340c2ef33db94da4,38496,0,NON_MAVLINK_PROBE,SCANNER,0,,4f56cc1f,NORMAL,0.0
2026-05-17T10:28:25.599995,109.105.x.x,6552f064f79c3fe3,49392,0,NON_MAVLINK_PROBE,SCANNER,0,,9c3f55ae,NORMAL,0.0
2026-05-17T10:28:26.140027,109.105.x.x,613e99957a183c5b,59186,0,NON_MAVLINK_PROBE,SCANNER,0,,70aef4ac,NORMAL,0.0
2026-05-17T10:28:31.633776,109.105.x.x,0437a5f875379b74,46422,0,NON_MAVLINK_PROBE,SCANNER,0,,2d9266c6,NORMAL,0.0
2026-05-17T10:28:32.108162,109.105.x.x,6552f064f79c3fe3,55348,0,NON_MAVLINK_PROBE,SCANNER,0,,06b397ef,NORMAL,0.0
2026-05-17T10:39:34.938204,45.198.x.x,f6deabcc53636bb4,44118,0,NON_MAVLINK_PROBE,SCANNER,0,,cab63a58,NORMAL,0.0
2026-05-17T11:18:12.917952,61.42.x.x,f87378d15e75819e,58658,0,NON_MAVLINK_PROBE,SCANNER,0,,5186e216,NORMAL,0.0
2026-05-17T11:18:13.888342,61.42.x.x,f87378d15e75819e,58655,0,NON_MAVLINK_PROBE,SCANNER,0,,2eec74c9,NORMAL,0.0
2026-05-17T11:18:15.186038,61.42.x.x,f87378d15e75819e,58666,0,NON_MAVLINK_PROBE,SCANNER,0,,cdb3f57d,NORMAL,0.0
2026-05-17T11:18:19.522273,61.42.x.x,f87378d15e75819e,58680,0,NON_MAVLINK_PROBE,SCANNER,0,,0e95cb65,NORMAL,0.0
2026-05-17T11:26:50.791895,93.152.x.x,239823e736b5b4c9,54252,0,NON_MAVLINK_PROBE,SCANNER,0,,a5d8a04a,NORMAL,0.0
2026-05-17T11:26:51.210826,93.152.x.x,239823e736b5b4c9,54264,0,NON_MAVLINK_PROBE,SCANNER,0,,8bad141c,NORMAL,0.0
2026-05-17T11:27:01.689566,64.62.x.x,c77ae9aaa717c47b,16046,0,NON_MAVLINK_PROBE,SCANNER,0,,8fc0822f,NORMAL,0.0
2026-05-17T11:55:36.284612,45.135.x.x,9eaf44d2128ee499,42434,0,NON_MAVLINK_PROBE,SCANNER,0,,2b5e7cb2,NORMAL,0.0
2026-05-17T12:06:59.722324,109.105.x.x,6552f064f79c3fe3,50382,0,NON_MAVLINK_PROBE,SCANNER,0,,b997c00f,NORMAL,0.0
2026-05-17T12:07:08.289389,109.105.x.x,748be8770733f90d,51998,0,NON_MAVLINK_PROBE,SCANNER,0,,cd632ec1,NORMAL,0.0
2026-05-17T12:07:08.824577,109.105.x.x,74847ded998a6933,56310,0,NON_MAVLINK_PROBE,SCANNER,0,,a10aa3f6,NORMAL,0.0
2026-05-17T12:07:10.805629,109.105.x.x,6552f064f79c3fe3,36918,0,NON_MAVLINK_PROBE,SCANNER,0,,3cdf9473,NORMAL,0.0
2026-05-17T12:07:15.133431,109.105.x.x,37b0910e13f70afd,38060,0,NON_MAVLINK_PROBE,SCANNER,0,,02d86f30,NORMAL,0.0
2026-05-17T12:07:19.042472,109.105.x.x,6552f064f79c3fe3,36930,0,NON_MAVLINK_PROBE,SCANNER,0,,b75e26ec,NORMAL,0.0
2026-05-17T12:07:24.554744,109.105.x.x,dec6e380c5e98bf0,44486,0,NON_MAVLINK_PROBE,SCANNER,0,,7b17195d,NORMAL,0.0
2026-05-17T12:07:25.031705,109.105.x.x,6552f064f79c3fe3,48076,0,NON_MAVLINK_PROBE,SCANNER,0,,fd866312,NORMAL,0.0
2026-05-17T12:07:25.527501,109.105.x.x,74847ded998a6933,49546,0,NON_MAVLINK_PROBE,SCANNER,0,,f8842a0d,NORMAL,0.0
2026-05-17T12:07:30.994037,109.105.x.x,340c2ef33db94da4,60114,0,NON_MAVLINK_PROBE,SCANNER,0,,b15de8b0,NORMAL,0.0
2026-05-17T12:07:31.475054,109.105.x.x,6552f064f79c3fe3,59772,0,NON_MAVLINK_PROBE,SCANNER,0,,fba7959d,NORMAL,0.0
2026-05-17T12:07:56.535903,45.198.x.x,7db0b45618a77305,50284,0,NON_MAVLINK_PROBE,SCANNER,0,,5ad26595,NORMAL,0.0
2026-05-17T12:15:32.302304,51.158.x.x,e7bf6adb12e95d6e,48810,0,NON_MAVLINK_PROBE,SCANNER,0,,94221cc7,NORMAL,0.0
2026-05-17T12:15:32.646586,51.158.x.x,e7bf6adb12e95d6e,48824,0,NON_MAVLINK_PROBE,SCANNER,0,,f5b1885b,NORMAL,0.0
2026-05-17T12:17:39.530818,77.91.x.x,d6571d47c4688f43,55128,0,NON_MAVLINK_PROBE,SCANNER,0,,b28dfdf7,NORMAL,0.0
2026-05-17T12:17:40.037708,77.91.x.x,d6571d47c4688f43,55142,0,NON_MAVLINK_PROBE,SCANNER,0,,26b98d7c,NORMAL,0.0
2026-05-17T12:30:33.640954,151.243.x.x,dfeee4ae3002cd22,58242,0,NON_MAVLINK_PROBE,SCANNER,0,,80479864,NORMAL,0.0
2026-05-17T12:44:52.531889,130.12.x.x,ad1a1d352a800c18,41658,0,NON_MAVLINK_PROBE,SCANNER,0,,84ebee71,NORMAL,0.0
2026-05-17T12:45:56.898376,127.0.x.x,ef2f9f91273ffdad,38694,0,NON_MAVLINK_PROBE,SCANNER,0,,65c4a3a1,NORMAL,0.0
2026-05-17T12:53:44.524916,91.231.x.x,2eb334f6e61f1ef4,39565,0,NON_MAVLINK_PROBE,SCANNER,0,,1895d32c,NORMAL,0.0
2026-05-17T12:53:47.681856,91.231.x.x,0062102b6bd9f61b,54755,0,NON_MAVLINK_PROBE,SCANNER,0,,53d5ed5a,NORMAL,0.0
2026-05-17T13:11:54.828220,211.194.x.x,4ae2ab8661700df4,41933,0,NON_MAVLINK_PROBE,SCANNER,0,,a9a72901,NORMAL,0.0
2026-05-17T13:17:49.973390,94.183.x.x,cac248052df5d82b,60788,0,NON_MAVLINK_PROBE,SCANNER,0,,9249d389,NORMAL,0.0
2026-05-17T13:18:10.389942,45.198.x.x,0b7935160d26b4c8,23386,0,NON_MAVLINK_PROBE,SCANNER,0,,9a120693,NORMAL,0.0
2026-05-17T13:47:10.820872,45.198.x.x,7db0b45618a77305,59354,0,NON_MAVLINK_PROBE,SCANNER,0,,f679adb5,NORMAL,0.0
2026-05-17T13:52:41.721658,176.65.x.x,9880f1c3a55845dd,38640,0,NON_MAVLINK_PROBE,SCANNER,0,,8acdbac6,NORMAL,0.0
2026-05-17T13:53:44.379399,139.59.x.x,074ebdfb4cf86ab3,60732,0,NON_MAVLINK_PROBE,SCANNER,0,,14c93a45,NORMAL,0.0
2026-05-17T13:53:50.597908,139.59.x.x,074ebdfb4cf86ab3,40676,0,NON_MAVLINK_PROBE,SCANNER,0,,8b17cf2e,NORMAL,0.0
2026-05-17T14:34:08.118156,176.65.x.x,51769279ee91e3c4,42462,0,NON_MAVLINK_PROBE,SCANNER,0,,7d587476,NORMAL,0.0
2026-05-17T14:42:47.491804,130.12.x.x,ad1a1d352a800c18,46298,0,NON_MAVLINK_PROBE,SCANNER,0,,e2bfb44e,NORMAL,0.0
2026-05-17T14:43:40.406506,165.154.x.x,1574c2a8e26a5c53,44466,0,NON_MAVLINK_PROBE,SCANNER,0,,d12ceb4d,NORMAL,0.0
2026-05-17T14:43:43.086277,165.154.x.x,1574c2a8e26a5c53,45200,0,NON_MAVLINK_PROBE,SCANNER,0,,8126f537,NORMAL,0.0
2026-05-17T14:43:45.869706,165.154.x.x,1574c2a8e26a5c53,46090,0,NON_MAVLINK_PROBE,SCANNER,0,,d62a3c3c,NORMAL,0.0
2026-05-17T14:43:48.678858,165.154.x.x,1574c2a8e26a5c53,46864,0,NON_MAVLINK_PROBE,SCANNER,0,,1957316d,NORMAL,0.0
2026-05-17T14:43:51.438439,165.154.x.x,1574c2a8e26a5c53,47634,0,NON_MAVLINK_PROBE,SCANNER,0,,c314ca3b,NORMAL,0.0
2026-05-17T14:43:54.297797,165.154.x.x,1574c2a8e26a5c53,48598,0,NON_MAVLINK_PROBE,SCANNER,0,,195e7268,NORMAL,0.0
2026-05-17T14:43:57.047730,165.154.x.x,1574c2a8e26a5c53,49562,0,NON_MAVLINK_PROBE,SCANNER,0,,cfa18d2f,NORMAL,0.0
2026-05-17T14:43:59.819705,165.154.x.x,1574c2a8e26a5c53,50278,0,NON_MAVLINK_PROBE,SCANNER,0,,008cec7a,NORMAL,0.0
2026-05-17T14:44:02.599907,165.154.x.x,1574c2a8e26a5c53,51322,0,NON_MAVLINK_PROBE,SCANNER,0,,240500de,NORMAL,0.0
2026-05-17T14:44:05.369966,165.154.x.x,1574c2a8e26a5c53,52086,0,NON_MAVLINK_PROBE,SCANNER,0,,d117a465,NORMAL,0.0
2026-05-17T14:44:08.148932,165.154.x.x,1574c2a8e26a5c53,52748,0,NON_MAVLINK_PROBE,SCANNER,0,,83414a71,NORMAL,0.0
2026-05-17T14:44:10.945930,165.154.x.x,1574c2a8e26a5c53,53546,0,NON_MAVLINK_PROBE,SCANNER,0,,b8268770,NORMAL,0.0
2026-05-17T14:44:13.752070,165.154.x.x,1574c2a8e26a5c53,54362,0,NON_MAVLINK_PROBE,SCANNER,0,,4b19611e,NORMAL,0.0
2026-05-17T14:44:16.575893,165.154.x.x,1574c2a8e26a5c53,55074,0,NON_MAVLINK_PROBE,SCANNER,0,,bcbe2ed8,NORMAL,0.0
2026-05-17T14:44:19.343168,165.154.x.x,1574c2a8e26a5c53,55844,0,NON_MAVLINK_PROBE,SCANNER,0,,f67a4c8f,NORMAL,0.0
2026-05-17T14:44:22.121038,165.154.x.x,1574c2a8e26a5c53,56614,0,NON_MAVLINK_PROBE,SCANNER,0,,549947ed,NORMAL,0.0
2026-05-17T14:44:24.905478,165.154.x.x,1574c2a8e26a5c53,57360,0,NON_MAVLINK_PROBE,SCANNER,0,,2aa58d8b,NORMAL,0.0
2026-05-17T14:44:27.720375,165.154.x.x,1574c2a8e26a5c53,58134,0,NON_MAVLINK_PROBE,SCANNER,0,,05a1b664,NORMAL,0.0
2026-05-17T14:44:30.522353,165.154.x.x,1574c2a8e26a5c53,58886,0,NON_MAVLINK_PROBE,SCANNER,0,,11c93c31,NORMAL,0.0
2026-05-17T14:44:33.358762,165.154.x.x,1574c2a8e26a5c53,59600,0,NON_MAVLINK_PROBE,SCANNER,0,,1f7380fd,NORMAL,0.0
2026-05-17T14:44:36.148272,165.154.x.x,1574c2a8e26a5c53,60286,0,NON_MAVLINK_PROBE,SCANNER,0,,13633dac,NORMAL,0.0
2026-05-17T14:44:38.936397,165.154.x.x,1574c2a8e26a5c53,32774,0,NON_MAVLINK_PROBE,SCANNER,0,,7e71ea82,NORMAL,0.0
2026-05-17T14:44:41.708167,165.154.x.x,1574c2a8e26a5c53,33518,0,NON_MAVLINK_PROBE,SCANNER,0,,2b956818,NORMAL,0.0
2026-05-17T14:44:44.508275,165.154.x.x,1574c2a8e26a5c53,34236,0,NON_MAVLINK_PROBE,SCANNER,0,,ce6ad2f3,NORMAL,0.0
2026-05-17T14:44:47.278506,165.154.x.x,1574c2a8e26a5c53,34944,0,NON_MAVLINK_PROBE,SCANNER,0,,633bfe46,NORMAL,0.0
2026-05-17T14:44:50.098912,165.154.x.x,1574c2a8e26a5c53,35656,0,NON_MAVLINK_PROBE,SCANNER,0,,28ddee63,NORMAL,0.0
2026-05-17T14:44:52.916049,165.154.x.x,1574c2a8e26a5c53,36252,0,NON_MAVLINK_PROBE,SCANNER,0,,751ce70a,NORMAL,0.0
2026-05-17T14:44:55.673300,165.154.x.x,1574c2a8e26a5c53,37000,0,NON_MAVLINK_PROBE,SCANNER,0,,ca6746d8,NORMAL,0.0
2026-05-17T14:44:58.455355,165.154.x.x,1574c2a8e26a5c53,37734,0,NON_MAVLINK_PROBE,SCANNER,0,,9cd4b31c,NORMAL,0.0
2026-05-17T14:45:01.242579,165.154.x.x,1574c2a8e26a5c53,38362,0,NON_MAVLINK_PROBE,SCANNER,0,,a61094a1,NORMAL,0.0
2026-05-17T14:45:04.060839,165.154.x.x,1574c2a8e26a5c53,39016,0,NON_MAVLINK_PROBE,SCANNER,0,,f5cf0646,NORMAL,0.0
2026-05-17T14:45:06.833836,165.154.x.x,1574c2a8e26a5c53,39706,0,NON_MAVLINK_PROBE,SCANNER,0,,ba5a3852,NORMAL,0.0
2026-05-17T14:45:09.643856,165.154.x.x,1574c2a8e26a5c53,40466,0,NON_MAVLINK_PROBE,SCANNER,0,,acf484ca,NORMAL,0.0
2026-05-17T14:45:12.464901,165.154.x.x,1574c2a8e26a5c53,41184,0,NON_MAVLINK_PROBE,SCANNER,0,,4050ca32,NORMAL,0.0
2026-05-17T14:45:15.224448,165.154.x.x,1574c2a8e26a5c53,42016,0,NON_MAVLINK_PROBE,SCANNER,0,,a67571c6,NORMAL,0.0
2026-05-17T14:45:18.046788,165.154.x.x,1574c2a8e26a5c53,43054,0,NON_MAVLINK_PROBE,SCANNER,0,,eeae507b,NORMAL,0.0
2026-05-17T14:45:20.827433,165.154.x.x,1574c2a8e26a5c53,43720,0,NON_MAVLINK_PROBE,SCANNER,0,,95ed0bdb,NORMAL,0.0
2026-05-17T14:45:23.583709,165.154.x.x,1574c2a8e26a5c53,44448,0,NON_MAVLINK_PROBE,SCANNER,0,,ee0526c1,NORMAL,0.0
2026-05-17T14:45:26.393203,165.154.x.x,1574c2a8e26a5c53,45366,0,NON_MAVLINK_PROBE,SCANNER,0,,a8ec9f52,NORMAL,0.0
2026-05-17T14:45:29.171601,165.154.x.x,1574c2a8e26a5c53,46290,0,NON_MAVLINK_PROBE,SCANNER,0,,d507720a,NORMAL,0.0
2026-05-17T14:45:31.993786,165.154.x.x,1574c2a8e26a5c53,47104,0,NON_MAVLINK_PROBE,SCANNER,0,,f5158866,NORMAL,0.0
2026-05-17T14:45:34.773276,165.154.x.x,1574c2a8e26a5c53,47814,0,NON_MAVLINK_PROBE,SCANNER,0,,f1fba351,NORMAL,0.0
2026-05-17T14:45:37.556049,165.154.x.x,1574c2a8e26a5c53,48652,0,NON_MAVLINK_PROBE,SCANNER,0,,8df10e59,NORMAL,0.0
2026-05-17T14:45:40.334670,165.154.x.x,1574c2a8e26a5c53,49492,0,NON_MAVLINK_PROBE,SCANNER,0,,3f0d2970,NORMAL,0.0
2026-05-17T14:45:43.154570,165.154.x.x,1574c2a8e26a5c53,50332,0,NON_MAVLINK_PROBE,SCANNER,0,,7ddd19bf,NORMAL,0.0
2026-05-17T14:45:45.961876,165.154.x.x,1574c2a8e26a5c53,51048,0,NON_MAVLINK_PROBE,SCANNER,0,,96aa0a49,NORMAL,0.0
2026-05-17T14:45:48.747375,165.154.x.x,1574c2a8e26a5c53,51850,0,NON_MAVLINK_PROBE,SCANNER,0,,1ea08764,NORMAL,0.0
2026-05-17T14:45:51.542009,165.154.x.x,1574c2a8e26a5c53,52624,0,NON_MAVLINK_PROBE,SCANNER,0,,3c85dca1,NORMAL,0.0
2026-05-17T14:45:54.320597,165.154.x.x,1574c2a8e26a5c53,53564,0,NON_MAVLINK_PROBE,SCANNER,0,,1009db29,NORMAL,0.0
2026-05-17T14:45:57.145253,165.154.x.x,1574c2a8e26a5c53,54270,0,NON_MAVLINK_PROBE,SCANNER,0,,2b8e55e3,NORMAL,0.0
2026-05-17T14:45:59.935935,165.154.x.x,1574c2a8e26a5c53,54978,0,NON_MAVLINK_PROBE,SCANNER,0,,3d006b3c,NORMAL,0.0
2026-05-17T14:46:02.690521,165.154.x.x,1574c2a8e26a5c53,55720,0,NON_MAVLINK_PROBE,SCANNER,0,,bceab2e2,NORMAL,0.0
2026-05-17T14:46:05.540035,165.154.x.x,1574c2a8e26a5c53,56450,0,NON_MAVLINK_PROBE,SCANNER,0,,71f33ecf,NORMAL,0.0
2026-05-17T14:46:08.312858,165.154.x.x,1574c2a8e26a5c53,57130,0,NON_MAVLINK_PROBE,SCANNER,0,,d3d62772,NORMAL,0.0
2026-05-17T14:46:11.149040,165.154.x.x,1574c2a8e26a5c53,57870,0,NON_MAVLINK_PROBE,SCANNER,0,,d5ce5300,NORMAL,0.0
2026-05-17T14:46:13.893964,165.154.x.x,1574c2a8e26a5c53,58554,0,NON_MAVLINK_PROBE,SCANNER,0,,079b3bb4,NORMAL,0.0
2026-05-17T14:46:16.671046,165.154.x.x,1574c2a8e26a5c53,59302,0,NON_MAVLINK_PROBE,SCANNER,0,,55b7eceb,NORMAL,0.0
2026-05-17T14:46:19.430748,165.154.x.x,1574c2a8e26a5c53,60098,0,NON_MAVLINK_PROBE,SCANNER,0,,ad9b77e6,NORMAL,0.0
2026-05-17T14:46:22.263540,165.154.x.x,1574c2a8e26a5c53,60782,0,NON_MAVLINK_PROBE,SCANNER,0,,6ec02e89,NORMAL,0.0
2026-05-17T14:46:25.106954,165.154.x.x,1574c2a8e26a5c53,33260,0,NON_MAVLINK_PROBE,SCANNER,0,,d6152584,NORMAL,0.0
2026-05-17T14:46:27.863260,165.154.x.x,1574c2a8e26a5c53,34022,0,NON_MAVLINK_PROBE,SCANNER,0,,34d2d20e,NORMAL,0.0
2026-05-17T14:46:30.665197,165.154.x.x,1574c2a8e26a5c53,34724,0,NON_MAVLINK_PROBE,SCANNER,0,,036b9876,NORMAL,0.0
2026-05-17T14:46:33.427686,165.154.x.x,1574c2a8e26a5c53,35426,0,NON_MAVLINK_PROBE,SCANNER,0,,ff3baec8,NORMAL,0.0
2026-05-17T14:46:36.199019,165.154.x.x,1574c2a8e26a5c53,36172,0,NON_MAVLINK_PROBE,SCANNER,0,,efdd2f19,NORMAL,0.0
2026-05-17T14:46:38.961994,165.154.x.x,1574c2a8e26a5c53,36814,0,NON_MAVLINK_PROBE,SCANNER,0,,80daf551,NORMAL,0.0
2026-05-17T14:46:41.731633,165.154.x.x,1574c2a8e26a5c53,37658,0,NON_MAVLINK_PROBE,SCANNER,0,,056579c5,NORMAL,0.0
2026-05-17T14:46:44.561979,165.154.x.x,1574c2a8e26a5c53,38376,0,NON_MAVLINK_PROBE,SCANNER,0,,83874432,NORMAL,0.0
2026-05-17T14:46:47.311539,165.154.x.x,1574c2a8e26a5c53,39284,0,NON_MAVLINK_PROBE,SCANNER,0,,34efe52a,NORMAL,0.0
2026-05-17T14:46:50.108318,165.154.x.x,1574c2a8e26a5c53,39954,0,NON_MAVLINK_PROBE,SCANNER,0,,345e45f1,NORMAL,0.0
2026-05-17T14:46:52.882357,165.154.x.x,1574c2a8e26a5c53,40738,0,NON_MAVLINK_PROBE,SCANNER,0,,a9eeaf2c,NORMAL,0.0
2026-05-17T14:46:55.682236,165.154.x.x,1574c2a8e26a5c53,41474,0,NON_MAVLINK_PROBE,SCANNER,0,,93e425ea,NORMAL,0.0
2026-05-17T14:46:58.481413,165.154.x.x,1574c2a8e26a5c53,42208,0,NON_MAVLINK_PROBE,SCANNER,0,,4f693cd6,NORMAL,0.0
2026-05-17T14:47:01.261594,165.154.x.x,1574c2a8e26a5c53,43004,0,NON_MAVLINK_PROBE,SCANNER,0,,efd34459,NORMAL,0.0
2026-05-17T14:54:29.072966,151.243.x.x,f628009a55a7c454,49890,0,NON_MAVLINK_PROBE,SCANNER,0,,52549c61,NORMAL,0.0
2026-05-17T14:55:52.109171,176.65.x.x,8ecb668eed5ac938,33278,0,NON_MAVLINK_PROBE,SCANNER,0,,8caaba88,NORMAL,0.0
2026-05-17T15:00:49.522216,64.62.x.x,ff01cb9dbb2bada8,25518,0,NON_MAVLINK_PROBE,SCANNER,0,,a8c88390,NORMAL,0.0
2026-05-17T15:21:01.887358,159.89.x.x,40cd13820c3f926a,32856,0,NON_MAVLINK_PROBE,SCANNER,0,,ca49166e,NORMAL,0.0
2026-05-17T15:21:01.908551,159.89.x.x,40cd13820c3f926a,48582,0,NON_MAVLINK_PROBE,SCANNER,0,,123750c7,NORMAL,0.0
2026-05-17T15:21:01.912082,159.89.x.x,40cd13820c3f926a,49242,0,NON_MAVLINK_PROBE,SCANNER,0,,1953aeed,NORMAL,0.0
2026-05-17T15:21:01.913447,159.89.x.x,40cd13820c3f926a,47238,0,NON_MAVLINK_PROBE,SCANNER,0,,b757fab0,NORMAL,0.0
2026-05-17T15:21:12.338772,159.89.x.x,40cd13820c3f926a,32868,0,NON_MAVLINK_PROBE,SCANNER,0,,37fd93c7,NORMAL,0.0
2026-05-17T15:21:12.545833,159.89.x.x,40cd13820c3f926a,49250,0,NON_MAVLINK_PROBE,SCANNER,0,,4f06de9c,NORMAL,0.0
2026-05-17T15:21:12.671241,159.89.x.x,40cd13820c3f926a,47248,0,NON_MAVLINK_PROBE,SCANNER,0,,e70757e2,NORMAL,0.0
2026-05-17T15:21:12.669906,159.89.x.x,40cd13820c3f926a,48586,0,NON_MAVLINK_PROBE,SCANNER,0,,e536c410,NORMAL,0.0
2026-05-17T16:04:43.150263,31.15.x.x,b1a04d4c28addc60,60090,0,NON_MAVLINK_PROBE,SCANNER,0,,eb520700,NORMAL,0.0
2026-05-17T16:04:44.642190,31.15.x.x,b1a04d4c28addc60,60098,0,NON_MAVLINK_PROBE,SCANNER,0,,955c17ad,NORMAL,0.0
2026-05-17T16:04:45.483273,31.15.x.x,b1a04d4c28addc60,60106,0,NON_MAVLINK_PROBE,SCANNER,0,,1a732284,NORMAL,0.0
2026-05-17T16:04:52.153315,31.15.x.x,b1a04d4c28addc60,37122,0,NON_MAVLINK_PROBE,SCANNER,0,,d5f034c8,NORMAL,0.0
2026-05-17T16:04:58.185789,31.15.x.x,b1a04d4c28addc60,59484,0,NON_MAVLINK_PROBE,SCANNER,0,,f393e66b,NORMAL,0.0
2026-05-17T16:05:28.017560,31.15.x.x,b1a04d4c28addc60,46084,0,NON_MAVLINK_PROBE,SCANNER,0,,1b4d4f5c,NORMAL,0.0
2026-05-17T16:05:37.149414,31.15.x.x,b1a04d4c28addc60,46098,0,NON_MAVLINK_PROBE,SCANNER,0,,440ce3e6,NORMAL,0.0
2026-05-17T16:13:30.644485,185.91.x.x,2a2b0990dd4071ec,52826,0,NON_MAVLINK_PROBE,SCANNER,0,,99f5b09d,NORMAL,0.0
2026-05-17T16:13:30.662684,185.91.x.x,2a2b0990dd4071ec,52836,0,NON_MAVLINK_PROBE,SCANNER,0,,029b764c,NORMAL,0.0
2026-05-17T16:13:30.680167,185.91.x.x,2a2b0990dd4071ec,52808,0,NON_MAVLINK_PROBE,SCANNER,0,,f84cb595,NORMAL,0.0
2026-05-17T16:13:30.684818,185.91.x.x,2a2b0990dd4071ec,52722,0,NON_MAVLINK_PROBE,SCANNER,0,,3df69eb9,NORMAL,0.0
2026-05-17T16:13:30.690577,185.91.x.x,2a2b0990dd4071ec,52782,0,NON_MAVLINK_PROBE,SCANNER,0,,5b6f762b,NORMAL,0.0
2026-05-17T16:13:30.690317,185.91.x.x,2a2b0990dd4071ec,52774,0,NON_MAVLINK_PROBE,SCANNER,0,,6413181d,NORMAL,0.0
2026-05-17T16:13:35.326383,185.91.x.x,2a2b0990dd4071ec,52758,0,NON_MAVLINK_PROBE,SCANNER,0,,6c2b7ef4,NORMAL,0.0
2026-05-17T16:13:35.360499,185.91.x.x,2a2b0990dd4071ec,52750,0,NON_MAVLINK_PROBE,SCANNER,0,,b8601803,NORMAL,0.0
2026-05-17T16:13:35.363898,185.91.x.x,2a2b0990dd4071ec,52796,0,NON_MAVLINK_PROBE,SCANNER,0,,5a77f6a7,NORMAL,0.0
2026-05-17T16:13:35.362902,185.91.x.x,2a2b0990dd4071ec,52812,0,NON_MAVLINK_PROBE,SCANNER,0,,f7899417,NORMAL,0.0
2026-05-17T16:13:39.403478,206.81.x.x,788e921f4a8cfabb,43844,0,NON_MAVLINK_PROBE,SCANNER,0,,7afd9317,NORMAL,0.0
2026-05-17T16:23:28.943726,45.139.x.x,6ffc60e32f4da65f,56696,0,NON_MAVLINK_PROBE,SCANNER,0,,07e13f9a,NORMAL,0.0
2026-05-17T16:23:58.539826,151.243.x.x,dfeee4ae3002cd22,60256,0,NON_MAVLINK_PROBE,SCANNER,0,,fcee75e9,NORMAL,0.0
2026-05-17T16:28:59.273390,135.237.x.x,1cf0eae07d3b6d2e,36790,0,NON_MAVLINK_PROBE,SCANNER,0,,d67bcd8d,NORMAL,0.0
2026-05-17T16:48:29.224119,151.243.x.x,f628009a55a7c454,33880,0,NON_MAVLINK_PROBE,SCANNER,0,,028ad49e,NORMAL,0.0
2026-05-17T16:51:29.623520,176.65.x.x,1c233f18e373798e,20476,0,NON_MAVLINK_PROBE,SCANNER,0,,a0364a1e,NORMAL,0.0
2026-05-17T16:54:12.841254,185.91.x.x,2a2b0990dd4071ec,35712,0,NON_MAVLINK_PROBE,SCANNER,0,,5e2a84f7,NORMAL,0.0
2026-05-17T16:54:12.876105,185.91.x.x,2a2b0990dd4071ec,35702,0,NON_MAVLINK_PROBE,SCANNER,0,,e365f7d1,NORMAL,0.0
2026-05-17T16:54:12.874640,185.91.x.x,2a2b0990dd4071ec,35716,0,NON_MAVLINK_PROBE,SCANNER,0,,cb587fd3,NORMAL,0.0
2026-05-17T16:54:12.885855,185.91.x.x,2a2b0990dd4071ec,35736,0,NON_MAVLINK_PROBE,SCANNER,0,,8eea4b1c,NORMAL,0.0
2026-05-17T16:54:12.882268,185.91.x.x,2a2b0990dd4071ec,35722,0,NON_MAVLINK_PROBE,SCANNER,0,,fca8d6f8,NORMAL,0.0
2026-05-17T16:54:12.892736,185.91.x.x,2a2b0990dd4071ec,35764,0,NON_MAVLINK_PROBE,SCANNER,0,,4c69d30a,NORMAL,0.0
2026-05-17T16:54:17.520640,185.91.x.x,2a2b0990dd4071ec,35680,0,NON_MAVLINK_PROBE,SCANNER,0,,8a5afbc4,NORMAL,0.0
2026-05-17T16:54:17.514788,185.91.x.x,2a2b0990dd4071ec,35666,0,NON_MAVLINK_PROBE,SCANNER,0,,7b0ef9c7,NORMAL,0.0
2026-05-17T16:54:17.533300,185.91.x.x,2a2b0990dd4071ec,35688,0,NON_MAVLINK_PROBE,SCANNER,0,,8f545976,NORMAL,0.0
2026-05-17T16:54:17.534141,185.91.x.x,2a2b0990dd4071ec,35726,0,NON_MAVLINK_PROBE,SCANNER,0,,e1a834f1,NORMAL,0.0
2026-05-17T16:57:55.149008,103.77.x.x,422674d62ba1a360,45476,0,NON_MAVLINK_PROBE,SCANNER,0,,164ff6d7,NORMAL,0.0
2026-05-17T17:19:02.479162,20.169.x.x,d32bfc379759d813,51138,0,NON_MAVLINK_PROBE,SCANNER,0,,3eecec3b,NORMAL,0.0
2026-05-17T17:19:02.976051,20.169.x.x,d32bfc379759d813,51154,0,NON_MAVLINK_PROBE,SCANNER,0,,a79c5163,NORMAL,0.0
2026-05-17T17:23:09.056060,45.198.x.x,7db0b45618a77305,55564,0,NON_MAVLINK_PROBE,SCANNER,0,,1b4e4dc3,NORMAL,0.0
2026-05-17T17:32:41.351412,62.164.x.x,3ac7fb72fc093751,52113,0,NON_MAVLINK_PROBE,SCANNER,0,,2bf80c85,NORMAL,0.0
2026-05-17T17:33:20.937738,66.132.x.x,a03fcbefacd07fd1,16918,0,NON_MAVLINK_PROBE,SCANNER,0,,8c9d1cae,NORMAL,0.0
2026-05-17T17:33:29.388969,66.132.x.x,a03fcbefacd07fd1,16928,4,UNKNOWN_4,UNKNOWN,3,048918d8065206003905,7a0a325e,NORMAL,0.2
2026-05-17T17:33:41.532419,62.164.x.x,3ac7fb72fc093751,52151,0,NON_MAVLINK_PROBE,SCANNER,0,,b8a9fd9d,NORMAL,0.0
2026-05-17T17:33:43.169895,66.132.x.x,a03fcbefacd07fd1,38178,0,NON_MAVLINK_PROBE,SCANNER,0,,42b30022,NORMAL,0.0
2026-05-17T17:49:41.936827,64.89.x.x,c71c97b938715114,26256,0,NON_MAVLINK_PROBE,SCANNER,0,,a0740ffd,NORMAL,0.0
2026-05-17T18:02:34.171998,40.124.x.x,5f7120ce1245d939,48740,0,NON_MAVLINK_PROBE,SCANNER,0,,52339239,NORMAL,0.0
2026-05-17T18:02:34.641992,40.124.x.x,5f7120ce1245d939,48746,0,NON_MAVLINK_PROBE,SCANNER,0,,bafec241,NORMAL,0.0
2026-05-17T18:20:28.471720,5.61.x.x,d0a8dba3a7165f20,49520,0,NON_MAVLINK_PROBE,SCANNER,0,,6f87b88e,NORMAL,0.0
2026-05-17T18:42:40.348513,45.198.x.x,0b7935160d26b4c8,52902,0,NON_MAVLINK_PROBE,SCANNER,0,,fbf6c467,NORMAL,0.0
2026-05-17T18:46:23.389204,151.243.x.x,f628009a55a7c454,54084,0,NON_MAVLINK_PROBE,SCANNER,0,,53588220,NORMAL,0.0
2026-05-17T18:51:07.427153,138.124.x.x,268e801a32106b8b,38486,0,NON_MAVLINK_PROBE,SCANNER,0,,95c08988,NORMAL,0.0
2026-05-17T18:51:12.020924,138.124.x.x,268e801a32106b8b,38496,0,NON_MAVLINK_PROBE,SCANNER,0,,08518c33,NORMAL,0.0
2026-05-17T18:51:14.340410,138.124.x.x,268e801a32106b8b,56854,0,NON_MAVLINK_PROBE,SCANNER,0,,c9bbba71,NORMAL,0.0
2026-05-17T18:51:15.256556,138.124.x.x,268e801a32106b8b,56862,0,NON_MAVLINK_PROBE,SCANNER,0,,e607fb01,NORMAL,0.0
2026-05-17T18:51:17.687399,138.124.x.x,268e801a32106b8b,56868,0,NON_MAVLINK_PROBE,SCANNER,0,,b2f74429,NORMAL,0.0
2026-05-17T18:51:38.303625,138.124.x.x,268e801a32106b8b,48764,0,NON_MAVLINK_PROBE,SCANNER,0,,b36bc550,NORMAL,0.0
2026-05-17T18:51:41.226699,138.124.x.x,268e801a32106b8b,44290,0,NON_MAVLINK_PROBE,SCANNER,0,,b5713b94,NORMAL,0.0
2026-05-17T18:51:53.228106,138.124.x.x,268e801a32106b8b,40898,0,NON_MAVLINK_PROBE,SCANNER,0,,b974ec7f,NORMAL,0.0
2026-05-17T18:51:59.233149,138.124.x.x,268e801a32106b8b,38474,0,NON_MAVLINK_PROBE,SCANNER,0,,93e412cf,NORMAL,0.0
2026-05-17T18:53:58.503624,45.198.x.x,7db0b45618a77305,41176,0,NON_MAVLINK_PROBE,SCANNER,0,,b58e1c3f,NORMAL,0.0
2026-05-17T18:55:45.409230,20.15.x.x,9df67fcec5aa3413,40454,0,NON_MAVLINK_PROBE,SCANNER,0,,1ae365ae,NORMAL,0.0
2026-05-17T18:55:45.860818,20.15.x.x,9df67fcec5aa3413,35182,0,NON_MAVLINK_PROBE,SCANNER,0,,67eaea04,NORMAL,0.0
2026-05-17T18:56:13.043322,165.154.x.x,ee1494c8d6e819ab,42010,0,NON_MAVLINK_PROBE,SCANNER,0,,d27f0a2e,NORMAL,0.0
2026-05-17T18:56:31.582442,165.154.x.x,ee1494c8d6e819ab,48854,0,NON_MAVLINK_PROBE,SCANNER,0,,bff1f19f,NORMAL,0.0
2026-05-17T18:56:50.151238,165.154.x.x,ee1494c8d6e819ab,54746,0,NON_MAVLINK_PROBE,SCANNER,0,,90f9bcdc,NORMAL,0.0
2026-05-17T18:57:08.676992,165.154.x.x,ee1494c8d6e819ab,53346,0,NON_MAVLINK_PROBE,SCANNER,0,,3167394e,NORMAL,0.0
2026-05-17T18:57:27.193493,165.154.x.x,ee1494c8d6e819ab,60786,0,NON_MAVLINK_PROBE,SCANNER,0,,769611ea,NORMAL,0.0
2026-05-17T18:57:45.752730,165.154.x.x,ee1494c8d6e819ab,52342,0,NON_MAVLINK_PROBE,SCANNER,0,,a0313c28,NORMAL,0.0
2026-05-17T18:58:04.275559,165.154.x.x,ee1494c8d6e819ab,50458,0,NON_MAVLINK_PROBE,SCANNER,0,,a2aca33d,NORMAL,0.0
2026-05-17T18:58:22.823278,165.154.x.x,ee1494c8d6e819ab,40754,0,NON_MAVLINK_PROBE,SCANNER,0,,ff532292,NORMAL,0.0
2026-05-17T18:58:41.321151,165.154.x.x,ee1494c8d6e819ab,40454,0,NON_MAVLINK_PROBE,SCANNER,0,,0dce9de4,NORMAL,0.0
2026-05-17T18:58:59.860871,165.154.x.x,ee1494c8d6e819ab,46448,0,NON_MAVLINK_PROBE,SCANNER,0,,f8500d89,NORMAL,0.0
2026-05-17T18:59:18.439040,165.154.x.x,ee1494c8d6e819ab,47512,0,NON_MAVLINK_PROBE,SCANNER,0,,a9f6f12e,NORMAL,0.0
2026-05-17T19:17:03.244300,172.174.x.x,7bffb6ab949a8c59,39066,0,NON_MAVLINK_PROBE,SCANNER,0,,70b5c3e0,NORMAL,0.0
2026-05-17T19:30:39.046082,44.220.x.x,c21433cb224f63f8,51920,0,NON_MAVLINK_PROBE,SCANNER,0,,2b56a58f,NORMAL,0.0
2026-05-17T19:30:39.478338,44.220.x.x,c21433cb224f63f8,32904,0,NON_MAVLINK_PROBE,SCANNER,0,,169599f7,NORMAL,0.0
2026-05-17T19:30:39.986676,44.220.x.x,c21433cb224f63f8,32906,0,NON_MAVLINK_PROBE,SCANNER,0,,271e5d03,NORMAL,0.0
2026-05-17T19:31:40.169393,44.220.x.x,c21433cb224f63f8,32918,0,NON_MAVLINK_PROBE,SCANNER,0,,0dfbcb72,NORMAL,0.0
2026-05-17T19:31:40.832665,44.220.x.x,c21433cb224f63f8,51642,0,NON_MAVLINK_PROBE,SCANNER,0,,c683203a,NORMAL,0.0
2026-05-17T19:31:41.285750,44.220.x.x,c21433cb224f63f8,55084,0,NON_MAVLINK_PROBE,SCANNER,0,,e9a3cac9,NORMAL,0.0
2026-05-17T19:45:08.414279,128.14.x.x,27b2e1a1616fa31e,46112,0,NON_MAVLINK_PROBE,SCANNER,0,,53ba8868,NORMAL,0.0
2026-05-17T19:45:26.643061,128.14.x.x,27b2e1a1616fa31e,46126,0,NON_MAVLINK_PROBE,SCANNER,0,,7d0c996e,NORMAL,0.0
2026-05-17T19:45:37.659836,159.65.x.x,619e565a3346f36a,54500,0,NON_MAVLINK_PROBE,SCANNER,0,,23f0155b,NORMAL,0.0
2026-05-17T19:45:40.661615,159.65.x.x,619e565a3346f36a,34878,0,NON_MAVLINK_PROBE,SCANNER,0,,26e21f76,NORMAL,0.0
2026-05-17T19:45:44.844723,128.14.x.x,27b2e1a1616fa31e,58826,0,NON_MAVLINK_PROBE,SCANNER,0,,bdafe048,NORMAL,0.0
2026-05-17T19:46:03.046637,128.14.x.x,27b2e1a1616fa31e,52266,0,NON_MAVLINK_PROBE,SCANNER,0,,35c43e2a,NORMAL,0.0
2026-05-17T19:46:21.247081,128.14.x.x,27b2e1a1616fa31e,32888,0,NON_MAVLINK_PROBE,SCANNER,0,,db14d2bb,NORMAL,0.0
2026-05-17T19:46:39.413822,128.14.x.x,27b2e1a1616fa31e,58810,0,NON_MAVLINK_PROBE,SCANNER,0,,6bd2dac3,NORMAL,0.0
2026-05-17T19:46:57.643832,128.14.x.x,27b2e1a1616fa31e,44864,0,NON_MAVLINK_PROBE,SCANNER,0,,1a81e8bb,NORMAL,0.0
2026-05-17T19:47:15.877058,128.14.x.x,27b2e1a1616fa31e,44058,0,NON_MAVLINK_PROBE,SCANNER,0,,e5f9033e,NORMAL,0.0
2026-05-17T19:47:34.135647,128.14.x.x,27b2e1a1616fa31e,43680,0,NON_MAVLINK_PROBE,SCANNER,0,,231b9c95,NORMAL,0.0
2026-05-17T20:11:25.123858,69.5.x.x,9d86008b9603c62a,39537,0,NON_MAVLINK_PROBE,SCANNER,0,,a26279bb,NORMAL,0.0
2026-05-17T20:13:20.843050,81.19.x.x,a7e772f91ca4dd25,9242,0,NON_MAVLINK_PROBE,SCANNER,0,,cc201289,NORMAL,0.0
2026-05-17T20:34:35.039376,66.132.x.x,88240a09f421f954,2322,0,NON_MAVLINK_PROBE,SCANNER,0,,83904b36,NORMAL,0.0
2026-05-17T20:34:44.818868,66.132.x.x,88240a09f421f954,40648,0,NON_MAVLINK_PROBE,SCANNER,0,,db63866e,NORMAL,0.0
2026-05-17T20:34:49.261776,66.132.x.x,88240a09f421f954,39158,4,UNKNOWN_4,UNKNOWN,3,e81a9260095206003905,955ec177,NORMAL,0.2
2026-05-17T20:35:02.605545,66.132.x.x,88240a09f421f954,39226,0,NON_MAVLINK_PROBE,SCANNER,0,,bffd3926,NORMAL,0.0
2026-05-17T20:35:04.967043,66.132.x.x,1cf99c792000d359,16936,0,NON_MAVLINK_PROBE,SCANNER,0,,40b6ffa8,NORMAL,0.0
2026-05-17T20:35:12.823797,66.132.x.x,1cf99c792000d359,3914,0,NON_MAVLINK_PROBE,SCANNER,0,,c1003f20,NORMAL,0.0
2026-05-17T20:35:19.949572,66.132.x.x,1cf99c792000d359,45852,4,UNKNOWN_4,UNKNOWN,3,09d06962095206003905,e020188a,NORMAL,0.2
2026-05-17T20:35:33.839232,66.132.x.x,0b12267112020399,32216,0,NON_MAVLINK_PROBE,SCANNER,0,,25d2d23f,NORMAL,0.0
2026-05-17T20:35:34.776826,66.132.x.x,1cf99c792000d359,45856,0,NON_MAVLINK_PROBE,SCANNER,0,,7d02090e,NORMAL,0.0
2026-05-17T20:35:41.938315,66.132.x.x,0b12267112020399,44240,0,NON_MAVLINK_PROBE,SCANNER,0,,3c62f68e,NORMAL,0.0
2026-05-17T20:35:47.360182,66.132.x.x,0b12267112020399,44284,4,UNKNOWN_4,UNKNOWN,3,e0200d64095206003905,5537e046,NORMAL,0.2
2026-05-17T20:36:01.887314,66.132.x.x,0b12267112020399,22616,0,NON_MAVLINK_PROBE,SCANNER,0,,3af8a600,NORMAL,0.0
2026-05-17T20:42:55.302293,109.105.x.x,4b398dcea45109f8,49904,0,NON_MAVLINK_PROBE,SCANNER,0,,34d80e62,NORMAL,0.0
2026-05-17T20:43:03.586151,109.105.x.x,dec6e380c5e98bf0,43670,0,NON_MAVLINK_PROBE,SCANNER,0,,6ebc0589,NORMAL,0.0
2026-05-17T20:43:09.039965,109.105.x.x,6552f064f79c3fe3,50650,0,NON_MAVLINK_PROBE,SCANNER,0,,af28e9a8,NORMAL,0.0
2026-05-17T20:43:18.233184,109.105.x.x,0437a5f875379b74,38920,0,NON_MAVLINK_PROBE,SCANNER,0,,002af2cf,NORMAL,0.0
2026-05-17T20:43:19.465567,109.105.x.x,37b0910e13f70afd,49424,0,NON_MAVLINK_PROBE,SCANNER,0,,43f66858,NORMAL,0.0
2026-05-17T20:43:21.591447,109.105.x.x,613e99957a183c5b,56692,0,NON_MAVLINK_PROBE,SCANNER,0,,54d3d949,NORMAL,0.0
2026-05-17T20:43:26.849174,109.105.x.x,0437a5f875379b74,33554,0,NON_MAVLINK_PROBE,SCANNER,0,,5b4cb0d9,NORMAL,0.0
2026-05-17T20:43:29.918585,109.105.x.x,dec6e380c5e98bf0,60270,0,NON_MAVLINK_PROBE,SCANNER,0,,35d49030,NORMAL,0.0
2026-05-17T20:43:35.196341,109.105.x.x,f668f73bf89ee912,55820,0,NON_MAVLINK_PROBE,SCANNER,0,,31bfbc08,NORMAL,0.0
2026-05-17T20:43:35.719901,109.105.x.x,6552f064f79c3fe3,51012,0,NON_MAVLINK_PROBE,SCANNER,0,,c5955e71,NORMAL,0.0
2026-05-17T20:43:36.193059,109.105.x.x,2db1a2a670584b0b,59724,0,NON_MAVLINK_PROBE,SCANNER,0,,0adc0395,NORMAL,0.0
2026-05-17T20:43:41.691271,109.105.x.x,4b398dcea45109f8,48772,0,NON_MAVLINK_PROBE,SCANNER,0,,e0e067b7,NORMAL,0.0
2026-05-17T20:43:42.185894,109.105.x.x,6552f064f79c3fe3,46182,0,NON_MAVLINK_PROBE,SCANNER,0,,292c26d4,NORMAL,0.0
2026-05-17T20:44:21.107999,81.19.x.x,9a89d37a8ff0cfb3,9522,0,NON_MAVLINK_PROBE,SCANNER,0,,6c585356,NORMAL,0.0
2026-05-17T20:45:00.441474,193.124.x.x,9bfc7784c74bc3e5,49750,0,NON_MAVLINK_PROBE,SCANNER,0,,011d5952,NORMAL,0.0
2026-05-17T20:52:51.521893,176.65.x.x,9880f1c3a55845dd,39216,0,NON_MAVLINK_PROBE,SCANNER,0,,ccc4cf7c,NORMAL,0.0
2026-05-17T20:58:13.344811,69.164.x.x,1351499092850641,45006,0,NON_MAVLINK_PROBE,SCANNER,0,,5b78833a,NORMAL,0.0
2026-05-17T20:58:35.087358,176.65.x.x,9880f1c3a55845dd,40738,0,NON_MAVLINK_PROBE,SCANNER,0,,da979f0b,NORMAL,0.0
2026-05-17T20:59:32.761164,130.12.x.x,ad1a1d352a800c18,41334,0,NON_MAVLINK_PROBE,SCANNER,0,,3d89cba3,NORMAL,0.0
2026-05-17T21:08:52.556292,176.65.x.x,9880f1c3a55845dd,53860,0,NON_MAVLINK_PROBE,SCANNER,0,,d00c6a52,NORMAL,0.0
2026-05-17T21:14:22.403799,198.235.x.x,8671112aa3f7495a,50582,0,NON_MAVLINK_PROBE,SCANNER,0,,e6409c3e,NORMAL,0.0
2026-05-17T21:15:40.253514,8.220.x.x,44ec4f7c95e28b43,45136,0,NON_MAVLINK_PROBE,SCANNER,0,,e4832c88,NORMAL,0.0
2026-05-17T21:30:22.317285,209.38.x.x,9f0ab336caf08c28,51098,0,NON_MAVLINK_PROBE,SCANNER,0,,e5561413,NORMAL,0.0
2026-05-17T21:30:22.333950,209.38.x.x,9f0ab336caf08c28,45668,0,NON_MAVLINK_PROBE,SCANNER,0,,8a3c8d2b,NORMAL,0.0
2026-05-17T21:30:22.357370,209.38.x.x,9f0ab336caf08c28,41896,0,NON_MAVLINK_PROBE,SCANNER,0,,32a781a1,NORMAL,0.0
2026-05-17T21:30:22.358636,209.38.x.x,9f0ab336caf08c28,50628,0,NON_MAVLINK_PROBE,SCANNER,0,,19c481d0,NORMAL,0.0
2026-05-17T21:30:32.546556,209.38.x.x,9f0ab336caf08c28,45670,0,NON_MAVLINK_PROBE,SCANNER,0,,e75c80e9,NORMAL,0.0
2026-05-17T21:30:32.580226,209.38.x.x,9f0ab336caf08c28,41900,0,NON_MAVLINK_PROBE,SCANNER,0,,6bdc5778,NORMAL,0.0
2026-05-17T21:30:32.586373,209.38.x.x,9f0ab336caf08c28,50634,0,NON_MAVLINK_PROBE,SCANNER,0,,c7949252,NORMAL,0.0
2026-05-17T21:30:32.603015,209.38.x.x,9f0ab336caf08c28,51104,0,NON_MAVLINK_PROBE,SCANNER,0,,11635d9f,NORMAL,0.0
2026-05-17T21:32:59.012706,130.12.x.x,ad1a1d352a800c18,56872,0,NON_MAVLINK_PROBE,SCANNER,0,,a30adfae,NORMAL,0.0
2026-05-17T21:55:10.847192,5.226.x.x,90f3034db9beba2c,10136,0,NON_MAVLINK_PROBE,SCANNER,0,,8516a2e7,NORMAL,0.0
2026-05-17T21:55:52.168443,69.5.x.x,b212f20b9aa412d9,61796,0,NON_MAVLINK_PROBE,SCANNER,0,,54f349d2,NORMAL,0.0
2026-05-17T22:02:57.606371,45.205.x.x,109ee1862e12829a,34556,0,NON_MAVLINK_PROBE,SCANNER,0,,85d7d45b,NORMAL,0.0
2026-05-17T22:07:08.210561,45.202.x.x,d14177b8b76f6cce,47018,0,NON_MAVLINK_PROBE,SCANNER,0,,40abdd70,NORMAL,0.0
2026-05-17T22:10:02.552276,167.94.x.x,0f0b2ec4529266bd,18430,0,NON_MAVLINK_PROBE,SCANNER,0,,43dbe0eb,NORMAL,0.0
2026-05-17T22:10:06.104471,167.94.x.x,0f0b2ec4529266bd,18482,4,UNKNOWN_4,UNKNOWN,3,8a7f58b50a5206003905,6fb49664,NORMAL,0.2
2026-05-17T22:10:19.992498,167.94.x.x,0f0b2ec4529266bd,3822,0,NON_MAVLINK_PROBE,SCANNER,0,,a40bde8f,NORMAL,0.0
2026-05-17T22:30:19.188229,45.198.x.x,7db0b45618a77305,54746,0,NON_MAVLINK_PROBE,SCANNER,0,,4400402d,NORMAL,0.0
2026-05-17T22:33:24.952765,45.79.x.x,ec042bc965d2d8c4,45611,0,NON_MAVLINK_PROBE,SCANNER,0,,7870fa08,NORMAL,0.0
2026-05-17T22:46:28.536951,80.94.x.x,f9a9de753a2e89d3,64582,0,NON_MAVLINK_PROBE,SCANNER,0,,a846025b,NORMAL,0.0
2026-05-17T23:03:12.487095,191.187.x.x,9eb519c4f2640959,53463,0,NON_MAVLINK_PROBE,SCANNER,0,,85854702,NORMAL,0.0
2026-05-17T23:03:13.121181,191.187.x.x,9eb519c4f2640959,53453,0,NON_MAVLINK_PROBE,SCANNER,0,,c12d70d9,NORMAL,0.0
2026-05-17T23:03:17.225039,191.187.x.x,9eb519c4f2640959,53477,0,NON_MAVLINK_PROBE,SCANNER,0,,0ba4e966,NORMAL,0.0
2026-05-17T23:03:21.938367,191.187.x.x,9eb519c4f2640959,53491,0,NON_MAVLINK_PROBE,SCANNER,0,,c4f41981,NORMAL,0.0
2026-05-17T23:16:49.772256,147.185.x.x,cfd58680abfbb7e9,60412,0,NON_MAVLINK_PROBE,SCANNER,0,,72f4bdec,NORMAL,0.0
2026-05-17T23:18:47.013962,79.124.x.x,a3dc2bc09007bf5d,55072,0,NON_MAVLINK_PROBE,SCANNER,0,,dbbedfdd,NORMAL,0.0
2026-05-17T23:31:04.558082,176.65.x.x,9880f1c3a55845dd,39306,0,NON_MAVLINK_PROBE,SCANNER,0,,9cb48d1d,NORMAL,0.0
2026-05-17T23:44:12.572765,45.198.x.x,0b7935160d26b4c8,31290,0,NON_MAVLINK_PROBE,SCANNER,0,,b6f62fe0,NORMAL,0.0
2026-05-17T23:51:22.589850,205.210.x.x,0c2b0c0d1fc052dc,61056,0,NON_MAVLINK_PROBE,SCANNER,0,,94b8641c,NORMAL,0.0
2026-05-17T23:51:22.582201,205.210.x.x,0c2b0c0d1fc052dc,61048,0,NON_MAVLINK_PROBE,SCANNER,0,,34fe044a,NORMAL,0.0
2026-05-17T23:57:38.177376,195.140.x.x,220f23d41bb768b6,10482,0,NON_MAVLINK_PROBE,SCANNER,0,,ec0285ba,NORMAL,0.0
2026-05-17T23:58:20.225905,81.19.x.x,9f061620ebef3904,41727,0,NON_MAVLINK_PROBE,SCANNER,0,,5a621082,NORMAL,0.0
2026-05-17T23:59:02.918477,146.190.x.x,c62b862740dfc98c,42910,0,NON_MAVLINK_PROBE,SCANNER,0,,ae060559,NORMAL,0.0
2026-05-17T23:59:23.901079,45.198.x.x,7db0b45618a77305,54186,0,NON_MAVLINK_PROBE,SCANNER,0,,017d4dd9,NORMAL,0.0
2026-05-18T00:08:52.016494,20.46.x.x,cf6e4f14865a9647,48554,0,NON_MAVLINK_PROBE,SCANNER,0,,e59aeade,NORMAL,0.0
2026-05-18T00:08:52.480738,20.46.x.x,cf6e4f14865a9647,39570,0,NON_MAVLINK_PROBE,SCANNER,0,,490d1673,NORMAL,0.0
2026-05-18T00:17:02.637568,65.49.x.x,c366b9fa285e0465,39192,0,NON_MAVLINK_PROBE,SCANNER,0,,8eced33b,NORMAL,0.0
2026-05-18T00:33:57.377185,176.65.x.x,aba4b3e29cfe29a5,46104,0,NON_MAVLINK_PROBE,SCANNER,0,,cc38bee1,NORMAL,0.0
2026-05-18T00:44:03.162626,98.81.x.x,9ff0900b5f1b0d15,57752,0,NON_MAVLINK_PROBE,SCANNER,0,,db24a9be,NORMAL,0.0
2026-05-18T00:55:55.523964,216.218.x.x,706efd756fa07325,14886,0,NON_MAVLINK_PROBE,SCANNER,0,,1d771e24,NORMAL,0.0
2026-05-18T00:59:29.439216,139.162.x.x,8659639f4fd82411,38542,0,NON_MAVLINK_PROBE,SCANNER,0,,2fb85fa4,NORMAL,0.0
2026-05-18T01:02:32.778015,89.37.x.x,a6db66a01deed1bd,14016,0,NON_MAVLINK_PROBE,SCANNER,0,,28f84849,NORMAL,0.0
2026-05-18T01:03:14.533462,193.176.x.x,28c1223160137377,24121,0,NON_MAVLINK_PROBE,SCANNER,0,,0571cd66,NORMAL,0.0
2026-05-18T01:04:45.334582,45.135.x.x,9eaf44d2128ee499,40478,0,NON_MAVLINK_PROBE,SCANNER,0,,454236d7,NORMAL,0.0
2026-05-18T01:18:09.169684,147.185.x.x,8b1a72a12608b5e4,61920,0,NON_MAVLINK_PROBE,SCANNER,0,,a780782c,NORMAL,0.0
2026-05-18T01:18:43.346310,65.49.x.x,6ee2d4ab73add14a,55780,0,NON_MAVLINK_PROBE,SCANNER,0,,217e5484,NORMAL,0.0
2026-05-18T01:30:58.557476,151.243.x.x,f628009a55a7c454,38578,0,NON_MAVLINK_PROBE,SCANNER,0,,9fee61e1,NORMAL,0.0
2026-05-18T01:34:01.634001,66.132.x.x,b8ddab6bbac9841c,26148,0,NON_MAVLINK_PROBE,SCANNER,0,,813ceb3a,NORMAL,0.0
2026-05-18T01:34:06.783824,66.132.x.x,b8ddab6bbac9841c,29564,4,UNKNOWN_4,UNKNOWN,3,99ecef8e0d5206003905,714e98ad,NORMAL,0.2
2026-05-18T01:34:21.213466,66.132.x.x,b8ddab6bbac9841c,44544,0,NON_MAVLINK_PROBE,SCANNER,0,,f335cdee,NORMAL,0.0
2026-05-18T01:38:07.885834,205.210.x.x,4d5529b2081342fb,63626,0,NON_MAVLINK_PROBE,SCANNER,0,,6b415b23,NORMAL,0.0
2026-05-18T01:38:07.889173,205.210.x.x,4d5529b2081342fb,63618,0,NON_MAVLINK_PROBE,SCANNER,0,,614f0381,NORMAL,0.0
2026-05-18T01:48:34.252440,31.14.x.x,f85c3518f55726ec,7016,0,NON_MAVLINK_PROBE,SCANNER,0,,082ea5c3,NORMAL,0.0
2026-05-18T01:49:15.148763,188.240.x.x,344d0caacbfa19ff,25695,0,NON_MAVLINK_PROBE,SCANNER,0,,2832c680,NORMAL,0.0
2026-05-18T01:49:58.223115,195.140.x.x,800abd1779899635,12632,0,NON_MAVLINK_PROBE,SCANNER,0,,493414b0,NORMAL,0.0
2026-05-18T01:50:45.067850,89.37.x.x,153de49963dcb9ff,19955,0,NON_MAVLINK_PROBE,SCANNER,0,,b80d146e,NORMAL,0.0
2026-05-18T01:58:43.881819,185.216.x.x,f4b9515a58c498b8,25689,0,NON_MAVLINK_PROBE,SCANNER,0,,e0d7a5ae,NORMAL,0.0
2026-05-18T02:00:12.814518,188.240.x.x,cbee14ee5eab69c5,19676,0,NON_MAVLINK_PROBE,SCANNER,0,,7affcd5a,NORMAL,0.0
2026-05-18T02:18:04.552584,176.65.x.x,aba4b3e29cfe29a5,36688,0,NON_MAVLINK_PROBE,SCANNER,0,,053ad434,NORMAL,0.0
2026-05-18T02:19:14.036394,45.139.x.x,6ffc60e32f4da65f,36402,0,NON_MAVLINK_PROBE,SCANNER,0,,f8755ce6,NORMAL,0.0
2026-05-18T02:28:47.557528,152.32.x.x,e402fa3462ea0160,60780,0,NON_MAVLINK_PROBE,SCANNER,0,,e9722e6f,NORMAL,0.0
2026-05-18T02:54:20.313119,185.91.x.x,2a2b0990dd4071ec,51132,0,NON_MAVLINK_PROBE,SCANNER,0,,20a602e7,NORMAL,0.0
2026-05-18T02:54:20.312322,185.91.x.x,2a2b0990dd4071ec,51154,0,NON_MAVLINK_PROBE,SCANNER,0,,ebe040a7,NORMAL,0.0
2026-05-18T02:54:20.356488,185.91.x.x,2a2b0990dd4071ec,51126,0,NON_MAVLINK_PROBE,SCANNER,0,,f5563a44,NORMAL,0.0
2026-05-18T02:54:20.350495,185.91.x.x,2a2b0990dd4071ec,51120,0,NON_MAVLINK_PROBE,SCANNER,0,,4437cb06,NORMAL,0.0
2026-05-18T02:54:20.362645,185.91.x.x,2a2b0990dd4071ec,51068,0,NON_MAVLINK_PROBE,SCANNER,0,,23de68ac,NORMAL,0.0
2026-05-18T02:54:20.366512,185.91.x.x,2a2b0990dd4071ec,51134,0,NON_MAVLINK_PROBE,SCANNER,0,,3d089b1f,NORMAL,0.0
2026-05-18T02:54:24.956099,185.91.x.x,2a2b0990dd4071ec,51066,0,NON_MAVLINK_PROBE,SCANNER,0,,4d468bc6,NORMAL,0.0
2026-05-18T02:54:24.956770,185.91.x.x,2a2b0990dd4071ec,51106,0,NON_MAVLINK_PROBE,SCANNER,0,,f6edbcb2,NORMAL,0.0
2026-05-18T02:54:24.958958,185.91.x.x,2a2b0990dd4071ec,51146,0,NON_MAVLINK_PROBE,SCANNER,0,,af9ed9c3,NORMAL,0.0
2026-05-18T02:54:24.968611,185.91.x.x,2a2b0990dd4071ec,51080,0,NON_MAVLINK_PROBE,SCANNER,0,,e97ed9ed,NORMAL,0.0
2026-05-18T02:56:10.935094,135.237.x.x,426c20971583e4d7,53054,0,NON_MAVLINK_PROBE,SCANNER,0,,9f68e51e,NORMAL,0.0
2026-05-18T02:56:11.349557,135.237.x.x,426c20971583e4d7,41782,0,NON_MAVLINK_PROBE,SCANNER,0,,d018958a,NORMAL,0.0
2026-05-18T03:20:02.879091,176.65.x.x,aba4b3e29cfe29a5,43664,0,NON_MAVLINK_PROBE,SCANNER,0,,c116f91d,NORMAL,0.0
2026-05-18T03:24:25.915664,45.198.x.x,7db0b45618a77305,55454,0,NON_MAVLINK_PROBE,SCANNER,0,,088c52ba,NORMAL,0.0
2026-05-18T03:30:49.857133,5.61.x.x,d0a8dba3a7165f20,64646,0,NON_MAVLINK_PROBE,SCANNER,0,,f2d53a16,NORMAL,0.0
2026-05-18T03:44:26.222931,194.165.x.x,2786149b8183308c,65461,0,NON_MAVLINK_PROBE,SCANNER,0,,0bf5d30f,NORMAL,0.0
2026-05-18T03:44:27.911131,45.205.x.x,8ee2643a7a615cbf,36220,0,NON_MAVLINK_PROBE,SCANNER,0,,b2df16f2,NORMAL,0.0
2026-05-18T04:03:31.089667,71.6.x.x,c0c19464de56bd87,48458,0,NON_MAVLINK_PROBE,SCANNER,0,,87e5551a,NORMAL,0.0
2026-05-18T04:12:48.457595,176.65.x.x,9880f1c3a55845dd,52940,0,NON_MAVLINK_PROBE,SCANNER,0,,734f7752,NORMAL,0.0
2026-05-18T04:16:05.020890,3.130.x.x,df7aa93c9c5b5b54,35628,0,NON_MAVLINK_PROBE,SCANNER,0,,bf1197c8,NORMAL,0.0
2026-05-18T04:17:33.841577,3.130.x.x,df7aa93c9c5b5b54,60724,0,NON_MAVLINK_PROBE,SCANNER,0,,93de059e,NORMAL,0.0
2026-05-18T04:19:08.697043,3.130.x.x,df7aa93c9c5b5b54,36250,0,NON_MAVLINK_PROBE,SCANNER,0,,3a7217de,NORMAL,0.0
2026-05-18T04:20:37.232646,3.130.x.x,df7aa93c9c5b5b54,52096,0,NON_MAVLINK_PROBE,SCANNER,0,,cf8b2366,NORMAL,0.0
2026-05-18T04:21:46.583037,3.130.x.x,df7aa93c9c5b5b54,60332,0,NON_MAVLINK_PROBE,SCANNER,0,,d84f4e05,NORMAL,0.0
2026-05-18T04:25:57.637785,185.247.x.x,2194c3ccbb988bf8,41961,0,NON_MAVLINK_PROBE,SCANNER,0,,71977e6e,NORMAL,0.0
2026-05-18T04:26:27.432170,79.124.x.x,a3dc2bc09007bf5d,44680,0,NON_MAVLINK_PROBE,SCANNER,0,,8f33fefb,NORMAL,0.0
2026-05-18T04:29:06.186931,198.235.x.x,26a7077d71e4107a,56394,0,NON_MAVLINK_PROBE,SCANNER,0,,c1afdac3,NORMAL,0.0
2026-05-18T04:31:42.370203,66.228.x.x,5271a80d7b02a788,17076,0,NON_MAVLINK_PROBE,SCANNER,0,,a573f0d9,NORMAL,0.0
2026-05-18T04:31:43.874117,66.228.x.x,5271a80d7b02a788,17674,0,NON_MAVLINK_PROBE,SCANNER,0,,3cd94759,NORMAL,0.0
2026-05-18T04:35:29.281424,18.218.x.x,a1cedf5443bfca11,33352,0,NON_MAVLINK_PROBE,SCANNER,0,,5651fa3a,NORMAL,0.0
2026-05-18T04:36:52.995813,18.218.x.x,a1cedf5443bfca11,41134,0,NON_MAVLINK_PROBE,SCANNER,0,,08a25b7f,NORMAL,0.0
2026-05-18T04:37:29.698457,18.218.x.x,a1cedf5443bfca11,43424,0,NON_MAVLINK_PROBE,SCANNER,0,,cc3fc05b,NORMAL,0.0
2026-05-18T04:38:20.519183,18.218.x.x,a1cedf5443bfca11,44746,0,NON_MAVLINK_PROBE,SCANNER,0,,00942e15,NORMAL,0.0
2026-05-18T04:39:05.783214,18.218.x.x,a1cedf5443bfca11,56752,0,NON_MAVLINK_PROBE,SCANNER,0,,3678daa6,NORMAL,0.0
2026-05-18T04:42:11.438659,87.236.x.x,72d46798c47a1b34,58537,0,NON_MAVLINK_PROBE,SCANNER,0,,28196bb3,NORMAL,0.0
2026-05-18T04:43:28.810682,45.198.x.x,7db0b45618a77305,58108,0,NON_MAVLINK_PROBE,SCANNER,0,,e734d7a0,NORMAL,0.0
2026-05-18T04:48:06.055631,79.124.x.x,a3dc2bc09007bf5d,57492,0,NON_MAVLINK_PROBE,SCANNER,0,,9879bbc8,NORMAL,0.0
2026-05-18T04:48:46.262471,64.89.x.x,444f37938c56acc4,43124,0,NON_MAVLINK_PROBE,SCANNER,0,,adebc8b8,NORMAL,0.0
2026-05-18T05:08:24.218408,172.233.x.x,626ef326a19fae55,45564,0,NON_MAVLINK_PROBE,SCANNER,0,,76487b1b,NORMAL,0.0
2026-05-18T05:11:57.213203,20.163.x.x,1db03489cbb50168,44108,0,NON_MAVLINK_PROBE,SCANNER,0,,be218dc1,NORMAL,0.0
2026-05-18T05:11:57.713552,20.163.x.x,1db03489cbb50168,44112,0,NON_MAVLINK_PROBE,SCANNER,0,,f20a7820,NORMAL,0.0
2026-05-18T05:18:10.597203,94.232.x.x,fbf11012a5c8c0d0,58604,0,NON_MAVLINK_PROBE,SCANNER,0,,2a8a059f,NORMAL,0.0
2026-05-18T05:20:36.216133,130.12.x.x,ad1a1d352a800c18,43068,0,NON_MAVLINK_PROBE,SCANNER,0,,c0342b28,NORMAL,0.0
2026-05-18T05:26:52.766247,172.233.x.x,eafefa043ac5495f,57722,0,NON_MAVLINK_PROBE,SCANNER,0,,0b1a5590,NORMAL,0.0
2026-05-18T05:27:43.181416,199.45.x.x,e2df4ea2d8c1eb45,33056,0,NON_MAVLINK_PROBE,SCANNER,0,,97621823,NORMAL,0.0
2026-05-18T05:27:48.879662,199.45.x.x,e2df4ea2d8c1eb45,33150,4,UNKNOWN_4,UNKNOWN,3,2e2cb6d2105206003905,8007a5f9,NORMAL,0.2
2026-05-18T05:28:02.205185,199.45.x.x,e2df4ea2d8c1eb45,37210,0,NON_MAVLINK_PROBE,SCANNER,0,,fcecc386,NORMAL,0.0
2026-05-18T05:28:28.935757,198.235.x.x,0824ce02be7a3496,58572,0,NON_MAVLINK_PROBE,SCANNER,0,,d01407aa,NORMAL,0.0
2026-05-18T05:28:28.934750,198.235.x.x,0824ce02be7a3496,58584,0,NON_MAVLINK_PROBE,SCANNER,0,,3d095f66,NORMAL,0.0
2026-05-18T06:20:26.744592,66.132.x.x,acd685cefdb8489c,14524,0,NON_MAVLINK_PROBE,SCANNER,0,,45d59309,NORMAL,0.0
2026-05-18T06:20:34.419143,66.132.x.x,acd685cefdb8489c,14552,4,UNKNOWN_4,UNKNOWN,3,b04e668f115206003905,6007c41c,NORMAL,0.2
2026-05-18T06:20:48.126922,66.132.x.x,acd685cefdb8489c,10366,0,NON_MAVLINK_PROBE,SCANNER,0,,eb897519,NORMAL,0.0
2026-05-18T12:25:21.745793,195.96.x.x,e0c04df4c93881e2,55135,0,NON_MAVLINK_PROBE,SCANNER,0,,9b7d64c1,NORMAL,0.0
2026-05-18T12:29:12.688732,64.62.x.x,f053f28cf2f6b073,59428,0,NON_MAVLINK_PROBE,SCANNER,0,,e8b9b4d4,NORMAL,0.0
2026-05-18T13:39:51.287486,45.82.x.x,6a4ef0480d256239,43516,0,NON_MAVLINK_PROBE,SCANNER,0,,e200c23c,NORMAL,0.0
2026-05-18T13:39:51.478373,45.82.x.x,6a4ef0480d256239,43534,0,NON_MAVLINK_PROBE,SCANNER,0,,276dd301,NORMAL,0.0
2026-05-18T13:52:01.696658,130.12.x.x,ad1a1d352a800c18,60956,0,NON_MAVLINK_PROBE,SCANNER,0,,78e8738e,NORMAL,0.0
2026-05-18T13:55:16.445033,118.193.x.x,2621cc90cb5304a9,9850,0,NON_MAVLINK_PROBE,SCANNER,0,,4da4e079,NORMAL,0.0
2026-05-18T13:55:18.081309,118.193.x.x,2621cc90cb5304a9,10768,0,NON_MAVLINK_PROBE,SCANNER,0,,7f7e32eb,NORMAL,0.0
2026-05-18T15:08:50.808427,65.49.x.x,a3401f103446df64,13116,0,NON_MAVLINK_PROBE,SCANNER,0,,0f4b53f8,NORMAL,0.0
2026-05-18T17:30:50.979135,40.124.x.x,6466f51dfbbf0440,42690,0,NON_MAVLINK_PROBE,SCANNER,0,,c1c8db5c,NORMAL,0.0
2026-05-18T20:40:04.306391,173.255.x.x,aca04b2aad378df2,44242,0,NON_MAVLINK_PROBE,SCANNER,0,,2e89fe1e,NORMAL,0.0
2026-05-18T21:33:38.687746,66.132.x.x,e55929052369b675,8610,0,NON_MAVLINK_PROBE,SCANNER,0,,fb37dd04,NORMAL,0.0
2026-05-18T21:33:45.215633,66.132.x.x,e55929052369b675,31948,4,UNKNOWN_4,UNKNOWN,3,3e5231511e5206003905,d3dd0d65,NORMAL,0.2
2026-05-18T21:33:58.770960,66.132.x.x,e55929052369b675,41452,0,NON_MAVLINK_PROBE,SCANNER,0,,cb26c988,NORMAL,0.0
2026-05-18T21:34:13.411501,66.132.x.x,2fe7f1772a2a3216,24936,0,NON_MAVLINK_PROBE,SCANNER,0,,bad0f28a,NORMAL,0.0
2026-05-18T21:34:18.495274,66.132.x.x,2fe7f1772a2a3216,24952,4,UNKNOWN_4,UNKNOWN,3,e5ff2d531e5206003905,34d2433d,NORMAL,0.2
2026-05-18T21:34:27.137371,66.132.x.x,2fe7f1772a2a3216,23998,0,NON_MAVLINK_PROBE,SCANNER,0,,4f888f60,NORMAL,0.0
2026-05-18T21:34:48.020313,66.132.x.x,bcdca37d8704cfed,11892,0,NON_MAVLINK_PROBE,SCANNER,0,,f9aebd33,NORMAL,0.0
2026-05-18T21:34:56.347585,66.132.x.x,bcdca37d8704cfed,51252,4,UNKNOWN_4,UNKNOWN,3,d2c46c551e5206003905,c0df63c4,NORMAL,0.2
2026-05-18T21:35:06.185108,66.132.x.x,bcdca37d8704cfed,22884,0,NON_MAVLINK_PROBE,SCANNER,0,,81e63970,NORMAL,0.0
2026-05-18T22:18:12.778262,195.206.x.x,09663aaf64511a7d,1952,0,NON_MAVLINK_PROBE,SCANNER,0,,901101b7,NORMAL,0.0
2026-05-18T22:32:34.511393,130.12.x.x,ad1a1d352a800c18,59744,0,NON_MAVLINK_PROBE,SCANNER,0,,087283c3,NORMAL,0.0
2026-05-18T22:36:11.471425,81.19.x.x,f4f1015f46704e7f,62647,0,NON_MAVLINK_PROBE,SCANNER,0,,7569319b,NORMAL,0.0
2026-05-18T22:40:42.639906,195.206.x.x,f9b7ee97194ba8bd,4846,0,NON_MAVLINK_PROBE,SCANNER,0,,c1b6d3a1,NORMAL,0.0
2026-05-19T00:00:10.826344,195.206.x.x,709140c3a4dd0a23,1844,0,NON_MAVLINK_PROBE,SCANNER,0,,8b5b8b6c,NORMAL,0.0
2026-05-19T00:04:08.467690,142.4.x.x,152f447b3c6a85a5,44768,0,NON_MAVLINK_PROBE,SCANNER,0,,bdddc619,NORMAL,0.0
2026-05-19T00:04:12.769187,142.4.x.x,152f447b3c6a85a5,50982,0,NON_MAVLINK_PROBE,SCANNER,0,,4f9c80a6,NORMAL,0.0
2026-05-19T00:24:41.390805,61.42.x.x,f87378d15e75819e,55710,0,NON_MAVLINK_PROBE,SCANNER,0,,d3c3aa37,NORMAL,0.0
2026-05-19T01:08:53.223879,199.45.x.x,fe0dc741c369ebbb,51196,0,NON_MAVLINK_PROBE,SCANNER,0,,8c70c036,NORMAL,0.0
2026-05-19T01:08:58.073316,199.45.x.x,fe0dc741c369ebbb,49720,4,UNKNOWN_4,UNKNOWN,3,5ed3d852215206003905,221f3510,NORMAL,0.2
2026-05-19T01:09:08.501510,199.45.x.x,fe0dc741c369ebbb,48412,0,NON_MAVLINK_PROBE,SCANNER,0,,9e78908d,NORMAL,0.0
2026-05-19T01:26:25.462775,47.251.x.x,7777b51907991d0f,44314,0,NON_MAVLINK_PROBE,SCANNER,0,,432effa7,NORMAL,0.0
2026-05-19T02:12:32.109654,65.49.x.x,a8ed99aa8b8a2a87,53252,0,NON_MAVLINK_PROBE,SCANNER,0,,f1b535ab,NORMAL,0.0
2026-05-19T02:23:39.413625,45.156.x.x,23025a80d21db7d5,54410,0,NON_MAVLINK_PROBE,SCANNER,0,,9241bbef,NORMAL,0.0
2026-05-19T03:16:22.950169,213.166.x.x,3d6f9fd9f67c71a7,57397,0,NON_MAVLINK_PROBE,SCANNER,0,,93ed1179,NORMAL,0.0
2026-05-19T04:04:09.374824,18.97.x.x,1ff14517056d0ece,33560,0,NON_MAVLINK_PROBE,SCANNER,0,,616a7f11,NORMAL,0.0
2026-05-19T04:44:31.699020,69.5.x.x,01aa539781e40beb,18217,0,NON_MAVLINK_PROBE,SCANNER,0,,0c68a077,NORMAL,0.0
2026-05-19T05:39:17.285016,45.156.x.x,bc850097885a9fa7,36840,0,NON_MAVLINK_PROBE,SCANNER,0,,fd7da4b0,NORMAL,0.0
2026-05-19T05:39:27.823265,45.156.x.x,8e152528ae2cd3b1,60356,0,NON_MAVLINK_PROBE,SCANNER,0,,ab77dffa,NORMAL,0.0
2026-05-19T05:39:35.180179,45.156.x.x,8a2c387c5639baf5,40162,0,NON_MAVLINK_PROBE,SCANNER,0,,a5830eb7,NORMAL,0.0
2026-05-19T05:39:41.391239,45.156.x.x,bc850097885a9fa7,35104,0,NON_MAVLINK_PROBE,SCANNER,0,,6d38e0af,NORMAL,0.0
2026-05-19T05:44:12.329875,178.73.x.x,1106a28b53ad75eb,21969,0,NON_MAVLINK_PROBE,SCANNER,0,,a9a4aac3,NORMAL,0.0
2026-05-19T05:44:15.025315,146.247.x.x,1565da626d4485e1,10991,0,NON_MAVLINK_PROBE,SCANNER,0,,69bee177,NORMAL,0.0
2026-05-19T05:50:03.623161,66.132.x.x,98bda2654d9adc6a,20368,0,NON_MAVLINK_PROBE,SCANNER,0,,046e59d9,NORMAL,0.0
2026-05-19T05:50:09.139871,66.132.x.x,98bda2654d9adc6a,20450,4,UNKNOWN_4,UNKNOWN,3,386b7540255206003905,9a851922,NORMAL,0.2
2026-05-19T05:50:18.648569,66.132.x.x,98bda2654d9adc6a,1740,0,NON_MAVLINK_PROBE,SCANNER,0,,78d7f4f4,NORMAL,0.0
2026-05-19T06:35:18.450777,66.132.x.x,12f8d20922244e2e,35240,0,NON_MAVLINK_PROBE,SCANNER,0,,14d1bc97,NORMAL,0.0
2026-05-19T06:35:24.610877,66.132.x.x,12f8d20922244e2e,34980,4,UNKNOWN_4,UNKNOWN,3,a75e4ee2255206003905,64f98a7b,NORMAL,0.2
2026-05-19T06:35:34.047178,66.132.x.x,12f8d20922244e2e,39894,0,NON_MAVLINK_PROBE,SCANNER,0,,81308ecc,NORMAL,0.0
2026-05-19T07:03:40.423751,130.12.x.x,ad1a1d352a800c18,46218,0,NON_MAVLINK_PROBE,SCANNER,0,,b3892e15,NORMAL,0.0
2026-05-19T07:11:05.506562,64.62.x.x,98eec68c9b8c709d,62346,0,NON_MAVLINK_PROBE,SCANNER,0,,55638aee,NORMAL,0.0
2026-05-19T11:08:26.336677,58.19.x.x,a10cf473d463b67f,36559,0,NON_MAVLINK_PROBE,SCANNER,0,,e9283dcc,NORMAL,0.0
2026-05-19T11:08:26.411166,175.30.x.x,fc01ffc745b820d1,12684,0,NON_MAVLINK_PROBE,SCANNER,0,,9735e6c5,NORMAL,0.0
2026-05-19T11:08:34.150035,27.18.x.x,5a795bfb849636ff,13468,0,NON_MAVLINK_PROBE,SCANNER,0,,f9b07b5a,NORMAL,0.0
2026-05-19T11:13:03.018768,66.132.x.x,dff606f2850cac20,19496,0,NON_MAVLINK_PROBE,SCANNER,0,,3a63e510,NORMAL,0.0
2026-05-19T11:13:09.056694,66.132.x.x,dff606f2850cac20,22452,4,UNKNOWN_4,UNKNOWN,3,aa1c96c3295206003905,7b031f5b,NORMAL,0.2
2026-05-19T11:13:20.083735,66.132.x.x,dff606f2850cac20,22468,0,NON_MAVLINK_PROBE,SCANNER,0,,44e1a0ea,NORMAL,0.0
2026-05-19T11:20:48.387536,91.196.x.x,b81e0153c64c59aa,48759,0,NON_MAVLINK_PROBE,SCANNER,0,,53b50f4a,NORMAL,0.0
2026-05-19T12:40:51.602887,195.96.x.x,8b45e760e459f427,51681,0,NON_MAVLINK_PROBE,SCANNER,0,,a45b2985,NORMAL,0.0
2026-05-19T14:11:33.812265,199.45.x.x,ebcde2831dbd1611,44284,0,NON_MAVLINK_PROBE,SCANNER,0,,1beb61ad,NORMAL,0.0
2026-05-19T14:11:41.625755,199.45.x.x,ebcde2831dbd1611,56664,4,UNKNOWN_4,UNKNOWN,3,34841b422c5206003905,2dd630d9,NORMAL,0.2
2026-05-19T14:11:53.849778,199.45.x.x,ebcde2831dbd1611,55060,0,NON_MAVLINK_PROBE,SCANNER,0,,d0dc7bd5,NORMAL,0.0
2026-05-19T15:42:05.954191,130.12.x.x,ad1a1d352a800c18,49448,0,NON_MAVLINK_PROBE,SCANNER,0,,a9e7b9a3,NORMAL,0.0
2026-05-19T16:36:22.915627,45.79.x.x,e259006ed454fbf8,38346,0,NON_MAVLINK_PROBE,SCANNER,0,,2d9378e7,NORMAL,0.0
2026-05-19T17:40:57.326347,42.48.x.x,5cefd05f409a40b0,41910,0,NON_MAVLINK_PROBE,SCANNER,0,,0c3adc89,NORMAL,0.0
2026-05-19T17:41:34.560986,150.255.x.x,0456ad82f1c2d3bc,51991,0,NON_MAVLINK_PROBE,SCANNER,0,,953d31eb,NORMAL,0.0
2026-05-19T17:41:53.735937,114.97.x.x,19d420589cae6533,16119,0,NON_MAVLINK_PROBE,SCANNER,0,,9073b624,NORMAL,0.0
2026-05-19T17:54:10.015856,45.79.x.x,fbe3b56714d8acbf,35965,0,NON_MAVLINK_PROBE,SCANNER,0,,e7c70055,NORMAL,0.0
2026-05-19T18:19:25.864065,152.32.x.x,32f223dd2800017a,40236,0,NON_MAVLINK_PROBE,SCANNER,0,,092d8687,NORMAL,0.0
2026-05-19T18:43:55.463880,165.154.x.x,196e14e3deb6ab99,59302,0,NON_MAVLINK_PROBE,SCANNER,0,,fae0efc7,NORMAL,0.0
2026-05-19T19:07:46.413292,72.14.x.x,2fa4c6b3a4bc67ea,56963,0,NON_MAVLINK_PROBE,SCANNER,0,,34e850c2,NORMAL,0.0
2026-05-19T19:31:26.360293,119.116.x.x,5a97f252b92d4a98,43217,0,NON_MAVLINK_PROBE,SCANNER,0,,63e9c540,NORMAL,0.0
2026-05-19T20:27:36.416451,66.132.x.x,eecec4d88fe855fd,21304,0,NON_MAVLINK_PROBE,SCANNER,0,,e2f2671f,NORMAL,0.0
2026-05-19T20:27:37.659942,66.132.x.x,eecec4d88fe855fd,21308,0,NON_MAVLINK_PROBE,SCANNER,0,,8d6de8a4,NORMAL,0.0
2026-05-19T20:27:40.877016,66.132.x.x,eecec4d88fe855fd,21316,0,NON_MAVLINK_PROBE,SCANNER,0,,8f6f9618,NORMAL,0.0
2026-05-19T20:27:52.136930,66.132.x.x,eecec4d88fe855fd,62470,4,UNKNOWN_4,UNKNOWN,3,1bf66783315206003905,861c9cf4,NORMAL,0.2
2026-05-19T20:27:59.709874,66.132.x.x,eecec4d88fe855fd,57372,0,NON_MAVLINK_PROBE,SCANNER,0,,d016add2,NORMAL,0.0
2026-05-19T20:55:02.968110,120.238.x.x,39ca4f3580d490fe,50850,0,NON_MAVLINK_PROBE,SCANNER,0,,01adda0e,NORMAL,0.0
2026-05-19T21:19:53.176948,87.251.x.x,d133bc5d70508e8b,53970,0,NON_MAVLINK_PROBE,SCANNER,0,,cb3e1045,NORMAL,0.0
2026-05-19T23:43:01.933212,152.32.x.x,46c1ba750365c6e6,27154,0,NON_MAVLINK_PROBE,SCANNER,0,,d9798474,NORMAL,0.0
2026-05-19T23:46:34.178317,152.32.x.x,46c1ba750365c6e6,35580,0,NON_MAVLINK_PROBE,SCANNER,0,,72d6f95b,NORMAL,0.0
2026-05-20T00:00:34.501878,91.24.x.x,2b27562740dfb9a1,60001,0,NON_MAVLINK_PROBE,SCANNER,0,,071d6b35,NORMAL,0.0
2026-05-20T00:24:02.543978,130.12.x.x,ad1a1d352a800c18,40790,0,NON_MAVLINK_PROBE,SCANNER,0,,50ee3223,NORMAL,0.0
2026-05-20T01:01:47.160907,81.19.x.x,b237175e9ca6c154,13524,0,NON_MAVLINK_PROBE,SCANNER,0,,5f314c54,NORMAL,0.0
2026-05-20T01:01:49.170472,193.176.x.x,dd98c6a9b687366a,11686,0,NON_MAVLINK_PROBE,SCANNER,0,,cb69f3b1,NORMAL,0.0
2026-05-20T03:21:21.145410,13.89.x.x,50c15305c6eb1599,33992,0,NON_MAVLINK_PROBE,SCANNER,0,,a7c87275,NORMAL,0.0
2026-05-20T06:09:50.720690,45.91.x.x,82929336d554cace,60021,0,NON_MAVLINK_PROBE,SCANNER,0,,7976029c,NORMAL,0.0
2026-05-20T06:35:22.566445,66.132.x.x,91e7bebeaea3c3e1,8538,0,NON_MAVLINK_PROBE,SCANNER,0,,1de9545b,NORMAL,0.0
2026-05-20T06:35:27.540785,66.132.x.x,91e7bebeaea3c3e1,3478,4,UNKNOWN_4,UNKNOWN,3,e10152003a5206003905,38d515e1,NORMAL,0.2
2026-05-20T06:35:35.550211,66.132.x.x,91e7bebeaea3c3e1,23450,0,NON_MAVLINK_PROBE,SCANNER,0,,9ca0ffef,NORMAL,0.0
2026-05-20T07:57:20.772215,210.178.x.x,cf7f40ca898617bc,44134,0,NON_MAVLINK_PROBE,SCANNER,0,,045d3ed4,NORMAL,0.0
2026-05-20T07:59:29.963248,185.180.x.x,4e6a0bf95fd252fc,50014,0,NON_MAVLINK_PROBE,SCANNER,0,,de53742a,NORMAL,0.0
2026-05-20T07:59:36.672814,185.180.x.x,cfe5c75b6a96c36b,55730,0,NON_MAVLINK_PROBE,SCANNER,0,,da4f3d7a,NORMAL,0.0
2026-05-20T08:00:00.130285,185.180.x.x,1c055487d1e584ab,53082,0,NON_MAVLINK_PROBE,SCANNER,0,,35a7d8e5,NORMAL,0.0
2026-05-20T08:00:20.370708,185.180.x.x,cfe5c75b6a96c36b,45312,0,NON_MAVLINK_PROBE,SCANNER,0,,82a39e0d,NORMAL,0.0
2026-05-20T08:53:14.837800,130.12.x.x,ad1a1d352a800c18,57494,0,NON_MAVLINK_PROBE,SCANNER,0,,d77c9cce,NORMAL,0.0
2026-05-20T09:22:42.369357,165.154.x.x,e8bb88d01ea9b53e,51904,0,NON_MAVLINK_PROBE,SCANNER,0,,74f97dcc,NORMAL,0.0
2026-05-20T09:26:13.732880,165.154.x.x,e8bb88d01ea9b53e,52974,0,NON_MAVLINK_PROBE,SCANNER,0,,7bdf2150,NORMAL,0.0
2026-05-20T10:58:35.443759,198.58.x.x,649cc69cbe60c0de,55454,0,NON_MAVLINK_PROBE,SCANNER,0,,25fcfddc,NORMAL,0.0
2026-05-20T11:13:54.083686,45.156.x.x,155bb1ba3ee04532,52282,0,NON_MAVLINK_PROBE,SCANNER,0,,4c4b9c2d,NORMAL,0.0
2026-05-20T11:33:41.805945,66.132.x.x,e697ce1156f467c3,63204,0,NON_MAVLINK_PROBE,SCANNER,0,,bb3fd827,NORMAL,0.0
2026-05-20T11:33:45.906752,66.132.x.x,e697ce1156f467c3,63272,4,UNKNOWN_4,UNKNOWN,3,8251272b3e5206003905,7ff2ae83,NORMAL,0.2
2026-05-20T11:33:55.124102,66.132.x.x,e697ce1156f467c3,57298,0,NON_MAVLINK_PROBE,SCANNER,0,,d2430acb,NORMAL,0.0
2026-05-20T11:47:21.310276,66.132.x.x,2310b0977cf7c01f,48036,0,NON_MAVLINK_PROBE,SCANNER,0,,d6b3b625,NORMAL,0.0
2026-05-20T11:47:21.871059,66.132.x.x,2310b0977cf7c01f,48068,0,NON_MAVLINK_PROBE,SCANNER,0,,3a395286,NORMAL,0.0
2026-05-20T11:47:25.416021,66.132.x.x,2310b0977cf7c01f,51814,0,NON_MAVLINK_PROBE,SCANNER,0,,9fa5359c,NORMAL,0.0
2026-05-20T11:47:42.285386,66.132.x.x,2310b0977cf7c01f,51898,0,NON_MAVLINK_PROBE,SCANNER,0,,3ae0ba7d,NORMAL,0.0
2026-05-20T11:48:02.477993,66.132.x.x,2310b0977cf7c01f,30130,0,NON_MAVLINK_PROBE,SCANNER,0,,45987342,NORMAL,0.0
2026-05-20T12:38:28.897213,45.82.x.x,a4acd8cdf72fd3dc,41356,0,NON_MAVLINK_PROBE,SCANNER,0,,6d14472c,NORMAL,0.0
2026-05-20T14:06:05.171932,134.122.x.x,acfad2e08782677b,49977,0,NON_MAVLINK_PROBE,SCANNER,0,,78d77d5f,NORMAL,0.0
2026-05-20T14:36:04.292768,66.132.x.x,3c0334f8ee2b73be,10778,0,NON_MAVLINK_PROBE,SCANNER,0,,8babd719,NORMAL,0.0
2026-05-20T14:36:13.054052,66.132.x.x,3c0334f8ee2b73be,9850,0,NON_MAVLINK_PROBE,SCANNER,0,,5bc54cd4,NORMAL,0.0
2026-05-20T14:36:18.155343,66.132.x.x,3c0334f8ee2b73be,9932,0,NON_MAVLINK_PROBE,SCANNER,0,,1602d954,NORMAL,0.0
2026-05-20T14:41:09.536856,64.62.x.x,6996256975440fe8,30672,0,NON_MAVLINK_PROBE,SCANNER,0,,da807019,NORMAL,0.0
2026-05-20T14:41:23.270577,65.49.x.x,c227fcc20408ecb1,31334,0,NON_MAVLINK_PROBE,SCANNER,0,,9aaef41f,NORMAL,0.0
2026-05-20T15:37:29.814688,87.251.x.x,d133bc5d70508e8b,51564,0,NON_MAVLINK_PROBE,SCANNER,0,,18595a5c,NORMAL,0.0
2026-05-20T17:26:31.376237,130.12.x.x,ad1a1d352a800c18,60708,0,NON_MAVLINK_PROBE,SCANNER,0,,932da26b,NORMAL,0.0
2026-05-20T18:17:12.897728,165.154.x.x,9fa84d308e9caaa7,37060,0,NON_MAVLINK_PROBE,SCANNER,0,,7bc530f9,NORMAL,0.0
2026-05-20T18:42:34.082052,167.94.x.x,dffaa894a17f0da1,17028,0,NON_MAVLINK_PROBE,SCANNER,0,,3576224e,NORMAL,0.0
2026-05-20T18:42:37.902590,167.94.x.x,dffaa894a17f0da1,47920,4,UNKNOWN_4,UNKNOWN,3,d474e328445206003905,6d60e8d8,NORMAL,0.2
2026-05-20T18:42:46.629344,167.94.x.x,dffaa894a17f0da1,47952,0,NON_MAVLINK_PROBE,SCANNER,0,,23034124,NORMAL,0.0
2026-05-20T18:45:58.034861,152.32.x.x,cecbbb6f4e9a329c,40406,0,NON_MAVLINK_PROBE,SCANNER,0,,1b1a9d5f,NORMAL,0.0
2026-05-20T18:56:50.466866,184.168.x.x,975cd9141269822f,30510,0,NON_MAVLINK_PROBE,SCANNER,0,,e31b008c,NORMAL,0.0
2026-05-20T20:00:42.170903,66.132.x.x,26a39508f66d04c4,38824,0,NON_MAVLINK_PROBE,SCANNER,0,,ce64c7b5,NORMAL,0.0
2026-05-20T20:00:47.527590,66.132.x.x,26a39508f66d04c4,12438,4,UNKNOWN_4,UNKNOWN,3,9a146c40455206003905,e1db14b4,NORMAL,0.2
2026-05-20T20:00:56.778430,66.132.x.x,26a39508f66d04c4,12450,0,NON_MAVLINK_PROBE,SCANNER,0,,db35970d,NORMAL,0.0
2026-05-20T20:15:55.766507,105.69.x.x,aa6b9b4bf8e4145e,60709,0,NON_MAVLINK_PROBE,SCANNER,0,,e6f51579,NORMAL,0.0
2026-05-20T20:41:52.622752,172.104.x.x,0e185892e04c45d0,44289,0,NON_MAVLINK_PROBE,SCANNER,0,,52d8ddc5,NORMAL,0.0
2026-05-20T20:57:04.925520,60.191.x.x,0c462e523e90f3bb,35560,0,NON_MAVLINK_PROBE,SCANNER,0,,bfd4f785,NORMAL,0.0
2026-05-20T21:10:13.832600,199.45.x.x,592ffa35c2bf7231,45494,0,NON_MAVLINK_PROBE,SCANNER,0,,1beeab7c,NORMAL,0.0
2026-05-20T21:10:17.841867,199.45.x.x,592ffa35c2bf7231,45512,4,UNKNOWN_4,UNKNOWN,3,b55fff38465206003905,0ebc603b,NORMAL,0.2
2026-05-20T21:10:24.925019,199.45.x.x,592ffa35c2bf7231,41016,0,NON_MAVLINK_PROBE,SCANNER,0,,7c973505,NORMAL,0.0
2026-05-20T21:35:07.902601,45.79.x.x,d0a1e9eafbed515a,50257,0,NON_MAVLINK_PROBE,SCANNER,0,,06b175cf,NORMAL,0.0
2026-05-20T22:34:03.157293,45.79.x.x,486bc90fdc7ccd30,40216,0,NON_MAVLINK_PROBE,SCANNER,0,,615a0a38,NORMAL,0.0
2026-05-21T01:04:20.207898,154.27.x.x,65ed6afe48669b2e,9266,0,NON_MAVLINK_PROBE,SCANNER,0,,160c4320,NORMAL,0.0
2026-05-21T01:39:39.811567,69.5.x.x,c35e434f5d4fcf50,9762,0,NON_MAVLINK_PROBE,SCANNER,0,,d97d15c0,NORMAL,0.0
2026-05-21T01:40:18.874612,195.140.x.x,0974dcee2b09c60b,36516,0,NON_MAVLINK_PROBE,SCANNER,0,,2fc6bede,NORMAL,0.0
2026-05-21T01:55:55.509678,69.5.x.x,f03897d5444c55bd,11450,0,NON_MAVLINK_PROBE,SCANNER,0,,9ad968fb,NORMAL,0.0
2026-05-21T01:58:29.633056,87.251.x.x,d133bc5d70508e8b,17328,0,NON_MAVLINK_PROBE,SCANNER,0,,850d89f2,NORMAL,0.0
2026-05-21T02:12:42.117213,130.12.x.x,ad1a1d352a800c18,38910,0,NON_MAVLINK_PROBE,SCANNER,0,,8671370c,NORMAL,0.0
2026-05-21T02:32:52.939301,165.154.x.x,d912da7783cd2965,35832,0,NON_MAVLINK_PROBE,SCANNER,0,,3486b939,NORMAL,0.0
2026-05-21T02:33:30.454063,69.5.x.x,adf942e3c783dcca,14784,0,NON_MAVLINK_PROBE,SCANNER,0,,dd6746ae,NORMAL,0.0
2026-05-21T02:34:13.694228,217.146.x.x,3516ac3af37a0450,58421,0,NON_MAVLINK_PROBE,SCANNER,0,,7bc85284,NORMAL,0.0
2026-05-21T03:12:29.750476,69.5.x.x,dc87f6f0177921bf,14338,0,NON_MAVLINK_PROBE,SCANNER,0,,756442cb,NORMAL,0.0
2026-05-21T03:32:05.998300,69.5.x.x,7234ec479ff27d70,12522,0,NON_MAVLINK_PROBE,SCANNER,0,,128aa956,NORMAL,0.0
2026-05-21T03:32:29.454287,188.240.x.x,98e0cc8d219ce693,20916,0,NON_MAVLINK_PROBE,SCANNER,0,,68903207,NORMAL,0.0
2026-05-21T04:38:29.097381,66.132.x.x,e697ce1156f467c3,41202,0,NON_MAVLINK_PROBE,SCANNER,0,,a8b46d0c,NORMAL,0.0
2026-05-21T04:38:32.363051,66.132.x.x,e697ce1156f467c3,61600,4,UNKNOWN_4,UNKNOWN,3,a38b087c4c5206003905,4bd5fcde,NORMAL,0.2
2026-05-21T04:38:40.268256,66.132.x.x,e697ce1156f467c3,61606,0,NON_MAVLINK_PROBE,SCANNER,0,,0c72008b,NORMAL,0.0
2026-05-21T04:46:36.510729,69.5.x.x,cf99a649e393ce56,10960,0,NON_MAVLINK_PROBE,SCANNER,0,,6c2a8ba3,NORMAL,0.0
2026-05-21T04:47:15.392735,185.216.x.x,ae9135328fa36821,39917,0,NON_MAVLINK_PROBE,SCANNER,0,,129080e1,NORMAL,0.0
2026-05-21T05:26:48.962955,20.169.x.x,c97bd9e9339376cc,60608,0,NON_MAVLINK_PROBE,SCANNER,0,,ffd910a6,NORMAL,0.0
2026-05-21T05:37:22.643604,68.183.x.x,27630cbd03c83b2f,57276,0,NON_MAVLINK_PROBE,SCANNER,0,,14ba949e,NORMAL,0.0
2026-05-21T05:37:50.465253,50.116.x.x,a818730d5a310f19,55918,0,NON_MAVLINK_PROBE,SCANNER,0,,b55405a2,NORMAL,0.0
2026-05-21T06:46:32.227666,152.32.x.x,56db94444fd9c1d4,24074,0,NON_MAVLINK_PROBE,SCANNER,0,,9d6a9421,NORMAL,0.0
2026-05-21T06:46:45.408898,152.32.x.x,56db94444fd9c1d4,27014,0,NON_MAVLINK_PROBE,SCANNER,0,,d87f4e49,NORMAL,0.0
2026-05-21T07:01:52.392569,101.36.x.x,b63fe376ecedee1f,19902,0,NON_MAVLINK_PROBE,SCANNER,0,,9cf7b2b8,NORMAL,0.0
2026-05-21T07:01:52.842013,101.36.x.x,b63fe376ecedee1f,20194,0,NON_MAVLINK_PROBE,SCANNER,0,,77cc06f8,NORMAL,0.0
2026-05-21T07:01:54.106770,101.36.x.x,b63fe376ecedee1f,20240,0,NON_MAVLINK_PROBE,SCANNER,0,,46671880,NORMAL,0.0
2026-05-21T07:02:03.826764,101.36.x.x,b63fe376ecedee1f,23866,0,HEARTBEAT,RECON,1,,0e3038a9,NORMAL,0.2
2026-05-21T07:02:04.286389,101.36.x.x,b63fe376ecedee1f,23866,0,HEARTBEAT,RECON,1,,0e3038a9,NORMAL,0.4
2026-05-21T07:02:04.507207,101.36.x.x,b63fe376ecedee1f,23866,0,HEARTBEAT,RECON,1,,0e3038a9,NORMAL,0.6
2026-05-21T07:16:35.182413,195.96.x.x,0810c91be705cb00,46429,0,NON_MAVLINK_PROBE,SCANNER,0,,28b014c3,NORMAL,0.0
2026-05-21T07:55:35.266680,223.31.x.x,4454cbcd1c41c537,51440,0,NON_MAVLINK_PROBE,SCANNER,0,,192a1499,NORMAL,0.0
2026-05-21T08:12:35.671888,18.97.x.x,d35239fe49fc0224,46646,0,NON_MAVLINK_PROBE,SCANNER,0,,b4c46297,NORMAL,0.0
2026-05-21T09:10:58.230754,87.236.x.x,30c1e3922f624972,35357,0,NON_MAVLINK_PROBE,SCANNER,0,,b7cad8fb,NORMAL,0.0
2026-05-21T10:17:23.942473,152.32.x.x,9e511708114e5f6d,49576,0,NON_MAVLINK_PROBE,SCANNER,0,,589a08ce,NORMAL,0.0
2026-05-21T10:49:21.001158,130.12.x.x,ad1a1d352a800c18,42920,0,NON_MAVLINK_PROBE,SCANNER,0,,64006423,NORMAL,0.0
2026-05-21T12:15:24.336255,165.154.x.x,c85594c79bca4448,59280,0,NON_MAVLINK_PROBE,SCANNER,0,,01f3a990,NORMAL,0.0
2026-05-21T12:43:41.218951,91.230.x.x,11ed5247408d3f40,55481,0,NON_MAVLINK_PROBE,SCANNER,0,,a2e3474d,NORMAL,0.0
2026-05-21T13:30:32.955833,64.62.x.x,6bb2302deddb0328,24116,0,NON_MAVLINK_PROBE,SCANNER,0,,0958e29e,NORMAL,0.0
2026-05-21T13:30:36.924780,64.62.x.x,86ad0443fb07a7ef,2842,0,NON_MAVLINK_PROBE,SCANNER,0,,80c1497c,NORMAL,0.0
2026-05-21T15:27:23.285098,87.236.x.x,093764acce6b7b13,59739,0,NON_MAVLINK_PROBE,SCANNER,0,,ccbd7f25,NORMAL,0.0
2026-05-21T16:40:44.877701,66.132.x.x,888e4b64fc763b5c,3114,0,NON_MAVLINK_PROBE,SCANNER,0,,7bada41f,NORMAL,0.0
2026-05-21T16:40:48.665832,66.132.x.x,888e4b64fc763b5c,3182,4,UNKNOWN_4,UNKNOWN,3,220d1293565206003905,84a9fc41,NORMAL,0.2
2026-05-21T16:40:58.308068,66.132.x.x,888e4b64fc763b5c,7450,0,NON_MAVLINK_PROBE,SCANNER,0,,48eef3a6,NORMAL,0.0
2026-05-21T18:19:16.198590,165.154.x.x,6c2f76ce5acc30ed,54420,0,NON_MAVLINK_PROBE,SCANNER,0,,136a167f,NORMAL,0.0
2026-05-21T18:49:02.856437,152.32.x.x,47a5c5b606cf2bc4,52848,0,NON_MAVLINK_PROBE,SCANNER,0,,c0fad780,NORMAL,0.0
2026-05-21T19:01:05.847864,80.87.x.x,1c7df979e7612281,23682,0,NON_MAVLINK_PROBE,SCANNER,0,,0482d4cf,NORMAL,0.0
2026-05-21T19:01:05.857369,80.87.x.x,1c7df979e7612281,48200,0,NON_MAVLINK_PROBE,SCANNER,0,,db72f029,NORMAL,0.0
2026-05-21T19:08:08.651588,130.12.x.x,ad1a1d352a800c18,47248,0,NON_MAVLINK_PROBE,SCANNER,0,,22d7747f,NORMAL,0.0
2026-05-21T19:36:01.440517,66.132.x.x,247974e07b116b35,23732,0,NON_MAVLINK_PROBE,SCANNER,0,,6cbae46a,NORMAL,0.0
2026-05-21T19:36:05.282248,66.132.x.x,247974e07b116b35,23738,0,NON_MAVLINK_PROBE,SCANNER,0,,7a57624e,NORMAL,0.0
2026-05-21T19:36:10.783283,66.132.x.x,247974e07b116b35,54952,4,UNKNOWN_4,UNKNOWN,3,eb253e06595206003905,d5adfd10,NORMAL,0.2
2026-05-21T19:36:20.115421,66.132.x.x,247974e07b116b35,54982,0,NON_MAVLINK_PROBE,SCANNER,0,,fa34fb1d,NORMAL,0.0
2026-05-21T20:02:27.809672,167.94.x.x,8aedd6a6119c0cea,52396,0,NON_MAVLINK_PROBE,SCANNER,0,,ef48efd0,NORMAL,0.0
2026-05-21T20:02:31.509854,167.94.x.x,8aedd6a6119c0cea,11452,4,UNKNOWN_4,UNKNOWN,3,368e7564595206003905,c2f09857,NORMAL,0.2
2026-05-21T20:02:39.936365,167.94.x.x,8aedd6a6119c0cea,11468,0,NON_MAVLINK_PROBE,SCANNER,0,,244087f0,NORMAL,0.0
2026-05-21T21:31:19.827471,66.132.x.x,fc37bfcf4f293034,46258,0,NON_MAVLINK_PROBE,SCANNER,0,,b5d94c5a,NORMAL,0.0
2026-05-21T21:31:27.963235,66.132.x.x,fc37bfcf4f293034,4632,4,UNKNOWN_4,UNKNOWN,3,b12c8aa25a5206003905,bb6afdfc,NORMAL,0.2
2026-05-21T21:31:35.520886,66.132.x.x,fc37bfcf4f293034,4636,0,NON_MAVLINK_PROBE,SCANNER,0,,81413d2c,NORMAL,0.0
2026-05-21T22:36:05.222258,45.79.x.x,aafd860cf491b6f4,42273,0,NON_MAVLINK_PROBE,SCANNER,0,,47d0cb9f,NORMAL,0.0
2026-05-21T23:19:37.725138,135.119.x.x,3414c317472a5cc7,55076,0,NON_MAVLINK_PROBE,SCANNER,0,,a69138c3,NORMAL,0.0
2026-05-22T03:31:45.092891,130.12.x.x,ad1a1d352a800c18,45348,0,NON_MAVLINK_PROBE,SCANNER,0,,c0bdcc29,NORMAL,0.0
2026-05-22T03:37:12.992161,216.180.x.x,0502613ba087719f,21035,0,NON_MAVLINK_PROBE,SCANNER,0,,865f3185,NORMAL,0.0
2026-05-22T04:19:06.685129,195.140.x.x,800abd1779899635,35054,0,NON_MAVLINK_PROBE,SCANNER,0,,6ca2adb5,NORMAL,0.0
2026-05-22T04:42:55.370399,65.49.x.x,c227fcc20408ecb1,52662,0,NON_MAVLINK_PROBE,SCANNER,0,,ed51f5fd,NORMAL,0.0
2026-05-22T04:44:38.393937,89.37.x.x,78dfb67c5acc34a4,18389,0,NON_MAVLINK_PROBE,SCANNER,0,,61c5c6f0,NORMAL,0.0
2026-05-22T05:13:06.164846,31.14.x.x,c1d1616887676a53,4376,0,NON_MAVLINK_PROBE,SCANNER,0,,b1933b7f,NORMAL,0.0
2026-05-22T05:13:21.720508,193.32.x.x,042514210a5c2354,1556,0,NON_MAVLINK_PROBE,SCANNER,0,,67c75b8c,NORMAL,0.0
2026-05-22T05:35:54.489079,5.226.x.x,9da1c6bef8961518,12598,0,NON_MAVLINK_PROBE,SCANNER,0,,f4f408e1,NORMAL,0.0
2026-05-22T06:52:26.015711,69.5.x.x,064b9a7c1c8af284,43636,0,NON_MAVLINK_PROBE,SCANNER,0,,8bd29115,NORMAL,0.0
2026-05-22T07:11:21.386253,206.189.x.x,d9eec83a7520e643,48036,0,NON_MAVLINK_PROBE,SCANNER,0,,3cc00e8d,NORMAL,0.0
2026-05-22T07:35:34.977116,159.223.x.x,eaaa631ec5bad8be,63664,0,NON_MAVLINK_PROBE,SCANNER,0,,ad2b64a3,NORMAL,0.0
2026-05-22T07:42:08.018898,69.5.x.x,afe397b3e5b36655,29623,0,NON_MAVLINK_PROBE,SCANNER,0,,c6d320b3,NORMAL,0.0
2026-05-22T08:01:16.607243,213.166.x.x,65c5ad180e1dd515,14198,0,NON_MAVLINK_PROBE,SCANNER,0,,d61a707e,NORMAL,0.0
2026-05-22T08:01:23.762875,188.240.x.x,5ff4a1592fb8f256,7448,0,NON_MAVLINK_PROBE,SCANNER,0,,9e8f711a,NORMAL,0.0
2026-05-22T09:09:49.505686,5.226.x.x,c9ee4aa39adbfc6e,5668,0,NON_MAVLINK_PROBE,SCANNER,0,,37e6098e,NORMAL,0.0
2026-05-22T09:14:18.414746,167.94.x.x,0b0d344a56b12219,7422,0,NON_MAVLINK_PROBE,SCANNER,0,,95b02b07,NORMAL,0.0
2026-05-22T09:14:22.906002,167.94.x.x,0b0d344a56b12219,59356,4,UNKNOWN_4,UNKNOWN,3,eb475c74645206003905,a51adf39,NORMAL,0.2
2026-05-22T09:14:31.733619,167.94.x.x,0b0d344a56b12219,59462,0,NON_MAVLINK_PROBE,SCANNER,0,,78456de8,NORMAL,0.0
2026-05-22T09:33:31.516056,184.105.x.x,197eb9dc18675ee7,3542,0,NON_MAVLINK_PROBE,SCANNER,0,,7bd69ad3,NORMAL,0.0
2026-05-22T09:39:33.751757,69.5.x.x,b299f8807c98e452,3122,0,NON_MAVLINK_PROBE,SCANNER,0,,530f6650,NORMAL,0.0
2026-05-22T09:55:11.806605,51.159.x.x,2a1d19737565d613,56461,0,NON_MAVLINK_PROBE,SCANNER,0,,25d3dc57,NORMAL,0.0
2026-05-22T11:45:58.143273,130.12.x.x,ad1a1d352a800c18,57706,0,NON_MAVLINK_PROBE,SCANNER,0,,4eada760,NORMAL,0.0
2026-05-22T12:46:33.258875,193.32.x.x,adbc6fcaeeae7dad,13000,0,NON_MAVLINK_PROBE,SCANNER,0,,951a47cf,NORMAL,0.0
2026-05-22T13:57:52.542102,206.189.x.x,2c4a75da95f88059,35304,0,NON_MAVLINK_PROBE,SCANNER,0,,4d506ed4,NORMAL,0.0
2026-05-22T16:44:59.386941,87.236.x.x,72d46798c47a1b34,44985,0,NON_MAVLINK_PROBE,SCANNER,0,,4b5e14bd,NORMAL,0.0
2026-05-22T17:42:11.854303,66.132.x.x,7509767b440a2689,6516,0,NON_MAVLINK_PROBE,SCANNER,0,,d2b11371,NORMAL,0.0
2026-05-22T17:42:16.383489,66.132.x.x,7509767b440a2689,6558,4,UNKNOWN_4,UNKNOWN,3,464ab78c6b5206003905,c94d814d,NORMAL,0.2
2026-05-22T17:42:22.710708,66.132.x.x,7509767b440a2689,20270,0,NON_MAVLINK_PROBE,SCANNER,0,,76569751,NORMAL,0.0
2026-05-22T19:32:08.325148,195.184.x.x,bc8902e4b50c6bec,45943,0,NON_MAVLINK_PROBE,SCANNER,0,,c25dc35a,NORMAL,0.0
2026-05-22T20:06:55.732501,87.251.x.x,d133bc5d70508e8b,37394,0,NON_MAVLINK_PROBE,SCANNER,0,,4909be3a,NORMAL,0.0
2026-05-22T20:26:09.393592,130.12.x.x,ad1a1d352a800c18,49234,0,NON_MAVLINK_PROBE,SCANNER,0,,2c24774e,NORMAL,0.0
2026-05-22T20:32:10.680285,66.132.x.x,4620234fdffc616d,57366,0,NON_MAVLINK_PROBE,SCANNER,0,,f7e620d2,NORMAL,0.0
2026-05-22T20:32:11.910869,66.132.x.x,4620234fdffc616d,57368,0,NON_MAVLINK_PROBE,SCANNER,0,,775e2f97,NORMAL,0.0
2026-05-22T20:32:16.237593,66.132.x.x,4620234fdffc616d,57378,0,NON_MAVLINK_PROBE,SCANNER,0,,fbc0f8a4,NORMAL,0.0
2026-05-22T20:32:24.055649,66.132.x.x,4620234fdffc616d,57578,4,UNKNOWN_4,UNKNOWN,3,680226ed6d5206003905,94605663,NORMAL,0.2
2026-05-22T20:32:33.650899,66.132.x.x,4620234fdffc616d,27208,0,NON_MAVLINK_PROBE,SCANNER,0,,cd2135ba,NORMAL,0.0
2026-05-22T20:33:00.070574,66.132.x.x,50db2a4695cfc7bd,17658,0,NON_MAVLINK_PROBE,SCANNER,0,,9590df72,NORMAL,0.0
2026-05-22T20:33:04.057465,66.132.x.x,50db2a4695cfc7bd,29060,4,UNKNOWN_4,UNKNOWN,3,f61186ef6d5206003905,446acf10,NORMAL,0.2
2026-05-22T20:33:13.426610,66.132.x.x,50db2a4695cfc7bd,51172,0,NON_MAVLINK_PROBE,SCANNER,0,,7983b14a,NORMAL,0.0
2026-05-22T20:33:30.098582,66.132.x.x,03c69c3f355ed3c0,44896,0,NON_MAVLINK_PROBE,SCANNER,0,,f056494a,NORMAL,0.0
2026-05-22T20:33:34.747465,66.132.x.x,03c69c3f355ed3c0,5660,4,UNKNOWN_4,UNKNOWN,3,5aa05bf16d5206003905,edf522c8,NORMAL,0.2
2026-05-22T20:33:43.450038,66.132.x.x,03c69c3f355ed3c0,5688,0,NON_MAVLINK_PROBE,SCANNER,0,,0acad43e,NORMAL,0.0
2026-05-22T20:46:16.931928,45.79.x.x,1bc88b580d255894,44655,0,NON_MAVLINK_PROBE,SCANNER,0,,361e0e15,NORMAL,0.0
2026-05-22T22:29:56.707185,176.65.x.x,8ecb668eed5ac938,54630,0,NON_MAVLINK_PROBE,SCANNER,0,,a1aff58a,NORMAL,0.0
2026-05-22T22:31:49.464723,66.132.x.x,2310b0977cf7c01f,56754,0,NON_MAVLINK_PROBE,SCANNER,0,,c0b0f30f,NORMAL,0.0
2026-05-22T22:31:53.141859,66.132.x.x,2310b0977cf7c01f,60886,4,UNKNOWN_4,UNKNOWN,3,453d75986f5206003905,9df4e0cc,NORMAL,0.2
2026-05-22T22:32:02.200462,66.132.x.x,2310b0977cf7c01f,60898,0,NON_MAVLINK_PROBE,SCANNER,0,,50676b52,NORMAL,0.0
2026-05-22T22:37:26.962701,45.79.x.x,486bc90fdc7ccd30,49432,0,NON_MAVLINK_PROBE,SCANNER,0,,1834450b,NORMAL,0.0
2026-05-23T01:08:44.418465,176.32.x.x,d4804bb77e81c2b4,60021,0,NON_MAVLINK_PROBE,SCANNER,0,,ae3a7c1a,NORMAL,0.0
2026-05-23T03:08:55.620142,14.21.x.x,0f837c311073d71c,53631,0,NON_MAVLINK_PROBE,SCANNER,0,,b40de8ba,NORMAL,0.0
2026-05-23T04:11:42.716440,120.203.x.x,25832af3cc436ffe,24625,0,NON_MAVLINK_PROBE,SCANNER,0,,a30d9812,NORMAL,0.0
2026-05-23T04:22:01.637940,60.104.x.x,98b9b9fa73ed44db,60654,0,NON_MAVLINK_PROBE,SCANNER,0,,544f0d18,NORMAL,0.0
2026-05-23T04:49:04.912093,130.12.x.x,ad1a1d352a800c18,57380,0,NON_MAVLINK_PROBE,SCANNER,0,,f1eb08fa,NORMAL,0.0
2026-05-23T05:56:28.125902,199.45.x.x,1559a47f02b54211,37270,0,NON_MAVLINK_PROBE,SCANNER,0,,40f130e9,NORMAL,0.0
2026-05-23T05:56:35.634804,199.45.x.x,1559a47f02b54211,52632,4,UNKNOWN_4,UNKNOWN,3,12b3dace755206003905,86cd2b8c,NORMAL,0.2
2026-05-23T05:56:44.316135,199.45.x.x,1559a47f02b54211,34958,0,NON_MAVLINK_PROBE,SCANNER,0,,d50c4a8b,NORMAL,0.0
2026-05-23T05:59:58.986743,69.5.x.x,574224029f1984b0,53670,0,NON_MAVLINK_PROBE,SCANNER,0,,9a085432,NORMAL,0.0
2026-05-23T06:11:24.609849,81.19.x.x,ffd72e34055ed6aa,8116,0,NON_MAVLINK_PROBE,SCANNER,0,,1b075a50,NORMAL,0.0
2026-05-23T06:12:10.501248,188.240.x.x,43ca6aab8a859ee2,15638,0,NON_MAVLINK_PROBE,SCANNER,0,,170c1a56,NORMAL,0.0
2026-05-23T06:14:14.804119,66.132.x.x,a958a032e5970ed3,6414,0,NON_MAVLINK_PROBE,SCANNER,0,,7c7c4ec7,NORMAL,0.0
2026-05-23T06:14:19.097392,66.132.x.x,a958a032e5970ed3,1782,4,UNKNOWN_4,UNKNOWN,3,9d9f3f0e765206003905,1a11b827,NORMAL,0.2
2026-05-23T06:14:28.341046,66.132.x.x,a958a032e5970ed3,1790,0,NON_MAVLINK_PROBE,SCANNER,0,,ebaa7b18,NORMAL,0.0
2026-05-23T07:12:25.950087,65.49.x.x,a8ed99aa8b8a2a87,42568,0,NON_MAVLINK_PROBE,SCANNER,0,,53821c08,NORMAL,0.0
2026-05-23T07:26:25.317214,135.222.x.x,eb5795c92b2ea105,37752,0,NON_MAVLINK_PROBE,SCANNER,0,,95c1e52d,NORMAL,0.0
2026-05-23T07:42:12.669436,194.88.x.x,cfc1ebf7b8efb879,30849,0,NON_MAVLINK_PROBE,SCANNER,0,,fd37e73b,NORMAL,0.0
2026-05-23T08:10:11.113124,69.5.x.x,9b43c73a1ea8077d,13328,0,NON_MAVLINK_PROBE,SCANNER,0,,00c12f2c,NORMAL,0.0
2026-05-23T08:20:16.688371,69.5.x.x,7b6c7faa4f79f1e9,7470,0,NON_MAVLINK_PROBE,SCANNER,0,,27e50e6b,NORMAL,0.0
2026-05-23T08:51:38.110532,195.206.x.x,eb26c16f28d816e5,63501,0,NON_MAVLINK_PROBE,SCANNER,0,,dd126f31,NORMAL,0.0
2026-05-23T09:08:57.493526,69.5.x.x,64943812a58651fd,7140,0,NON_MAVLINK_PROBE,SCANNER,0,,ffc9b7f2,NORMAL,0.0
2026-05-23T09:29:53.853456,193.32.x.x,0288a1b27f5476c0,26418,0,NON_MAVLINK_PROBE,SCANNER,0,,3895cda4,NORMAL,0.0
2026-05-23T09:32:22.010487,69.5.x.x,38b49a577db74904,7962,0,NON_MAVLINK_PROBE,SCANNER,0,,61dd646f,NORMAL,0.0
2026-05-23T10:20:32.870855,69.5.x.x,f03897d5444c55bd,6326,0,NON_MAVLINK_PROBE,SCANNER,0,,3c69d286,NORMAL,0.0
2026-05-23T11:44:39.000160,45.156.x.x,d066e9d2dc165eaf,41668,0,NON_MAVLINK_PROBE,SCANNER,0,,8ad03c0f,NORMAL,0.0
2026-05-23T11:44:44.518066,45.156.x.x,fda0a8a3136e16ef,55068,0,NON_MAVLINK_PROBE,SCANNER,0,,3446acb3,NORMAL,0.0
2026-05-23T11:45:02.996955,45.156.x.x,d066e9d2dc165eaf,37308,0,NON_MAVLINK_PROBE,SCANNER,0,,24c25398,NORMAL,0.0
2026-05-23T11:45:14.590189,45.156.x.x,fda0a8a3136e16ef,55648,0,NON_MAVLINK_PROBE,SCANNER,0,,a3f41540,NORMAL,0.0
2026-05-23T11:45:29.545054,45.156.x.x,fda0a8a3136e16ef,34124,0,NON_MAVLINK_PROBE,SCANNER,0,,8040ecf5,NORMAL,0.0
2026-05-23T11:50:07.100851,44.220.x.x,34a8ce34f37eabe8,58000,0,NON_MAVLINK_PROBE,SCANNER,0,,c64131f3,NORMAL,0.0
2026-05-23T13:12:30.509527,184.105.x.x,7b221120d4c2a783,12672,0,NON_MAVLINK_PROBE,SCANNER,0,,d76a9957,NORMAL,0.0
2026-05-23T13:21:18.561811,130.12.x.x,ad1a1d352a800c18,44336,0,NON_MAVLINK_PROBE,SCANNER,0,,60d0740e,NORMAL,0.0
2026-05-23T13:54:01.410443,66.132.x.x,0ace7ef1952b1e8d,32342,0,NON_MAVLINK_PROBE,SCANNER,0,,e19584d1,NORMAL,0.0
2026-05-23T13:54:05.251426,66.132.x.x,0ace7ef1952b1e8d,32362,4,UNKNOWN_4,UNKNOWN,3,4b1f807a7c5206003905,64294584,NORMAL,0.2
2026-05-23T13:54:14.073963,66.132.x.x,0ace7ef1952b1e8d,52166,0,NON_MAVLINK_PROBE,SCANNER,0,,e1d436b3,NORMAL,0.0
2026-05-23T14:13:21.064046,4.224.x.x,98b72247cb376169,1024,0,NON_MAVLINK_PROBE,SCANNER,0,,14f08a82,NORMAL,0.0
2026-05-23T14:53:27.102859,5.226.x.x,e9dc29c8481863d8,1768,0,NON_MAVLINK_PROBE,SCANNER,0,,ca186467,NORMAL,0.0
2026-05-23T15:04:15.377620,44.220.x.x,60d214c97cf65481,54958,0,NON_MAVLINK_PROBE,SCANNER,0,,2c0abf97,NORMAL,0.0
2026-05-23T15:06:14.882936,31.14.x.x,b9d6eeeef54f3bea,4982,0,NON_MAVLINK_PROBE,SCANNER,0,,86b5066c,NORMAL,0.0
2026-05-23T15:56:25.639462,69.5.x.x,13589cf6ef1ac02c,4114,0,NON_MAVLINK_PROBE,SCANNER,0,,05cbe673,NORMAL,0.0
2026-05-23T16:26:17.383260,69.5.x.x,965a04699eaa2597,14982,0,NON_MAVLINK_PROBE,SCANNER,0,,f9c34ff9,NORMAL,0.0
2026-05-23T18:05:37.698922,60.191.x.x,0c462e523e90f3bb,54454,0,NON_MAVLINK_PROBE,SCANNER,0,,81744f02,NORMAL,0.0
2026-05-23T18:12:09.882170,183.224.x.x,4ed265b5d5a905c5,3267,0,NON_MAVLINK_PROBE,SCANNER,0,,2f7b42ec,NORMAL,0.0
2026-05-23T18:41:21.091568,66.132.x.x,32e92a2948d3610d,60854,0,NON_MAVLINK_PROBE,SCANNER,0,,36b37bf9,NORMAL,0.0
2026-05-23T18:41:26.870578,66.132.x.x,32e92a2948d3610d,45374,4,UNKNOWN_4,UNKNOWN,3,49222e7e805206003905,9b56fb38,NORMAL,0.2
2026-05-23T18:41:36.566341,66.132.x.x,32e92a2948d3610d,45376,0,NON_MAVLINK_PROBE,SCANNER,0,,d645dad3,NORMAL,0.0
2026-05-23T18:58:40.694250,45.79.x.x,ec042bc965d2d8c4,52092,0,NON_MAVLINK_PROBE,SCANNER,0,,e3694bc9,NORMAL,0.0
2026-05-23T19:56:41.768833,172.104.x.x,0e185892e04c45d0,50504,0,NON_MAVLINK_PROBE,SCANNER,0,,3eedc3b5,NORMAL,0.0
2026-05-23T20:50:44.283559,172.104.x.x,0e185892e04c45d0,37902,0,NON_MAVLINK_PROBE,SCANNER,0,,b0f0defc,NORMAL,0.0
2026-05-23T22:01:39.813014,130.12.x.x,ad1a1d352a800c18,59232,0,NON_MAVLINK_PROBE,SCANNER,0,,653eeb92,NORMAL,0.0
2026-05-23T23:32:06.970392,66.132.x.x,9d776473d32c6e9f,47788,0,NON_MAVLINK_PROBE,SCANNER,0,,033c7edf,NORMAL,0.0
2026-05-23T23:32:10.468087,66.132.x.x,9d776473d32c6e9f,27016,4,UNKNOWN_4,UNKNOWN,3,0b82e78d845206003905,78035c6a,NORMAL,0.2
2026-05-23T23:32:20.152575,66.132.x.x,9d776473d32c6e9f,27040,0,NON_MAVLINK_PROBE,SCANNER,0,,ec76f2d1,NORMAL,0.0
2026-05-24T01:59:08.302570,66.132.x.x,358e9271d7bbde00,4690,0,NON_MAVLINK_PROBE,SCANNER,0,,03483f6f,NORMAL,0.0
2026-05-24T01:59:19.823288,66.132.x.x,358e9271d7bbde00,13928,4,UNKNOWN_4,UNKNOWN,3,e8f92d9c865206003905,5ed06daf,NORMAL,0.2
2026-05-24T01:59:36.529578,66.132.x.x,358e9271d7bbde00,21856,0,NON_MAVLINK_PROBE,SCANNER,0,,762609cd,NORMAL,0.0
2026-05-24T03:15:54.082839,152.32.x.x,f22fd6fdd13ddf5e,59714,0,NON_MAVLINK_PROBE,SCANNER,0,,c42f3d76,NORMAL,0.0
2026-05-24T04:13:43.549660,91.230.x.x,e1444c6d2b36bc16,45669,0,NON_MAVLINK_PROBE,SCANNER,0,,8c84f1ad,NORMAL,0.0
2026-05-24T05:11:04.379091,195.96.x.x,1110a1b8a5f4e422,52889,0,NON_MAVLINK_PROBE,SCANNER,0,,d311004e,NORMAL,0.0
2026-05-24T05:52:46.857039,185.247.x.x,feb3dce324f958a9,44897,0,NON_MAVLINK_PROBE,SCANNER,0,,d8d76cd4,NORMAL,0.0
2026-05-24T06:05:45.975157,199.45.x.x,01cef9d9f97afe8a,48690,0,NON_MAVLINK_PROBE,SCANNER,0,,bbc8e60b,NORMAL,0.0
2026-05-24T06:05:49.965028,199.45.x.x,01cef9d9f97afe8a,55590,4,UNKNOWN_4,UNKNOWN,3,aa92be0d8a5206003905,b5458b31,NORMAL,0.2
2026-05-24T06:06:00.129242,199.45.x.x,01cef9d9f97afe8a,55592,0,NON_MAVLINK_PROBE,SCANNER,0,,0350c42e,NORMAL,0.0
2026-05-24T06:32:48.265491,130.12.x.x,ad1a1d352a800c18,46380,0,NON_MAVLINK_PROBE,SCANNER,0,,57591466,NORMAL,0.0
2026-05-24T06:33:59.463074,66.132.x.x,eebd22b477b07d8d,13004,0,NON_MAVLINK_PROBE,SCANNER,0,,b33b388e,NORMAL,0.0
2026-05-24T06:34:03.588400,66.132.x.x,eebd22b477b07d8d,17082,4,UNKNOWN_4,UNKNOWN,3,afb7ae728a5206003905,b74db790,NORMAL,0.2
2026-05-24T06:34:12.364700,66.132.x.x,eebd22b477b07d8d,17150,0,NON_MAVLINK_PROBE,SCANNER,0,,18078dda,NORMAL,0.0
2026-05-24T07:01:30.411205,152.32.x.x,f0eafb1971a0ed75,45208,0,NON_MAVLINK_PROBE,SCANNER,0,,5c98b2b4,NORMAL,0.0
2026-05-24T07:04:38.818260,152.32.x.x,f0eafb1971a0ed75,44000,0,NON_MAVLINK_PROBE,SCANNER,0,,773d184c,NORMAL,0.0
2026-05-24T09:10:28.431088,87.251.x.x,d133bc5d70508e8b,49614,0,NON_MAVLINK_PROBE,SCANNER,0,,05e877ee,NORMAL,0.0
2026-05-24T09:49:50.822114,20.65.x.x,b71a24767c85339c,44964,0,NON_MAVLINK_PROBE,SCANNER,0,,63620c62,NORMAL,0.0
2026-05-24T10:07:10.306007,185.223.x.x,b5e9a3727f0d851a,61927,0,NON_MAVLINK_PROBE,SCANNER,0,,9bc8e942,NORMAL,0.0
2026-05-24T10:07:29.608453,81.19.x.x,e9d660a3da370b96,7768,0,NON_MAVLINK_PROBE,SCANNER,0,,0355a778,NORMAL,0.0
2026-05-24T10:11:22.157480,185.223.x.x,59a840aaf8b6cd72,61850,0,NON_MAVLINK_PROBE,SCANNER,0,,af9e3d35,NORMAL,0.0
2026-05-24T10:36:46.198554,31.14.x.x,2aa657475ca82a53,8046,0,NON_MAVLINK_PROBE,SCANNER,0,,5f571fc0,NORMAL,0.0
2026-05-24T11:31:43.223540,31.14.x.x,2c7ecbee9be5a870,13842,0,NON_MAVLINK_PROBE,SCANNER,0,,83dc4b25,NORMAL,0.0
2026-05-24T12:04:30.750006,69.5.x.x,bdf2c928f07b6827,3072,0,NON_MAVLINK_PROBE,SCANNER,0,,3756e421,NORMAL,0.0
2026-05-24T12:18:08.212816,47.253.x.x,dd5390a606a4dbd2,36934,0,NON_MAVLINK_PROBE,SCANNER,0,,2605be4a,NORMAL,0.0
2026-05-24T12:29:06.656396,69.5.x.x,574224029f1984b0,9724,0,NON_MAVLINK_PROBE,SCANNER,0,,501f1808,NORMAL,0.0
2026-05-24T13:03:11.396755,69.5.x.x,4c984ad11a6ae386,2410,0,NON_MAVLINK_PROBE,SCANNER,0,,7fce0b1d,NORMAL,0.0
2026-05-24T14:10:01.614455,195.96.x.x,7b4e0a4740d1236b,56747,0,NON_MAVLINK_PROBE,SCANNER,0,,4b88a2c6,NORMAL,0.0
2026-05-24T14:31:38.108799,64.62.x.x,bf2fd9a6a621b282,15446,0,NON_MAVLINK_PROBE,SCANNER,0,,4596cd6a,NORMAL,0.0
2026-05-24T14:32:12.449685,66.132.x.x,69242599cd82a5a8,14202,0,NON_MAVLINK_PROBE,SCANNER,0,,b5b74884,NORMAL,0.0
2026-05-24T14:32:13.530498,66.132.x.x,69242599cd82a5a8,14224,0,NON_MAVLINK_PROBE,SCANNER,0,,ff4a666f,NORMAL,0.0
2026-05-24T14:32:17.414037,66.132.x.x,69242599cd82a5a8,14240,0,NON_MAVLINK_PROBE,SCANNER,0,,4110368c,NORMAL,0.0
2026-05-24T14:32:59.276603,66.132.x.x,ffb3ef540bf4a428,4480,0,NON_MAVLINK_PROBE,SCANNER,0,,c7e2fcab,NORMAL,0.0
2026-05-24T14:32:59.814351,66.132.x.x,69242599cd82a5a8,14660,0,NON_MAVLINK_PROBE,SCANNER,0,,eeef3523,NORMAL,0.0
2026-05-24T14:33:07.948935,66.132.x.x,ffb3ef540bf4a428,11738,4,UNKNOWN_4,UNKNOWN,3,bf8df923915206003905,26524122,NORMAL,0.2
2026-05-24T14:33:08.117540,66.132.x.x,69242599cd82a5a8,3918,0,NON_MAVLINK_PROBE,SCANNER,0,,934e36d7,NORMAL,0.0
2026-05-24T14:33:17.716971,66.132.x.x,ffb3ef540bf4a428,32120,0,NON_MAVLINK_PROBE,SCANNER,0,,8485afd1,NORMAL,0.0
2026-05-24T14:33:38.051809,66.132.x.x,4ebb30bb2715da0c,32094,0,NON_MAVLINK_PROBE,SCANNER,0,,54f680a0,NORMAL,0.0
2026-05-24T14:33:44.636237,66.132.x.x,4ebb30bb2715da0c,57562,4,UNKNOWN_4,UNKNOWN,3,f9b02c26915206003905,795fb4a4,NORMAL,0.2
2026-05-24T14:33:52.671039,66.132.x.x,4ebb30bb2715da0c,31114,0,NON_MAVLINK_PROBE,SCANNER,0,,a8cd9e3a,NORMAL,0.0
2026-05-24T15:00:16.833610,130.12.x.x,ad1a1d352a800c18,48888,0,NON_MAVLINK_PROBE,SCANNER,0,,08ed37b8,NORMAL,0.0
2026-05-24T15:04:23.585201,64.62.x.x,bd1a50a4bc97c9e7,2438,0,NON_MAVLINK_PROBE,SCANNER,0,,c2f15245,NORMAL,0.0
2026-05-24T15:15:10.151992,194.88.x.x,efe4ffd64e406bbe,3444,0,NON_MAVLINK_PROBE,SCANNER,0,,244c6770,NORMAL,0.0
2026-05-24T15:16:09.968561,69.5.x.x,ea20eec761182c34,9874,0,NON_MAVLINK_PROBE,SCANNER,0,,546e6a42,NORMAL,0.0
2026-05-24T15:20:34.391259,69.5.x.x,b327119eb67ad41b,8562,0,NON_MAVLINK_PROBE,SCANNER,0,,49691e9b,NORMAL,0.0
2026-05-24T15:20:54.131102,69.5.x.x,fa5a7dcf3c893b04,4492,0,NON_MAVLINK_PROBE,SCANNER,0,,6c30aca6,NORMAL,0.0
2026-05-24T15:32:12.108937,91.231.x.x,0893301cdf3930a3,53883,0,NON_MAVLINK_PROBE,SCANNER,0,,5e3d1967,NORMAL,0.0
2026-05-24T16:33:07.226088,45.79.x.x,d13d813592c10593,52354,0,NON_MAVLINK_PROBE,SCANNER,0,,1ebe0c66,NORMAL,0.0
2026-05-24T17:04:20.798757,167.94.x.x,c4a55d7e694a9bd2,54490,0,NON_MAVLINK_PROBE,SCANNER,0,,ac64634b,NORMAL,0.0
2026-05-24T17:04:24.219129,167.94.x.x,c4a55d7e694a9bd2,54594,4,UNKNOWN_4,UNKNOWN,3,c02ff740935206003905,ab90fe53,NORMAL,0.2
2026-05-24T17:04:32.705991,167.94.x.x,c4a55d7e694a9bd2,5902,0,NON_MAVLINK_PROBE,SCANNER,0,,54de066e,NORMAL,0.0
2026-05-24T18:06:15.503796,152.32.x.x,49919253289e1ce2,58358,0,NON_MAVLINK_PROBE,SCANNER,0,,4719cad2,NORMAL,0.0
2026-05-24T18:39:06.153158,165.154.x.x,3550545ebe52ea0b,59792,0,NON_MAVLINK_PROBE,SCANNER,0,,68202302,NORMAL,0.0
2026-05-24T19:00:04.261447,24.199.x.x,b9526c207733cae9,36600,0,NON_MAVLINK_PROBE,SCANNER,0,,9248e06a,NORMAL,0.0
2026-05-24T19:04:26.541871,185.242.x.x,33dc1795fb750a95,54546,0,NON_MAVLINK_PROBE,SCANNER,0,,4e77a243,NORMAL,0.0
2026-05-24T20:49:18.799948,45.79.x.x,ec042bc965d2d8c4,51287,0,NON_MAVLINK_PROBE,SCANNER,0,,22f5f213,NORMAL,0.0
2026-05-24T21:35:32.292677,45.79.x.x,1bc88b580d255894,42129,0,NON_MAVLINK_PROBE,SCANNER,0,,38a3f967,NORMAL,0.0
2026-05-24T22:10:51.973992,152.32.x.x,4e025ac938f7083f,34466,0,NON_MAVLINK_PROBE,SCANNER,0,,95917ddb,NORMAL,0.0
2026-05-24T22:11:02.376837,152.32.x.x,4e025ac938f7083f,36848,0,NON_MAVLINK_PROBE,SCANNER,0,,48546dc9,NORMAL,0.0
2026-05-24T23:35:53.392198,130.12.x.x,ad1a1d352a800c18,60422,0,NON_MAVLINK_PROBE,SCANNER,0,,9fe07569,NORMAL,0.0
2026-05-24T23:55:39.213990,194.88.x.x,4400850f0bfe261c,9030,0,NON_MAVLINK_PROBE,SCANNER,0,,38fe927c,NORMAL,0.0
2026-05-25T00:08:23.232543,69.5.x.x,965a04699eaa2597,9354,0,NON_MAVLINK_PROBE,SCANNER,0,,36de9fec,NORMAL,0.0
2026-05-25T00:13:48.318219,194.195.x.x,ab26c0f03687b368,52412,0,NON_MAVLINK_PROBE,SCANNER,0,,124f24d4,NORMAL,0.0
2026-05-25T00:20:17.130814,66.132.x.x,1a6c341b9ba587d3,47246,0,NON_MAVLINK_PROBE,SCANNER,0,,1ee4a964,NORMAL,0.0
2026-05-25T00:20:21.248775,66.132.x.x,1a6c341b9ba587d3,47322,4,UNKNOWN_4,UNKNOWN,3,b2070f58995206003905,82464ad5,NORMAL,0.2
2026-05-25T00:20:30.914217,66.132.x.x,1a6c341b9ba587d3,16062,0,NON_MAVLINK_PROBE,SCANNER,0,,b0c43064,NORMAL,0.0
2026-05-25T00:33:55.376911,69.5.x.x,373eb69b3ff406f7,3966,0,NON_MAVLINK_PROBE,SCANNER,0,,443cd262,NORMAL,0.0
2026-05-25T02:26:12.919704,69.5.x.x,640069eba99abe33,12588,0,NON_MAVLINK_PROBE,SCANNER,0,,c03daef2,NORMAL,0.0
2026-05-25T02:26:37.856168,69.5.x.x,ea20eec761182c34,7476,0,NON_MAVLINK_PROBE,SCANNER,0,,8653bbd3,NORMAL,0.0
2026-05-25T02:31:40.961719,69.5.x.x,9daa3e47db333475,2356,0,NON_MAVLINK_PROBE,SCANNER,0,,8552ec99,NORMAL,0.0
2026-05-25T02:32:09.995689,69.5.x.x,9adfb8fffe1a7636,15920,0,NON_MAVLINK_PROBE,SCANNER,0,,bff6701b,NORMAL,0.0
2026-05-25T02:38:58.840750,88.136.x.x,6f28401ea6a70d8a,55426,36,SERVO_OUTPUT_RAW,RECON,2,,52ebde96,NORMAL,0.2
2026-05-25T02:43:15.205212,88.136.x.x,6f28401ea6a70d8a,55426,149,UNKNOWN_149,UNKNOWN,3,9374ed38ab3f4bcc62f80e7b0b504fd700285ce9950fd85b7a0923dd9ebe8817ad623cff74b8d925242f5bf643dbc6241f99cc4c3b53610648197c66c610247796d96f8945d355b61be0e37e278eff8c290cede4398921c8ba45392da0b64080c12f334e4896238df410c75f6b368a6d57f68da6c8a0a3906b404dbd7f4b45133a56757fe427f1d3ff45b23ae15830c283f831fbb7fcbf44a8d917c09db6e55064e37ae9a2724f74,52ebde96,NORMAL,0.2
2026-05-25T05:58:24.383304,20.169.x.x,4873046921e114cd,58770,0,NON_MAVLINK_PROBE,SCANNER,0,,6bc9e6f5,NORMAL,0.0
2026-05-25T06:03:35.102684,199.45.x.x,d730683036f81efb,59072,0,NON_MAVLINK_PROBE,SCANNER,0,,c503e3c3,NORMAL,0.0
2026-05-25T06:03:40.090796,199.45.x.x,d730683036f81efb,59142,4,UNKNOWN_4,UNKNOWN,3,e2e2d6239e5206003905,016af990,NORMAL,0.2
2026-05-25T06:03:49.334557,199.45.x.x,d730683036f81efb,40006,0,NON_MAVLINK_PROBE,SCANNER,0,,55410541,NORMAL,0.0
2026-05-25T07:21:01.590080,195.96.x.x,70c08fdf2692c65a,51779,0,NON_MAVLINK_PROBE,SCANNER,0,,75f01e5f,NORMAL,0.0
2026-05-25T07:51:55.574246,130.12.x.x,ad1a1d352a800c18,42810,0,NON_MAVLINK_PROBE,SCANNER,0,,1e06a60b,NORMAL,0.0
2026-05-25T09:34:34.965904,184.105.x.x,c8497ad1b840a11e,60326,0,NON_MAVLINK_PROBE,SCANNER,0,,e8c1c25c,NORMAL,0.0
2026-05-25T09:42:52.389682,45.135.x.x,7cbef440f5c8ef02,40830,0,NON_MAVLINK_PROBE,SCANNER,0,,77e33838,NORMAL,0.0
2026-05-25T09:49:56.624006,152.32.x.x,5557a6c65b74d098,60670,0,NON_MAVLINK_PROBE,SCANNER,0,,d26cd010,NORMAL,0.0
2026-05-25T09:53:27.442063,152.32.x.x,5557a6c65b74d098,33852,0,NON_MAVLINK_PROBE,SCANNER,0,,296399ac,NORMAL,0.0
2026-05-25T14:01:11.311587,103.210.x.x,0e7382040bcfe359,54614,0,NON_MAVLINK_PROBE,SCANNER,0,,d9871d35,NORMAL,0.0
2026-05-25T14:04:20.287051,103.210.x.x,0e7382040bcfe359,56850,0,NON_MAVLINK_PROBE,SCANNER,0,,0a8c68a1,NORMAL,0.0
2026-05-25T14:23:04.556582,65.49.x.x,bbb8c8d4d4b2ea2a,30822,0,NON_MAVLINK_PROBE,SCANNER,0,,abde3286,NORMAL,0.0
2026-05-25T14:24:21.580141,167.71.x.x,c12f25414ac69b96,58779,0,NON_MAVLINK_PROBE,SCANNER,0,,571b08fe,NORMAL,0.0
2026-05-25T15:33:28.204192,66.132.x.x,4b330fe860145d96,40830,0,NON_MAVLINK_PROBE,SCANNER,0,,6da3a5f4,NORMAL,0.0
2026-05-25T15:33:33.774728,66.132.x.x,4b330fe860145d96,22958,4,UNKNOWN_4,UNKNOWN,3,7ea0ef19a65206003905,981e9d4f,NORMAL,0.2
2026-05-25T15:33:43.500294,66.132.x.x,4b330fe860145d96,22990,0,NON_MAVLINK_PROBE,SCANNER,0,,49bd2303,NORMAL,0.0
2026-05-25T16:17:12.713010,130.12.x.x,ad1a1d352a800c18,38906,0,NON_MAVLINK_PROBE,SCANNER,0,,88f4c499,NORMAL,0.0
2026-05-25T17:05:39.793229,64.225.x.x,da28a928585057e4,38189,0,NON_MAVLINK_PROBE,SCANNER,0,,28938d4b,NORMAL,0.0
2026-05-25T17:31:03.381860,66.132.x.x,a958a032e5970ed3,27326,0,NON_MAVLINK_PROBE,SCANNER,0,,1a426c07,NORMAL,0.0
2026-05-25T17:31:11.724856,66.132.x.x,a958a032e5970ed3,27410,4,UNKNOWN_4,UNKNOWN,3,bd869dbea75206003905,9190423a,NORMAL,0.2
2026-05-25T17:31:19.876674,66.132.x.x,a958a032e5970ed3,5828,0,NON_MAVLINK_PROBE,SCANNER,0,,6191a978,NORMAL,0.0
2026-05-25T17:56:15.224971,91.230.x.x,453cf8ed4f1d7bf1,38315,0,NON_MAVLINK_PROBE,SCANNER,0,,bbee56ee,NORMAL,0.0
2026-05-25T18:07:37.157460,152.32.x.x,016970c508ac8739,50396,0,NON_MAVLINK_PROBE,SCANNER,0,,a307cf07,NORMAL,0.0
2026-05-25T18:20:55.927248,91.230.x.x,93cd637c44ff45a1,42019,0,NON_MAVLINK_PROBE,SCANNER,0,,cc8385e6,NORMAL,0.0
2026-05-25T18:35:54.389106,165.154.x.x,adfe2998165ba35b,44524,0,NON_MAVLINK_PROBE,SCANNER,0,,e15f853e,NORMAL,0.0
2026-05-25T19:26:29.602819,173.255.x.x,aca04b2aad378df2,52169,0,NON_MAVLINK_PROBE,SCANNER,0,,b525400a,NORMAL,0.0
2026-05-25T20:05:44.193157,69.164.x.x,9e9c13113bf8c643,34146,0,NON_MAVLINK_PROBE,SCANNER,0,,e1a0d237,NORMAL,0.0
2026-05-25T20:10:14.336374,45.33.x.x,81107a2c7f4fb18b,36520,0,NON_MAVLINK_PROBE,SCANNER,0,,8a827f04,NORMAL,0.0
2026-05-25T21:02:25.064333,45.79.x.x,e259006ed454fbf8,56151,0,NON_MAVLINK_PROBE,SCANNER,0,,1ebcde9c,NORMAL,0.0
2026-05-25T21:05:24.993381,45.79.x.x,fbe3b56714d8acbf,39973,0,NON_MAVLINK_PROBE,SCANNER,0,,fe163ecc,NORMAL,0.0
2026-05-25T21:14:39.656806,172.232.x.x,28930672c07fe243,58770,0,NON_MAVLINK_PROBE,SCANNER,0,,6fb9d0bf,NORMAL,0.0
2026-05-25T21:14:51.652815,172.232.x.x,28930672c07fe243,37550,0,NON_MAVLINK_PROBE,SCANNER,0,,94f69835,NORMAL,0.0
2026-05-25T21:14:55.716018,172.232.x.x,28930672c07fe243,45952,0,NON_MAVLINK_PROBE,SCANNER,0,,c938c055,NORMAL,0.0
2026-05-25T21:15:07.705444,172.232.x.x,28930672c07fe243,45236,0,NON_MAVLINK_PROBE,SCANNER,0,,9967dd16,NORMAL,0.0
2026-05-25T23:02:11.422426,88.214.x.x,6c0d413bc9fe1fc3,2337,0,NON_MAVLINK_PROBE,SCANNER,0,,21bc900b,NORMAL,0.0
2026-05-26T00:35:54.236411,66.132.x.x,575d0e91b299fc4e,24874,0,NON_MAVLINK_PROBE,SCANNER,0,,2b076fd3,NORMAL,0.0
2026-05-26T00:36:00.743989,66.132.x.x,575d0e91b299fc4e,24882,4,UNKNOWN_4,UNKNOWN,3,b3c5e2adad5206003905,c7516b52,NORMAL,0.2
2026-05-26T00:36:08.577683,66.132.x.x,575d0e91b299fc4e,1282,0,NON_MAVLINK_PROBE,SCANNER,0,,9ba97f83,NORMAL,0.0
2026-05-26T00:49:40.225053,130.12.x.x,ad1a1d352a800c18,39870,0,NON_MAVLINK_PROBE,SCANNER,0,,a087341c,NORMAL,0.0
2026-05-26T03:47:26.574720,101.36.x.x,67be5624dadeaa65,46802,0,NON_MAVLINK_PROBE,SCANNER,0,,8c07dd80,NORMAL,0.0
2026-05-26T04:26:35.935138,45.82.x.x,c444589278402757,43604,0,NON_MAVLINK_PROBE,SCANNER,0,,3fc9adf4,NORMAL,0.0
2026-05-26T04:26:36.101895,45.82.x.x,c444589278402757,43620,0,NON_MAVLINK_PROBE,SCANNER,0,,a5a497bd,NORMAL,0.0
2026-05-26T04:51:18.825751,31.56.x.x,39ef6ffb1b3f2eda,60150,0,NON_MAVLINK_PROBE,SCANNER,0,,896b6d42,NORMAL,0.0
2026-05-26T05:52:53.352279,45.156.x.x,daa3b5b4f4c47254,52718,0,NON_MAVLINK_PROBE,SCANNER,0,,462f8b8f,NORMAL,0.0
2026-05-26T05:53:04.859760,45.156.x.x,e95102ddbaa791a7,60064,0,NON_MAVLINK_PROBE,SCANNER,0,,0248805f,NORMAL,0.0
2026-05-26T05:53:20.561176,45.156.x.x,682308b614a8ad69,45014,0,NON_MAVLINK_PROBE,SCANNER,0,,30e852f9,NORMAL,0.0
2026-05-26T05:53:53.636060,45.156.x.x,daa3b5b4f4c47254,43064,0,NON_MAVLINK_PROBE,SCANNER,0,,230abe13,NORMAL,0.0
2026-05-26T06:20:54.854607,185.15.x.x,5e13293dc1533df4,32555,0,NON_MAVLINK_PROBE,SCANNER,0,,59b0df58,NORMAL,0.0
2026-05-26T06:33:46.564819,66.132.x.x,6f75eb3d1dc54c3b,17206,0,NON_MAVLINK_PROBE,SCANNER,0,,f907dcfc,NORMAL,0.0
2026-05-26T06:33:53.224681,66.132.x.x,6f75eb3d1dc54c3b,40714,4,UNKNOWN_4,UNKNOWN,3,51e0bdadb25206003905,96610d82,NORMAL,0.2
2026-05-26T06:34:05.226164,66.132.x.x,6f75eb3d1dc54c3b,36264,0,NON_MAVLINK_PROBE,SCANNER,0,,3e2d5a13,NORMAL,0.0
2026-05-26T07:09:51.811376,66.132.x.x,dc61244cbe287efa,15892,0,NON_MAVLINK_PROBE,SCANNER,0,,56a9f2d9,NORMAL,0.0
2026-05-26T07:09:52.340880,66.132.x.x,dc61244cbe287efa,15912,0,NON_MAVLINK_PROBE,SCANNER,0,,0eeebc68,NORMAL,0.0
2026-05-26T07:09:56.191923,66.132.x.x,dc61244cbe287efa,16952,0,NON_MAVLINK_PROBE,SCANNER,0,,05c12379,NORMAL,0.0
2026-05-26T07:10:02.665816,66.132.x.x,dc61244cbe287efa,16988,4,UNKNOWN_4,UNKNOWN,3,d5980f2fb35206003905,d94eccdb,NORMAL,0.2
2026-05-26T07:10:17.138703,66.132.x.x,dc61244cbe287efa,16502,0,NON_MAVLINK_PROBE,SCANNER,0,,1507354e,NORMAL,0.0
2026-05-26T08:58:59.558539,37.77.x.x,0513db833b8be5ab,63192,0,NON_MAVLINK_PROBE,SCANNER,0,,d2ca7790,NORMAL,0.0
2026-05-26T09:14:49.002189,37.77.x.x,0513db833b8be5ab,65516,0,NON_MAVLINK_PROBE,SCANNER,0,,779595cb,NORMAL,0.0
2026-05-26T09:15:42.054780,130.12.x.x,ad1a1d352a800c18,46022,0,NON_MAVLINK_PROBE,SCANNER,0,,c0410c53,NORMAL,0.0
2026-05-26T09:17:20.142445,91.196.x.x,f6c6558b7bf8e0ad,55621,0,NON_MAVLINK_PROBE,SCANNER,0,,12b48c8e,NORMAL,0.0
2026-05-26T09:26:06.861922,27.38.x.x,f9907a097d08eff6,61113,0,NON_MAVLINK_PROBE,SCANNER,0,,1173a33d,NORMAL,0.0
2026-05-26T11:07:27.299921,124.164.x.x,9eb003204fc7e649,57478,0,NON_MAVLINK_PROBE,SCANNER,0,,cb3f821f,NORMAL,0.0
2026-05-26T11:32:03.606060,184.168.x.x,975cd9141269822f,34143,0,NON_MAVLINK_PROBE,SCANNER,0,,5afe21c4,NORMAL,0.0
2026-05-26T11:55:43.838941,199.45.x.x,59128818b5872312,44692,0,NON_MAVLINK_PROBE,SCANNER,0,,c2cc53b9,NORMAL,0.0
2026-05-26T11:55:47.685552,199.45.x.x,59128818b5872312,44774,4,UNKNOWN_4,UNKNOWN,3,9dd9f82cb75206003905,cda98eba,NORMAL,0.2
2026-05-26T11:55:56.242075,199.45.x.x,59128818b5872312,58464,0,NON_MAVLINK_PROBE,SCANNER,0,,98fbfc2b,NORMAL,0.0
2026-05-26T12:01:41.248393,20.163.x.x,429ea49d1f016bcd,35778,0,NON_MAVLINK_PROBE,SCANNER,0,,fd0e4f11,NORMAL,0.0
2026-05-26T12:09:52.688857,65.49.x.x,3ba1f842d0dd0893,51252,0,NON_MAVLINK_PROBE,SCANNER,0,,1532f675,NORMAL,0.0
2026-05-26T13:18:11.231540,64.62.x.x,92b3c9d4cb299137,54324,0,NON_MAVLINK_PROBE,SCANNER,0,,ab7d0611,NORMAL,0.0
2026-05-26T14:44:19.963878,77.72.x.x,10641131034e0fab,54450,0,NON_MAVLINK_PROBE,SCANNER,0,,4e29ea10,NORMAL,0.0
2026-05-26T14:44:35.724046,77.72.x.x,10641131034e0fab,51358,0,NON_MAVLINK_PROBE,SCANNER,0,,f18a906a,NORMAL,0.0
2026-05-26T17:35:57.559718,130.12.x.x,ad1a1d352a800c18,43442,0,NON_MAVLINK_PROBE,SCANNER,0,,9d003116,NORMAL,0.0
2026-05-26T17:51:10.860574,87.236.x.x,2aa5907c196bc4b1,55247,0,NON_MAVLINK_PROBE,SCANNER,0,,ef4ee7f9,NORMAL,0.0
2026-05-26T18:06:52.729772,152.32.x.x,130c5544145a4fed,38458,0,NON_MAVLINK_PROBE,SCANNER,0,,96ce136a,NORMAL,0.0
2026-05-26T18:30:36.915586,66.132.x.x,8eb35d79bd0a625a,54394,0,NON_MAVLINK_PROBE,SCANNER,0,,e141f66d,NORMAL,0.0
2026-05-26T18:30:40.764940,66.132.x.x,8eb35d79bd0a625a,14680,4,UNKNOWN_4,UNKNOWN,3,6d4332b1bc5206003905,a7de85cc,NORMAL,0.2
2026-05-26T18:30:49.506434,66.132.x.x,8eb35d79bd0a625a,14710,0,NON_MAVLINK_PROBE,SCANNER,0,,0bd6dc18,NORMAL,0.0
2026-05-26T18:39:03.443124,152.32.x.x,9423914c4ea24702,50840,0,NON_MAVLINK_PROBE,SCANNER,0,,57f7dac0,NORMAL,0.0
2026-05-26T19:43:50.179513,45.142.x.x,49eb84645e1248ca,41688,0,NON_MAVLINK_PROBE,SCANNER,0,,12c32f89,NORMAL,0.0
2026-05-26T19:43:52.927975,45.142.x.x,49eb84645e1248ca,41976,0,NON_MAVLINK_PROBE,SCANNER,0,,f1c6e0dd,NORMAL,0.0
2026-05-26T20:00:07.443395,87.236.x.x,ecefdf5075229feb,54777,0,NON_MAVLINK_PROBE,SCANNER,0,,386241e8,NORMAL,0.0
2026-05-26T20:12:10.255450,60.191.x.x,0c462e523e90f3bb,57306,0,NON_MAVLINK_PROBE,SCANNER,0,,411975b9,NORMAL,0.0
2026-05-26T22:33:59.514658,45.33.x.x,6bc9470de6a483f5,54759,0,NON_MAVLINK_PROBE,SCANNER,0,,39d0ef63,NORMAL,0.0
2026-05-26T22:54:44.765582,43.228.x.x,fdcdfd9f3cebf607,8154,0,NON_MAVLINK_PROBE,SCANNER,0,,8b235367,NORMAL,0.0
2026-05-26T23:53:30.982912,138.197.x.x,c7decbfe56dd552e,59926,0,NON_MAVLINK_PROBE,SCANNER,0,,c54b8219,NORMAL,0.0
2026-05-27T00:09:57.936671,77.83.x.x,f54b1fe8f1bb1ae2,32883,0,NON_MAVLINK_PROBE,SCANNER,0,,645bac60,NORMAL,0.0
2026-05-27T00:58:40.443193,109.123.x.x,10f5f3084d345f5b,40358,0,NON_MAVLINK_PROBE,SCANNER,0,,d9fd30f9,NORMAL,0.0
2026-05-27T00:58:41.538067,109.123.x.x,10f5f3084d345f5b,34230,0,NON_MAVLINK_PROBE,SCANNER,0,,ac8c4519,NORMAL,0.0
2026-05-27T00:58:42.381532,109.123.x.x,10f5f3084d345f5b,35674,0,NON_MAVLINK_PROBE,SCANNER,0,,009fb4e3,NORMAL,0.0
2026-05-27T00:58:43.275321,109.123.x.x,10f5f3084d345f5b,37082,0,NON_MAVLINK_PROBE,SCANNER,0,,0546a462,NORMAL,0.0
2026-05-27T00:58:44.207289,109.123.x.x,10f5f3084d345f5b,42332,0,NON_MAVLINK_PROBE,SCANNER,0,,56a54556,NORMAL,0.0
2026-05-27T00:59:09.601718,109.123.x.x,10f5f3084d345f5b,54790,0,NON_MAVLINK_PROBE,SCANNER,0,,5560d3cc,NORMAL,0.0
2026-05-27T00:59:26.974483,109.123.x.x,10f5f3084d345f5b,49520,0,NON_MAVLINK_PROBE,SCANNER,0,,bdc603e8,NORMAL,0.0
2026-05-27T01:32:40.648391,66.132.x.x,e62e977062b1a299,16422,0,NON_MAVLINK_PROBE,SCANNER,0,,2a2a1de9,NORMAL,0.0
2026-05-27T01:32:48.343177,66.132.x.x,e62e977062b1a299,36092,4,UNKNOWN_4,UNKNOWN,3,5d1fd496c25206003905,294fec63,NORMAL,0.2
2026-05-27T01:32:59.482666,66.132.x.x,e62e977062b1a299,36106,0,NON_MAVLINK_PROBE,SCANNER,0,,f464ae54,NORMAL,0.0
2026-05-27T01:57:00.993914,130.12.x.x,ad1a1d352a800c18,52386,0,NON_MAVLINK_PROBE,SCANNER,0,,a0988e94,NORMAL,0.0
2026-05-27T02:11:40.632339,77.72.x.x,10641131034e0fab,57018,0,NON_MAVLINK_PROBE,SCANNER,0,,a84f4fcc,NORMAL,0.0
2026-05-27T02:12:05.882815,77.72.x.x,10641131034e0fab,47092,0,NON_MAVLINK_PROBE,SCANNER,0,,7d6131be,NORMAL,0.0
2026-05-27T02:23:54.790878,45.135.x.x,7cbef440f5c8ef02,37740,0,NON_MAVLINK_PROBE,SCANNER,0,,9f815a1b,NORMAL,0.0
2026-05-27T03:43:15.596402,138.197.x.x,c7decbfe56dd552e,42804,0,NON_MAVLINK_PROBE,SCANNER,0,,917c759b,NORMAL,0.0
2026-05-27T07:47:14.888397,66.132.x.x,a4cdcdd87413062d,41958,0,NON_MAVLINK_PROBE,SCANNER,0,,30dc4b43,NORMAL,0.0
2026-05-27T07:47:15.919258,66.132.x.x,a4cdcdd87413062d,41974,0,NON_MAVLINK_PROBE,SCANNER,0,,bb6db42d,NORMAL,0.0
2026-05-27T07:47:20.678035,66.132.x.x,a4cdcdd87413062d,41976,0,NON_MAVLINK_PROBE,SCANNER,0,,c4962e6d,NORMAL,0.0
2026-05-27T07:47:25.202522,66.132.x.x,a4cdcdd87413062d,33856,4,UNKNOWN_4,UNKNOWN,3,90ef90d2c75206003905,7458b9b2,NORMAL,0.2
2026-05-27T07:47:34.889860,66.132.x.x,a4cdcdd87413062d,33870,0,NON_MAVLINK_PROBE,SCANNER,0,,9398b060,NORMAL,0.0
2026-05-27T10:05:00.802186,130.12.x.x,ad1a1d352a800c18,35684,0,NON_MAVLINK_PROBE,SCANNER,0,,771567ce,NORMAL,0.0
2026-05-27T10:11:56.946838,107.150.x.x,38ea7f5717ff0d63,39634,0,NON_MAVLINK_PROBE,SCANNER,0,,c8ccb850,NORMAL,0.0
2026-05-27T10:29:19.627162,43.228.x.x,407ec62cfc5a96be,56194,0,NON_MAVLINK_PROBE,SCANNER,0,,9da81f06,NORMAL,0.0
2026-05-27T12:31:41.258369,66.132.x.x,febbb707c8ac75e9,6246,0,NON_MAVLINK_PROBE,SCANNER,0,,d22ca3f4,NORMAL,0.0
2026-05-27T12:31:47.566254,66.132.x.x,febbb707c8ac75e9,64780,4,UNKNOWN_4,UNKNOWN,3,3c3f8dcbcb5206003905,fda37a5b,NORMAL,0.2
2026-05-27T12:31:57.993778,66.132.x.x,febbb707c8ac75e9,63604,0,NON_MAVLINK_PROBE,SCANNER,0,,ced43d2a,NORMAL,0.0
2026-05-27T12:32:19.457818,66.132.x.x,b6a699b6aedea967,18766,0,NON_MAVLINK_PROBE,SCANNER,0,,c8fea510,NORMAL,0.0
2026-05-27T12:32:27.655619,66.132.x.x,b6a699b6aedea967,61224,4,UNKNOWN_4,UNKNOWN,3,f18ef2cdcb5206003905,dbd98a3c,NORMAL,0.2
2026-05-27T12:32:39.280048,66.132.x.x,b6a699b6aedea967,52268,0,NON_MAVLINK_PROBE,SCANNER,0,,aec10fa4,NORMAL,0.0
2026-05-27T12:32:49.041553,66.132.x.x,e6efbd07ba588cb8,40684,0,NON_MAVLINK_PROBE,SCANNER,0,,f8b294f3,NORMAL,0.0
2026-05-27T12:32:56.877112,66.132.x.x,e6efbd07ba588cb8,40688,4,UNKNOWN_4,UNKNOWN,3,df44aecfcb5206003905,78dd6f03,NORMAL,0.2
2026-05-27T12:33:09.142738,66.132.x.x,e6efbd07ba588cb8,56780,0,NON_MAVLINK_PROBE,SCANNER,0,,73949951,NORMAL,0.0
2026-05-27T13:50:04.467934,65.49.x.x,2411812615d1863a,42190,0,NON_MAVLINK_PROBE,SCANNER,0,,ec6402f1,NORMAL,0.0
2026-05-27T13:50:24.844878,64.62.x.x,717c835f3c1a2eaf,32994,0,NON_MAVLINK_PROBE,SCANNER,0,,e6a9ead5,NORMAL,0.0
2026-05-27T14:04:31.818230,199.45.x.x,9e2d349e97daabb6,21666,0,NON_MAVLINK_PROBE,SCANNER,0,,dd422b07,NORMAL,0.0
2026-05-27T14:04:36.001862,199.45.x.x,9e2d349e97daabb6,49312,4,UNKNOWN_4,UNKNOWN,3,10c67717cd5206003905,1dfd3e0e,NORMAL,0.2
2026-05-27T14:04:46.292978,199.45.x.x,9e2d349e97daabb6,49336,0,NON_MAVLINK_PROBE,SCANNER,0,,6e497c2b,NORMAL,0.0
2026-05-27T14:48:36.364019,20.65.x.x,e378de4313bce6cd,53676,0,NON_MAVLINK_PROBE,SCANNER,0,,173c88bd,NORMAL,0.0
2026-05-27T18:07:29.712710,152.32.x.x,9ba256b07159cc09,47898,0,NON_MAVLINK_PROBE,SCANNER,0,,1f54a396,NORMAL,0.0
2026-05-27T18:19:32.065724,130.12.x.x,ad1a1d352a800c18,57766,0,NON_MAVLINK_PROBE,SCANNER,0,,5096959c,NORMAL,0.0
2026-05-27T18:41:15.229378,107.170.x.x,436054d0598cdb27,37738,0,NON_MAVLINK_PROBE,SCANNER,0,,80a8e5e1,NORMAL,0.0
2026-05-27T18:53:10.132311,152.32.x.x,64bc58017c4452f5,37590,0,NON_MAVLINK_PROBE,SCANNER,0,,0db4fbdd,NORMAL,0.0
2026-05-27T19:07:22.292548,45.33.x.x,3552346abdeadd7c,55968,0,NON_MAVLINK_PROBE,SCANNER,0,,6cfd1f39,NORMAL,0.0
2026-05-27T19:26:21.077497,45.79.x.x,c31f641dc3ebbb0f,53410,0,NON_MAVLINK_PROBE,SCANNER,0,,b0e5a001,NORMAL,0.0
2026-05-27T19:30:56.848799,66.132.x.x,c9f7fab21a65941d,13438,0,NON_MAVLINK_PROBE,SCANNER,0,,7c73c490,NORMAL,0.0
2026-05-27T19:31:02.753234,66.132.x.x,c9f7fab21a65941d,30770,4,UNKNOWN_4,UNKNOWN,3,9f67eea6d15206003905,0f9dcfad,NORMAL,0.2
2026-05-27T19:31:11.842254,66.132.x.x,c9f7fab21a65941d,30780,0,NON_MAVLINK_PROBE,SCANNER,0,,3f2e2c9d,NORMAL,0.0
2026-05-27T19:48:17.745591,199.45.x.x,6eed015d53306ce9,46382,0,NON_MAVLINK_PROBE,SCANNER,0,,fb6fd8fa,NORMAL,0.0
2026-05-27T19:48:23.340012,199.45.x.x,6eed015d53306ce9,47434,4,UNKNOWN_4,UNKNOWN,3,8394f5e4d15206003905,fd6cedab,NORMAL,0.2
2026-05-27T19:48:33.582003,199.45.x.x,6eed015d53306ce9,47484,0,NON_MAVLINK_PROBE,SCANNER,0,,55510e7f,NORMAL,0.0
2026-05-27T19:59:30.961354,45.79.x.x,d0a1e9eafbed515a,40531,0,NON_MAVLINK_PROBE,SCANNER,0,,ca5a8c88,NORMAL,0.0
2026-05-27T20:11:14.876001,8.216.x.x,7aee3d1177a41357,50526,0,NON_MAVLINK_PROBE,SCANNER,0,,af0b7d23,NORMAL,0.0
2026-05-27T21:09:40.255236,109.123.x.x,10f5f3084d345f5b,35854,0,NON_MAVLINK_PROBE,SCANNER,0,,9eb2f3cc,NORMAL,0.0
2026-05-27T22:11:03.294524,195.96.x.x,a3aad1edf26e7cd0,38713,0,NON_MAVLINK_PROBE,SCANNER,0,,1261b4dc,NORMAL,0.0
2026-05-27T22:31:00.998153,185.252.x.x,68b06300f9037104,36448,0,NON_MAVLINK_PROBE,SCANNER,0,,e758a4f5,NORMAL,0.0
2026-05-27T23:57:08.901682,185.252.x.x,68b06300f9037104,44498,0,NON_MAVLINK_PROBE,SCANNER,0,,a45e60ef,NORMAL,0.0
2026-05-28T00:01:33.556577,194.195.x.x,ab26c0f03687b368,60428,0,NON_MAVLINK_PROBE,SCANNER,0,,6041cc51,NORMAL,0.0
2026-05-28T00:04:50.753181,167.94.x.x,74652333f78676b8,45396,0,NON_MAVLINK_PROBE,SCANNER,0,,f39b9740,NORMAL,0.0
2026-05-28T00:04:56.696590,167.94.x.x,74652333f78676b8,45536,4,UNKNOWN_4,UNKNOWN,3,7951797ad55206003905,c17675ed,NORMAL,0.2
2026-05-28T00:05:04.321936,167.94.x.x,74652333f78676b8,50638,0,NON_MAVLINK_PROBE,SCANNER,0,,616ebb12,NORMAL,0.0
2026-05-28T01:04:39.194138,194.195.x.x,ab26c0f03687b368,43439,0,NON_MAVLINK_PROBE,SCANNER,0,,b792f38f,NORMAL,0.0
2026-05-28T01:14:13.826583,122.43.x.x,7432c8a2ccd26484,58400,0,NON_MAVLINK_PROBE,SCANNER,0,,508a6f33,NORMAL,0.0
2026-05-28T01:17:48.221985,109.123.x.x,10f5f3084d345f5b,57446,0,NON_MAVLINK_PROBE,SCANNER,0,,130c94d4,NORMAL,0.0
2026-05-28T01:42:51.182215,162.243.x.x,d695a02b4000dedd,58678,0,NON_MAVLINK_PROBE,SCANNER,0,,9e4d3b38,NORMAL,0.0
2026-05-28T02:18:31.707627,195.96.x.x,3824771a60a14f0c,56767,0,NON_MAVLINK_PROBE,SCANNER,0,,55a9879b,NORMAL,0.0
2026-05-28T02:30:37.541583,66.132.x.x,ec012b601ddc0402,57208,0,NON_MAVLINK_PROBE,SCANNER,0,,b2a15370,NORMAL,0.0
2026-05-28T02:30:40.979195,66.132.x.x,ec012b601ddc0402,57242,4,UNKNOWN_4,UNKNOWN,3,feb7a783d75206003905,a5809dc7,NORMAL,0.2
2026-05-28T02:30:49.722185,66.132.x.x,ec012b601ddc0402,14100,0,NON_MAVLINK_PROBE,SCANNER,0,,5cdf57f1,NORMAL,0.0
2026-05-28T02:31:40.176694,130.12.x.x,ad1a1d352a800c18,57092,0,NON_MAVLINK_PROBE,SCANNER,0,,97310bbf,NORMAL,0.0
2026-05-28T02:37:15.490686,45.156.x.x,6db5861ba2a2dcb1,59894,0,NON_MAVLINK_PROBE,SCANNER,0,,7f7c70dc,NORMAL,0.0
2026-05-28T03:46:04.135823,216.180.x.x,954b803d26193540,21746,0,NON_MAVLINK_PROBE,SCANNER,0,,452f7f23,NORMAL,0.0
2026-05-28T03:46:39.740441,216.180.x.x,954b803d26193540,21746,0,NON_MAVLINK_PROBE,SCANNER,0,,65d79b97,NORMAL,0.0
2026-05-28T03:55:02.332339,211.90.x.x,f3d77f1052ca0c7c,60886,0,NON_MAVLINK_PROBE,SCANNER,0,,50830def,NORMAL,0.0
2026-05-28T05:33:11.728937,109.123.x.x,10f5f3084d345f5b,40412,0,NON_MAVLINK_PROBE,SCANNER,0,,fe1f1afc,NORMAL,0.0
2026-05-28T08:28:31.624694,45.156.x.x,23025a80d21db7d5,46918,0,NON_MAVLINK_PROBE,SCANNER,0,,5c2a093a,NORMAL,0.0
2026-05-28T10:02:53.337695,185.252.x.x,68b06300f9037104,59324,0,NON_MAVLINK_PROBE,SCANNER,0,,0dbcf6ce,NORMAL,0.0
2026-05-28T10:20:13.965788,58.19.x.x,1d5d807dc6dcf172,50308,0,NON_MAVLINK_PROBE,SCANNER,0,,70e2e26b,NORMAL,0.0
2026-05-28T10:27:45.311554,185.252.x.x,68b06300f9037104,38984,0,NON_MAVLINK_PROBE,SCANNER,0,,148752ef,NORMAL,0.0
2026-05-28T10:31:25.424865,185.252.x.x,68b06300f9037104,50978,0,NON_MAVLINK_PROBE,SCANNER,0,,b9e9e9ec,NORMAL,0.0
2026-05-28T10:43:10.782680,130.12.x.x,ad1a1d352a800c18,33672,0,NON_MAVLINK_PROBE,SCANNER,0,,02f8e90c,NORMAL,0.0
2026-05-28T10:53:08.517157,91.230.x.x,af3f55a0b1f940f5,38685,0,NON_MAVLINK_PROBE,SCANNER,0,,6395d26c,NORMAL,0.0
2026-05-28T12:27:02.162180,216.218.x.x,3723117a7addaa4d,64454,0,NON_MAVLINK_PROBE,SCANNER,0,,84aaac1c,NORMAL,0.0
2026-05-28T12:27:29.308160,64.62.x.x,86ad0443fb07a7ef,43788,0,NON_MAVLINK_PROBE,SCANNER,0,,061d25ef,NORMAL,0.0
2026-05-28T12:42:03.926191,135.119.x.x,9029d7e70d6bb619,44652,0,NON_MAVLINK_PROBE,SCANNER,0,,b4ccd389,NORMAL,0.0
2026-05-28T14:01:32.357113,176.65.x.x,3caaee43e61f0c4c,38562,0,NON_MAVLINK_PROBE,SCANNER,0,,8a94ccc7,NORMAL,0.0
2026-05-28T14:45:44.170160,66.132.x.x,7509767b440a2689,51568,0,NON_MAVLINK_PROBE,SCANNER,0,,25abf368,NORMAL,0.0
2026-05-28T14:45:48.285216,66.132.x.x,7509767b440a2689,38950,4,UNKNOWN_4,UNKNOWN,3,e93dabc8e15206003905,62cccad4,NORMAL,0.2
2026-05-28T14:45:57.918249,66.132.x.x,7509767b440a2689,38984,0,NON_MAVLINK_PROBE,SCANNER,0,,b89ba61b,NORMAL,0.0
2026-05-28T18:05:49.039664,152.32.x.x,2b38be4c2f372bc6,36274,0,NON_MAVLINK_PROBE,SCANNER,0,,3f6a0860,NORMAL,0.0
2026-05-28T18:21:14.377078,69.5.x.x,6a6afb4d9030a7c1,6380,0,NON_MAVLINK_PROBE,SCANNER,0,,f65879d2,NORMAL,0.0
2026-05-28T18:23:05.798019,69.5.x.x,7ff1e6c22def134e,2792,0,NON_MAVLINK_PROBE,SCANNER,0,,6b80dbb3,NORMAL,0.0
2026-05-28T18:23:45.630544,69.5.x.x,e43afa734367d766,53982,0,NON_MAVLINK_PROBE,SCANNER,0,,d6f817d7,NORMAL,0.0
2026-05-28T18:40:12.393860,128.14.x.x,420c9b13d7fcfd93,37062,0,NON_MAVLINK_PROBE,SCANNER,0,,b15aa6d1,NORMAL,0.0
2026-05-28T18:42:08.064212,109.123.x.x,10f5f3084d345f5b,37636,0,NON_MAVLINK_PROBE,SCANNER,0,,4c7b9068,NORMAL,0.0
2026-05-28T19:08:43.274587,130.12.x.x,ad1a1d352a800c18,52292,0,NON_MAVLINK_PROBE,SCANNER,0,,70ccf6cd,NORMAL,0.0
2026-05-28T19:26:59.411737,69.5.x.x,9d86008b9603c62a,13058,0,NON_MAVLINK_PROBE,SCANNER,0,,ed6e2c86,NORMAL,0.0
2026-05-28T20:15:11.263808,194.88.x.x,ddda65c438481647,40627,0,NON_MAVLINK_PROBE,SCANNER,0,,b245eb8a,NORMAL,0.0
2026-05-28T20:15:31.161786,91.231.x.x,30c05d0ca2d0307f,54451,0,NON_MAVLINK_PROBE,SCANNER,0,,54f117bf,NORMAL,0.0
2026-05-28T20:20:05.729781,109.123.x.x,10f5f3084d345f5b,54182,0,NON_MAVLINK_PROBE,SCANNER,0,,9ab31109,NORMAL,0.0
2026-05-28T20:32:25.414650,66.132.x.x,e62e977062b1a299,58430,0,NON_MAVLINK_PROBE,SCANNER,0,,1a01ad42,NORMAL,0.0
2026-05-28T20:32:33.983243,66.132.x.x,e62e977062b1a299,46078,4,UNKNOWN_4,UNKNOWN,3,b0fec8a0e65206003905,03252ba8,NORMAL,0.2
2026-05-28T20:32:41.938340,66.132.x.x,e62e977062b1a299,22002,0,NON_MAVLINK_PROBE,SCANNER,0,,9c8ee5d4,NORMAL,0.0
2026-05-28T21:09:46.669623,199.45.x.x,2aa45cc98efe5dca,51606,0,NON_MAVLINK_PROBE,SCANNER,0,,87ea8262,NORMAL,0.0
2026-05-28T21:09:49.897959,199.45.x.x,2aa45cc98efe5dca,51640,4,UNKNOWN_4,UNKNOWN,3,f6811026e75206003905,a607ba58,NORMAL,0.2
2026-05-28T21:09:58.416553,199.45.x.x,2aa45cc98efe5dca,52828,0,NON_MAVLINK_PROBE,SCANNER,0,,917b607f,NORMAL,0.0
2026-05-28T21:35:25.916752,45.33.x.x,6bc9470de6a483f5,58741,0,NON_MAVLINK_PROBE,SCANNER,0,,d3091ff0,NORMAL,0.0
2026-05-28T21:50:29.401106,45.82.x.x,0c493cf4ff6df237,44526,0,NON_MAVLINK_PROBE,SCANNER,0,,dfeabd78,NORMAL,0.0
2026-05-28T21:50:29.777962,45.82.x.x,0c493cf4ff6df237,44538,0,NON_MAVLINK_PROBE,SCANNER,0,,205a3b66,NORMAL,0.0
2026-05-28T22:23:55.433545,45.91.x.x,82929336d554cace,60021,0,NON_MAVLINK_PROBE,SCANNER,0,,c7b8e97f,NORMAL,0.0
2026-05-29T00:31:28.721997,66.132.x.x,11ebc110c418b0cf,54014,0,NON_MAVLINK_PROBE,SCANNER,0,,6a563bb9,NORMAL,0.0
2026-05-29T00:31:32.943686,66.132.x.x,11ebc110c418b0cf,13844,4,UNKNOWN_4,UNKNOWN,3,9b7271f7e95206003905,d8712ee6,NORMAL,0.2
2026-05-29T00:31:44.069515,66.132.x.x,11ebc110c418b0cf,13900,0,NON_MAVLINK_PROBE,SCANNER,0,,f5b10331,NORMAL,0.0
2026-05-29T00:31:56.497512,66.132.x.x,faeeb1ef6b46a67b,56102,0,NON_MAVLINK_PROBE,SCANNER,0,,619b0d05,NORMAL,0.0
2026-05-29T00:31:57.154089,66.132.x.x,faeeb1ef6b46a67b,56138,0,NON_MAVLINK_PROBE,SCANNER,0,,09eb8a02,NORMAL,0.0
2026-05-29T00:32:01.101841,66.132.x.x,faeeb1ef6b46a67b,56152,0,NON_MAVLINK_PROBE,SCANNER,0,,5bde0fa2,NORMAL,0.0
2026-05-29T00:32:08.865401,66.132.x.x,faeeb1ef6b46a67b,23730,4,UNKNOWN_4,UNKNOWN,3,579295f9e95206003905,105021a5,NORMAL,0.2
2026-05-29T00:32:21.211964,66.132.x.x,faeeb1ef6b46a67b,9580,0,NON_MAVLINK_PROBE,SCANNER,0,,b18a89b3,NORMAL,0.0
2026-05-29T00:33:01.873638,66.132.x.x,12f8d20922244e2e,13516,0,NON_MAVLINK_PROBE,SCANNER,0,,0f792b34,NORMAL,0.0
2026-05-29T00:33:12.518131,66.132.x.x,12f8d20922244e2e,13536,0,NON_MAVLINK_PROBE,SCANNER,0,,c6f3ef5f,NORMAL,0.0
2026-05-29T00:33:23.881692,66.132.x.x,12f8d20922244e2e,57194,0,NON_MAVLINK_PROBE,SCANNER,0,,19bad557,NORMAL,0.0
2026-05-29T00:36:41.905507,18.97.x.x,127f7774f711620d,50600,0,NON_MAVLINK_PROBE,SCANNER,0,,b828874f,NORMAL,0.0
2026-05-29T00:58:52.192604,185.252.x.x,68b06300f9037104,37202,0,NON_MAVLINK_PROBE,SCANNER,0,,c073eda0,NORMAL,0.0
2026-05-29T02:06:18.960300,216.180.x.x,fc763c07f3900f21,21932,0,NON_MAVLINK_PROBE,SCANNER,0,,5cc401ef,NORMAL,0.0
2026-05-29T02:18:03.892480,3.238.x.x,5923344e258ae004,19506,0,NON_MAVLINK_PROBE,SCANNER,0,,888ebe7d,NORMAL,0.0
2026-05-29T02:18:06.127982,3.238.x.x,5923344e258ae004,33664,0,NON_MAVLINK_PROBE,SCANNER,0,,8d5733c4,NORMAL,0.0
2026-05-29T02:18:08.945283,3.238.x.x,5923344e258ae004,33706,0,NON_MAVLINK_PROBE,SCANNER,0,,78a904aa,NORMAL,0.0
2026-05-29T02:18:10.417350,3.238.x.x,5923344e258ae004,33720,0,NON_MAVLINK_PROBE,SCANNER,0,,5f868190,NORMAL,0.0
2026-05-29T03:21:10.081314,130.12.x.x,ad1a1d352a800c18,39978,0,NON_MAVLINK_PROBE,SCANNER,0,,154ebb91,NORMAL,0.0
2026-05-29T03:32:14.212889,66.132.x.x,7509767b440a2689,61648,0,NON_MAVLINK_PROBE,SCANNER,0,,6adeec5f,NORMAL,0.0
2026-05-29T03:32:17.858678,66.132.x.x,7509767b440a2689,24504,4,UNKNOWN_4,UNKNOWN,3,ac7fd97dec5206003905,e44d8c6f,NORMAL,0.2
2026-05-29T03:32:26.940047,66.132.x.x,7509767b440a2689,24514,0,NON_MAVLINK_PROBE,SCANNER,0,,6e8335ad,NORMAL,0.0
2026-05-29T04:38:12.696484,66.132.x.x,cb5ba8917da6700b,13556,0,NON_MAVLINK_PROBE,SCANNER,0,,75aab32a,NORMAL,0.0
2026-05-29T04:38:16.790610,66.132.x.x,cb5ba8917da6700b,62636,4,UNKNOWN_4,UNKNOWN,3,d91ed569ed5206003905,daef9ade,NORMAL,0.2
2026-05-29T04:38:31.692997,66.132.x.x,cb5ba8917da6700b,18980,0,NON_MAVLINK_PROBE,SCANNER,0,,5506adac,NORMAL,0.0
2026-05-29T04:42:37.022930,185.252.x.x,68b06300f9037104,52862,0,NON_MAVLINK_PROBE,SCANNER,0,,4d6dca95,NORMAL,0.0
2026-05-29T04:57:07.277952,45.142.x.x,e051b21c0665f1ac,44984,0,NON_MAVLINK_PROBE,SCANNER,0,,a88cd373,NORMAL,0.0
2026-05-29T04:57:27.046560,45.142.x.x,e051b21c0665f1ac,53030,0,NON_MAVLINK_PROBE,SCANNER,0,,5b6c8bd8,NORMAL,0.0
2026-05-29T06:59:25.876989,208.84.x.x,006a4e682116fd52,56634,0,NON_MAVLINK_PROBE,SCANNER,0,,e83b1693,NORMAL,0.0
2026-05-29T06:59:26.039058,208.84.x.x,006a4e682116fd52,16300,0,NON_MAVLINK_PROBE,SCANNER,0,,36e039e3,NORMAL,0.0
2026-05-29T06:59:30.967058,208.84.x.x,006a4e682116fd52,12164,0,NON_MAVLINK_PROBE,SCANNER,0,,c3f11a1a,NORMAL,0.0
2026-05-29T06:59:30.990338,208.84.x.x,006a4e682116fd52,47464,0,NON_MAVLINK_PROBE,SCANNER,0,,627d08f7,NORMAL,0.0
2026-05-29T06:59:31.037982,208.84.x.x,006a4e682116fd52,12140,0,NON_MAVLINK_PROBE,SCANNER,0,,dac5e959,NORMAL,0.0
2026-05-29T06:59:32.867533,208.84.x.x,006a4e682116fd52,47470,0,NON_MAVLINK_PROBE,SCANNER,0,,99765d68,NORMAL,0.0
2026-05-29T06:59:37.031153,208.84.x.x,006a4e682116fd52,47492,0,NON_MAVLINK_PROBE,SCANNER,0,,b0f59f56,NORMAL,0.0
2026-05-29T06:59:40.445576,208.84.x.x,006a4e682116fd52,47480,0,NON_MAVLINK_PROBE,SCANNER,0,,1a22806a,NORMAL,0.0
2026-05-29T06:59:47.942068,208.84.x.x,006a4e682116fd52,14436,0,NON_MAVLINK_PROBE,SCANNER,0,,35c885a1,NORMAL,0.0
2026-05-29T08:11:18.674446,66.132.x.x,31e93dc0f80aca5a,45336,0,NON_MAVLINK_PROBE,SCANNER,0,,d36baf29,NORMAL,0.0
2026-05-29T08:11:29.336591,66.132.x.x,31e93dc0f80aca5a,7706,0,NON_MAVLINK_PROBE,SCANNER,0,,93cb1258,NORMAL,0.0
2026-05-29T08:11:41.455293,66.132.x.x,31e93dc0f80aca5a,41128,0,NON_MAVLINK_PROBE,SCANNER,0,,0e132091,NORMAL,0.0
2026-05-29T11:31:18.252376,130.12.x.x,ad1a1d352a800c18,50760,0,NON_MAVLINK_PROBE,SCANNER,0,,d1fa2ec4,NORMAL,0.0
2026-05-29T12:52:49.670922,195.96.x.x,436234fd02f3784f,40703,0,NON_MAVLINK_PROBE,SCANNER,0,,3a5004c1,NORMAL,0.0
2026-05-29T14:08:55.094025,64.62.x.x,bb8dae423e75c877,51942,0,NON_MAVLINK_PROBE,SCANNER,0,,e479e296,NORMAL,0.0
2026-05-29T14:20:18.287979,65.49.x.x,bf6d5ab66efe3d53,17674,0,NON_MAVLINK_PROBE,SCANNER,0,,17593d83,NORMAL,0.0
2026-05-29T14:23:08.094171,66.132.x.x,7029132f162875bf,28560,0,NON_MAVLINK_PROBE,SCANNER,0,,53d2c3c2,NORMAL,0.0
2026-05-29T14:23:11.908524,66.132.x.x,7029132f162875bf,28590,4,UNKNOWN_4,UNKNOWN,3,8100a995f55206003905,552e634a,NORMAL,0.2
2026-05-29T14:23:17.804585,66.132.x.x,7029132f162875bf,30588,0,NON_MAVLINK_PROBE,SCANNER,0,,f07f6df0,NORMAL,0.0
2026-05-29T15:41:30.154454,172.174.x.x,84ac3ebb86f5bbf4,44944,0,NON_MAVLINK_PROBE,SCANNER,0,,ba64d7c5,NORMAL,0.0
2026-05-29T16:08:28.696813,81.19.x.x,38c4cb3d008ec599,38611,0,NON_MAVLINK_PROBE,SCANNER,0,,80a8993b,NORMAL,0.0
2026-05-29T16:31:06.731815,69.5.x.x,808faf43e0647735,5520,0,NON_MAVLINK_PROBE,SCANNER,0,,b92084a8,NORMAL,0.0
2026-05-29T16:54:55.908331,102.33.x.x,47800a2fb02fea48,58218,0,NON_MAVLINK_PROBE,SCANNER,0,,438db818,NORMAL,0.0
2026-05-29T17:11:25.050456,66.132.x.x,0b1e25f1f01e317f,31440,0,NON_MAVLINK_PROBE,SCANNER,0,,810dea84,NORMAL,0.0
2026-05-29T17:11:29.547873,66.132.x.x,0b1e25f1f01e317f,31546,4,UNKNOWN_4,UNKNOWN,3,65a185eff75206003905,38085485,NORMAL,0.2
2026-05-29T17:11:38.572662,66.132.x.x,0b1e25f1f01e317f,15630,0,NON_MAVLINK_PROBE,SCANNER,0,,172ab16e,NORMAL,0.0
2026-05-29T17:25:53.059257,81.19.x.x,a6ba0688e6b2aa3e,28102,0,NON_MAVLINK_PROBE,SCANNER,0,,a4c1ea71,NORMAL,0.0
2026-05-29T17:28:31.863948,152.32.x.x,3d6fcc7562dd89b6,50408,0,NON_MAVLINK_PROBE,SCANNER,0,,ed2dd736,NORMAL,0.0
2026-05-29T17:28:40.078086,152.32.x.x,3d6fcc7562dd89b6,54652,0,NON_MAVLINK_PROBE,SCANNER,0,,b3260c45,NORMAL,0.0
2026-05-29T17:28:41.313021,152.32.x.x,3d6fcc7562dd89b6,54770,0,NON_MAVLINK_PROBE,SCANNER,0,,e0457b74,NORMAL,0.0
2026-05-29T17:28:50.872026,152.32.x.x,3d6fcc7562dd89b6,64748,0,HEARTBEAT,RECON,1,,59e44483,NORMAL,0.2
2026-05-29T17:28:51.335207,152.32.x.x,3d6fcc7562dd89b6,64748,0,HEARTBEAT,RECON,1,,59e44483,NORMAL,0.4
2026-05-29T17:28:51.735613,152.32.x.x,3d6fcc7562dd89b6,64748,0,HEARTBEAT,RECON,1,,59e44483,NORMAL,0.6
2026-05-29T17:51:38.241585,195.184.x.x,de2ac178d1707981,51891,0,NON_MAVLINK_PROBE,SCANNER,0,,3cadd069,NORMAL,0.0
2026-05-29T18:33:12.182717,192.241.x.x,ad87c726c936a261,41344,0,NON_MAVLINK_PROBE,SCANNER,0,,9e9ca147,NORMAL,0.0
2026-05-29T19:14:46.051875,173.255.x.x,aca04b2aad378df2,42601,0,NON_MAVLINK_PROBE,SCANNER,0,,06bc8170,NORMAL,0.0
2026-05-29T19:55:59.723123,130.12.x.x,ad1a1d352a800c18,58286,0,NON_MAVLINK_PROBE,SCANNER,0,,afa97830,NORMAL,0.0
2026-05-29T20:01:00.798914,45.33.x.x,953fdb6c5e422720,60100,0,NON_MAVLINK_PROBE,SCANNER,0,,d53d7907,NORMAL,0.0
2026-05-29T20:32:38.030698,69.5.x.x,afe397b3e5b36655,14788,0,NON_MAVLINK_PROBE,SCANNER,0,,3e8fb30f,NORMAL,0.0
2026-05-29T21:07:14.626869,45.79.x.x,87cbcc5c6343ef1c,36956,0,NON_MAVLINK_PROBE,SCANNER,0,,f88297da,NORMAL,0.0
2026-05-29T21:19:54.585893,69.5.x.x,6b5e10bc958f5ab3,41561,0,NON_MAVLINK_PROBE,SCANNER,0,,c5c4e6e8,NORMAL,0.0
2026-05-29T21:34:01.321563,45.79.x.x,ec042bc965d2d8c4,53824,0,NON_MAVLINK_PROBE,SCANNER,0,,06ccc8e7,NORMAL,0.0
2026-05-29T22:03:52.518358,69.5.x.x,9b81ac819c7cd07f,15500,0,NON_MAVLINK_PROBE,SCANNER,0,,19219a9b,NORMAL,0.0
2026-05-29T22:30:24.505936,193.124.x.x,a2e26960fb0ee682,55464,0,NON_MAVLINK_PROBE,SCANNER,0,,19398d9a,NORMAL,0.0
2026-05-29T23:43:02.354406,69.5.x.x,640069eba99abe33,11966,0,NON_MAVLINK_PROBE,SCANNER,0,,ab1df258,NORMAL,0.0
2026-05-29T23:43:21.792963,69.5.x.x,0190ab006bc86768,11220,0,NON_MAVLINK_PROBE,SCANNER,0,,23ed4ac9,NORMAL,0.0
2026-05-30T00:53:33.849931,69.5.x.x,a3d0ada9861966c0,14110,0,NON_MAVLINK_PROBE,SCANNER,0,,83910ec9,NORMAL,0.0
2026-05-30T01:18:46.881887,194.88.x.x,ded3f288bd6e3d9f,14846,0,NON_MAVLINK_PROBE,SCANNER,0,,ff5236a5,NORMAL,0.0
2026-05-30T01:52:37.387143,47.90.x.x,fba9cf1ecdd09c9b,59992,0,NON_MAVLINK_PROBE,SCANNER,0,,db2d3aa7,NORMAL,0.0
2026-05-30T02:26:06.975320,45.91.x.x,82929336d554cace,60021,0,NON_MAVLINK_PROBE,SCANNER,0,,19fa69eb,NORMAL,0.0
2026-05-30T03:51:13.186237,192.109.x.x,a1de313ab810a4e8,40568,0,NON_MAVLINK_PROBE,SCANNER,0,,98d72121,NORMAL,0.0
2026-05-30T03:58:30.077359,130.12.x.x,ad1a1d352a800c18,43642,0,NON_MAVLINK_PROBE,SCANNER,0,,d4f9150b,NORMAL,0.0
2026-05-30T04:56:09.265077,195.96.x.x,480e95fdd2ef49ed,40067,0,NON_MAVLINK_PROBE,SCANNER,0,,606333b1,NORMAL,0.0
2026-05-30T05:34:31.684948,66.132.x.x,18633167c99b9794,58392,0,NON_MAVLINK_PROBE,SCANNER,0,,278691a5,NORMAL,0.0
2026-05-30T05:34:42.306290,66.132.x.x,18633167c99b9794,16696,4,UNKNOWN_4,UNKNOWN,3,96b46a51025306003905,3ce908b5,NORMAL,0.2
2026-05-30T05:34:55.565216,66.132.x.x,18633167c99b9794,19186,0,NON_MAVLINK_PROBE,SCANNER,0,,c1dd60d2,NORMAL,0.0
2026-05-30T05:34:58.845772,66.132.x.x,6c3e8120b535db19,54420,0,NON_MAVLINK_PROBE,SCANNER,0,,dd0bdb87,NORMAL,0.0
2026-05-30T05:35:03.188640,66.132.x.x,6c3e8120b535db19,2284,4,UNKNOWN_4,UNKNOWN,3,c84cb552025306003905,f05d4a12,NORMAL,0.2
2026-05-30T05:35:14.435176,66.132.x.x,6c3e8120b535db19,46798,0,NON_MAVLINK_PROBE,SCANNER,0,,96cf6b44,NORMAL,0.0
2026-05-30T05:35:37.546568,66.132.x.x,0403a476c9353747,17804,4,UNKNOWN_4,UNKNOWN,3,b475c254025306003905,fe2447ab,NORMAL,0.2
2026-05-30T05:35:47.162655,66.132.x.x,0403a476c9353747,17830,0,NON_MAVLINK_PROBE,SCANNER,0,,6dfad68b,NORMAL,0.0
2026-05-30T06:49:44.475889,165.154.x.x,3fd7c2d6137f3486,45676,0,NON_MAVLINK_PROBE,SCANNER,0,,6c5fd9de,NORMAL,0.0
2026-05-30T06:52:53.951704,165.154.x.x,3fd7c2d6137f3486,49892,0,NON_MAVLINK_PROBE,SCANNER,0,,d55aad82,NORMAL,0.0
2026-05-30T07:33:33.464155,66.132.x.x,7d3e1ba617e23a4e,54764,0,NON_MAVLINK_PROBE,SCANNER,0,,45c61727,NORMAL,0.0
2026-05-30T07:33:36.683245,66.132.x.x,7d3e1ba617e23a4e,1626,4,UNKNOWN_4,UNKNOWN,3,307ab3fa035306003905,6b3705c9,NORMAL,0.2
2026-05-30T07:33:42.658907,66.132.x.x,7d3e1ba617e23a4e,1654,0,NON_MAVLINK_PROBE,SCANNER,0,,78ce585d,NORMAL,0.0
2026-05-30T08:20:48.210557,124.95.x.x,8ce6e54087287820,27082,0,NON_MAVLINK_PROBE,SCANNER,0,,a1f61d67,NORMAL,0.0
2026-05-30T08:32:05.420738,66.132.x.x,2724aeb0da964e19,58742,0,NON_MAVLINK_PROBE,SCANNER,0,,18a7f8a5,NORMAL,0.0
2026-05-30T08:32:09.004134,66.132.x.x,2724aeb0da964e19,45038,4,UNKNOWN_4,UNKNOWN,3,24550fcc045306003905,ff867957,NORMAL,0.2
2026-05-30T08:32:18.347428,66.132.x.x,2724aeb0da964e19,45044,0,NON_MAVLINK_PROBE,SCANNER,0,,4e3e0094,NORMAL,0.0
2026-05-30T11:22:25.434822,45.156.x.x,72e56600509dd3d9,32810,0,NON_MAVLINK_PROBE,SCANNER,0,,94000cbf,NORMAL,0.0
2026-05-30T12:10:56.170891,130.12.x.x,ad1a1d352a800c18,44532,0,NON_MAVLINK_PROBE,SCANNER,0,,0bf1bd02,NORMAL,0.0
2026-05-30T12:41:29.227672,176.65.x.x,f0729786d50e749b,40092,0,NON_MAVLINK_PROBE,SCANNER,0,,6710c3c2,NORMAL,0.0
2026-05-30T13:02:10.828177,60.88.x.x,8e1df22860ccd602,52584,0,NON_MAVLINK_PROBE,SCANNER,0,,ee59ea4c,NORMAL,0.0
2026-05-30T13:03:07.993965,66.132.x.x,18633167c99b9794,59138,0,NON_MAVLINK_PROBE,SCANNER,0,,af358208,NORMAL,0.0
2026-05-30T13:03:12.219508,66.132.x.x,18633167c99b9794,5350,4,UNKNOWN_4,UNKNOWN,3,46c26795085306003905,5ca00127,NORMAL,0.2
2026-05-30T13:03:21.217358,66.132.x.x,18633167c99b9794,5356,0,NON_MAVLINK_PROBE,SCANNER,0,,62fc32b0,NORMAL,0.0
2026-05-30T13:16:24.949690,184.105.x.x,197eb9dc18675ee7,44280,0,NON_MAVLINK_PROBE,SCANNER,0,,0ec9b64e,NORMAL,0.0
2026-05-30T13:49:17.170361,64.62.x.x,98eec68c9b8c709d,39010,0,NON_MAVLINK_PROBE,SCANNER,0,,2b6b2678,NORMAL,0.0
2026-05-30T15:01:42.733969,195.96.x.x,3fd09eeef78552dc,36539,0,NON_MAVLINK_PROBE,SCANNER,0,,371525ea,NORMAL,0.0
2026-05-30T15:42:58.925890,176.65.x.x,f0729786d50e749b,38278,0,NON_MAVLINK_PROBE,SCANNER,0,,94c2ec8d,NORMAL,0.0
2026-05-30T16:00:09.797796,142.248.x.x,904393312664fd23,27110,0,NON_MAVLINK_PROBE,SCANNER,0,,dc4607ff,NORMAL,0.0
2026-05-30T16:00:09.795227,142.248.x.x,904393312664fd23,1028,0,NON_MAVLINK_PROBE,SCANNER,0,,8b8a0e08,NORMAL,0.0
2026-05-30T16:00:59.472751,142.248.x.x,904393312664fd23,40176,0,NON_MAVLINK_PROBE,SCANNER,0,,1ecadd1f,NORMAL,0.0
2026-05-30T16:00:59.579648,142.248.x.x,904393312664fd23,52010,0,NON_MAVLINK_PROBE,SCANNER,0,,fc2171f8,NORMAL,0.0
2026-05-30T16:01:07.231503,142.248.x.x,904393312664fd23,10940,0,NON_MAVLINK_PROBE,SCANNER,0,,aa024a50,NORMAL,0.0
2026-05-30T16:01:08.066663,142.248.x.x,904393312664fd23,5954,0,NON_MAVLINK_PROBE,SCANNER,0,,444a57fb,NORMAL,0.0
2026-05-30T16:01:14.694663,142.248.x.x,904393312664fd23,5956,0,NON_MAVLINK_PROBE,SCANNER,0,,4f1b9d45,NORMAL,0.0
2026-05-30T16:26:44.428022,35.216.x.x,ae8442f33dd73136,39996,0,NON_MAVLINK_PROBE,SCANNER,0,,7dfe4bd4,NORMAL,0.0
2026-05-30T19:15:38.049318,20.150.x.x,8e500b8336e07f83,48604,0,NON_MAVLINK_PROBE,SCANNER,0,,8372e629,NORMAL,0.0
2026-05-30T20:22:43.770837,130.12.x.x,ad1a1d352a800c18,35794,0,NON_MAVLINK_PROBE,SCANNER,0,,10197d72,NORMAL,0.0
2026-05-30T21:09:39.348735,194.50.x.x,168e40da0d73f098,62170,0,NON_MAVLINK_PROBE,SCANNER,0,,fdc4dd65,NORMAL,0.0
2026-05-30T21:13:04.883906,195.140.x.x,0d66e51b9a9029c2,62103,0,NON_MAVLINK_PROBE,SCANNER,0,,fb43d580,NORMAL,0.0
2026-05-30T21:40:26.253012,176.65.x.x,545d34fb2d638ab6,44782,0,NON_MAVLINK_PROBE,SCANNER,0,,7088cd8f,NORMAL,0.0
2026-05-30T22:24:06.472424,69.5.x.x,841e87eafeeb57f1,2232,0,NON_MAVLINK_PROBE,SCANNER,0,,184bd7cc,NORMAL,0.0
2026-05-30T22:26:26.580998,69.5.x.x,1f2fb0cf8b5efdc2,9986,0,NON_MAVLINK_PROBE,SCANNER,0,,68324f24,NORMAL,0.0
2026-05-30T22:28:08.446773,142.93.x.x,66ef1f42318f2394,40810,0,NON_MAVLINK_PROBE,SCANNER,0,,26561fc0,NORMAL,0.0
2026-05-30T22:28:10.297773,142.93.x.x,66ef1f42318f2394,54004,0,NON_MAVLINK_PROBE,SCANNER,0,,6b371b08,NORMAL,0.0
2026-05-30T22:28:10.371302,142.93.x.x,66ef1f42318f2394,40820,0,NON_MAVLINK_PROBE,SCANNER,0,,c81609f3,NORMAL,0.0
2026-05-30T22:50:38.104438,84.234.x.x,cb5ba27d46cee3b2,19258,0,NON_MAVLINK_PROBE,SCANNER,0,,650565d7,NORMAL,0.0
2026-05-30T23:21:02.705892,45.156.x.x,271286db49c1a748,40336,0,NON_MAVLINK_PROBE,SCANNER,0,,f6ffc6cb,NORMAL,0.0
2026-05-31T00:31:58.686674,195.96.x.x,a2c06df53943fa48,38671,0,NON_MAVLINK_PROBE,SCANNER,0,,4315cc69,NORMAL,0.0
2026-05-31T00:46:48.966030,69.5.x.x,f93cdaef6c327137,10208,0,NON_MAVLINK_PROBE,SCANNER,0,,5aa1ec3c,NORMAL,0.0
2026-05-31T00:47:25.346061,69.5.x.x,eb8c44c89c0b1c0a,32976,0,NON_MAVLINK_PROBE,SCANNER,0,,553cc496,NORMAL,0.0
2026-05-31T01:23:26.308992,69.5.x.x,7234ec479ff27d70,4198,0,NON_MAVLINK_PROBE,SCANNER,0,,085f48bb,NORMAL,0.0
2026-05-31T01:23:26.319885,69.5.x.x,bb4d963eb32fd936,2310,0,NON_MAVLINK_PROBE,SCANNER,0,,ec687b9f,NORMAL,0.0
2026-05-31T01:24:05.662851,69.5.x.x,7b6c7faa4f79f1e9,29831,0,NON_MAVLINK_PROBE,SCANNER,0,,890eb862,NORMAL,0.0
2026-05-31T01:59:34.148767,69.5.x.x,cb7129f514789059,10984,0,NON_MAVLINK_PROBE,SCANNER,0,,f780b750,NORMAL,0.0
2026-05-31T02:58:08.554275,109.105.x.x,57d293b615fe113c,36248,0,NON_MAVLINK_PROBE,SCANNER,0,,353b2541,NORMAL,0.0
2026-05-31T02:58:09.194635,109.105.x.x,57d293b615fe113c,36258,0,NON_MAVLINK_PROBE,SCANNER,0,,94ac7cf0,NORMAL,0.0
2026-05-31T03:32:45.610200,73.248.x.x,f8c8b2a209e941b7,50428,0,NON_MAVLINK_PROBE,SCANNER,0,,0a4c59c7,NORMAL,0.0
2026-05-31T03:36:33.493676,66.132.x.x,e3a1c90f03dbba95,62624,0,NON_MAVLINK_PROBE,SCANNER,0,,7aacf33a,NORMAL,0.0
2026-05-31T03:36:37.247807,66.132.x.x,e3a1c90f03dbba95,62714,4,UNKNOWN_4,UNKNOWN,3,1ec200c9145306003905,ba248e31,NORMAL,0.2
2026-05-31T03:36:46.930563,66.132.x.x,e3a1c90f03dbba95,36632,0,NON_MAVLINK_PROBE,SCANNER,0,,0203047f,NORMAL,0.0
2026-05-31T04:12:53.861530,98.80.x.x,32219f7863ae1a4a,49084,0,NON_MAVLINK_PROBE,SCANNER,0,,2a8f39a3,NORMAL,0.0
2026-05-31T04:33:30.115921,130.12.x.x,ad1a1d352a800c18,50774,0,NON_MAVLINK_PROBE,SCANNER,0,,8cfd40c8,NORMAL,0.0
2026-05-31T06:43:39.847570,167.94.x.x,974f630a985e0803,19362,0,NON_MAVLINK_PROBE,SCANNER,0,,1cb99c23,NORMAL,0.0
2026-05-31T06:43:43.310555,167.94.x.x,974f630a985e0803,19462,4,UNKNOWN_4,UNKNOWN,3,76ba1f66175306003905,975f2d48,NORMAL,0.2
2026-05-31T06:43:51.862734,167.94.x.x,974f630a985e0803,7786,0,NON_MAVLINK_PROBE,SCANNER,0,,402466bb,NORMAL,0.0
2026-05-31T08:30:44.714765,66.132.x.x,492cc1232d63f7bf,34658,0,NON_MAVLINK_PROBE,SCANNER,0,,9200aac9,NORMAL,0.0
2026-05-31T08:30:49.278258,66.132.x.x,492cc1232d63f7bf,34690,4,UNKNOWN_4,UNKNOWN,3,721f25e5185306003905,db29b01a,NORMAL,0.2
2026-05-31T08:30:58.034865,66.132.x.x,492cc1232d63f7bf,19964,0,NON_MAVLINK_PROBE,SCANNER,0,,ad29188d,NORMAL,0.0
2026-05-31T09:14:44.859617,66.132.x.x,f1de39062f9afd24,15046,0,NON_MAVLINK_PROBE,SCANNER,0,,392840ce,NORMAL,0.0
2026-05-31T09:14:49.091885,66.132.x.x,f1de39062f9afd24,60554,4,UNKNOWN_4,UNKNOWN,3,d1657b82195306003905,7f5c3935,NORMAL,0.2
2026-05-31T09:14:57.754211,66.132.x.x,f1de39062f9afd24,61450,0,NON_MAVLINK_PROBE,SCANNER,0,,851c1743,NORMAL,0.0
2026-05-31T09:34:05.844820,66.132.x.x,0065fdb6fcaf9985,17644,0,NON_MAVLINK_PROBE,SCANNER,0,,f1f12606,NORMAL,0.0
2026-05-31T09:34:07.392733,66.132.x.x,0065fdb6fcaf9985,17660,0,NON_MAVLINK_PROBE,SCANNER,0,,c32515c6,NORMAL,0.0
2026-05-31T09:34:11.711353,66.132.x.x,0065fdb6fcaf9985,17682,0,NON_MAVLINK_PROBE,SCANNER,0,,16f939a8,NORMAL,0.0
2026-05-31T09:34:19.043359,66.132.x.x,0065fdb6fcaf9985,14368,4,UNKNOWN_4,UNKNOWN,3,d65438c8195306003905,5329ae4e,NORMAL,0.2
2026-05-31T09:34:32.221990,66.132.x.x,0065fdb6fcaf9985,44328,0,NON_MAVLINK_PROBE,SCANNER,0,,ab705985,NORMAL,0.0
2026-05-31T09:47:42.313052,66.132.x.x,0b1e25f1f01e317f,32972,0,NON_MAVLINK_PROBE,SCANNER,0,,30b7321a,NORMAL,0.0
2026-05-31T09:47:52.947986,66.132.x.x,0b1e25f1f01e317f,9072,4,UNKNOWN_4,UNKNOWN,3,6e08bcf8195306003905,2be7c51d,NORMAL,0.2
2026-05-31T09:48:08.392813,66.132.x.x,0b1e25f1f01e317f,11416,0,NON_MAVLINK_PROBE,SCANNER,0,,7c7db766,NORMAL,0.0
2026-05-31T10:25:03.338337,176.65.x.x,545d34fb2d638ab6,55524,0,NON_MAVLINK_PROBE,SCANNER,0,,794d6ba1,NORMAL,0.0
2026-05-31T11:57:57.942709,64.62.x.x,c8eeec8373b7fd12,41174,0,NON_MAVLINK_PROBE,SCANNER,0,,b923460b,NORMAL,0.0
2026-05-31T12:59:27.188828,130.12.x.x,ad1a1d352a800c18,48006,0,NON_MAVLINK_PROBE,SCANNER,0,,be242dee,NORMAL,0.0
2026-05-31T13:31:59.036209,64.62.x.x,facd29100514e6e8,7326,0,NON_MAVLINK_PROBE,SCANNER,0,,0b54f928,NORMAL,0.0
2026-05-31T13:36:44.283304,91.231.x.x,b1545b2eae883f4e,60299,0,NON_MAVLINK_PROBE,SCANNER,0,,b28fb108,NORMAL,0.0
2026-05-31T18:17:18.793829,152.32.x.x,95bcee31d272a696,48172,0,NON_MAVLINK_PROBE,SCANNER,0,,35417aa6,NORMAL,0.0
2026-05-31T18:25:28.911862,199.45.x.x,592ffa35c2bf7231,40502,0,NON_MAVLINK_PROBE,SCANNER,0,,7b3f2724,NORMAL,0.0
2026-05-31T18:25:42.919118,199.45.x.x,592ffa35c2bf7231,57290,0,NON_MAVLINK_PROBE,SCANNER,0,,5509a93b,NORMAL,0.0
2026-05-31T18:25:49.018025,199.45.x.x,592ffa35c2bf7231,44634,0,NON_MAVLINK_PROBE,SCANNER,0,,e648705e,NORMAL,0.0
2026-05-31T18:52:59.309106,116.112.x.x,0abe3ea366c40f67,37284,0,NON_MAVLINK_PROBE,SCANNER,0,,15efc97f,NORMAL,0.0
2026-05-31T18:53:14.602652,135.237.x.x,9857611b0d4e0019,49016,0,NON_MAVLINK_PROBE,SCANNER,0,,961762f3,NORMAL,0.0
2026-05-31T18:57:34.124086,152.32.x.x,f7ec4bc6952670ac,52856,0,NON_MAVLINK_PROBE,SCANNER,0,,6fafeac6,NORMAL,0.0
2026-05-31T19:30:20.990343,118.193.x.x,d86f51e7bea29f21,56756,0,NON_MAVLINK_PROBE,SCANNER,0,,dde3d315,NORMAL,0.0
2026-05-31T20:32:34.862673,69.5.x.x,cdc73a3bac97f578,16194,0,NON_MAVLINK_PROBE,SCANNER,0,,20af8478,NORMAL,0.0
2026-05-31T20:56:42.164687,45.156.x.x,cc46929fd08f3288,46150,0,NON_MAVLINK_PROBE,SCANNER,0,,40ee5a98,NORMAL,0.0
2026-05-31T21:05:07.708097,130.12.x.x,ad1a1d352a800c18,50760,0,NON_MAVLINK_PROBE,SCANNER,0,,4713e1b8,NORMAL,0.0
2026-05-31T21:10:00.274377,45.33.x.x,81107a2c7f4fb18b,34840,0,NON_MAVLINK_PROBE,SCANNER,0,,be72916c,NORMAL,0.0
2026-05-31T21:36:58.532885,45.79.x.x,9ce294769c8b99c0,49047,0,NON_MAVLINK_PROBE,SCANNER,0,,5aa6680f,NORMAL,0.0
2026-05-31T22:09:05.114737,69.5.x.x,7ff1e6c22def134e,12646,0,NON_MAVLINK_PROBE,SCANNER,0,,71f0d7c5,NORMAL,0.0
2026-05-31T22:09:29.366254,69.5.x.x,fa4f14fe811eaca0,11502,0,NON_MAVLINK_PROBE,SCANNER,0,,4cc3e4ea,NORMAL,0.0
2026-05-31T22:26:25.642637,171.109.x.x,4b8e46a98d4d6b87,53662,0,NON_MAVLINK_PROBE,SCANNER,0,,47f5b2d8,NORMAL,0.0
2026-05-31T23:22:07.943430,69.5.x.x,234f8de7f6e1c97e,9794,0,NON_MAVLINK_PROBE,SCANNER,0,,e4947280,NORMAL,0.0
2026-05-31T23:24:20.988461,217.146.x.x,d5bd8ea87f6369f4,45559,0,NON_MAVLINK_PROBE,SCANNER,0,,1442da82,NORMAL,0.0
2026-05-31T23:50:17.664353,69.5.x.x,dc87f6f0177921bf,1984,0,NON_MAVLINK_PROBE,SCANNER,0,,0968cde1,NORMAL,0.0
